date,symbol,score,hybrid_fundamental_quality,hybrid_momentum_technical,hybrid_volume_strength,hybrid_multi_timeframe,hybrid_ml_signal,hybrid_risk_adjustment,hybrid_growth,hybrid_value,current_price,regime,return_7d,return_30d,data_source
2026-03-12,ACC,56.1,75.0,35.0,,,,,,,1433.4,BEAR,-3.3765871354820765,-2.895214176084833,reports_pairwise
2026-03-12,AUBANK,60.3,60.0,35.0,,,,,,,902.2,BEAR,-0.016626025271568493,6.739082243405005,reports_pairwise
2026-03-12,ADANIENT,58.6,70.0,35.0,,,,,,,2002.0,BEAR,-1.3286713286713243,1.9230769230769231,reports_pairwise
2026-03-12,ADANIPORTS,61.7,90.0,35.0,,,,,,,1391.5,BEAR,-1.8684872439813154,4.017247574559834,reports_pairwise
2026-03-12,ABB,80.6,85.0,55.0,,,,,,,6409.0,BEAR,-1.5369012326415976,3.1986269308784525,reports_pairwise
2026-03-12,APLAPOLLO,62.3,60.0,35.0,,,,,,,2009.2,BEAR,-2.1700179175791425,1.5478797531355717,reports_pairwise
2026-03-12,ATGL,47.63333333333334,60.0,60.0,,,,,,,607.6,BEAR,-14.935813034891376,-9.496379196840033,reports_pairwise
2026-03-12,ADANIGREEN,40.1,60.0,35.0,,,,,,,866.55,BEAR,0.2423403150424122,20.541226703594713,reports_pairwise
2026-03-12,ADANIPOWER,55.9,60.0,50.0,,,,,,,149.11,BEAR,4.35249144926563,15.572396217557504,reports_pairwise
2026-03-12,ADANIENSOL,46.2,60.0,45.0,,,,,,,1004.4,BEAR,-0.3783353245718792,7.402429311031463,reports_pairwise
2026-03-13,MAHABANK,94.8,95.0,55.0,,,,,,,64.09,BEAR,0.06241223279761591,9.268216570447803,reports_pairwise
2026-03-13,INDIANB,93.0,95.0,55.0,,,,,,,870.3,BEAR,2.1371940710099993,8.221302998965882,reports_pairwise
2026-03-13,UNIONBANK,91.65714285714286,90.0,55.0,,,,,,,173.88,BEAR,2.317690361168623,6.2169312169312185,reports_pairwise
2026-03-13,ICICIBANK,90.01666666666667,95.0,50.0,,,,,,,1254.8,BEAR,2.749442142174052,2.1118903410902137,reports_pairwise
2026-03-13,AXISBANK,87.08571428571429,90.0,50.0,,,,,,,1197.3,BEAR,4.668838219326826,10.122776246554753,reports_pairwise
2026-03-13,BANKINDIA,86.52857142857142,85.0,50.0,,,,,,,150.2,BEAR,1.4980026631158456,-3.9347536617842858,reports_pairwise
2026-03-13,CANBK,85.85,90.0,50.0,,,,,,,134.68,BEAR,2.1012771012770894,2.398277398277391,reports_pairwise
2026-03-13,HDFCBANK,85.2,85.0,50.0,,,,,,,817.0,BEAR,3.1884944920440583,-2.3623011015911817,reports_pairwise
2026-03-13,RECLTD,85.75,95.0,45.0,,,,,,,331.5,BEAR,4.99245852187029,4.615384615384619,reports_pairwise
2026-03-13,MUTHOOTFIN,85.28571428571429,100.0,45.0,,,,,,,3333.2,BEAR,2.994119764790597,4.260170406816273,reports_pairwise
2026-03-13,ICICIGI,84.5,80.0,55.0,,,,,,,1837.1,BEAR,-0.32115834739534393,-3.7287028468782317,reports_pairwise
2026-03-13,BANKBARODA,83.5,85.0,55.0,,,,,,,281.05,BEAR,0.7471980074719679,-2.423056395659136,reports_pairwise
2026-03-13,PNB,83.425,85.0,50.0,,,,,,,111.7,BEAR,1.2712623097582827,-1.8889883616830792,reports_pairwise
2026-03-13,FEDERALBNK,82.8,75.0,50.0,,,,,,,263.05,BEAR,3.2123170499904914,7.698156244060065,reports_pairwise
2026-03-13,SBIN,82.50079365079364,75.0,50.0,,,,,,,1047.0,BEAR,2.1776504297994226,-0.5778414517669489,reports_pairwise
2026-03-13,SBILIFE,81.45,75.0,50.0,,,,,,,1904.4,BEAR,3.050829657634946,-0.021003990758248842,reports_pairwise
2026-03-13,ICICIPRULI,79.7,75.0,50.0,,,,,,,583.75,BEAR,0.8479657387580377,-7.160599571734467,reports_pairwise
2026-03-13,DRREDDY,79.30000000000001,90.0,55.0,,,,,,,1292.3,BEAR,0.19345353246150276,-6.221465603961918,reports_pairwise
2026-03-13,PFC,78.8,70.0,55.0,,,,,,,405.6,BEAR,6.570512820512815,5.535009861932936,reports_pairwise
2026-03-13,YESBANK,78.18333333333332,80.0,50.0,,,,,,,18.8,BEAR,0.7446808510638327,0.6914893617021223,reports_pairwise
2026-03-13,COALINDIA,77.16666666666667,75.0,50.0,,,,,,,467.0,BEAR,-2.5267665952890814,-2.7623126338329715,reports_pairwise
2026-03-13,ABB,77.0642857142857,85.0,60.0,,,,,,,6392.5,BEAR,-0.8603832616347282,3.4649980445834965,reports_pairwise
2026-03-13,ONGC,76.92857142857143,75.0,55.0,,,,,,,264.1,BEAR,0.3407800075728804,9.276789095039756,reports_pairwise
2026-03-13,LICI,76.7,75.0,50.0,,,,,,,772.7,BEAR,1.701824770286007,2.678918079461619,reports_pairwise
2026-03-13,IRFC,76.31428571428572,85.0,50.0,,,,,,,97.2,BEAR,1.080246913580244,1.3271604938271522,reports_pairwise
2026-03-13,HDFCLIFE,75.6,75.0,50.0,,,,,,,625.75,BEAR,2.812624850179788,-5.521374350779058,reports_pairwise
2026-03-13,INDUSINDBK,75.32857142857144,75.0,50.0,,,,,,,814.4,BEAR,3.4074165029469548,0.01841846758349426,reports_pairwise
2026-03-13,OIL,75.05714285714286,75.0,60.0,,,,,,,470.55,BEAR,-0.021251726702799435,0.04250345340558678,reports_pairwise
2026-03-13,KOTAKBANK,74.5,70.0,50.0,,,,,,,366.85,BEAR,2.330652855390474,1.3765844350551872,reports_pairwise
2026-03-13,SHRIRAMFIN,74.96190476190476,70.0,45.0,,,,,,,1003.6,BEAR,1.7935432443204464,-0.7273814268632989,reports_pairwise
2026-03-13,INDUSTOWER,73.87142857142857,100.0,50.0,,,,,,,423.95,BEAR,4.009906828635453,3.4202146479537685,reports_pairwise
2026-03-13,M&MFIN,73.8,70.0,45.0,,,,,,,330.2,BEAR,-2.6650514839491253,-10.327074500302837,reports_pairwise
2026-03-13,PETRONET,73.47142857142858,75.0,55.0,,,,,,,286.3,BEAR,1.8512050296891414,-5.214809640237515,reports_pairwise
2026-03-13,LICHSGFIN,72.71428571428571,60.0,55.0,,,,,,,496.6,BEAR,1.3189689891260479,7.188884414015289,reports_pairwise
2026-03-13,MFSL,72.1,60.0,50.0,,,,,,,1628.1,BEAR,2.4937043179165985,-1.271420674405738,reports_pairwise
2026-03-13,LUPIN,71.95714285714286,70.0,50.0,,,,,,,2314.9,BEAR,-0.5399801287312627,-0.855328523910328,reports_pairwise
2026-03-13,IREDA,72.11666666666667,75.0,45.0,,,,,,,114.85,BEAR,2.716586852416199,7.20940356987375,reports_pairwise
2026-03-13,ABCAPITAL,70.84126984126983,70.0,50.0,,,,,,,310.75,BEAR,5.695897023330648,7.658889782783591,reports_pairwise
2026-03-13,BANDHANBNK,70.8,60.0,55.0,,,,,,,175.5,BEAR,-6.837606837606838,-5.447293447293449,reports_pairwise
2026-03-13,LTF,70.28571428571429,70.0,50.0,,,,,,,258.0,BEAR,4.186046511627911,5.496124031007755,reports_pairwise
2026-03-13,HUDCO,70.1,75.0,50.0,,,,,,,172.7,BEAR,3.566878980891734,5.344528083381597,reports_pairwise
2026-03-13,BAJAJHLDNG,69.7,75.0,50.0,,,,,,,9506.0,BEAR,3.7134441405428156,4.276246581106669,reports_pairwise
2026-03-13,RELIANCE,68.7,70.0,55.0,,,,,,,1380.7,BEAR,1.9845006156297431,-3.6720504092127215,reports_pairwise
2026-03-13,SIEMENS,69.12857142857143,75.0,55.0,,,,,,,3207.6,BEAR,0.41464022945504997,0.46452176081805996,reports_pairwise
2026-03-13,HINDALCO,69.1,75.0,45.0,,,,,,,910.05,BEAR,2.5273336629855505,8.307235866161204,reports_pairwise
2026-03-13,NMDC,69.0,75.0,55.0,,,,,,,78.59,BEAR,1.1451838656317488,7.443695126606431,reports_pairwise
2026-03-13,ADANIPORTS,68.36666666666667,90.0,45.0,,,,,,,1363.2,BEAR,2.8389084507042286,6.176643192488266,reports_pairwise
2026-03-13,AUROPHARMA,68.06666666666666,70.0,50.0,,,,,,,1296.5,BEAR,-2.121095256459699,3.3860393366756725,reports_pairwise
2026-03-13,HCLTECH,67.5,95.0,50.0,,,,,,,1325.4,BEAR,2.3992756903576242,10.525124490719783,reports_pairwise
2026-03-13,ZYDUSLIFE,67.28571428571428,70.0,50.0,,,,,,,905.9,BEAR,-0.6954409979026333,-0.40291422894358947,reports_pairwise
2026-03-13,VEDL,67.82857142857142,70.0,50.0,,,,,,,689.55,BEAR,-1.5299833224566681,6.881299398158227,reports_pairwise
2026-03-13,NTPC,66.9,70.0,55.0,,,,,,,384.45,BEAR,-1.5476654961633474,-1.508648718949151,reports_pairwise
2026-03-13,TORNTPHARM,66.68333333333334,60.0,55.0,,,,,,,4390.0,BEAR,-2.293849658314347,-6.731207289293851,reports_pairwise
2026-03-13,POLYCAB,66.42500000000001,85.0,45.0,,,,,,,7193.5,BEAR,2.5161604226037393,5.7482449433516365,reports_pairwise
2026-03-13,BAJAJFINSV,65.9,60.0,50.0,,,,,,,1738.0,BEAR,3.0955120828538525,1.7088607594936733,reports_pairwise
2026-03-13,IOC,65.8,70.0,45.0,,,,,,,156.54,BEAR,-5.282994761722232,-9.499169541331293,reports_pairwise
2026-03-13,AUBANK,65.9857142857143,60.0,50.0,,,,,,,884.35,BEAR,5.178944987844174,8.89353762650534,reports_pairwise
2026-03-13,SAIL,65.81428571428572,70.0,45.0,,,,,,,149.89,BEAR,3.022216291947429,8.979918606978456,reports_pairwise
2026-03-13,SUNPHARMA,65.02857142857144,60.0,55.0,,,,,,,1801.6,BEAR,-1.2932948490230882,-4.690275310834814,reports_pairwise
2026-03-13,BAJFINANCE,65.0,60.0,50.0,,,,,,,855.05,BEAR,2.929653236652835,5.637097245775107,reports_pairwise
2026-03-13,WIPRO,64.81428571428572,95.0,50.0,,,,,,,197.58,BEAR,-1.6600870533454808,2.6773964976212126,reports_pairwise
2026-03-13,NATIONALUM,65.525,75.0,50.0,,,,,,,387.35,BEAR,0.07744933522652755,6.454111268878275,reports_pairwise
2026-03-13,BHARTIARTL,64.3,85.0,50.0,,,,,,,1803.4,BEAR,2.883442386603083,3.1052456471110124,reports_pairwise
2026-03-13,TCS,63.99999999999999,95.0,50.0,,,,,,,2410.5,BEAR,1.2570006222775434,7.405102675793404,reports_pairwise
2026-03-13,CIPLA,63.8,70.0,55.0,,,,,,,1314.7,BEAR,-3.5141096828173763,-6.868487107324861,reports_pairwise
2026-03-13,BAJAJHFL,63.51666666666667,60.0,50.0,,,,,,,82.15,BEAR,1.1442483262324987,2.1180766889835603,reports_pairwise
2026-03-13,ACC,63.0,75.0,50.0,,,,,,,1376.4,BEAR,2.092414995640799,1.1261261261261262,reports_pairwise
2026-03-13,INFY,63.3,100.0,50.0,,,,,,,1248.3,BEAR,1.5060482255867944,6.673075382520224,reports_pairwise
2026-03-13,BSE,64.03928571428571,60.0,40.0,,,,,,,2797.0,BEAR,7.1004647836968156,16.460493385770473,reports_pairwise
2026-03-13,APOLLOHOSP,62.6,60.0,60.0,,,,,,,7550.0,BEAR,-1.0463576158940397,-0.9072847682119205,reports_pairwise
2026-03-13,CUMMINSIND,62.82857142857143,60.0,60.0,,,,,,,4649.7,BEAR,1.4603092672645666,5.542293051164587,reports_pairwise
2026-03-13,MOTILALOFS,63.3,70.0,50.0,,,,,,,680.25,BEAR,2.6534362366776856,11.892686512311647,reports_pairwise
2026-03-13,OFSS,62.5,95.0,55.0,,,,,,,6526.0,BEAR,1.0496475635917868,10.596077229543365,reports_pairwise
2026-03-13,ASTRAL,62.25714285714285,60.0,60.0,,,,,,,1611.8,BEAR,3.5116019357240438,-2.984241220995155,reports_pairwise
2026-03-13,BPCL,61.78571428571428,70.0,50.0,,,,,,,319.3,BEAR,-4.885687441277802,-6.8744127779517665,reports_pairwise
2026-03-13,ADANIENT,61.9,75.0,50.0,,,,,,,1961.1,BEAR,2.35072153383306,4.048748151547605,reports_pairwise
2026-03-13,BHARTIHEXA,61.7,85.0,50.0,,,,,,,1472.5,BEAR,8.224108658743628,3.945670628183356,reports_pairwise
2026-03-13,POWERGRID,61.075,70.0,55.0,,,,,,,300.95,BEAR,-0.5150357202193093,-0.947001162983873,reports_pairwise
2026-03-13,GLENMARK,61.43333333333334,60.0,55.0,,,,,,,2170.7,BEAR,0.7186621827060563,-0.07370894181599988,reports_pairwise
2026-03-13,APLAPOLLO,60.95,60.0,50.0,,,,,,,1933.2,BEAR,4.1485619697910225,5.540037243947853,reports_pairwise
2026-03-13,JIOFIN,60.98333333333333,60.0,50.0,,,,,,,235.25,BEAR,5.504782146652492,1.5260361317747093,reports_pairwise
2026-03-13,JINDALSTEL,61.15476190476191,60.0,55.0,,,,,,,1143.3,BEAR,3.1400332371206234,4.924341817545697,reports_pairwise
2026-03-13,SBICARD,60.8,60.0,50.0,,,,,,,704.9,BEAR,1.5108526032061254,-5.107107391119308,reports_pairwise
2026-03-13,CHOLAFIN,61.0,60.0,45.0,,,,,,,1514.0,BEAR,0.6737120211360664,1.261558784676348,reports_pairwise
2026-03-13,HDFCAMC,60.4,60.0,50.0,,,,,,,2381.0,BEAR,3.691726165476694,5.627887442251155,reports_pairwise
2026-03-13,TATAPOWER,59.88571428571429,60.0,50.0,,,,,,,394.95,BEAR,1.3672616786935143,-0.063299151791366,reports_pairwise
2026-03-13,ALKEM,59.78571428571428,60.0,45.0,,,,,,,5355.5,BEAR,-0.0746895714685837,0.2800858930071889,reports_pairwise
2026-03-13,TORNTPOWER,60.12857142857143,70.0,60.0,,,,,,,1461.3,BEAR,-0.4790255252172723,-1.0470129336891778,reports_pairwise
2026-03-13,BEL,59.92857142857143,60.0,50.0,,,,,,,439.4,BEAR,0.7282658170232239,0.07965407373691916,reports_pairwise
2026-03-13,IDFCFIRSTB,60.11428571428571,60.0,50.0,,,,,,,62.57,BEAR,4.299184912897562,4.331149112993449,reports_pairwise
2026-03-13,BIOCON,59.9,60.0,60.0,,,,,,,383.55,BEAR,-0.24768609047060058,-9.868335288749842,reports_pairwise
2026-03-13,NTPCGREEN,59.72857142857143,60.0,60.0,,,,,,,98.15,BEAR,-0.30565461029038343,-2.0376974019358127,reports_pairwise
2026-03-13,SOLARINDS,59.65714285714285,60.0,55.0,,,,,,,14251.0,BEAR,-3.8734123921128343,-2.266507613500807,reports_pairwise
2026-03-13,TATASTEEL,59.06349206349206,60.0,50.0,,,,,,,183.51,BEAR,6.484660236499376,11.819519372241293,reports_pairwise
2026-03-13,CGPOWER,59.2,60.0,60.0,,,,,,,709.9,BEAR,-0.38737850401464996,1.5072545428933717,reports_pairwise
2026-03-13,SUPREMEIND,58.52857142857143,60.0,60.0,,,,,,,3886.5,BEAR,3.1982503537887603,-2.948668467773058,reports_pairwise
2026-03-13,MANKIND,57.6,60.0,55.0,,,,,,,2138.9,BEAR,-1.6737575389218842,-3.959979428678305,reports_pairwise
2026-03-13,MPHASIS,57.8,90.0,50.0,,,,,,,2114.8,BEAR,0.4255721581236996,12.790807641384527,reports_pairwise
2026-03-13,PIDILITIND,57.1,60.0,45.0,,,,,,,1340.0,BEAR,3.3134328358209024,0.5522388059701561,reports_pairwise
2026-03-13,HINDPETRO,57.6,70.0,50.0,,,,,,,368.75,BEAR,-5.261016949152536,-2.9152542372881354,reports_pairwise
2026-03-13,ULTRACEMCO,56.7,60.0,50.0,,,,,,,10616.0,BEAR,5.943858327053504,7.837226827430293,reports_pairwise
2026-03-13,GRASIM,56.8,60.0,50.0,,,,,,,2568.6,BEAR,6.014949778089232,6.692361597757538,reports_pairwise
2026-03-13,HAVELLS,56.58412698412699,60.0,45.0,,,,,,,1310.2,BEAR,2.5721263929171156,-4.060448786444821,reports_pairwise
2026-03-13,JSWSTEEL,56.6,60.0,45.0,,,,,,,1119.3,BEAR,5.449834718127401,8.076476369159305,reports_pairwise
2026-03-13,ASIANPAINT,56.375,60.0,50.0,,,,,,,2196.8,BEAR,2.972505462490883,3.313911143481415,reports_pairwise
2026-03-13,POLICYBZR,56.78571428571428,60.0,45.0,,,,,,,1446.0,BEAR,6.4107883817427425,3.271092669432915,reports_pairwise
2026-03-13,LT,56.0,60.0,50.0,,,,,,,3439.0,BEAR,4.911311427740625,13.294562372782782,reports_pairwise
2026-03-13,DIVISLAB,55.8,60.0,55.0,,,,,,,6071.0,BEAR,1.136550815351672,-1.9519024872343929,reports_pairwise
2026-03-13,BHEL,56.0,60.0,50.0,,,,,,,258.5,BEAR,0.6382978723404167,7.234042553191484,reports_pairwise
2026-03-13,HINDZINC,56.2,70.0,45.0,,,,,,,551.95,BEAR,-2.5998731769182033,1.186701693994013,reports_pairwise
2026-03-13,GMRAIRPORT,55.3,60.0,45.0,,,,,,,89.26,BEAR,3.092090522070346,5.904100380909697,reports_pairwise
2026-03-13,AMBUJACEM,54.9,60.0,50.0,,,,,,,425.35,BEAR,3.738098036910774,2.045374397554952,reports_pairwise
2026-03-13,MARICO,54.68571428571428,60.0,55.0,,,,,,,752.4,BEAR,0.4784688995215341,-0.6711855396065862,reports_pairwise
2026-03-13,SUZLON,55.2,75.0,45.0,,,,,,,41.41,BEAR,1.5696691620381689,6.80994928761169,reports_pairwise
2026-03-13,MAXHEALTH,54.7,60.0,50.0,,,,,,,990.0,BEAR,-1.030303030303035,-3.5404040404040362,reports_pairwise
2026-03-13,TITAN,54.16349206349206,60.0,55.0,,,,,,,4073.2,BEAR,1.7750171855052583,9.000294608661504,reports_pairwise
2026-03-13,SHREECEM,54.0,60.0,50.0,,,,,,,22965.0,BEAR,4.1802743305029395,4.463313738297409,reports_pairwise
2026-03-13,ASHOKLEY,54.21904761904762,60.0,50.0,,,,,,,170.65,BEAR,4.6703779665983,-0.1582185760328217,reports_pairwise
2026-03-13,DMART,53.88571428571429,60.0,55.0,,,,,,,3834.3,BEAR,0.2529796833841853,15.160524737240177,reports_pairwise
2026-03-13,TIINDIA,54.22857142857143,60.0,55.0,,,,,,,2458.2,BEAR,4.129037507119031,11.597917175168838,reports_pairwise
2026-03-13,NHPC,53.8,60.0,50.0,,,,,,,74.98,BEAR,3.1741797812750003,2.840757535342752,reports_pairwise
2026-03-13,BRITANNIA,53.48571428571429,60.0,55.0,,,,,,,5808.5,BEAR,1.3170353791856761,-5.741585607299647,reports_pairwise
2026-03-13,PIIND,53.6,60.0,45.0,,,,,,,2896.3,BEAR,1.0806891551289481,-0.5386182370610905,reports_pairwise
2026-03-13,JSWENERGY,53.82857142857143,60.0,60.0,,,,,,,512.95,BEAR,-0.7505604834779263,-4.639828443318075,reports_pairwise
2026-03-13,PERSISTENT,53.7,85.0,45.0,,,,,,,4638.8,BEAR,1.2891264982323054,17.94214020867466,reports_pairwise
2026-03-13,NESTLEIND,52.98809523809524,60.0,50.0,,,,,,,1202.2,BEAR,0.21627017135251284,2.204292131092996,reports_pairwise
2026-03-13,BHARATFORG,53.15714285714285,60.0,55.0,,,,,,,1675.1,BEAR,7.718942152707313,3.8385768013850035,reports_pairwise
2026-03-13,ITC,52.43333333333334,70.0,50.0,,,,,,,301.45,BEAR,0.8624979266876838,0.51418145629458,reports_pairwise
2026-03-13,VBL,52.7,80.0,50.0,,,,,,,401.3,BEAR,3.4388238225766288,5.382506852728623,reports_pairwise
2026-03-13,SRF,52.43333333333334,60.0,45.0,,,,,,,2499.7,BEAR,2.7883346001520293,-3.996479577549292,reports_pairwise
2026-03-13,TATACONSUM,52.1,60.0,45.0,,,,,,,1083.6,BEAR,-0.7844222960502032,-0.5167958656330666,reports_pairwise
2026-03-13,GAIL,51.9,75.0,50.0,,,,,,,147.78,BEAR,2.145080525104877,3.0044660982541602,reports_pairwise
2026-03-13,IGL,52.0,75.0,45.0,,,,,,,156.51,BEAR,0.5239281835026653,-0.9009009009008988,reports_pairwise
2026-03-13,IRB,51.8,60.0,40.0,,,,,,,41.56,BEAR,0.5052935514918211,-49.73532242540905,reports_pairwise
2026-03-13,ADANIPOWER,52.4,60.0,50.0,,,,,,,146.57,BEAR,5.1170089377089445,17.575220031384337,reports_pairwise
2026-03-13,UPL,51.09999999999999,60.0,50.0,,,,,,,609.4,BEAR,3.626517886445688,5.349524122087303,reports_pairwise
2026-03-13,HAL,50.7,60.0,45.0,,,,,,,3914.4,BEAR,1.2058042100960509,3.0272838749233597,reports_pairwise
2026-03-13,ESCORTS,50.6,60.0,45.0,,,,,,,3120.6,BEAR,-0.9549445619432073,0.2114977888867496,reports_pairwise
2026-03-13,UNITDSPR,49.7,60.0,45.0,,,,,,,1314.4,BEAR,0.4488740109555587,-4.9223980523432775,reports_pairwise
2026-03-13,VOLTAS,49.87142857142857,60.0,45.0,,,,,,,1414.2,BEAR,0.5939753924480174,-9.2136897185688,reports_pairwise
2026-03-13,HINDUNILVR,49.3,60.0,50.0,,,,,,,2160.0,BEAR,-1.14351851851851,-1.2407407407407491,reports_pairwise
2026-03-13,ADANIENSOL,50.1,60.0,55.0,,,,,,,992.3,BEAR,4.474453290335593,8.71208303940341,reports_pairwise
2026-03-13,PREMIERENE,49.7,60.0,55.0,,,,,,,781.85,BEAR,11.223380443819146,22.331649293342714,reports_pairwise
2026-03-13,INDIGO,49.31666666666666,60.0,50.0,,,,,,,4158.2,BEAR,4.867490741186104,6.995815497090101,reports_pairwise
2026-03-13,BAJAJ-AUTO,49.0,60.0,45.0,,,,,,,8875.0,BEAR,4.461971830985916,7.233802816901408,reports_pairwise
2026-03-13,ATGL,49.45873015873016,60.0,60.0,,,,,,,565.9,BEAR,-8.879660717441244,-2.8273546562996996,reports_pairwise
2026-03-13,DABUR,48.4,60.0,50.0,,,,,,,453.5,BEAR,-0.3638368246967976,-5.314222712238153,reports_pairwise
2026-03-13,SJVN,49.0,60.0,45.0,,,,,,,69.89,BEAR,0.7869509228788054,1.1303476892259354,reports_pairwise
2026-03-13,BDL,48.88571428571429,60.0,55.0,,,,,,,1312.0,BEAR,0.6250000000000036,1.0289634146341464,reports_pairwise
2026-03-13,GODREJCP,47.9,60.0,50.0,,,,,,,1027.9,BEAR,2.519700359957181,3.448779064111277,reports_pairwise
2026-03-13,WAAREEENER,48.78571428571429,70.0,45.0,,,,,,,2726.6,BEAR,16.80481185359056,18.54690823736523,reports_pairwise
2026-03-13,COLPAL,47.78571428571428,60.0,50.0,,,,,,,1957.2,BEAR,-0.7970570202329929,-2.5802166360106273,reports_pairwise
2026-03-13,CONCOR,47.9,60.0,50.0,,,,,,,453.4,BEAR,1.2020291133656915,6.363034847816502,reports_pairwise
2026-03-13,PATANJALI,47.71666666666666,60.0,50.0,,,,,,,481.6,BEAR,1.7753322259136117,-4.547342192691037,reports_pairwise
2026-03-13,MAZDOCK,48.4989417989418,60.0,55.0,,,,,,,2328.0,BEAR,5.536941580756018,4.617697594501719,reports_pairwise
2026-03-13,LODHA,48.0,80.0,50.0,,,,,,,866.35,BEAR,-1.4082068448086853,-8.864777514861206,reports_pairwise
2026-03-13,M&M,47.0,70.0,50.0,,,,,,,2931.1,BEAR,9.67213674047286,8.041349663948697,reports_pairwise
2026-03-13,OBEROIRLTY,47.0,70.0,45.0,,,,,,,1452.1,BEAR,1.425521658288,13.869568211555686,reports_pairwise
2026-03-13,HEROMOTOCO,46.4,70.0,45.0,,,,,,,5206.0,BEAR,4.225893200153669,1.498271225509028,reports_pairwise
2026-03-13,PRESTIGE,46.6,70.0,50.0,,,,,,,1257.0,BEAR,5.1233094669848915,4.964200477326976,reports_pairwise
2026-03-13,EXIDEIND,45.8,60.0,50.0,,,,,,,296.6,BEAR,4.09642616318273,4.939312204989877,reports_pairwise
2026-03-13,MOTHERSON,46.2047619047619,60.0,45.0,,,,,,,113.82,BEAR,3.4791776489193538,2.706027060270614,reports_pairwise
2026-03-13,TECHM,45.64126984126984,60.0,50.0,,,,,,,1332.8,BEAR,3.9315726290516273,9.663865546218485,reports_pairwise
2026-03-13,TATACOMM,45.7,60.0,50.0,,,,,,,1398.1,BEAR,7.0524282955439626,5.214219297618203,reports_pairwise
2026-03-13,SONACOMS,45.5,60.0,45.0,,,,,,,486.05,BEAR,5.297808867400473,7.612385557041444,reports_pairwise
2026-03-13,MRF,44.78571428571428,60.0,45.0,,,,,,,100000.0,BEAR,33.89,34.02,reports_pairwise
2026-03-13,ADANIGREEN,45.23809523809524,60.0,50.0,,,,,,,861.35,BEAR,3.4770999013176906,21.268938294537637,reports_pairwise
2026-03-13,EICHERMOT,44.1,60.0,50.0,,,,,,,6741.0,BEAR,4.250111259457054,6.030262572318647,reports_pairwise
2026-03-13,TVSMOTOR,44.0,60.0,45.0,,,,,,,3324.5,BEAR,7.468792299593929,12.110091743119265,reports_pairwise
2026-03-13,MARUTI,43.9,60.0,50.0,,,,,,,12591.0,BEAR,3.6295766817568103,7.92629656103566,reports_pairwise
2026-03-13,COCHINSHIP,44.5,60.0,45.0,,,,,,,1385.5,BEAR,1.9054492962829368,2.771562612775178,reports_pairwise
2026-03-13,TATATECH,43.6,60.0,50.0,,,,,,,540.35,BEAR,1.5267881928379754,3.432960118441742,reports_pairwise
2026-03-13,PAGEIND,43.4,60.0,50.0,,,,,,,30285.0,BEAR,4.73831929998349,18.70562984976061,reports_pairwise
2026-03-13,RVNL,43.7,60.0,50.0,,,,,,,271.25,BEAR,1.419354838709686,0.582488479262667,reports_pairwise
2026-03-13,IRCTC,42.9,60.0,50.0,,,,,,,527.6,BEAR,2.3976497346474557,0.7486732373009727,reports_pairwise
2026-03-13,NYKAA,42.9,60.0,50.0,,,,,,,238.15,BEAR,2.3094688221709005,7.0459794247323115,reports_pairwise
2026-03-13,PHOENIXLTD,42.6,60.0,50.0,,,,,,,1565.5,BEAR,3.947620568508461,9.223890130948584,reports_pairwise
2026-03-13,NAUKRI,42.4,60.0,50.0,,,,,,,952.4,BEAR,4.462410751784964,5.249895002099958,reports_pairwise
2026-03-13,APOLLOTYRE,41.4,60.0,50.0,,,,,,,400.3,BEAR,4.858855858106417,10.004996252810393,reports_pairwise
2026-03-13,BOSCHLTD,41.3,60.0,50.0,,,,,,,30185.0,BEAR,2.7165810833195296,21.815471260559878,reports_pairwise
2026-03-13,TATAELXSI,41.5,60.0,50.0,,,,,,,4255.0,BEAR,-1.1186839012926055,4.62984723854289,reports_pairwise
2026-03-13,HYUNDAI,41.3,60.0,50.0,,,,,,,2018.0,BEAR,-1.3676907829534146,-12.373637264618436,reports_pairwise
2026-03-13,INDHOTEL,40.9,60.0,50.0,,,,,,,609.85,BEAR,4.443715667787164,3.156513896859883,reports_pairwise
2026-03-13,ABFRL,41.3,70.0,50.0,,,,,,,59.28,BEAR,-0.08434547908232838,-1.4338731443994626,reports_pairwise
2026-03-13,DLF,40.7,60.0,50.0,,,,,,,542.75,BEAR,3.7494242284661485,3.721787194841095,reports_pairwise
2026-03-13,KPITTECH,40.7,60.0,50.0,,,,,,,660.15,BEAR,4.2566083465879,8.467772475952431,reports_pairwise
2026-03-13,JUBLFOOD,39.9,60.0,50.0,,,,,,,458.15,BEAR,4.321728691476593,-6.613554512714168,reports_pairwise
2026-03-13,VMM,39.5,60.0,45.0,,,,,,,102.79,BEAR,4.971300710185815,9.028115575445069,reports_pairwise
2026-03-13,COFORGE,39.5,60.0,50.0,,,,,,,1089.7,BEAR,3.8818023309167615,16.077819583371575,reports_pairwise
2026-03-13,PAYTM,39.1,60.0,50.0,,,,,,,976.2,BEAR,10.26429010448679,12.471829543126407,reports_pairwise
2026-03-13,ETERNAL,39.0,60.0,50.0,,,,,,,215.68,BEAR,12.453635014836788,10.297663204747764,reports_pairwise
2026-03-13,GODREJPROP,38.21428571428572,60.0,50.0,,,,,,,1577.4,BEAR,4.158742234056036,7.4870039305185685,reports_pairwise
2026-03-13,IDEA,37.53809523809524,50.0,50.0,,,,,,,9.27,BEAR,1.8338727076591146,-1.6181229773462824,reports_pairwise
2026-03-13,DIXON,37.21428571428572,60.0,45.0,,,,,,,10338.0,BEAR,3.588701876571871,2.7810021280711936,reports_pairwise
2026-03-13,KALYANKJIL,37.08571428571428,60.0,45.0,,,,,,,379.0,BEAR,2.7968337730870774,17.704485488126657,reports_pairwise
2026-03-13,TRENT,34.4,60.0,50.0,,,,,,,3487.8,BEAR,4.389586558862317,10.404839727048557,reports_pairwise
2026-03-13,SWIGGY,31.4,50.0,50.0,,,,,,,282.15,BEAR,5.883395357079576,-3.632819422293107,reports_pairwise
2026-03-13,OLAELEC,28.34285714285714,45.0,50.0,,,,,,,23.07,BEAR,7.7589943649761555,57.43389683571738,reports_pairwise
2026-03-16,J&KBANK,97.35714285714286,85.0,65.0,,,,,,,123.66,BEAR,-10.763383470807053,7.043502439905793,reports_pairwise
2026-03-16,UNIONBANK,94.95555555555555,90.0,60.0,,,,,,,175.6,BEAR,-2.8929384965831346,8.752847380410026,reports_pairwise
2026-03-16,INDIANB,93.8,95.0,65.0,,,,,,,877.45,BEAR,-3.629836457917832,13.465154709670063,reports_pairwise
2026-03-16,MAHABANK,93.88571428571427,95.0,55.0,,,,,,,63.33,BEAR,-1.215853465971887,13.042791725880317,reports_pairwise
2026-03-16,AXISBANK,91.61957671957673,90.0,50.0,,,,,,,1214.7,BEAR,-3.0295546225405414,12.957931999670688,reports_pairwise
2026-03-16,ICICIBANK,90.75,95.0,50.0,,,,,,,1272.9,BEAR,-3.660931730693702,6.426270720402227,reports_pairwise
2026-03-16,IOB,88.4,95.0,50.0,,,,,,,32.21,BEAR,0.3104625892579988,9.438062713443026,reports_pairwise
2026-03-16,CANBK,87.125,90.0,50.0,,,,,,,134.51,BEAR,-2.037023269645365,6.311798379302662,reports_pairwise
2026-03-16,BANKINDIA,85.82857142857144,85.0,50.0,,,,,,,150.67,BEAR,-4.022034910732047,-0.9690051105063913,reports_pairwise
2026-03-16,RECLTD,85.5,95.0,55.0,,,,,,,332.45,BEAR,-4.587155963302752,6.707775605354192,reports_pairwise
2026-03-16,ICICIGI,84.7,80.0,55.0,,,,,,,1850.5,BEAR,-6.1875168873277495,-2.356119967576326,reports_pairwise
2026-03-16,SBIN,83.75079365079364,75.0,50.0,,,,,,,1066.7,BEAR,-2.540545607949764,1.837442579919369,reports_pairwise
2026-03-16,MUTHOOTFIN,84.3,100.0,45.0,,,,,,,3361.0,BEAR,-8.09282951502529,8.705742338589703,reports_pairwise
2026-03-16,COALINDIA,83.2375,75.0,60.0,,,,,,,460.3,BEAR,-0.9667608081685832,-5.757114925048882,reports_pairwise
2026-03-16,BANKBARODA,83.5,85.0,60.0,,,,,,,279.95,BEAR,-3.85783175567066,0.9608858724772273,reports_pairwise
2026-03-16,FEDERALBNK,83.2,75.0,50.0,,,,,,,260.85,BEAR,-1.8593061146252723,12.631780716887095,reports_pairwise
2026-03-16,PNB,82.95,85.0,50.0,,,,,,,110.97,BEAR,-3.3432459223213424,2.5682616923492785,reports_pairwise
2026-03-16,CENTRALBK,82.18333333333332,85.0,55.0,,,,,,,35.04,BEAR,-6.2214611872146115,1.997716894977177,reports_pairwise
2026-03-16,HDFCBANK,81.0,85.0,50.0,,,,,,,840.6,BEAR,-10.629312395907688,-4.1339519390911255,reports_pairwise
2026-03-16,UCOBANK,81.35,85.0,50.0,,,,,,,25.16,BEAR,-6.319554848966613,4.928457869634334,reports_pairwise
2026-03-16,SBILIFE,80.6,75.0,50.0,,,,,,,1909.2,BEAR,-4.253090299601929,2.383197150639011,reports_pairwise
2026-03-16,ABB,80.26388888888889,85.0,60.0,,,,,,,6218.0,BEAR,-2.7018333869411384,10.807333547764554,reports_pairwise
2026-03-16,ICICIPRULI,79.5,75.0,50.0,,,,,,,583.9,BEAR,-8.400411029285829,-3.0056516526802457,reports_pairwise
2026-03-16,LICHSGFIN,79.0,70.0,55.0,,,,,,,501.5,BEAR,-7.637088733798607,5.682951146560319,reports_pairwise
2026-03-16,DRREDDY,78.19999999999999,90.0,60.0,,,,,,,1276.9,BEAR,-0.7439893492051061,-5.79528545696609,reports_pairwise
2026-03-16,LUPIN,77.23888888888888,70.0,55.0,,,,,,,2290.4,BEAR,0.8339154732797724,1.8555710792874607,reports_pairwise
2026-03-16,PETRONET,77.33492063492064,75.0,55.0,,,,,,,283.35,BEAR,-15.510852302805722,-4.782071642844542,reports_pairwise
2026-03-16,PFC,77.375,70.0,60.0,,,,,,,406.25,BEAR,-2.510769230769228,9.19384615384616,reports_pairwise
2026-03-16,HINDALCO,76.62857142857143,75.0,55.0,,,,,,,921.15,BEAR,-8.673940183466316,10.557455354719645,reports_pairwise
2026-03-16,INDUSINDBK,76.31190476190476,75.0,45.0,,,,,,,825.05,BEAR,-4.375492394400329,2.424095509363069,reports_pairwise
2026-03-16,IRFC,75.8375,90.0,50.0,,,,,,,96.44,BEAR,-6.335545416839486,5.630443799253429,reports_pairwise
2026-03-16,GICRE,75.60000000000001,85.0,50.0,,,,,,,362.55,BEAR,-0.9240104813129287,9.37801682526548,reports_pairwise
2026-03-16,IDBI,76.10000000000001,90.0,50.0,,,,,,,76.9,BEAR,-11.547464239271793,-3.329003461780729,reports_pairwise
2026-03-16,ONGC,74.62142857142857,75.0,60.0,,,,,,,260.45,BEAR,2.4956805528892305,9.82914186984067,reports_pairwise
2026-03-16,SHRIRAMFIN,74.77857142857142,70.0,45.0,,,,,,,992.0,BEAR,-11.381048387096772,5.025201612903216,reports_pairwise
2026-03-16,RELIANCE,73.85,70.0,55.0,,,,,,,1395.1,BEAR,0.7884739445201062,-4.135904236255453,reports_pairwise
2026-03-16,YESBANK,74.025,80.0,50.0,,,,,,,18.54,BEAR,-3.559870550161813,4.314994606256746,reports_pairwise
2026-03-16,OIL,73.75555555555556,75.0,60.0,,,,,,,460.1,BEAR,1.608346011736574,2.2169093675287956,reports_pairwise
2026-03-16,KOTAKBANK,73.3,70.0,50.0,,,,,,,369.85,BEAR,-2.636203866432337,2.5821278896849953,reports_pairwise
2026-03-16,LICI,72.9,75.0,50.0,,,,,,,777.35,BEAR,-3.653437962307838,6.612208143050104,reports_pairwise
2026-03-16,BANDHANBNK,73.0,60.0,55.0,,,,,,,162.54,BEAR,-8.976251999507816,4.645010458963954,reports_pairwise
2026-03-16,NATIONALUM,73.05,75.0,55.0,,,,,,,372.25,BEAR,-5.439892545332438,15.191403626595031,reports_pairwise
2026-03-16,IREDA,72.4047619047619,75.0,50.0,,,,,,,115.19,BEAR,-3.2554909280319477,9.410539109297686,reports_pairwise
2026-03-16,ABCAPITAL,71.78571428571429,70.0,45.0,,,,,,,314.6,BEAR,-5.896376350921809,10.982199618563241,reports_pairwise
2026-03-16,NTPC,70.98125,70.0,60.0,,,,,,,382.4,BEAR,-2.366631799163168,1.856694560669462,reports_pairwise
2026-03-16,HDFCLIFE,70.7,75.0,50.0,,,,,,,626.0,BEAR,-4.560702875399354,1.1182108626198082,reports_pairwise
2026-03-16,MFSL,70.7,60.0,50.0,,,,,,,1645.2,BEAR,-4.734986627765626,2.8385606613177754,reports_pairwise
2026-03-16,AUROPHARMA,70.825,70.0,50.0,,,,,,,1279.6,BEAR,-0.1172241325414192,5.8143169740544,reports_pairwise
2026-03-16,ADANIPORTS,70.71666666666667,90.0,50.0,,,,,,,1373.9,BEAR,-4.4471941189315185,8.515903631996506,reports_pairwise
2026-03-16,HCLTECH,70.2,95.0,50.0,,,,,,,1328.6,BEAR,2.0246876411260044,10.590094836670183,reports_pairwise
2026-03-16,SIEMENS,69.92857142857143,75.0,60.0,,,,,,,3149.6,BEAR,-5.305435610871219,8.058166116332238,reports_pairwise
2026-03-16,INDUSTOWER,69.525,100.0,50.0,,,,,,,427.1,BEAR,-1.9082182158745105,0.9131350971669344,reports_pairwise
2026-03-16,TORNTPHARM,68.8,60.0,65.0,,,,,,,4266.6,BEAR,-1.4883045047578867,-1.8328411381428003,reports_pairwise
2026-03-16,NMDC,67.9,75.0,55.0,,,,,,,77.56,BEAR,-2.849406910778762,12.764311500773584,reports_pairwise
2026-03-16,IOC,67.3,70.0,50.0,,,,,,,148.96,BEAR,-6.652792696025776,-2.5577336197636966,reports_pairwise
2026-03-16,VEDL,67.62857142857143,70.0,55.0,,,,,,,685.6,BEAR,-6.8115519253208925,11.537339556592768,reports_pairwise
2026-03-16,M&MFIN,67.4,70.0,50.0,,,,,,,319.55,BEAR,-6.915975590674393,-4.365514004068218,reports_pairwise
2026-03-16,ASTRAL,67.02638888888889,60.0,60.0,,,,,,,1619.7,BEAR,-3.2104710748904113,1.6978452799901216,reports_pairwise
2026-03-16,BAJAJHFL,66.675,60.0,50.0,,,,,,,81.31,BEAR,-3.2714303283728894,6.838027302914773,reports_pairwise
2026-03-16,POLYCAB,66.225,85.0,45.0,,,,,,,7127.0,BEAR,-4.012908657219026,8.523923109302652,reports_pairwise
2026-03-16,GLENMARK,66.3625,60.0,55.0,,,,,,,2175.4,BEAR,-3.1672336122092526,2.3122184425852588,reports_pairwise
2026-03-16,BHARTIARTL,64.86666666666667,85.0,50.0,,,,,,,1788.8,BEAR,0.7602862254025121,5.199016100178891,reports_pairwise
2026-03-16,BSE,65.7,60.0,35.0,,,,,,,2862.6,BEAR,-5.170125061133236,17.878851393837778,reports_pairwise
2026-03-16,SUNPHARMA,64.57142857142857,60.0,55.0,,,,,,,1783.2,BEAR,-0.616868550919695,-6.740690892777032,reports_pairwise
2026-03-16,TCS,64.41666666666666,95.0,50.0,,,,,,,2409.2,BEAR,-0.6143118047484529,5.827660634235435,reports_pairwise
2026-03-16,HUDCO,65.125,75.0,50.0,,,,,,,172.12,BEAR,-3.5149895421798814,10.969091331629093,reports_pairwise
2026-03-16,BAJAJFINSV,64.4,60.0,50.0,,,,,,,1773.9,BEAR,-5.293421275156439,2.9032076216246687,reports_pairwise
2026-03-16,ADANIENT,64.9047619047619,75.0,50.0,,,,,,,1978.0,BEAR,-7.017189079878664,9.55510616784631,reports_pairwise
2026-03-16,CIPLA,64.2,70.0,55.0,,,,,,,1300.0,BEAR,-4.969230769230762,-5.930769230769224,reports_pairwise
2026-03-16,TATAPOWER,64.21428571428572,60.0,55.0,,,,,,,390.55,BEAR,-0.7681474843169889,5.146588144923816,reports_pairwise
2026-03-16,OFSS,64.5,95.0,55.0,,,,,,,6414.0,BEAR,0.8029310882444651,16.253507951356408,reports_pairwise
2026-03-16,BAJAJHLDNG,63.6,75.0,50.0,,,,,,,9631.0,BEAR,-4.298619042674696,5.2850171321773445,reports_pairwise
2026-03-16,APOLLOHOSP,62.9,60.0,55.0,,,,,,,7490.0,BEAR,-4.939919893190922,1.1815754339118825,reports_pairwise
2026-03-16,SAIL,63.57619047619048,70.0,45.0,,,,,,,144.69,BEAR,0.10366991499067364,17.769023429400793,reports_pairwise
2026-03-16,SUPREMEIND,63.22857142857143,60.0,60.0,,,,,,,3927.6,BEAR,-5.148182095936446,-2.1387106630003054,reports_pairwise
2026-03-16,CHOLAFIN,63.0,60.0,45.0,,,,,,,1527.1,BEAR,-8.984349420470162,1.0608342610176182,reports_pairwise
2026-03-16,WIPRO,62.1,95.0,45.0,,,,,,,195.11,BEAR,-3.5415919225052663,6.616780277792013,reports_pairwise
2026-03-16,ALKEM,61.8,60.0,55.0,,,,,,,5323.0,BEAR,-3.0903625774938943,1.5123050911140334,reports_pairwise
2026-03-16,LTF,62.3,70.0,50.0,,,,,,,260.65,BEAR,-4.105121810857468,8.041434874352595,reports_pairwise
2026-03-16,POWERGRID,61.7,70.0,60.0,,,,,,,297.75,BEAR,1.1754827875734677,1.7296389588580947,reports_pairwise
2026-03-16,ZYDUSLIFE,61.5,70.0,55.0,,,,,,,886.9,BEAR,-1.66873379185928,4.318412447852077,reports_pairwise
2026-03-16,NTPCGREEN,61.78571428571429,60.0,60.0,,,,,,,98.5,BEAR,-4.659898477157364,8.467005076142135,reports_pairwise
2026-03-16,SOLARINDS,60.75555555555556,60.0,60.0,,,,,,,14082.0,BEAR,-12.185769066893908,4.274960943047863,reports_pairwise
2026-03-16,BPCL,60.5,70.0,50.0,,,,,,,304.95,BEAR,-10.493523528447286,-0.40990326282997214,reports_pairwise
2026-03-16,SBICARD,60.3,60.0,50.0,,,,,,,695.55,BEAR,-5.47767953418157,-0.4816332398820946,reports_pairwise
2026-03-16,TATASTEEL,60.1,60.0,45.0,,,,,,,186.94,BEAR,0.6579651224991921,12.709960415106448,reports_pairwise
2026-03-16,JINDALSTEL,59.58809523809524,60.0,55.0,,,,,,,1133.0,BEAR,-1.6593115622241794,9.461606354810243,reports_pairwise
2026-03-16,AUBANK,59.48571428571429,60.0,50.0,,,,,,,885.3,BEAR,-3.4564554388342836,12.193606686998763,reports_pairwise
2026-03-16,ADANIPOWER,59.88571428571429,60.0,60.0,,,,,,,154.06,BEAR,-4.556666233934837,19.26522134233416,reports_pairwise
2026-03-16,CUMMINSIND,58.92857142857143,60.0,60.0,,,,,,,4589.7,BEAR,-2.716953177767606,10.349260300237487,reports_pairwise
2026-03-16,JIOFIN,58.96666666666666,60.0,50.0,,,,,,,234.35,BEAR,-2.5389374866652394,3.673991892468536,reports_pairwise
2026-03-16,BEL,58.7,60.0,55.0,,,,,,,429.5,BEAR,-4.796274738067526,3.6903376018626366,reports_pairwise
2026-03-16,BAJFINANCE,58.4,60.0,50.0,,,,,,,878.15,BEAR,-7.327905255366399,5.01622729602005,reports_pairwise
2026-03-16,TORNTPOWER,58.39047619047619,70.0,55.0,,,,,,,1445.8,BEAR,-5.159773135980074,3.4721261585281535,reports_pairwise
2026-03-16,CGPOWER,58.0,60.0,60.0,,,,,,,698.65,BEAR,-5.961497173119585,4.730551778429839,reports_pairwise
2026-03-16,INFY,57.49999999999999,100.0,50.0,,,,,,,1249.8,BEAR,0.208033285325663,5.6248999839974365,reports_pairwise
2026-03-16,DIVISLAB,57.3,60.0,55.0,,,,,,,6071.0,BEAR,-0.8318234228298468,0.9141821775654752,reports_pairwise
2026-03-16,BHARTIHEXA,57.4,85.0,50.0,,,,,,,1486.4,BEAR,5.193756727664142,4.009687836383201,reports_pairwise
2026-03-16,JSWENERGY,57.0,60.0,60.0,,,,,,,505.15,BEAR,-3.216866277343364,2.7813520736415063,reports_pairwise
2026-03-16,GRASIM,56.4,60.0,45.0,,,,,,,2654.4,BEAR,-4.584840265220022,3.6769138034960784,reports_pairwise
2026-03-16,ULTRACEMCO,56.1,60.0,50.0,,,,,,,11099.0,BEAR,-6.027570051355978,6.009550409946842,reports_pairwise
2026-03-16,POLICYBZR,56.98571428571429,60.0,55.0,,,,,,,1475.3,BEAR,-2.7858740595133136,0.9286246865044429,reports_pairwise
2026-03-16,BIOCON,56.4,60.0,55.0,,,,,,,377.05,BEAR,-1.6576050921628431,-7.346505768465718,reports_pairwise
2026-03-16,GMRAIRPORT,56.3,60.0,55.0,,,,,,,90.5,BEAR,-6.000000000000007,8.928176795580109,reports_pairwise
2026-03-16,HDFCAMC,56.3,60.0,50.0,,,,,,,2367.2,BEAR,-4.245522135856708,10.890503548496122,reports_pairwise
2026-03-16,JSWSTEEL,56.0,60.0,45.0,,,,,,,1145.6,BEAR,-2.0949720670391065,7.367318435754198,reports_pairwise
2026-03-16,PIDILITIND,55.5,60.0,45.0,,,,,,,1353.6,BEAR,-2.955082742316785,-1.3371749408983387,reports_pairwise
2026-03-16,APLAPOLLO,55.73333333333333,60.0,50.0,,,,,,,1893.7,BEAR,0.2587527063420744,5.771769551671329,reports_pairwise
2026-03-16,ITC,55.42142857142857,70.0,60.0,,,,,,,308.25,BEAR,-5.14193025141931,-1.8978102189781096,reports_pairwise
2026-03-16,ACC,55.1,75.0,50.0,,,,,,,1373.2,BEAR,-2.461404019807745,4.005243227497815,reports_pairwise
2026-03-16,TIINDIA,55.82857142857143,60.0,55.0,,,,,,,2422.3,BEAR,2.869173925607893,13.87111423027701,reports_pairwise
2026-03-16,MARICO,54.98571428571429,60.0,60.0,,,,,,,750.1,BEAR,-2.6663111585121984,1.6064524730035934,reports_pairwise
2026-03-16,MOTILALOFS,56.0,70.0,50.0,,,,,,,669.95,BEAR,-5.731771027688646,16.03104709306664,reports_pairwise
2026-03-16,IDFCFIRSTB,55.11428571428571,60.0,50.0,,,,,,,62.81,BEAR,-3.423021811813414,6.670912275115423,reports_pairwise
2026-03-16,ASIANPAINT,54.425,60.0,50.0,,,,,,,2217.7,BEAR,-3.8643639807007184,8.21571898814088,reports_pairwise
2026-03-16,MANKIND,54.6,60.0,55.0,,,,,,,2094.7,BEAR,-7.862701102783206,0.21960185229390194,reports_pairwise
2026-03-16,BRITANNIA,54.3,60.0,55.0,,,,,,,5842.0,BEAR,-5.169462512838069,-3.2266347141389935,reports_pairwise
2026-03-16,HAVELLS,54.3,60.0,50.0,,,,,,,1297.3,BEAR,-5.457488630232017,-0.7168735065135245,reports_pairwise
2026-03-16,SUZLON,54.93783068783069,75.0,45.0,,,,,,,41.01,BEAR,-2.2433552792001823,15.776639843940501,reports_pairwise
2026-03-16,PREMIERENE,54.90000000000001,60.0,55.0,,,,,,,795.75,BEAR,8.853283066289668,24.838202953188812,reports_pairwise
2026-03-16,NHPC,54.3,60.0,50.0,,,,,,,75.27,BEAR,-0.10628404410787605,4.742925468314079,reports_pairwise
2026-03-16,PIIND,54.18333333333334,60.0,50.0,,,,,,,2890.1,BEAR,-2.792290924189468,1.8546071070205152,reports_pairwise
2026-03-16,TITAN,54.0,60.0,55.0,,,,,,,4090.8,BEAR,-5.0796910139825995,9.863596362569668,reports_pairwise
2026-03-16,SHREECEM,53.91666666666666,60.0,50.0,,,,,,,23315.0,BEAR,-1.8657516620201586,6.390735577954107,reports_pairwise
2026-03-16,NIFTYBEES,53.4,55.0,50.0,,,,,,,265.18,BEAR,-2.017502612464885,3.3071921740068038,reports_pairwise
2026-03-16,VBL,54.0,80.0,50.0,,,,,,,407.15,BEAR,-5.133243276433742,8.326169716320775,reports_pairwise
2026-03-16,ASHOKLEY,53.80079365079365,60.0,50.0,,,,,,,172.77,BEAR,-5.926954911153562,3.0271459165364294,reports_pairwise
2026-03-16,BHEL,54.09642857142857,60.0,55.0,,,,,,,253.5,BEAR,-0.4930966469428008,15.439842209072975,reports_pairwise
2026-03-16,IRB,53.5,60.0,40.0,,,,,,,41.36,BEAR,-2.5870406189555135,-47.72727272727273,reports_pairwise
2026-03-16,LT,53.2,60.0,50.0,,,,,,,3469.4,BEAR,-3.873868680463483,16.734882112180777,reports_pairwise
2026-03-16,MPHASIS,52.8,90.0,50.0,,,,,,,2081.1,BEAR,-1.6001153236269259,14.747008793426557,reports_pairwise
2026-03-16,HAL,52.08571428571429,60.0,45.0,,,,,,,3913.1,BEAR,-6.539572206179247,6.082134369170235,reports_pairwise
2026-03-16,TATACONSUM,51.6,60.0,60.0,,,,,,,1092.7,BEAR,-4.822915713370554,0.5948567767914341,reports_pairwise
2026-03-16,BHARATFORG,51.62857142857143,60.0,55.0,,,,,,,1697.0,BEAR,-2.7165586328815503,8.137890394814374,reports_pairwise
2026-03-16,HINDUNILVR,50.8,60.0,50.0,,,,,,,2175.7,BEAR,-3.961943282621677,-0.9238406030243099,reports_pairwise
2026-03-16,NESTLEIND,50.8,60.0,50.0,,,,,,,1213.4,BEAR,-3.1316960606560076,2.4476677105653386,reports_pairwise
2026-03-16,ADANIENSOL,51.5,60.0,60.0,,,,,,,996.5,BEAR,-4.937280481685905,18.760662318113404,reports_pairwise
2026-03-16,UNITDSPR,50.69642857142857,60.0,45.0,,,,,,,1317.4,BEAR,-3.1653256414149116,-5.366631243358133,reports_pairwise
2026-03-16,HINDPETRO,50.9,60.0,50.0,,,,,,,353.8,BEAR,-8.493499152063315,2.8405879027699297,reports_pairwise
2026-03-16,BAJAJ-AUTO,50.5,60.0,45.0,,,,,,,9073.0,BEAR,-2.4413093794775707,9.362945001653257,reports_pairwise
2026-03-16,IGL,50.9,75.0,55.0,,,,,,,155.49,BEAR,-4.000257251270177,5.408707955495528,reports_pairwise
2026-03-16,DMART,50.18571428571428,60.0,55.0,,,,,,,3817.9,BEAR,-3.994342439561015,16.920296498074848,reports_pairwise
2026-03-16,GAIL,49.98333333333333,75.0,50.0,,,,,,,146.06,BEAR,-6.497329864439277,6.682185403258928,reports_pairwise
2026-03-16,WAAREEENER,50.48928571428571,70.0,45.0,,,,,,,2790.7,BEAR,9.112409072992445,21.58598201168166,reports_pairwise
2026-03-16,VOLTAS,49.46349206349206,60.0,45.0,,,,,,,1406.4,BEAR,-11.177474402730377,-1.59271899886235,reports_pairwise
2026-03-16,HINDZINC,49.7,70.0,45.0,,,,,,,533.85,BEAR,-8.429334082607474,11.061159501732687,reports_pairwise
2026-03-16,BDL,49.71428571428572,60.0,55.0,,,,,,,1284.0,BEAR,-8.925233644859807,5.093457943925241,reports_pairwise
2026-03-16,AMBUJACEM,48.8,60.0,50.0,,,,,,,429.0,BEAR,-6.025641025641031,5.23310023310023,reports_pairwise
2026-03-16,GODREJCP,48.7,60.0,50.0,,,,,,,1041.1,BEAR,-3.553933339736806,3.8324848717702524,reports_pairwise
2026-03-16,CONCOR,48.5,60.0,50.0,,,,,,,454.3,BEAR,-6.284393572529168,7.9022672243011165,reports_pairwise
2026-03-16,COLPAL,48.08571428571428,60.0,50.0,,,,,,,1941.1,BEAR,-4.487146463345521,-0.14424810674359664,reports_pairwise
2026-03-16,SJVN,48.2,60.0,45.0,,,,,,,69.16,BEAR,-3.57142857142857,6.737998843261997,reports_pairwise
2026-03-16,HEROMOTOCO,47.6,70.0,45.0,,,,,,,5278.5,BEAR,-3.087998484417922,0.60623283129677,reports_pairwise
2026-03-16,SRF,47.4,60.0,45.0,,,,,,,2449.0,BEAR,-2.494895875867697,1.1147407104940867,reports_pairwise
2026-03-16,OBEROIRLTY,47.43333333333334,70.0,45.0,,,,,,,1418.1,BEAR,-0.5147732882025213,20.322967350680493,reports_pairwise
2026-03-16,ESCORTS,47.40000000000001,60.0,45.0,,,,,,,3060.0,BEAR,-6.594771241830072,5.009803921568634,reports_pairwise
2026-03-16,TATACOMM,47.1,60.0,50.0,,,,,,,1412.0,BEAR,-1.4376770538243595,9.15722379603399,reports_pairwise
2026-03-16,UPL,47.1,60.0,45.0,,,,,,,608.8,BEAR,-0.5256241787122096,7.4326544021024965,reports_pairwise
2026-03-16,MAZDOCK,47.61904761904762,60.0,50.0,,,,,,,2331.8,BEAR,-5.094776567458624,8.246847928638807,reports_pairwise
2026-03-16,INDIGO,46.93333333333334,60.0,50.0,,,,,,,4222.1,BEAR,-6.274128987944401,8.713673290542612,reports_pairwise
2026-03-16,DABUR,46.6,60.0,50.0,,,,,,,458.85,BEAR,-7.976462896371368,-6.2765609676364855,reports_pairwise
2026-03-16,MAXHEALTH,46.8,60.0,50.0,,,,,,,970.6,BEAR,-2.1636101380589325,0.4739336492891018,reports_pairwise
2026-03-16,M&M,46.03333333333334,70.0,45.0,,,,,,,3036.1,BEAR,-2.289120911695926,7.078159480913017,reports_pairwise
2026-03-16,PERSISTENT,46.5,85.0,45.0,,,,,,,4638.8,BEAR,2.494179529188579,20.319910321634893,reports_pairwise
2026-03-16,ATGL,46.0547619047619,60.0,60.0,,,,,,,522.05,BEAR,-0.43099319988506846,11.292021836988804,reports_pairwise
2026-03-16,EICHERMOT,45.08571428571429,60.0,50.0,,,,,,,6827.5,BEAR,-1.545221530574881,4.350054924935921,reports_pairwise
2026-03-16,PAGEIND,45.175,60.0,50.0,,,,,,,30200.0,BEAR,4.403973509933775,21.009933774834437,reports_pairwise
2026-03-16,TVSMOTOR,45.0,60.0,45.0,,,,,,,3374.8,BEAR,0.8948678440203809,11.790328315752033,reports_pairwise
2026-03-16,SONACOMS,45.4,60.0,45.0,,,,,,,489.2,BEAR,-0.051103843008994274,18.15208503679477,reports_pairwise
2026-03-16,MOTHERSON,44.88809523809524,60.0,45.0,,,,,,,113.32,BEAR,-5.135898340981286,8.0215319449347,reports_pairwise
2026-03-16,TECHM,44.08571428571429,60.0,50.0,,,,,,,1339.5,BEAR,4.374766703994021,9.69018290406868,reports_pairwise
2026-03-16,PHOENIXLTD,43.7,60.0,50.0,,,,,,,1552.3,BEAR,-4.03916768665851,13.959930425819756,reports_pairwise
2026-03-16,HYUNDAI,43.33333333333334,60.0,50.0,,,,,,,1963.9,BEAR,-3.8851265339375822,-9.623707928102245,reports_pairwise
2026-03-16,ADANIGREEN,43.7047619047619,60.0,50.0,,,,,,,866.95,BEAR,-5.4674433358325265,27.227637118634284,reports_pairwise
2026-03-16,PRESTIGE,42.47499999999999,70.0,50.0,,,,,,,1250.3,BEAR,-4.90282332240262,6.534431736383271,reports_pairwise
2026-03-16,COCHINSHIP,42.7,60.0,45.0,,,,,,,1334.7,BEAR,-4.472915261856601,9.964786094253391,reports_pairwise
2026-03-16,LODHA,42.09999999999999,80.0,50.0,,,,,,,848.75,BEAR,-12.742268041237113,-0.8954344624447744,reports_pairwise
2026-03-16,RVNL,42.0,60.0,50.0,,,,,,,266.7,BEAR,-5.643044619422566,5.301837270341203,reports_pairwise
2026-03-16,EXIDEIND,41.4,60.0,50.0,,,,,,,295.15,BEAR,-0.406572929019139,11.587328477045586,reports_pairwise
2026-03-16,APOLLOTYRE,41.45,60.0,45.0,,,,,,,412.8,BEAR,-2.5436046511627906,6.431686046511631,reports_pairwise
2026-03-16,PATANJALI,41.1,60.0,50.0,,,,,,,483.8,BEAR,-3.6378668871434523,-3.679206283588262,reports_pairwise
2026-03-16,INDHOTEL,40.5,60.0,50.0,,,,,,,613.35,BEAR,-4.4917257683215235,5.91831743702616,reports_pairwise
2026-03-16,MARUTI,38.5,60.0,50.0,,,,,,,12757.0,BEAR,-2.798463588618014,3.942933291526221,reports_pairwise
2026-03-16,NAUKRI,38.72539682539683,60.0,50.0,,,,,,,949.6,BEAR,1.9692502106149885,7.629528222409427,reports_pairwise
2026-03-16,PAYTM,38.725,60.0,50.0,,,,,,,1013.8,BEAR,-1.6669954626158983,11.8415861116591,reports_pairwise
2026-03-16,JUBLFOOD,38.1,60.0,50.0,,,,,,,467.8,BEAR,-5.889268918341173,-4.211201368106026,reports_pairwise
2026-03-16,TATATECH,37.0,60.0,50.0,,,,,,,528.15,BEAR,-0.7194925683991205,8.728580895578911,reports_pairwise
2026-03-16,KPITTECH,37.5,70.0,50.0,,,,,,,631.95,BEAR,3.473376058232444,15.998101115594574,reports_pairwise
2026-03-16,DIXON,37.51428571428572,60.0,45.0,,,,,,,10263.0,BEAR,-3.14722790607035,5.125207054467505,reports_pairwise
2026-03-16,NYKAA,36.3,60.0,50.0,,,,,,,237.0,BEAR,-1.0970464135021074,10.17721518987342,reports_pairwise
2026-03-16,IRCTC,35.5,60.0,50.0,,,,,,,526.45,BEAR,-3.124703200683834,4.24541741855825,reports_pairwise
2026-03-16,BOSCHLTD,35.7,60.0,50.0,,,,,,,30355.0,BEAR,-2.66842365343436,21.72623949925877,reports_pairwise
2026-03-16,TATAELXSI,35.8,60.0,50.0,,,,,,,4202.2,BEAR,-1.3683308743039362,7.729284660415978,reports_pairwise
2026-03-16,MRF,35.09999999999999,60.0,45.0,,,,,,,100000.0,BEAR,25.405,36.714999999999996,reports_pairwise
2026-03-16,ABFRL,35.6875,70.0,50.0,,,,,,,58.49,BEAR,-2.9406736194221215,9.762352538895538,reports_pairwise
2026-03-16,IDEA,34.0625,50.0,50.0,,,,,,,9.39,BEAR,-5.5378061767838265,-0.5324813631522972,reports_pairwise
2026-03-16,ETERNAL,33.5,60.0,50.0,,,,,,,222.04,BEAR,2.0356692487840076,8.944334354170426,reports_pairwise
2026-03-16,GODREJPROP,33.28571428571428,60.0,50.0,,,,,,,1560.0,BEAR,-3.7371794871794846,11.282051282051283,reports_pairwise
2026-03-16,KALYANKJIL,33.18571428571428,60.0,45.0,,,,,,,381.6,BEAR,-4.284591194968559,17.492138364779876,reports_pairwise
2026-03-16,DLF,32.7,60.0,50.0,,,,,,,530.35,BEAR,-2.0175355897049205,8.984632789667197,reports_pairwise
2026-03-16,VMM,32.4,60.0,45.0,,,,,,,106.1,BEAR,-6.559849198868986,9.981149858623944,reports_pairwise
2026-03-16,COFORGE,32.0,60.0,50.0,,,,,,,1080.6,BEAR,1.3325930038867382,17.416250231352958,reports_pairwise
2026-03-16,OLAELEC,29.49523809523809,50.0,45.0,,,,,,,24.31,BEAR,-3.1674208144796365,66.35129576306046,reports_pairwise
2026-03-16,TRENT,28.5,60.0,50.0,,,,,,,3596.1,BEAR,-5.625538778120735,9.771697116320462,reports_pairwise
2026-03-16,SWIGGY,25.3,50.0,50.0,,,,,,,284.6,BEAR,-4.83134223471539,-4.251581166549551,reports_pairwise
2026-03-17,ICICIBANK,79.375,86.4,11.8,26.7,56.3,64.7,73.8,,,1288.7,BEAR,-4.84208892682549,5.121440211065415,reports_pairwise
2026-03-17,HDFCBANK,75.61,81.7,11.4,17.4,64.6,69.5,72.6,,,845.35,BEAR,-11.131484000709769,-4.67262080794937,reports_pairwise
2026-03-17,AXISBANK,77.67587301587301,87.8,9.3,9.3,48.4,56.6,69.8,,,1228.1,BEAR,-4.087615015063905,11.725429525282959,reports_pairwise
2026-03-17,COALINDIA,75.02125,66.1,70.4,2.2,83.7,38.4,78.5,,,462.25,BEAR,-1.3845321795565122,-6.154678204434827,reports_pairwise
2026-03-17,NTPC,72.394375,70.7,44.8,5.6,84.3,50.0,79.7,,,383.35,BEAR,-2.6085822355549757,1.6042780748663041,reports_pairwise
2026-03-17,DRREDDY,72.88,80.7,35.7,4.9,57.6,31.4,75.6,,,1283.8,BEAR,-1.2774575479046475,-6.301604611310163,reports_pairwise
2026-03-17,J&KBANK,81.42714285714285,70.6,70.8,10.0,85.2,75.3,62.3,,,121.1,BEAR,-8.876961189099918,8.381502890173415,reports_pairwise
2026-03-17,ABB,76.71916666666667,72.2,56.9,5.9,92.9,56.4,70.9,,,6310.5,BEAR,-4.128040567308454,9.183107519214008,reports_pairwise
2026-03-17,ICICIGI,73.71,81.0,16.3,24.7,46.3,50.0,71.2,,,1835.8,BEAR,-5.436322039437845,-1.5742455605185675,reports_pairwise
2026-03-17,HCLTECH,74.54,95.2,23.3,18.5,60.2,50.0,59.3,,,1321.1,BEAR,2.6038906971463245,11.217924456891987,reports_pairwise
2026-03-17,SBIN,70.5552380952381,71.4,9.3,18.9,62.9,32.7,71.8,,,1064.7,BEAR,-2.3574715882408315,2.028740490278943,reports_pairwise
2026-03-17,TCS,70.77499999999999,92.2,11.8,16.1,72.5,29.1,54.6,,,2391.7,BEAR,0.11289041267718665,6.60199857841703,reports_pairwise
2026-03-17,RELIANCE,69.545,69.5,30.1,14.2,69.4,45.7,72.3,,,1397.6,BEAR,0.6081854607899256,-4.307384087006284,reports_pairwise
2026-03-17,BHARTIARTL,68.88,81.9,11.6,4.9,59.3,53.5,70.9,,,1827.0,BEAR,-1.3464696223316863,2.999452654625066,reports_pairwise
2026-03-17,MUTHOOTFIN,79.39999999999999,94.0,34.0,6.4,75.8,42.1,54.5,,,3419.2,BEAR,-9.65722976134768,6.855404773046329,reports_pairwise
2026-03-17,LUPIN,72.31166666666667,69.5,47.0,8.2,69.2,57.4,75.7,,,2298.2,BEAR,0.49168914802890007,1.5098772952745747,reports_pairwise
2026-03-17,INDIANB,78.33,85.1,14.6,11.1,61.4,50.0,64.9,,,873.95,BEAR,-3.243892671205449,13.919560615595856,reports_pairwise
2026-03-17,CANBK,75.2775,81.4,9.3,16.1,51.6,77.2,64.1,,,136.58,BEAR,-3.5217454971445323,4.700541806999551,reports_pairwise
2026-03-17,MAHABANK,77.58571428571427,83.7,12.6,16.4,62.6,59.0,56.3,,,62.48,BEAR,0.1280409731114043,14.58066581306019,reports_pairwise
2026-03-17,SBILIFE,67.02,63.9,11.0,26.4,45.9,50.0,76.3,,,1932.1,BEAR,-5.387919879923396,1.1697117126442802,reports_pairwise
2026-03-17,IOB,76.5,87.2,9.3,10.1,61.2,66.9,51.4,,,32.07,BEAR,0.7483629560336825,9.91580916744621,reports_pairwise
2026-03-17,FEDERALBNK,70.81,70.4,9.3,35.8,60.6,46.6,69.2,,,264.55,BEAR,-3.231903231903236,11.056511056511056,reports_pairwise
2026-03-17,UNIONBANK,75.73666666666666,80.2,11.2,2.0,62.3,54.1,54.6,,,176.07,BEAR,-3.152155392741514,8.46254330663941,reports_pairwise
2026-03-17,CIPLA,66.22999999999999,72.5,16.4,37.7,66.7,42.9,64.7,,,1281.9,BEAR,-3.6274280365083076,-4.60254310008581,reports_pairwise
2026-03-17,WIPRO,70.28999999999999,85.1,16.1,29.5,73.7,60.0,55.7,,,191.32,BEAR,-1.6307756638093271,8.728831277440946,reports_pairwise
2026-03-17,PNB,71.85499999999999,77.6,9.3,12.7,50.5,65.1,64.3,,,112.0,BEAR,-4.232142857142852,1.6249999999999938,reports_pairwise
2026-03-17,TATAPOWER,68.19428571428571,60.7,58.5,32.5,79.6,63.8,75.1,,,400.85,BEAR,-3.317949357615071,2.4448047898216174,reports_pairwise
2026-03-17,INFY,70.44999999999999,93.3,17.3,24.8,70.6,44.6,56.2,,,1232.9,BEAR,1.5816367913050529,7.072755292400017,reports_pairwise
2026-03-17,SUNPHARMA,64.73142857142857,58.3,56.2,5.0,65.1,50.0,79.1,,,1794.4,BEAR,-1.2371823450735646,-7.322781988408386,reports_pairwise
2026-03-17,RECLTD,72.97,79.5,22.5,26.5,58.5,39.9,56.5,,,337.7,BEAR,-6.070476754515843,5.048859934853424,reports_pairwise
2026-03-17,KOTAKBANK,65.81,66.3,9.3,7.2,61.3,52.8,67.1,,,374.2,BEAR,-3.768038482095127,1.3896312132549409,reports_pairwise
2026-03-17,ADANIPORTS,70.285,88.1,9.3,14.4,46.6,42.1,66.5,,,1365.5,BEAR,-3.8593921640424784,9.18344928597584,reports_pairwise
2026-03-17,INDUSTOWER,71.0475,88.8,11.7,18.0,57.5,31.8,66.5,,,436.15,BEAR,-3.943597386220335,-1.180786426688061,reports_pairwise
2026-03-17,HINDALCO,71.21857142857144,70.1,42.2,4.5,71.6,64.3,63.1,,,936.65,BEAR,-10.185234612715528,8.72791330806598,reports_pairwise
2026-03-17,ONGC,66.90642857142856,63.8,20.9,1.5,74.6,34.7,72.1,,,264.75,BEAR,0.830972615675161,8.045325779036832,reports_pairwise
2026-03-17,BANKBARODA,69.57,78.1,12.7,1.9,37.9,40.4,67.2,,,283.25,BEAR,-4.977934686672559,-0.2153574580759095,reports_pairwise
2026-03-17,LICI,66.04,67.9,9.3,7.5,58.2,60.1,64.7,,,777.75,BEAR,-3.7029893924782966,6.557377049180328,reports_pairwise
2026-03-17,AUROPHARMA,71.08749999999999,69.5,69.8,0.0,80.1,38.5,70.8,,,1286.0,BEAR,-0.6143079315707691,5.287713841368585,reports_pairwise
2026-03-17,ITC,61.63642857142857,67.8,13.4,25.6,63.3,62.6,60.0,,,304.85,BEAR,-4.083975725766785,-0.8036739380023111,reports_pairwise
2026-03-17,NATIONALUM,71.89500000000001,70.5,73.0,15.5,85.2,50.0,52.7,,,395.15,BEAR,-10.919903833987089,8.515753511324823,reports_pairwise
2026-03-17,OFSS,71.78,95.7,21.9,36.3,70.7,26.0,46.1,,,6302.0,BEAR,2.594414471596319,18.319581085369723,reports_pairwise
2026-03-17,HDFCLIFE,62.79,58.4,9.4,18.2,58.0,64.6,65.4,,,642.3,BEAR,-6.982718355908441,-1.4479215319943883,reports_pairwise
2026-03-17,POWERGRID,64.00999999999999,63.9,30.1,6.0,78.5,29.1,73.4,,,298.5,BEAR,0.9212730318257957,1.4740368509212656,reports_pairwise
2026-03-17,ZYDUSLIFE,63.73999999999999,65.1,26.6,23.4,64.9,50.0,68.9,,,889.8,BEAR,-1.989211058664861,3.9784221173297474,reports_pairwise
2026-03-17,BANKINDIA,71.10857142857142,75.2,9.3,16.8,48.9,64.4,57.9,,,151.38,BEAR,-4.47218919275993,-1.4334786629673586,reports_pairwise
2026-03-17,GICRE,67.48,72.6,16.7,27.0,53.0,40.0,62.7,,,367.8,BEAR,-2.338227297444269,7.816748232735183,reports_pairwise
2026-03-17,UCOBANK,70.535,76.7,9.3,12.4,65.1,64.1,45.6,,,25.11,BEAR,-6.133014735165269,5.137395459976101,reports_pairwise
2026-03-17,ICICIPRULI,63.05,57.1,10.4,4.3,46.8,50.0,69.1,,,592.45,BEAR,-9.722339437927255,-4.40543505781079,reports_pairwise
2026-03-17,OIL,70.28666666666666,69.6,39.6,0.0,78.6,52.8,65.4,,,473.75,BEAR,-1.3192612137203166,-0.7282321899736124,reports_pairwise
2026-03-17,PFC,69.0625,58.9,41.2,18.6,86.2,45.7,67.0,,,418.05,BEAR,-5.262528405693099,6.11170912570267,reports_pairwise
2026-03-17,TORNTPHARM,61.8,46.7,32.7,23.6,73.0,43.6,79.0,,,4305.5,BEAR,-2.3783532690744313,-2.719777029381033,reports_pairwise
2026-03-17,ALKEM,62.84999999999999,65.0,25.3,26.3,49.9,54.4,73.2,,,5333.5,BEAR,-3.2811474641417453,1.3124589856566984,reports_pairwise
2026-03-17,POLYCAB,69.1475,82.7,10.6,4.1,56.6,72.7,61.5,,,7166.5,BEAR,-4.541966092234703,7.925765715481756,reports_pairwise
2026-03-17,PETRONET,66.11047619047619,66.8,23.2,0.0,54.0,36.5,67.9,,,287.7,BEAR,-16.788321167883204,-6.221758776503295,reports_pairwise
2026-03-17,IRFC,69.23125,78.5,12.3,1.5,68.9,50.0,47.7,,,96.74,BEAR,-6.626007856109155,5.302873682034329,reports_pairwise
2026-03-17,ACC,60.0,63.5,9.3,18.9,72.4,55.5,56.7,,,1385.0,BEAR,-3.29241877256317,3.1191335740072237,reports_pairwise
2026-03-17,YESBANK,68.7575,72.9,9.8,19.5,62.0,73.7,56.8,,,18.64,BEAR,-4.077253218884128,3.755364806866949,reports_pairwise
2026-03-17,BAJAJFINSV,62.16,64.0,9.3,13.5,53.8,64.1,65.5,,,1774.7,BEAR,-5.3361131458838145,2.8568208711331518,reports_pairwise
2026-03-17,ADANIPOWER,68.36571428571429,66.5,69.4,28.0,88.4,76.4,51.2,,,155.6,BEAR,-5.501285347043703,18.08483290488433,reports_pairwise
2026-03-17,BAJAJHFL,62.0725,64.4,11.3,14.1,62.3,73.2,42.9,,,81.3,BEAR,-3.2595325953259433,6.851168511685127,reports_pairwise
2026-03-17,LICHSGFIN,63.25,53.5,17.7,24.6,56.5,55.5,61.8,,,498.9,BEAR,-7.155742633794346,6.233714171176594,reports_pairwise
2026-03-17,NMDC,67.33999999999999,66.0,29.3,19.2,71.2,66.0,66.3,,,79.22,BEAR,-4.885130017672311,10.401413784397873,reports_pairwise
2026-03-17,SHRIRAMFIN,68.00357142857142,71.1,20.4,0.0,65.1,50.0,62.2,,,1004.6,BEAR,-12.492534342026678,3.7079434600836043,reports_pairwise
2026-03-17,CENTRALBK,67.565,72.7,9.3,4.1,44.8,59.5,53.4,,,34.94,BEAR,-5.953062392673149,2.2896393817973792,reports_pairwise
2026-03-17,NIFTYBEES,53.33,50.0,10.4,4.6,45.6,50.0,74.7,,,267.16,BEAR,-1.1603542601460828,3.2602167679246423,reports_pairwise
2026-03-17,INDUSINDBK,65.80357142857142,70.0,9.3,21.0,47.9,42.3,62.9,,,820.85,BEAR,-3.886215508314549,2.948163489066203,reports_pairwise
2026-03-17,IDBI,66.78999999999999,80.8,9.3,41.0,50.4,37.8,34.6,,,74.1,BEAR,-8.205128205128204,1.2955432639591846,reports_pairwise
2026-03-17,BANDHANBNK,66.91,65.7,12.0,15.9,73.0,68.7,56.2,,,159.58,BEAR,-7.287880686802872,6.586038350670504,reports_pairwise
2026-03-17,APOLLOHOSP,58.20999999999999,46.7,20.5,13.2,65.7,50.0,76.0,,,7500.0,BEAR,-5.066666666666666,1.0466666666666669,reports_pairwise
2026-03-17,SIEMENS,65.00857142857143,61.8,22.2,9.4,69.3,50.0,68.7,,,3173.5,BEAR,-6.0185914605325355,7.244367417677646,reports_pairwise
2026-03-17,IOC,60.02,59.1,9.3,9.4,55.1,50.0,59.8,,,146.68,BEAR,-5.201799836378507,-1.0430869920916288,reports_pairwise
2026-03-17,MPHASIS,64.98,85.4,12.0,31.8,72.8,28.6,50.0,,,2074.1,BEAR,-1.2680198640374116,15.13427510727545,reports_pairwise
2026-03-17,SAIL,65.06285714285714,67.8,20.8,37.5,60.8,72.0,59.0,,,153.53,BEAR,-5.660131570377123,10.98808050543868,reports_pairwise
2026-03-17,VEDL,65.01857142857142,63.5,38.5,7.9,71.3,47.9,60.8,,,699.35,BEAR,-8.643740616286557,9.344391220418963,reports_pairwise
2026-03-17,AMBUJACEM,58.73999999999999,67.5,9.3,6.0,72.4,50.0,56.5,,,434.2,BEAR,-7.151082450483651,3.9728235836020267,reports_pairwise
2026-03-17,MARUTI,57.95999999999999,69.1,9.3,46.9,67.2,62.3,61.3,,,12972.0,BEAR,-4.40949737897009,2.2201665124884364,reports_pairwise
2026-03-17,ABCAPITAL,64.65571428571428,67.8,12.3,24.2,51.2,50.0,61.9,,,318.65,BEAR,-7.092421151733867,9.571630315393065,reports_pairwise
2026-03-17,SBICARD,60.51000000000001,60.9,10.6,41.8,62.6,66.2,53.0,,,693.85,BEAR,-5.246090653599477,-0.23780355984722593,reports_pairwise
2026-03-17,PIIND,58.955,63.5,10.5,17.1,63.8,65.1,53.6,,,2893.0,BEAR,-2.8897338403041792,1.7525060490839894,reports_pairwise
2026-03-17,BHARTIHEXA,63.83999999999999,76.8,10.3,39.0,63.0,56.3,48.4,,,1531.0,BEAR,2.129327237099929,0.9797517962116263,reports_pairwise
2026-03-17,TITAN,55.61,46.7,17.1,35.0,60.8,50.0,77.5,,,4090.5,BEAR,-5.072729495171739,9.871653832049876,reports_pairwise
2026-03-17,MARICO,54.71571428571428,47.6,14.4,2.7,55.7,50.0,78.7,,,754.75,BEAR,-3.265982113282541,0.9804571050016533,reports_pairwise
2026-03-17,IREDA,63.44142857142857,63.1,15.0,7.8,69.0,63.4,41.4,,,116.2,BEAR,-4.0963855421686795,8.459552495697073,reports_pairwise
2026-03-17,LT,58.09999999999999,65.5,9.3,17.6,48.4,55.2,63.7,,,3542.8,BEAR,-5.865417184148136,14.31635994128937,reports_pairwise
2026-03-17,IRB,60.08,56.5,43.1,22.1,74.0,64.9,58.6,,,41.52,BEAR,-2.962427745664749,-47.92870905587669,reports_pairwise
2026-03-17,BAJAJHLDNG,63.03999999999999,72.4,9.3,4.3,63.9,57.9,45.9,,,9663.0,BEAR,-4.6155438269688505,4.936355169202111,reports_pairwise
2026-03-17,ULTRACEMCO,55.26,53.6,9.3,9.1,51.0,45.7,70.3,,,11116.0,BEAR,-6.171284634760705,5.847427132061893,reports_pairwise
2026-03-17,PIDILITIND,53.19,49.2,10.4,0.0,46.3,42.5,74.4,,,1357.0,BEAR,-3.198231392778194,-1.5843773028739867,reports_pairwise
2026-03-17,NHPC,58.49999999999999,47.3,45.1,28.8,71.1,74.2,65.5,,,76.89,BEAR,-2.2109507088047895,2.5360905189231406,reports_pairwise
2026-03-17,BRITANNIA,54.58,46.7,13.5,5.8,62.3,46.3,77.1,,,5857.5,BEAR,-5.420401195049082,-3.482714468629962,reports_pairwise
2026-03-17,PREMIERENE,62.73999999999999,60.8,59.3,43.4,85.5,72.0,37.3,,,811.2,BEAR,6.780078895463511,22.460552268244566,reports_pairwise
2026-03-17,SHREECEM,54.325,50.7,9.7,0.0,57.3,66.5,61.8,,,23675.0,BEAR,-3.357972544878564,4.772967265047519,reports_pairwise
2026-03-17,BSE,62.62,50.0,62.5,32.6,88.6,50.0,49.1,,,2973.6,BEAR,-8.709981167608287,13.478611783696536,reports_pairwise
2026-03-17,TORNTPOWER,62.45714285714286,68.2,21.8,20.8,65.1,43.3,62.5,,,1443.4,BEAR,-5.002078425938759,3.644173479285015,reports_pairwise
2026-03-17,GRASIM,55.56,55.4,13.9,1.1,44.5,44.5,73.6,,,2683.3,BEAR,-5.612492080646978,2.5602802519285888,reports_pairwise
2026-03-17,BAJAJ-AUTO,56.52,64.7,13.4,4.9,43.0,44.6,70.6,,,9110.0,BEAR,-2.8375411635565313,8.918770581778265,reports_pairwise
2026-03-17,MFSL,56.63,44.6,9.3,1.7,51.3,50.0,69.7,,,1654.0,BEAR,-5.241837968561066,2.2914147521160877,reports_pairwise
2026-03-17,NTPCGREEN,61.30571428571429,45.9,63.2,0.0,91.0,73.5,53.4,,,96.12,BEAR,-2.29920932168124,11.15272575946733,reports_pairwise
2026-03-17,WAAREEENER,62.18678571428571,66.7,25.0,91.7,86.9,68.1,32.3,,,2883.1,BEAR,5.615483333911418,17.689292775137876,reports_pairwise
2026-03-17,PERSISTENT,62.03999999999999,81.1,22.8,21.0,71.3,39.0,47.4,,,4529.4,BEAR,4.969753168190056,23.226034353335983,reports_pairwise
2026-03-17,TECHM,57.81571428571428,69.2,27.4,21.9,63.9,37.1,57.7,,,1341.8,BEAR,4.195856312416154,9.502161275898048,reports_pairwise
2026-03-17,M&M,58.33,69.7,14.9,12.3,54.7,57.0,63.0,,,3128.9,BEAR,-5.187126466170225,3.9023298922944134,reports_pairwise
2026-03-17,HINDUNILVR,53.17999999999999,50.3,10.6,18.4,52.0,54.5,67.5,,,2158.2,BEAR,-3.1832082290797805,-0.12047076267259332,reports_pairwise
2026-03-17,GLENMARK,61.69875,46.1,52.4,24.4,79.6,50.0,67.0,,,2145.9,BEAR,-1.8360594622303037,3.7187194184258225,reports_pairwise
2026-03-17,HUDCO,61.6075,65.4,11.5,18.9,63.6,58.7,44.6,,,172.49,BEAR,-3.7219548959360056,10.73105687286219,reports_pairwise
2026-03-17,VBL,60.22999999999999,69.5,9.5,6.9,64.5,57.9,53.6,,,406.35,BEAR,-4.94647471391658,8.539436446413188,reports_pairwise
2026-03-17,JSWENERGY,61.41,56.2,50.0,0.0,77.7,61.8,62.4,,,505.8,BEAR,-3.3412415974693617,2.6492684855674247,reports_pairwise
2026-03-17,ASIANPAINT,54.4775,47.1,12.3,9.4,67.6,59.5,62.3,,,2238.2,BEAR,-4.744884282012324,7.224555446340822,reports_pairwise
2026-03-17,BAJFINANCE,58.67999999999999,63.7,9.3,15.4,55.9,40.9,60.5,,,868.6,BEAR,-6.309002993322596,6.170849643103848,reports_pairwise
2026-03-17,ADANIENT,61.33142857142856,65.9,9.9,16.3,55.1,59.7,50.9,,,1975.4,BEAR,-6.894806115217174,9.699301407309907,reports_pairwise
2026-03-17,LTF,61.18000000000001,67.4,10.0,33.3,54.2,41.7,57.7,,,263.15,BEAR,-5.016150484514532,7.0150104503135235,reports_pairwise
2026-03-17,CHOLAFIN,61.17999999999999,66.4,9.3,3.3,55.3,50.0,61.2,,,1529.0,BEAR,-9.097449313276645,0.935251798561148,reports_pairwise
2026-03-17,GAIL,57.97499999999999,67.6,9.3,9.4,52.5,66.9,56.8,,,147.71,BEAR,-7.54180488795614,5.490488118610781,reports_pairwise
2026-03-17,CUMMINSIND,58.27857142857142,49.9,25.1,10.4,78.1,36.4,69.9,,,4596.4,BEAR,-2.8587590288051445,10.188408319554439,reports_pairwise
2026-03-17,HEROMOTOCO,57.68,65.9,25.2,15.2,57.4,41.6,64.0,,,5355.0,BEAR,-4.472455648926237,-0.830999066293184,reports_pairwise
2026-03-17,EICHERMOT,54.89571428571428,62.4,10.0,13.2,55.2,39.6,68.0,,,6910.0,BEAR,-2.7206946454413896,3.1041968162083937,reports_pairwise
2026-03-17,ASTRAL,60.28791666666666,45.9,32.9,1.2,85.8,39.7,67.5,,,1652.0,BEAR,-5.1029055690072616,-0.2905569007263895,reports_pairwise
2026-03-17,BEL,58.0,50.0,35.9,5.2,71.6,37.4,70.1,,,439.35,BEAR,-6.930693069306941,1.3656538067599862,reports_pairwise
2026-03-17,TATASTEEL,60.17,56.7,16.1,25.4,60.5,78.4,61.2,,,195.43,BEAR,-3.7148851251087445,7.813539374712164,reports_pairwise
2026-03-17,BPCL,57.20999999999999,58.5,9.3,22.6,56.5,40.9,54.9,,,300.05,BEAR,-9.031828028661897,1.2164639226795457,reports_pairwise
2026-03-17,CONCOR,56.69,64.4,10.2,5.4,63.0,55.8,54.4,,,452.4,BEAR,-5.890804597701145,8.355437665782496,reports_pairwise
2026-03-17,ASHOKLEY,58.98023809523809,62.6,9.3,13.1,60.9,66.7,61.1,,,176.11,BEAR,-7.7110896598716785,1.0731928908068742,reports_pairwise
2026-03-17,NESTLEIND,51.78,48.2,10.4,31.7,39.2,44.5,75.9,,,1206.9,BEAR,-2.6099925428784485,2.999420001657123,reports_pairwise
2026-03-17,HAVELLS,54.37,48.8,14.1,17.1,62.7,50.0,63.7,,,1317.1,BEAR,-6.8787487662288305,-2.2093994381595863,reports_pairwise
2026-03-17,JSWSTEEL,56.34999999999999,57.0,14.7,20.2,48.5,41.2,69.4,,,1167.2,BEAR,-3.906785469499669,5.380397532556541,reports_pairwise
2026-03-17,DIVISLAB,56.18,49.9,23.8,8.6,63.7,45.0,66.8,,,6086.5,BEAR,-1.0843670418138502,0.6571921465538487,reports_pairwise
2026-03-17,HAL,59.37571428571429,67.2,29.1,1.8,69.9,31.9,56.8,,,3963.1,BEAR,-7.718705054124299,4.743761197042731,reports_pairwise
2026-03-17,DABUR,53.11,53.4,9.3,17.7,58.1,50.0,65.9,,,452.6,BEAR,-6.70570039770217,-4.9823243482103425,reports_pairwise
2026-03-17,LODHA,59.81,83.8,9.3,22.8,72.3,40.8,35.9,,,842.2,BEAR,-12.063642840180481,-0.12467347423415676,reports_pairwise
2026-03-17,TATACONSUM,53.28,48.0,11.7,36.7,46.9,55.4,72.5,,,1078.0,BEAR,-3.525046382189239,1.9666048237476852,reports_pairwise
2026-03-17,IGL,58.95,68.2,15.1,0.0,66.0,60.5,50.6,,,156.82,BEAR,-4.814436934064522,4.514730263996947,reports_pairwise
2026-03-17,M&MFIN,59.48999999999999,62.6,10.2,28.0,50.8,26.8,55.2,,,319.8,BEAR,-6.988742964352728,-4.440275171982486,reports_pairwise
2026-03-17,AUBANK,58.65571428571428,66.1,9.6,17.9,42.0,38.4,64.0,,,902.05,BEAR,-5.249154703176089,10.11030430685661,reports_pairwise
2026-03-17,OBEROIRLTY,57.83999999999999,66.7,19.9,13.7,62.5,56.1,54.0,,,1458.3,BEAR,-3.2572173078241793,17.006102996639925,reports_pairwise
2026-03-17,JIOFIN,55.98,48.7,14.6,7.1,68.4,66.2,54.1,,,237.6,BEAR,-3.8720538720538675,2.255892255892262,reports_pairwise
2026-03-17,SUZLON,58.62134920634921,66.9,20.0,16.6,70.9,45.4,36.7,,,41.27,BEAR,-2.8592197722316444,15.047249818269915,reports_pairwise
2026-03-17,HDFCAMC,57.14,62.5,9.3,24.7,55.7,26.6,60.6,,,2383.4,BEAR,-4.896366535201824,10.136779390786268,reports_pairwise
2026-03-17,DMART,53.06571428571428,48.8,26.4,0.0,61.5,50.0,61.9,,,3781.4,BEAR,-3.0676469032633413,18.048870788596805,reports_pairwise
2026-03-17,APLAPOLLO,54.31,48.0,9.3,27.1,61.6,43.0,66.2,,,1965.6,BEAR,-3.4086284086284087,1.9027269027269076,reports_pairwise
2026-03-17,PATANJALI,53.07,59.7,10.9,13.6,61.1,50.0,58.6,,,486.45,BEAR,-4.162812210915819,-4.2039264055915275,reports_pairwise
2026-03-17,MOTILALOFS,58.17,67.8,12.2,39.2,63.1,41.8,34.8,,,680.7,BEAR,-7.220508300279136,14.198619068605842,reports_pairwise
2026-03-17,IDFCFIRSTB,58.18428571428571,65.7,9.4,2.1,64.1,45.0,51.9,,,63.66,BEAR,-4.71253534401508,5.246622683003461,reports_pairwise
2026-03-17,SUPREMEIND,57.53857142857143,46.5,35.5,3.4,75.8,40.4,59.2,,,3923.9,BEAR,-5.058742577537654,-2.046433395346471,reports_pairwise
2026-03-17,CGPOWER,57.92999999999999,49.7,36.5,8.1,80.2,43.0,59.1,,,708.4,BEAR,-7.255787690570297,3.2891022021456906,reports_pairwise
2026-03-17,MRF,54.06999999999999,65.6,13.5,9.4,57.2,38.9,75.2,,,100000.0,BEAR,25.405,36.714999999999996,reports_pairwise
2026-03-17,IRCTC,51.59999999999999,63.9,10.1,5.5,61.8,42.1,53.7,,,526.95,BEAR,-3.216623968118425,4.146503463326674,reports_pairwise
2026-03-17,UNITDSPR,51.74892857142857,49.0,13.1,21.1,46.0,50.0,65.2,,,1301.4,BEAR,-1.9747963731366256,-4.203165821423086,reports_pairwise
2026-03-17,COLPAL,52.22571428571428,56.3,9.3,2.1,49.7,50.0,57.7,,,1932.9,BEAR,-4.081949402452278,0.27937296290547176,reports_pairwise
2026-03-17,JINDALSTEL,56.93642857142856,46.7,17.3,1.6,74.9,56.0,65.4,,,1157.3,BEAR,-3.724185604424083,7.163224747256554,reports_pairwise
2026-03-17,POLICYBZR,57.48571428571429,47.9,40.1,9.6,84.1,62.7,47.6,,,1498.2,BEAR,-4.271792818048325,-0.6140702175944497,reports_pairwise
2026-03-17,MANKIND,54.73999999999999,48.8,32.9,12.5,61.8,50.0,58.5,,,2068.2,BEAR,-6.682139058118162,1.5037230441930358,reports_pairwise
2026-03-17,EXIDEIND,52.74,59.3,9.8,31.1,59.7,45.8,55.7,,,301.9,BEAR,-2.633322292149715,9.09241470685659,reports_pairwise
2026-03-17,TATACOMM,55.98999999999999,63.2,10.0,21.1,62.5,54.2,53.2,,,1435.0,BEAR,-3.0174216027874534,7.407665505226478,reports_pairwise
2026-03-17,ESCORTS,56.84999999999999,66.5,9.3,13.8,66.2,43.7,53.8,,,3052.8,BEAR,-6.374475890985336,5.25746855345912,reports_pairwise
2026-03-17,SOLARINDS,56.51666666666667,47.3,54.3,4.1,60.9,50.0,54.8,,,14034.0,BEAR,-11.88542112013681,4.631608949693601,reports_pairwise
2026-03-17,GODREJCP,50.94,46.7,9.3,5.2,61.6,41.8,64.9,,,1041.1,BEAR,-3.553933339736806,3.8324848717702524,reports_pairwise
2026-03-17,BOSCHLTD,53.27,64.3,9.3,0.4,65.5,57.6,56.7,,,30645.0,BEAR,-3.589492576276717,20.574318812204275,reports_pairwise
2026-03-17,BIOCON,54.50999999999999,44.9,25.0,15.2,61.1,50.0,67.2,,,377.55,BEAR,-1.7878426698450536,-7.469209376241555,reports_pairwise
2026-03-17,APOLLOTYRE,53.805,59.8,16.9,12.0,68.7,39.1,59.4,,,421.95,BEAR,-4.65694987557767,4.123711340206194,reports_pairwise
2026-03-17,GMRAIRPORT,54.55,49.8,9.4,0.2,52.0,72.4,62.3,,,90.3,BEAR,-5.79180509413068,9.169435215946846,reports_pairwise
2026-03-17,SRF,53.56,53.3,22.4,32.1,70.0,27.3,57.3,,,2498.0,BEAR,-4.40752602081665,-0.8686949559647645,reports_pairwise
2026-03-17,HINDZINC,55.3,63.3,14.1,14.3,53.5,54.9,47.9,,,546.35,BEAR,-10.524389127848448,8.520179372197301,reports_pairwise
2026-03-17,BHARATFORG,55.10857142857142,46.0,25.8,11.4,80.6,50.0,63.3,,,1746.0,BEAR,-5.446735395188998,5.10309278350515,reports_pairwise
2026-03-17,HYUNDAI,54.65,68.1,10.3,0.5,63.2,47.1,44.4,,,1971.2,BEAR,-4.241071428571436,-9.958400974025972,reports_pairwise
2026-03-17,UPL,55.08,61.8,21.4,5.0,66.5,30.4,55.2,,,615.85,BEAR,-1.664366322968255,6.202809125598755,reports_pairwise
2026-03-17,MOTHERSON,54.90642857142857,59.1,11.4,18.2,59.6,73.3,55.2,,,115.83,BEAR,-7.191573858240524,5.680739014072346,reports_pairwise
2026-03-17,HINDPETRO,54.75,56.7,9.3,32.5,69.1,50.0,44.4,,,346.2,BEAR,-6.484690930098207,5.0982091276718755,reports_pairwise
2026-03-17,PAGEIND,49.3925,47.5,11.4,0.0,66.3,50.0,49.5,,,30515.0,BEAR,3.3262330001638536,19.760773390136,reports_pairwise
2026-03-17,ADANIENSOL,53.59999999999999,46.7,30.4,22.6,65.5,44.4,60.9,,,1000.6,BEAR,-5.326803917649417,18.27403557865281,reports_pairwise
2026-03-17,MAZDOCK,53.55571428571428,59.2,43.4,0.0,62.3,46.1,35.0,,,2362.3,BEAR,-6.320111755492536,6.8492570799644295,reports_pairwise
2026-03-17,TVSMOTOR,49.27,46.7,15.2,27.7,39.4,50.0,68.9,,,3492.0,BEAR,-2.491408934707904,8.038373424971358,reports_pairwise
2026-03-17,TATATECH,49.95,52.2,10.3,23.7,72.0,50.0,51.0,,,524.85,BEAR,-0.0952653138992093,9.412213013241875,reports_pairwise
2026-03-17,INDHOTEL,50.50999999999999,52.0,11.3,7.2,64.2,56.9,55.4,,,622.05,BEAR,-5.827505827505828,4.4369423679768545,reports_pairwise
2026-03-17,BHEL,52.20892857142857,46.3,29.8,8.6,49.6,53.9,57.4,,,256.35,BEAR,-1.5993758533255402,14.156426760288651,reports_pairwise
2026-03-17,INDIGO,50.55,46.7,11.1,0.0,67.8,63.1,49.5,,,4287.9,BEAR,-7.712400009328572,7.04540684251033,reports_pairwise
2026-03-17,KPITTECH,51.35999999999999,62.2,12.5,28.2,73.0,42.8,32.6,,,653.7,BEAR,0.03059507419304448,12.138595686094524,reports_pairwise
2026-03-17,VOLTAS,49.83904761904762,43.9,12.8,7.3,54.1,41.6,66.6,,,1420.4,BEAR,-12.05294283300479,-2.5626584060828,reports_pairwise
2026-03-17,PHOENIXLTD,49.71999999999999,44.6,16.1,22.1,59.6,55.9,60.6,,,1595.8,BEAR,-6.654969294397797,10.853490412332375,reports_pairwise
2026-03-17,DLF,50.62,65.8,9.9,15.4,62.9,38.7,44.6,,,547.8,BEAR,-5.138736765242786,5.51296093464769,reports_pairwise
2026-03-17,SONACOMS,50.86,45.5,18.3,43.4,57.0,54.3,60.8,,,502.1,BEAR,-2.6190001991635197,15.116510655247954,reports_pairwise
2026-03-17,ATGL,50.84642857142856,44.6,35.3,6.7,76.9,72.2,33.1,,,516.85,BEAR,0.5707652123439938,12.411724871819672,reports_pairwise
2026-03-17,TIINDIA,50.83857142857143,44.0,25.9,0.0,54.5,50.0,48.7,,,2475.9,BEAR,0.6421907185266,11.405953390686218,reports_pairwise
2026-03-17,PRESTIGE,50.5425,50.8,9.8,21.2,63.1,65.0,47.8,,,1265.8,BEAR,-6.067309211565805,5.229894138094489,reports_pairwise
2026-03-17,NAUKRI,50.04761904761905,52.2,16.5,32.2,70.9,45.5,45.4,,,963.1,BEAR,0.5399231647803896,6.120859723808528,reports_pairwise
2026-03-17,SJVN,50.02,49.3,17.2,9.1,59.3,50.0,43.1,,,69.04,BEAR,-3.403823870220174,6.923522595596736,reports_pairwise
2026-03-17,COFORGE,49.92,59.8,13.1,58.3,73.9,38.2,35.3,,,1073.9,BEAR,1.9648011919173023,18.148803426762253,reports_pairwise
2026-03-17,BDL,49.84428571428572,47.3,48.9,0.0,54.9,50.0,34.4,,,1296.8,BEAR,-9.824182603331266,4.056138186304761,reports_pairwise
2026-03-17,PAYTM,49.0675,49.4,11.5,16.8,63.4,66.7,48.2,,,1022.0,BEAR,-2.4559686888454033,10.944227005870832,reports_pairwise
2026-03-17,ETERNAL,48.27,48.2,13.7,43.8,78.2,56.4,41.4,,,234.63,BEAR,-3.4394578698376135,3.0984955035587993,reports_pairwise
2026-03-17,ADANIGREEN,48.25142857142857,46.7,11.1,7.0,62.3,62.9,41.3,,,868.65,BEAR,-5.6524492027859345,26.978645023887644,reports_pairwise
2026-03-17,MAXHEALTH,48.2,46.5,9.3,13.0,48.8,46.3,54.2,,,976.4,BEAR,-2.7447767308480087,-0.12290045063497869,reports_pairwise
2026-03-17,JUBLFOOD,44.95999999999999,42.4,9.5,11.3,58.2,50.0,50.1,,,465.75,BEAR,-5.475040257648954,-3.789586688137408,reports_pairwise
2026-03-17,DIXON,48.00428571428571,55.9,27.4,3.7,64.5,31.4,34.1,,,10289.0,BEAR,-3.391972008941588,4.859558752065313,reports_pairwise
2026-03-17,TATAELXSI,47.91,49.8,11.8,50.9,74.1,30.5,42.9,,,4103.6,BEAR,1.0015596061994212,10.317769763134798,reports_pairwise
2026-03-17,KALYANKJIL,47.68571428571428,56.3,12.3,12.8,70.1,41.1,36.8,,,383.7,BEAR,-4.80844409695074,16.84910086004692,reports_pairwise
2026-03-17,NYKAA,46.59,45.3,11.6,38.0,47.6,50.0,63.7,,,240.0,BEAR,-2.333333333333331,8.800000000000002,reports_pairwise
2026-03-17,GODREJPROP,47.57571428571428,60.9,9.3,0.0,63.7,25.3,40.6,,,1584.2,BEAR,-5.207675798510289,9.582123469258928,reports_pairwise
2026-03-17,IDEA,47.17874999999999,55.0,9.3,16.7,64.1,55.9,32.7,,,9.25,BEAR,-4.108108108108117,0.9729729729729714,reports_pairwise
2026-03-17,VMM,45.91,44.0,9.3,61.1,74.4,50.0,40.6,,,103.2,BEAR,-3.9341085271317846,13.071705426356584,reports_pairwise
2026-03-17,ABFRL,45.84625,55.2,9.3,20.2,72.3,45.8,12.0,,,58.19,BEAR,-2.4402818353668922,10.328235091940204,reports_pairwise
2026-03-17,RVNL,45.57,46.7,9.7,9.1,70.7,23.3,33.3,,,267.8,BEAR,-6.030619865571324,4.86930545182971,reports_pairwise
2026-03-17,COCHINSHIP,45.22,44.6,13.4,6.6,63.5,50.0,27.3,,,1359.6,BEAR,-6.222418358340682,7.950867902324224,reports_pairwise
2026-03-17,SWIGGY,43.70999999999999,50.7,16.4,23.0,74.9,38.1,31.5,,,292.85,BEAR,-7.51237835069148,-6.948949974389626,reports_pairwise
2026-03-17,TRENT,41.87,46.7,11.4,14.9,64.6,30.0,37.5,,,3634.5,BEAR,-6.62264410510386,8.611913605722933,reports_pairwise
2026-03-17,OLAELEC,38.38857142857142,43.3,23.3,6.8,67.1,31.6,6.3,,,23.58,BEAR,-0.16963528413909734,71.50127226463104,reports_pairwise
2026-03-18,COALINDIA,76.9,90.9,63.4,6.5,77.4,33.6,77.7,,,455.2,BEAR,0.14279437609842577,-4.701230228470997,reports_pairwise
2026-03-18,SUNPHARMA,68.97,73.8,50.2,5.7,60.5,52.1,78.6,,,1778.3,BEAR,-0.34302423663048465,-6.483720407130403,reports_pairwise
2026-03-18,LUPIN,72.57000000000001,86.6,46.0,15.0,81.5,44.2,76.0,,,2302.4,BEAR,0.3083738707435679,1.3247046560111189,reports_pairwise
2026-03-18,DRREDDY,68.87,80.5,43.2,3.9,70.4,36.8,76.2,,,1294.8,BEAR,-2.1161569354340335,-7.09762125424775,reports_pairwise
2026-03-18,TORNTPHARM,68.17,69.4,37.4,17.5,71.1,62.6,79.1,,,4289.3,BEAR,-2.00965192455645,-2.3523651877928926,reports_pairwise
2026-03-18,RELIANCE,66.7,75.0,46.4,15.0,60.2,50.0,72.7,,,1408.1,BEAR,-0.14203536680633477,-5.020950216603922,reports_pairwise
2026-03-18,NTPC,65.7,65.7,45.3,15.0,85.0,50.0,79.1,,,378.5,BEAR,-1.3606340819022396,2.906208718626156,reports_pairwise
2026-03-18,HDFCBANK,62.67,81.8,20.4,18.3,64.6,65.8,72.6,,,843.05,BEAR,-10.88903386513255,-4.412549670838021,reports_pairwise
2026-03-18,ABB,70.99000000000001,74.0,59.5,7.6,92.8,70.6,71.6,,,6337.5,BEAR,-4.536489151873767,8.717948717948717,reports_pairwise
2026-03-18,ICICIBANK,62.27,86.4,19.1,11.0,56.9,53.2,74.2,,,1289.3,BEAR,-4.886372450166757,5.072519972077879,reports_pairwise
2026-03-18,AUROPHARMA,71.57000000000001,80.0,62.8,11.2,77.8,38.9,70.4,,,1269.0,BEAR,0.7171000788021993,6.698187549251379,reports_pairwise
2026-03-18,ZYDUSLIFE,65.37,81.3,36.0,12.0,73.0,59.3,69.5,,,899.6,BEAR,-3.056914184081814,2.8457092040907095,reports_pairwise
2026-03-18,PIDILITIND,61.1,70.5,21.7,7.5,54.8,36.4,75.4,,,1384.4,BEAR,-5.114128864490045,-3.5322161225079522,reports_pairwise
2026-03-18,TATAPOWER,64.60000000000001,50.1,61.6,19.1,80.1,63.1,75.7,,,400.35,BEAR,-3.1972024478581265,2.572748844760823,reports_pairwise
2026-03-18,SBILIFE,61.37,63.9,29.4,8.1,50.6,53.5,77.4,,,1962.5,BEAR,-6.853503184713376,-0.3974522292993607,reports_pairwise
2026-03-18,APOLLOHOSP,61.37,53.7,27.5,12.0,64.9,50.0,76.2,,,7471.0,BEAR,-4.698166242805515,1.4388970686655067,reports_pairwise
2026-03-18,ALKEM,63.27,83.0,32.5,14.6,49.2,62.4,73.4,,,5351.5,BEAR,-3.6064654769690745,0.9716901803232739,reports_pairwise
2026-03-18,J&KBANK,70.27000000000001,70.9,70.4,17.0,87.6,72.8,63.4,,,123.51,BEAR,-10.655007691684892,6.266699052708279,reports_pairwise
2026-03-18,MARICO,60.21000000000001,72.6,25.6,11.8,57.2,50.0,78.8,,,756.0,BEAR,-3.4259259259259234,0.8134920634920604,reports_pairwise
2026-03-18,ONGC,64.2,70.4,30.6,4.9,74.0,50.0,72.2,,,265.0,BEAR,0.7358490566037693,7.943396226415099,reports_pairwise
2026-03-18,CUMMINSIND,66.79,74.9,39.5,20.6,86.1,25.6,71.6,,,4717.6,BEAR,-5.354417500423952,7.3575546888248144,reports_pairwise
2026-03-18,PFC,68.47000000000001,57.0,54.2,22.8,92.3,50.0,69.0,,,432.25,BEAR,-8.374783111625215,2.62579525737421,reports_pairwise
2026-03-18,BRITANNIA,59.71000000000001,65.3,27.8,10.2,63.7,56.9,77.3,,,5885.0,BEAR,-5.862361937128292,-3.9337298215802887,reports_pairwise
2026-03-18,CIPLA,59.77,89.6,21.5,16.7,64.6,58.9,64.0,,,1268.5,BEAR,-2.609381158849027,-3.594797004335822,reports_pairwise
2026-03-18,SBIN,59.27,87.4,11.8,7.5,52.3,50.0,72.2,,,1069.8,BEAR,-2.822957562161156,1.5423443634324174,reports_pairwise
2026-03-18,NATIONALUM,67.5,95.1,67.9,11.2,81.3,50.0,51.6,,,387.65,BEAR,-9.196440087707979,10.615245711337556,reports_pairwise
2026-03-18,NMDC,66.1,88.1,39.7,7.6,71.4,61.1,67.0,,,79.49,BEAR,-5.208202289596177,10.026418417410994,reports_pairwise
2026-03-18,TITAN,58.71000000000001,50.0,31.0,14.3,64.1,50.0,78.3,,,4145.5,BEAR,-6.332167410445061,8.413942829574243,reports_pairwise
2026-03-18,POWERGRID,59.8,60.4,38.0,8.4,78.6,46.4,73.8,,,299.4,BEAR,0.6179024716098941,1.169004676018704,reports_pairwise
2026-03-18,BEL,63.69,75.0,40.5,15.0,68.9,34.9,70.7,,,442.6,BEAR,-7.614098508811577,0.6213285133303208,reports_pairwise
2026-03-18,PETRONET,62.7,87.1,33.8,0.1,54.7,37.5,68.9,,,291.6,BEAR,-17.901234567901238,-7.475994513031553,reports_pairwise
2026-03-18,BHARTIARTL,57.6,65.3,26.5,8.3,60.9,42.0,71.6,,,1855.4,BEAR,-2.856526894470195,1.4228737738492974,reports_pairwise
2026-03-18,GLENMARK,66.37,58.0,57.8,9.6,78.1,52.5,68.2,,,2186.3,BEAR,-3.650002286968859,1.8021314549695664,reports_pairwise
2026-03-18,ICICIGI,59.67,81.2,22.0,16.4,48.1,50.0,71.1,,,1831.2,BEAR,-5.198776758409789,-1.326998689384008,reports_pairwise
2026-03-18,BSE,65.27000000000001,75.0,68.4,24.3,88.6,50.0,50.5,,,2995.6,BEAR,-9.380424622780078,12.645212979035925,reports_pairwise
2026-03-18,ASIANPAINT,57.6,66.0,24.4,15.0,67.5,60.6,62.9,,,2262.1,BEAR,-5.751293046284422,6.091684717740161,reports_pairwise
2026-03-18,ITC,55.81,92.8,22.7,29.0,63.2,50.0,59.9,,,304.05,BEAR,-3.8316066436441485,-0.5426739023187087,reports_pairwise
2026-03-18,AXISBANK,58.97,87.3,17.4,7.5,47.0,46.1,70.9,,,1253.2,BEAR,-6.008617938078515,9.487711458665803,reports_pairwise
2026-03-18,FEDERALBNK,60.17,81.9,20.3,13.9,54.2,57.0,70.9,,,271.5,BEAR,-5.70902394106814,8.213627992633523,reports_pairwise
2026-03-18,GRASIM,57.40000000000001,41.0,28.6,7.9,52.9,41.6,74.4,,,2723.1,BEAR,-6.992031140979035,1.0612904410414634,reports_pairwise
2026-03-18,HINDALCO,62.2,76.7,48.1,7.5,57.4,62.2,63.0,,,933.05,BEAR,-9.838701034242533,9.147419752424845,reports_pairwise
2026-03-18,NIFTYBEES,50.7,50.2,20.0,12.0,52.3,50.0,75.3,,,269.43,BEAR,-1.993097443271446,2.3902294166156306,reports_pairwise
2026-03-18,LICI,57.57,93.1,12.3,20.9,50.5,54.6,65.5,,,785.85,BEAR,-4.695552586371441,5.459057071960294,reports_pairwise
2026-03-18,KOTAKBANK,56.57,80.3,12.0,15.4,53.6,47.0,67.3,,,375.4,BEAR,-4.075652637186988,1.0655301012253597,reports_pairwise
2026-03-18,OIL,63.6,76.2,43.8,1.9,68.6,50.0,65.1,,,470.45,BEAR,-0.6270591986395979,-0.03188436603251722,reports_pairwise
2026-03-18,HAVELLS,56.79,66.5,27.2,21.1,62.6,43.4,65.4,,,1343.9,BEAR,-8.735769030433818,-4.159535679738082,reports_pairwise
2026-03-18,DIVISLAB,58.97,64.5,31.0,8.1,61.1,42.2,67.4,,,6140.0,BEAR,-1.9462540716612378,-0.21986970684039087,reports_pairwise
2026-03-18,HDFCLIFE,54.77,58.4,13.5,15.2,64.8,62.0,66.1,,,643.35,BEAR,-7.134530193518299,-1.6087666122639344,reports_pairwise
2026-03-18,ASTRAL,62.49,60.4,41.6,1.6,86.2,46.4,68.1,,,1668.4,BEAR,-6.035722848237835,-1.2706784943658622,reports_pairwise
2026-03-18,NESTLEIND,54.31,73.2,17.3,10.1,38.5,42.7,75.8,,,1204.8,BEAR,-2.44023904382469,3.178950863213808,reports_pairwise
2026-03-18,SIEMENS,60.79,61.8,37.6,12.4,69.2,45.5,70.0,,,3220.9,BEAR,-7.401657921698907,5.666118165730075,reports_pairwise
2026-03-18,ULTRACEMCO,55.0,59.4,15.0,18.6,42.8,45.3,71.1,,,11247.0,BEAR,-7.264159331377257,4.614563883702321,reports_pairwise
2026-03-18,BAJAJ-AUTO,56.51000000000001,78.9,24.1,8.5,51.2,66.5,71.6,,,9271.0,BEAR,-4.524862474382483,7.027289397044548,reports_pairwise
2026-03-18,ACC,53.8,77.1,11.8,19.0,63.1,50.0,57.2,,,1405.2,BEAR,-4.682607458013091,1.636777682892115,reports_pairwise
2026-03-18,IRB,58.39,67.7,46.4,12.0,67.2,59.7,59.5,,,41.77,BEAR,-3.5432128321762124,-48.24036389753412,reports_pairwise
2026-03-18,ADANIPOWER,61.59999999999999,80.9,68.7,39.7,88.1,79.4,50.7,,,154.07,BEAR,-4.5628610371908875,19.257480366067384,reports_pairwise
2026-03-18,HINDUNILVR,52.91,72.2,15.6,26.5,53.2,63.0,67.0,,,2135.3,BEAR,-2.1448976724582107,0.9506860862642124,reports_pairwise
2026-03-18,SHREECEM,53.2,55.6,15.4,7.1,64.0,69.5,62.4,,,23925.0,BEAR,-4.3678160919540225,3.67816091954023,reports_pairwise
2026-03-18,UNITDSPR,55.01000000000001,68.6,24.2,18.8,65.0,50.0,65.9,,,1320.3,BEAR,-3.3780201469362954,-5.574490646065282,reports_pairwise
2026-03-18,DMART,55.41,61.5,37.8,8.1,70.7,42.2,62.6,,,3844.0,BEAR,-4.646201873048906,16.126430801248688,reports_pairwise
2026-03-18,HEROMOTOCO,57.91,88.2,32.6,8.6,60.7,33.8,64.6,,,5426.0,BEAR,-5.722447475119793,-2.128639882049392,reports_pairwise
2026-03-18,TECHM,56.90000000000001,84.1,38.5,16.6,76.5,55.6,59.1,,,1385.2,BEAR,0.9312734623159011,6.071325440369614,reports_pairwise
2026-03-18,HCLTECH,56.6,94.7,30.0,28.8,67.4,37.5,60.4,,,1357.2,BEAR,-0.12525788387857686,8.25965222516946,reports_pairwise
2026-03-18,CGPOWER,60.59,74.7,43.5,7.5,79.1,42.1,60.0,,,707.15,BEAR,-7.091847557095379,3.471682104221179,reports_pairwise
2026-03-18,INDUSTOWER,58.5,82.7,26.7,22.3,58.1,41.9,67.2,,,440.95,BEAR,-4.989227803605851,-2.2564916657217347,reports_pairwise
2026-03-18,HAL,58.89,91.1,35.5,2.9,69.3,38.1,57.9,,,3961.6,BEAR,-7.683764135702749,4.783420840064632,reports_pairwise
2026-03-18,SUPREMEIND,59.89,63.6,45.8,3.6,83.0,53.3,60.3,,,4010.8,BEAR,-7.115787374089959,-4.16874439014661,reports_pairwise
2026-03-18,APLAPOLLO,55.8,67.7,17.1,9.3,50.1,44.5,67.9,,,2013.4,BEAR,-5.701797953710151,-0.5165391874441289,reports_pairwise
2026-03-18,ICICIPRULI,53.87,57.1,15.6,17.2,48.4,57.0,68.9,,,588.7,BEAR,-9.14727365381349,-3.7965007643961304,reports_pairwise
2026-03-18,AMBUJACEM,54.3,74.9,13.3,27.5,63.4,61.9,57.4,,,441.25,BEAR,-8.634560906515585,2.3116147308781843,reports_pairwise
2026-03-18,PIIND,55.3,79.6,25.8,15.0,62.9,62.5,54.0,,,2927.6,BEAR,-4.03743680830714,0.5499385161907334,reports_pairwise
2026-03-18,GICRE,56.67,72.7,28.5,13.1,50.9,36.6,63.8,,,370.9,BEAR,-3.1544890806147183,6.915610676732283,reports_pairwise
2026-03-18,JINDALSTEL,59.3,49.6,30.0,15.0,76.9,59.1,66.5,,,1179.2,BEAR,-5.512211668928087,5.172998643147897,reports_pairwise
2026-03-18,EICHERMOT,54.01000000000001,84.0,16.8,9.8,47.0,40.6,68.8,,,7027.5,BEAR,-4.347207399501957,1.3802917111348274,reports_pairwise
2026-03-18,MUTHOOTFIN,59.57,72.3,44.6,10.3,76.7,62.6,55.0,,,3433.0,BEAR,-10.02039032915817,6.425866588989219,reports_pairwise
2026-03-18,INDIANB,58.97,85.4,24.6,11.4,52.5,37.7,66.1,,,888.9,BEAR,-4.871189110136118,12.003599955000569,reports_pairwise
2026-03-18,MARUTI,53.01000000000001,84.1,14.9,39.9,54.6,69.8,61.6,,,13048.0,BEAR,-4.966278356836297,1.624770079705702,reports_pairwise
2026-03-18,JSWSTEEL,55.7,44.6,26.4,12.0,52.2,38.9,70.1,,,1180.3,BEAR,-4.973311869863598,4.210793865966283,reports_pairwise
2026-03-18,NHPC,54.90000000000001,41.3,53.4,16.3,65.8,70.7,65.9,,,77.36,BEAR,-2.8050672182006227,1.9131334022750828,reports_pairwise
2026-03-18,AUBANK,57.97,77.8,25.8,17.5,49.6,50.0,66.2,,,930.15,BEAR,-8.111594904047728,6.783852066870938,reports_pairwise
2026-03-18,MANKIND,56.17,56.5,39.5,8.4,64.0,50.0,59.2,,,2103.1,BEAR,-8.230707051495408,-0.18068565450999607,reports_pairwise
2026-03-18,MFSL,52.97,48.3,12.3,5.4,53.6,50.0,70.8,,,1668.7,BEAR,-6.076586564391448,1.3903038293282222,reports_pairwise
2026-03-18,BIOCON,56.87,44.6,36.8,7.5,57.6,46.1,68.0,,,382.6,BEAR,-3.084161003659177,-8.690538421327757,reports_pairwise
2026-03-18,HDFCAMC,57.07,86.5,15.9,33.2,53.2,37.8,62.7,,,2468.9,BEAR,-8.189882133743783,6.32265381343918,reports_pairwise
2026-03-18,PREMIERENE,58.7,79.9,82.6,39.2,83.8,50.0,40.0,,,869.6,BEAR,-0.39098436062557235,14.236430542778283,reports_pairwise
2026-03-18,TATACONSUM,52.31,54.4,19.8,24.1,46.2,62.4,72.4,,,1075.1,BEAR,-3.264812575574357,2.2416519393544916,reports_pairwise
2026-03-18,DABUR,52.01000000000001,69.9,12.1,19.0,60.5,36.4,65.8,,,451.85,BEAR,-6.550846519862791,-4.824609936925974,reports_pairwise
2026-03-18,BAJAJFINSV,52.87,54.4,12.6,25.0,54.8,68.5,66.0,,,1791.8,BEAR,-6.239535662462326,1.8752092867507613,reports_pairwise
2026-03-18,RECLTD,57.17,58.1,39.6,12.4,71.5,63.6,58.0,,,348.05,BEAR,-8.86366901307284,1.925010774314032,reports_pairwise
2026-03-18,BANDHANBNK,58.27,76.4,27.5,42.9,68.0,61.9,57.4,,,163.5,BEAR,-9.51070336391438,4.030581039755353,reports_pairwise
2026-03-18,BHARATFORG,58.31,47.7,39.3,18.1,89.6,57.1,65.4,,,1804.4,BEAR,-8.506982930614054,1.7013965861228009,reports_pairwise
2026-03-18,INFY,54.8,92.6,28.4,29.1,69.0,57.3,57.3,,,1267.1,BEAR,-1.1601294294057154,4.1827795754084125,reports_pairwise
2026-03-18,M&M,54.81,67.3,26.3,19.7,66.8,58.3,64.4,,,3214.6,BEAR,-7.714801219436322,1.1323337273688823,reports_pairwise
2026-03-18,POLICYBZR,58.27,53.5,54.7,4.5,86.1,62.4,51.2,,,1538.7,BEAR,-6.791447325664522,-3.229999350100737,reports_pairwise
2026-03-18,POLYCAB,56.79,81.8,23.2,15.0,59.1,74.0,63.9,,,7374.5,BEAR,-7.234388772120144,4.881686894026713,reports_pairwise
2026-03-18,IRCTC,51.81,88.4,15.3,16.0,70.3,50.0,54.8,,,540.25,BEAR,-5.599259602036094,1.5826006478482102,reports_pairwise
2026-03-18,SAIL,58.2,65.5,32.0,29.0,65.7,68.5,59.8,,,154.42,BEAR,-6.2038596036782705,10.348400466260859,reports_pairwise
2026-03-18,ABCAPITAL,58.07,68.7,27.1,16.9,64.6,50.0,63.7,,,328.45,BEAR,-9.86451514690211,6.302329121631904,reports_pairwise
2026-03-18,BANKBARODA,55.17,78.1,19.3,7.5,38.6,50.0,67.4,,,283.15,BEAR,-4.944375772558715,-0.18011654600034996,reports_pairwise
2026-03-18,SRF,55.79,59.8,33.7,16.1,76.3,75.2,58.5,,,2569.4,BEAR,-7.063905970265432,-3.6234140266209978,reports_pairwise
2026-03-18,TORNTPOWER,56.6,79.4,30.9,10.7,75.5,41.9,64.3,,,1454.3,BEAR,-5.714089252561363,2.867358866808777,reports_pairwise
2026-03-18,ADANIENSOL,57.7,54.1,48.7,11.8,88.4,67.9,62.8,,,1036.7,BEAR,-8.623516928716127,14.155493392495416,reports_pairwise
2026-03-18,JIOFIN,55.07,50.0,33.7,8.5,81.6,61.9,55.7,,,248.2,BEAR,-7.977437550362604,-2.1112006446414107,reports_pairwise
2026-03-18,SOLARINDS,57.5,72.3,46.2,15.0,58.7,50.0,53.6,,,13699.0,BEAR,-9.730637272793635,7.1903058617417335,reports_pairwise
2026-03-18,SHRIRAMFIN,57.27,66.1,30.8,10.0,59.6,56.0,63.7,,,1021.6,BEAR,-13.948707909162097,1.9821848081440767,reports_pairwise
2026-03-18,VEDL,57.2,67.7,34.0,5.9,64.0,50.0,59.2,,,679.0,BEAR,-5.90574374079529,12.621502209131084,reports_pairwise
2026-03-18,ADANIPORTS,54.49,80.6,18.2,8.2,41.8,41.4,67.9,,,1401.9,BEAR,-6.3556601754761495,6.348526999072687,reports_pairwise
2026-03-18,LICHSGFIN,52.27,46.9,24.9,13.2,55.1,63.6,62.8,,,503.15,BEAR,-7.939978137732284,5.336380800953995,reports_pairwise
2026-03-18,LT,51.99,65.2,13.8,27.3,49.5,54.8,64.9,,,3607.9,BEAR,-7.563956872418862,12.25366556722747,reports_pairwise
2026-03-18,MAHABANK,56.97,84.0,23.9,16.2,63.4,50.0,58.1,,,64.13,BEAR,-2.4481521908623005,11.632621238110103,reports_pairwise
2026-03-18,MRF,52.91,75.6,18.2,15.0,57.5,34.1,64.6,,,133890.0,BEAR,-6.3372918067069985,2.1099409963402795,reports_pairwise
2026-03-18,WIPRO,52.6,84.4,23.5,23.5,72.9,29.4,56.4,,,194.3,BEAR,-3.1394750386001147,7.061245496654657,reports_pairwise
2026-03-18,CANBK,54.27,81.5,14.6,10.4,43.0,72.4,64.6,,,137.51,BEAR,-4.174241873318291,3.992436913679012,reports_pairwise
2026-03-18,PNB,53.37,77.7,12.4,11.1,41.9,65.1,65.1,,,113.12,BEAR,-5.180339462517679,0.6188118811881088,reports_pairwise
2026-03-18,WAAREEENER,56.1,83.8,69.0,61.8,83.8,62.9,36.4,,,3184.8,BEAR,-4.389600602863608,6.540442099974872,reports_pairwise
2026-03-18,IOC,50.8,57.8,11.2,9.9,56.8,57.2,60.4,,,148.27,BEAR,-6.218385378026571,-2.1042692385512947,reports_pairwise
2026-03-18,PAGEIND,50.51000000000001,71.3,30.9,4.9,73.5,42.2,50.7,,,31720.0,BEAR,-0.5989911727616646,15.211223203026481,reports_pairwise
2026-03-18,TCS,49.3,91.6,14.7,10.1,63.7,42.1,55.3,,,2440.8,BEAR,-1.9010160603080992,4.457554900032765,reports_pairwise
2026-03-18,JSWENERGY,54.7,41.5,56.0,5.1,71.0,69.0,63.7,,,509.1,BEAR,-3.9677862895305527,1.9838931447652763,reports_pairwise
2026-03-18,PATANJALI,50.51000000000001,70.4,20.5,15.5,60.7,63.6,58.9,,,490.15,BEAR,-4.886259308374985,-4.927063143935525,reports_pairwise
2026-03-18,UPL,55.2,54.1,32.2,15.0,71.7,29.3,56.4,,,631.5,BEAR,-4.1013460015835275,3.5708630245447277,reports_pairwise
2026-03-18,TVSMOTOR,51.21000000000001,50.0,22.6,19.9,47.3,61.3,70.1,,,3572.8,BEAR,-4.69659650694134,5.595051500223904,reports_pairwise
2026-03-18,INDHOTEL,51.81,67.5,25.9,7.5,72.4,56.2,57.3,,,636.95,BEAR,-8.030457649737041,1.9938770704136795,reports_pairwise
2026-03-18,TATASTEEL,54.3,47.1,27.4,11.8,65.6,67.7,61.4,,,195.41,BEAR,-3.705030448799964,7.824573972672838,reports_pairwise
2026-03-18,CONCOR,50.89,74.6,16.9,26.6,56.4,47.9,55.6,,,458.85,BEAR,-7.2136863898877674,6.832298136645955,reports_pairwise
2026-03-18,INDUSINDBK,53.47,73.4,16.9,20.0,40.9,36.8,64.2,,,842.15,BEAR,-6.317164400641208,0.3443567060499884,reports_pairwise
2026-03-18,NTPCGREEN,52.90000000000001,32.6,67.1,3.6,80.9,70.2,54.7,,,97.85,BEAR,-4.026571282575368,9.18753193663772,reports_pairwise
2026-03-18,OBEROIRLTY,52.36000000000001,80.8,32.4,29.1,62.2,41.2,55.0,,,1472.8,BEAR,-4.2096686583378595,15.85415535035307,reports_pairwise
2026-03-18,EXIDEIND,49.31,64.6,19.9,13.1,65.4,60.0,57.0,,,308.75,BEAR,-4.793522267206481,6.672064777327942,reports_pairwise
2026-03-18,GODREJCP,48.61000000000001,59.8,11.2,7.5,53.8,44.1,65.5,,,1053.8,BEAR,-4.716264945910034,2.5811349402163644,reports_pairwise
2026-03-18,BPCL,51.0,68.9,11.2,19.3,58.3,32.1,55.5,,,303.7,BEAR,-10.125123477115574,0.0,reports_pairwise
2026-03-18,SBICARD,50.27,52.5,17.3,27.9,67.6,76.3,54.1,,,715.55,BEAR,-8.119628257983358,-3.26322409335475,reports_pairwise
2026-03-18,BAJAJHFL,47.87,53.1,24.3,29.1,70.6,73.8,44.2,,,83.09,BEAR,-5.3436033216993595,4.549283909014323,reports_pairwise
2026-03-18,OFSS,53.2,95.1,36.5,39.6,69.9,42.7,47.7,,,6594.5,BEAR,-1.9561756008795208,13.071498976419743,reports_pairwise
2026-03-18,APOLLOTYRE,50.21000000000001,66.0,21.0,15.0,60.4,35.5,59.6,,,419.75,BEAR,-4.157236450268014,4.669446098868379,reports_pairwise
2026-03-18,SONACOMS,52.81,56.2,31.7,15.0,66.0,50.0,62.0,,,511.8,BEAR,-4.464634622899574,12.934740132864398,reports_pairwise
2026-03-18,COLPAL,47.81,81.2,11.5,2.2,51.0,50.0,57.9,,,1941.6,BEAR,-4.511742892459822,-0.16996291718170348,reports_pairwise
2026-03-18,UNIONBANK,52.77,80.3,21.0,5.5,54.3,63.6,55.6,,,177.91,BEAR,-4.153785621943672,7.3407902872238795,reports_pairwise
2026-03-18,BHEL,52.49,44.3,41.6,4.8,63.3,64.6,58.5,,,260.15,BEAR,-3.0367095906207875,12.48894868345186,reports_pairwise
2026-03-18,MAZDOCK,52.39,83.1,57.2,0.0,65.8,61.5,38.2,,,2456.9,BEAR,-9.927143961903214,2.7351540559241245,reports_pairwise
2026-03-18,VOLTAS,51.01000000000001,55.6,23.6,4.7,54.3,40.1,66.7,,,1422.6,BEAR,-12.188949810206655,-2.7133417685927115,reports_pairwise
2026-03-18,YESBANK,51.77,72.5,16.3,11.9,52.8,60.8,57.9,,,18.94,BEAR,-5.5966209081309515,2.111932418162611,reports_pairwise
2026-03-18,TATACOMM,51.1,65.8,21.8,7.7,73.5,65.0,55.0,,,1496.7,BEAR,-7.015433954700341,2.979889089329853,reports_pairwise
2026-03-18,BAJFINANCE,49.57,58.9,11.9,11.0,47.8,42.8,61.2,,,880.1,BEAR,-7.533234859675045,4.783547324167711,reports_pairwise
2026-03-18,TIINDIA,51.79,55.0,42.0,32.7,63.3,63.6,50.0,,,2559.7,BEAR,-2.6526546079618565,7.758721725202188,reports_pairwise
2026-03-18,BANKINDIA,51.67,75.3,12.7,9.5,50.6,66.3,59.3,,,152.45,BEAR,-5.142669727779584,-2.125286979337475,reports_pairwise
2026-03-18,ESCORTS,51.29,78.5,14.5,7.5,66.2,58.3,55.2,,,3090.8,BEAR,-7.525559725637388,3.963375177947457,reports_pairwise
2026-03-18,GAIL,48.7,81.8,17.3,8.2,57.8,45.4,58.3,,,150.95,BEAR,-9.526333222921494,3.226233852268966,reports_pairwise
2026-03-18,LTF,51.37,55.7,17.2,16.1,61.5,43.4,58.9,,,268.8,BEAR,-7.012648809523818,4.765625,reports_pairwise
2026-03-18,PHOENIXLTD,50.16,51.9,28.7,14.1,66.9,36.3,61.5,,,1627.3,BEAR,-8.461869354144905,8.707675290358265,reports_pairwise
2026-03-18,SUZLON,51.39,91.4,32.6,17.0,78.5,65.7,37.8,,,42.06,BEAR,-4.683785068949117,12.886352829291475,reports_pairwise
2026-03-18,IOB,51.27,87.5,15.6,8.2,52.0,55.5,52.7,,,32.57,BEAR,-0.7982806263432545,8.228431071538225,reports_pairwise
2026-03-18,ADANIENT,51.2,82.2,13.5,17.4,62.0,71.3,51.7,,,2007.2,BEAR,-8.369868473495416,7.961339178955757,reports_pairwise
2026-03-18,BOSCHLTD,48.11000000000001,78.6,11.3,10.1,54.4,41.2,57.5,,,31005.0,BEAR,-4.7089179164650865,19.17432672149653,reports_pairwise
2026-03-18,GMRAIRPORT,49.59,65.6,20.4,5.9,44.6,66.4,63.4,,,92.02,BEAR,-7.552705933492722,7.1288850249945686,reports_pairwise
2026-03-18,ASHOKLEY,49.99,65.7,13.9,5.4,51.6,53.7,61.9,,,178.62,BEAR,-9.007949837644162,-0.3471055872802623,reports_pairwise
2026-03-18,TATATECH,48.1,69.7,21.7,22.6,71.5,57.1,52.7,,,548.6,BEAR,-4.420342690484871,4.675537732409766,reports_pairwise
2026-03-18,BHARTIHEXA,50.6,63.0,30.5,19.7,72.1,59.2,50.0,,,1593.6,BEAR,-1.8825301204819278,-2.986947791164653,reports_pairwise
2026-03-18,HUDCO,50.57,59.7,25.6,21.5,76.2,74.2,46.6,,,178.86,BEAR,-7.150844235715096,6.787431510678735,reports_pairwise
2026-03-18,IRFC,49.27,56.4,23.3,11.0,69.3,43.8,49.1,,,98.25,BEAR,-8.061068702290077,3.684478371501277,reports_pairwise
2026-03-18,LTIM,47.90000000000001,87.9,17.7,9.8,61.2,41.5,53.0,,,4504.0,BEAR,0.0,0.0,reports_pairwise
2026-03-18,CHOLAFIN,50.17,62.8,11.2,13.2,48.3,52.6,61.3,,,1524.2,BEAR,-8.811179635218473,1.2531163889253318,reports_pairwise
2026-03-18,IDFCFIRSTB,49.97,65.1,20.4,15.0,55.5,58.0,53.2,,,65.26,BEAR,-7.048728164266025,2.6662580447440924,reports_pairwise
2026-03-18,VBL,47.71000000000001,68.7,18.6,18.9,56.1,61.8,55.2,,,415.1,BEAR,-6.950132498193212,6.251505661286434,reports_pairwise
2026-03-18,HINDZINC,49.1,77.4,17.5,13.6,54.9,65.5,47.4,,,537.6,BEAR,-9.068080357142856,10.286458333333325,reports_pairwise
2026-03-18,PERSISTENT,48.90000000000001,79.9,30.9,15.0,68.9,27.2,48.8,,,4698.6,BEAR,1.189716085642524,18.78857532030816,reports_pairwise
2026-03-18,IGL,48.2,84.4,25.6,0.0,65.7,64.9,50.9,,,157.33,BEAR,-5.122989893853684,4.175935930845988,reports_pairwise
2026-03-18,MPHASIS,48.40000000000001,84.5,19.8,26.8,64.6,68.1,51.1,,,2123.8,BEAR,-3.578491383369443,12.439966098502673,reports_pairwise
2026-03-18,IREDA,48.37,57.7,27.9,7.5,75.0,69.8,43.3,,,117.97,BEAR,-5.5353055861659755,6.832245486140547,reports_pairwise
2026-03-18,NAUKRI,47.7,53.8,24.8,28.4,76.8,41.0,46.7,,,994.9,BEAR,-2.6736355412604307,2.7289174791436306,reports_pairwise
2026-03-18,CENTRALBK,47.97,72.8,15.8,17.0,36.8,55.5,54.3,,,35.18,BEAR,-6.594656054576465,1.591813530415015,reports_pairwise
2026-03-18,BDL,47.99,61.1,55.1,0.1,67.9,33.4,35.7,,,1320.2,BEAR,-11.422511740645353,2.211786093016213,reports_pairwise
2026-03-18,UCOBANK,47.87,77.2,13.4,19.3,56.0,40.8,47.1,,,25.68,BEAR,-8.216510903426789,2.8037383177570048,reports_pairwise
2026-03-18,INDIGO,46.69,50.0,18.6,7.0,72.6,66.3,50.5,,,4360.6,BEAR,-9.251020501765824,5.260743934320956,reports_pairwise
2026-03-18,MAXHEALTH,46.77,55.9,12.7,19.4,44.6,40.8,55.5,,,979.8,BEAR,-3.0822616860583723,-0.4694835680751081,reports_pairwise
2026-03-18,BAJAJHLDNG,47.37,83.1,11.2,4.7,55.4,29.6,46.7,,,9859.0,BEAR,-6.511816614261082,2.850187645805863,reports_pairwise
2026-03-18,HYUNDAI,46.81,92.8,16.3,25.8,58.1,54.0,44.8,,,1990.4,BEAR,-5.164790996784575,-10.826969453376204,reports_pairwise
2026-03-18,M&MFIN,46.97,51.4,12.9,15.9,51.9,35.7,55.7,,,321.4,BEAR,-7.451773490976973,-4.915992532669557,reports_pairwise
2026-03-18,MOTHERSON,47.01000000000001,64.4,17.4,7.9,56.7,69.3,56.6,,,117.78,BEAR,-8.728137204958399,3.931057904567834,reports_pairwise
2026-03-18,DIXON,46.90000000000001,78.3,37.5,8.8,89.4,73.4,35.7,,,10709.0,BEAR,-7.18087589877673,0.7470352040339902,reports_pairwise
2026-03-18,DLF,46.16,75.4,20.5,24.5,69.9,45.9,46.1,,,563.1,BEAR,-7.716213816373655,2.646066418042972,reports_pairwise
2026-03-18,MOTILALOFS,46.47,73.3,23.6,15.5,70.1,59.0,36.5,,,698.3,BEAR,-9.558928827151654,11.32034942002006,reports_pairwise
2026-03-18,HINDPETRO,46.0,54.9,11.4,25.0,69.3,38.8,44.8,,,349.35,BEAR,-7.327894661514247,4.1505653356233,reports_pairwise
2026-03-18,PAYTM,46.0,48.5,28.7,12.7,76.2,69.8,51.5,,,1076.4,BEAR,-7.385730211817178,5.337235228539559,reports_pairwise
2026-03-18,NYKAA,44.71000000000001,37.5,16.6,12.5,44.1,50.0,64.4,,,243.65,BEAR,-3.796429304329981,7.170121075312948,reports_pairwise
2026-03-18,ETERNAL,45.11000000000001,49.9,28.8,15.3,82.3,65.7,42.7,,,242.54,BEAR,-6.588603941617873,-0.26387400016491563,reports_pairwise
2026-03-18,IDBI,44.17,81.0,11.2,63.4,51.9,43.7,35.1,,,74.93,BEAR,-9.221940477779274,0.17349200399538658,reports_pairwise
2026-03-18,PRESTIGE,44.16,39.4,21.0,34.2,75.8,68.0,50.5,,,1321.4,BEAR,-10.019676101104896,0.8021795065839191,reports_pairwise
2026-03-18,TATAELXSI,44.0,74.0,17.1,45.7,65.2,37.9,43.9,,,4207.4,BEAR,-1.4902314968864339,7.5961401340495405,reports_pairwise
2026-03-18,JUBLFOOD,40.71000000000001,30.8,17.0,9.7,64.4,50.0,51.2,,,477.95,BEAR,-7.887854378073018,-6.245423161418551,reports_pairwise
2026-03-18,VMM,43.11000000000001,52.9,19.6,30.6,75.1,65.2,42.1,,,107.9,BEAR,-8.11862835959222,8.146431881371633,reports_pairwise
2026-03-18,COFORGE,42.5,71.4,23.4,41.4,72.0,39.3,36.7,,,1132.0,BEAR,-3.2685512367491167,12.084805653710243,reports_pairwise
2026-03-18,KPITTECH,42.40000000000001,86.3,20.0,34.4,76.8,72.1,32.3,,,688.25,BEAR,-4.990918997457323,6.5092626225935275,reports_pairwise
2026-03-18,KALYANKJIL,41.81,57.5,26.2,8.7,73.6,35.3,37.7,,,389.6,BEAR,-6.250000000000005,15.079568788501026,reports_pairwise
2026-03-18,LODHA,41.66,79.4,11.2,50.5,64.7,62.1,37.8,,,854.15,BEAR,-13.293917930105948,-1.5219809167008138,reports_pairwise
2026-03-18,TRENT,41.61000000000001,68.7,20.1,23.0,64.6,33.4,37.6,,,3640.9,BEAR,-6.786783487599217,8.4209948089758,reports_pairwise
2026-03-18,ATGL,40.8,56.1,39.7,10.2,75.7,58.6,33.1,,,515.65,BEAR,0.8048094637835698,12.673324929700383,reports_pairwise
2026-03-18,GODREJPROP,40.56,56.9,18.9,1.0,72.3,41.4,42.4,,,1643.0,BEAR,-8.600121728545341,5.660377358490567,reports_pairwise
2026-03-18,ADANIGREEN,40.5,60.3,20.3,5.5,69.2,58.7,42.4,,,891.3,BEAR,-8.050039268484237,23.751823179625273,reports_pairwise
2026-03-18,RVNL,38.89,53.8,15.9,5.8,67.8,32.8,34.9,,,275.1,BEAR,-8.524173027989827,2.086513994910924,reports_pairwise
2026-03-18,SWIGGY,38.71000000000001,49.8,29.1,10.0,82.4,43.4,32.3,,,298.75,BEAR,-9.338912133891206,-8.786610878661087,reports_pairwise
2026-03-18,COCHINSHIP,38.09,57.9,27.0,15.0,55.4,36.5,30.0,,,1411.9,BEAR,-9.696154118563644,3.9521212550463876,reports_pairwise
2026-03-18,SJVN,37.3,32.8,25.8,11.2,59.6,67.5,44.4,,,70.44,BEAR,-5.3236797274275975,4.7984099943214025,reports_pairwise
2026-03-18,IDEA,36.8,80.0,14.5,10.9,54.8,72.8,34.0,,,9.44,BEAR,-6.038135593220343,-1.0593220338983014,reports_pairwise
2026-03-18,OLAELEC,28.21,34.8,32.4,34.4,88.7,71.1,7.7,,,24.86,BEAR,-5.309734513274337,62.67095736122285,reports_pairwise
2026-03-18,ABFRL,24.61,44.7,11.3,23.4,63.9,66.7,12.0,,,59.23,BEAR,-4.153300692216772,8.391018065169687,reports_pairwise
2026-03-19,COALINDIA,77.39,91.0,64.3,3.7,81.5,46.0,77.8,,,456.55,BEAR,-3.1650421640565085,-4.983024860365787,reports_pairwise
2026-03-19,SUNPHARMA,67.57,74.1,43.1,2.2,58.4,55.4,78.0,,,1759.6,BEAR,-0.35803591725391876,-5.489884064560123,reports_pairwise
2026-03-19,TORNTPHARM,67.82,69.4,34.6,7.0,75.9,50.0,78.4,,,4236.4,BEAR,0.47681994145974715,-1.133037484656784,reports_pairwise
2026-03-19,LUPIN,69.77,86.9,39.5,11.2,66.4,55.9,75.2,,,2273.3,BEAR,2.5733515154181146,2.6217393216909297,reports_pairwise
2026-03-19,DRREDDY,66.91,81.0,37.2,0.0,62.8,50.0,75.1,,,1271.7,BEAR,-0.9514822678304737,-5.410080993945109,reports_pairwise
2026-03-19,RELIANCE,66.14,75.0,44.7,4.9,60.2,50.0,72.7,,,1408.8,BEAR,0.21294718909710392,-5.068143100511064,reports_pairwise
2026-03-19,NTPC,65.21000000000001,65.7,45.3,2.1,84.8,50.0,79.1,,,378.15,BEAR,-0.687557847415038,3.001454449292615,reports_pairwise
2026-03-19,HDFCBANK,62.621,83.1,16.4,26.9,70.0,53.7,69.5,,,804.35,BEAR,-4.9045813389693595,0.18648598247031764,reports_pairwise
2026-03-19,ABB,69.07900000000001,75.0,56.0,0.0,82.4,53.5,70.9,,,6265.0,BEAR,-1.644054269752594,9.976057462090981,reports_pairwise
2026-03-19,AUROPHARMA,70.72999999999999,80.0,61.9,2.2,73.8,50.0,70.0,,,1261.1,BEAR,1.6255649829513916,7.366584727618754,reports_pairwise
2026-03-19,ICICIBANK,61.31100000000001,86.9,15.3,10.8,51.2,50.0,73.1,,,1264.3,BEAR,-1.0361464842205101,7.150201692636249,reports_pairwise
2026-03-19,TATAPOWER,64.74,49.9,62.9,15.0,80.6,61.8,76.1,,,403.0,BEAR,-4.528535980148883,1.8982630272952796,reports_pairwise
2026-03-19,ONGC,65.67,70.6,36.2,2.5,77.8,50.0,73.2,,,270.0,BEAR,-0.722222222222218,5.944444444444449,reports_pairwise
2026-03-19,ZYDUSLIFE,62.78,81.7,27.0,7.5,63.2,50.0,68.5,,,883.0,BEAR,0.38505096262740396,4.779161947904875,reports_pairwise
2026-03-19,PIDILITIND,59.63,70.5,14.5,5.4,57.2,50.0,73.2,,,1336.2,BEAR,-0.299356383774884,-0.0523873671606081,reports_pairwise
2026-03-19,SBILIFE,59.991,63.9,24.3,5.9,44.1,50.0,76.3,,,1926.9,BEAR,-4.717421765530131,1.4427318490840186,reports_pairwise
2026-03-19,J&KBANK,69.101,70.7,65.4,4.8,85.3,50.0,62.7,,,121.94,BEAR,-7.249466950959491,7.634902411021816,reports_pairwise
2026-03-19,ALKEM,61.59,83.4,24.0,4.1,50.4,59.2,72.3,,,5243.0,BEAR,1.0299446881556362,3.061224489795918,reports_pairwise
2026-03-19,APOLLOHOSP,59.55,53.7,22.5,7.5,58.5,50.0,75.2,,,7344.0,BEAR,0.9395424836601307,3.193082788671024,reports_pairwise
2026-03-19,PFC,66.321,56.7,47.5,10.5,86.3,50.0,67.0,,,418.6,BEAR,-4.741997133301487,5.972288580984233,reports_pairwise
2026-03-19,SBIN,59.081,87.1,11.2,3.9,51.7,50.0,71.3,,,1051.8,BEAR,-1.9965772960638906,3.280091272104963,reports_pairwise
2026-03-19,BHARTIARTL,57.95,65.4,26.5,0.8,66.2,44.3,71.9,,,1852.4,BEAR,-2.715396242712167,1.587130209457993,reports_pairwise
2026-03-19,POWERGRID,59.94,60.3,41.0,0.2,78.4,50.0,73.9,,,299.8,BEAR,-0.2668445630420318,1.034022681787847,reports_pairwise
2026-03-19,CIPLA,58.51000000000001,89.8,16.5,13.0,61.7,58.6,63.3,,,1253.7,BEAR,-2.7359017308766016,-2.4567280848687845,reports_pairwise
2026-03-19,BRITANNIA,57.79899999999999,65.3,21.0,1.2,60.8,50.0,75.9,,,5731.0,BEAR,-3.7951491886232773,-1.3522945384749607,reports_pairwise
2026-03-19,MARICO,57.249,72.5,16.4,0.4,50.2,50.0,76.8,,,735.05,BEAR,0.5509829263315513,3.686824025576495,reports_pairwise
2026-03-19,BEL,63.039,75.0,35.7,4.9,73.7,47.0,70.0,,,436.65,BEAR,-5.084163517691512,1.9924424596358743,reports_pairwise
2026-03-19,NATIONALUM,65.89,94.9,63.5,7.8,75.0,50.0,50.9,,,382.9,BEAR,-7.377905458344215,11.9874640898407,reports_pairwise
2026-03-19,OIL,65.77,76.7,51.1,2.1,76.1,52.0,66.2,,,480.4,BEAR,-0.5099916736053266,-2.102414654454614,reports_pairwise
2026-03-19,CUMMINSIND,62.569,74.9,28.6,9.7,68.9,62.1,69.7,,,4571.9,BEAR,1.0433299066033974,10.778888427130957,reports_pairwise
2026-03-19,TITAN,56.51900000000001,50.0,24.8,8.4,54.8,50.0,77.3,,,4059.2,BEAR,-3.934272763106027,10.718860859282627,reports_pairwise
2026-03-19,NMDC,63.65,87.8,34.4,5.8,58.5,59.6,66.3,,,78.43,BEAR,-2.116537039398203,11.513451485400978,reports_pairwise
2026-03-19,KOTAKBANK,57.361,81.0,11.6,2.3,64.1,50.0,66.1,,,366.85,BEAR,0.0,3.4210167643450875,reports_pairwise
2026-03-19,ICICIGI,58.50099999999999,81.4,15.6,22.1,41.1,64.4,70.5,,,1806.4,BEAR,-4.223870682019496,0.027679362267493353,reports_pairwise
2026-03-19,BSE,63.82100000000001,75.0,60.5,10.4,88.2,50.0,49.8,,,2957.3,BEAR,-5.119534710715858,14.10408142562472,reports_pairwise
2026-03-19,GLENMARK,63.71,57.9,49.4,7.5,69.4,50.0,66.6,,,2129.2,BEAR,-1.5733608867180164,4.532218673680256,reports_pairwise
2026-03-19,PETRONET,60.25,86.1,21.8,1.7,55.6,50.0,66.1,,,278.35,BEAR,-13.095024250044911,-3.071672354948809,reports_pairwise
2026-03-19,FEDERALBNK,58.931,82.3,17.1,7.5,47.5,56.6,70.0,,,267.0,BEAR,-1.6853932584269662,10.037453183520602,reports_pairwise
2026-03-19,ITC,54.459,93.2,17.9,11.7,62.3,50.0,59.3,,,300.5,BEAR,-3.0782029950083194,0.6322795341098094,reports_pairwise
2026-03-19,LICI,57.311,92.8,12.0,11.6,49.7,50.0,64.6,,,773.25,BEAR,-1.8816682832201688,7.177497575169737,reports_pairwise
2026-03-19,AXISBANK,57.59099999999999,87.9,13.5,4.0,40.5,45.9,69.2,,,1218.0,BEAR,-2.0771756978653495,12.651888341543508,reports_pairwise
2026-03-19,HINDALCO,61.15000000000001,76.5,43.7,1.2,58.1,58.3,62.4,,,922.6,BEAR,-7.365055278560595,10.383698244092777,reports_pairwise
2026-03-19,GRASIM,55.93000000000001,42.0,21.9,7.0,52.6,50.0,72.6,,,2640.5,BEAR,-3.450104146941864,4.22268509751941,reports_pairwise
2026-03-19,ACC,53.94,76.6,12.0,9.8,71.2,50.0,56.0,,,1369.6,BEAR,-2.577394859813081,4.278621495327113,reports_pairwise
2026-03-19,ASIANPAINT,55.22,66.0,19.2,5.3,59.3,50.0,61.3,,,2194.0,BEAR,1.0619872379216126,9.384685505925255,reports_pairwise
2026-03-19,HDFCLIFE,53.81100000000001,58.4,12.3,10.8,57.6,52.4,65.1,,,630.1,BEAR,-4.300904618314557,0.4602444056498932,reports_pairwise
2026-03-19,IRB,58.089,67.9,42.7,5.8,72.6,50.0,58.9,,,41.25,BEAR,-1.503030303030297,-47.587878787878786,reports_pairwise
2026-03-19,NESTLEIND,53.309,73.2,13.6,7.5,36.7,50.0,74.8,,,1183.1,BEAR,0.008452370890046187,5.071422534020793,reports_pairwise
2026-03-19,NIFTYBEES,49.02,49.8,15.7,7.3,47.2,50.0,74.0,,,263.81,BEAR,-1.8649730304243592,4.571470041767749,reports_pairwise
2026-03-19,DIVISLAB,57.57000000000001,64.5,22.5,2.8,62.6,62.5,66.7,,,6062.0,BEAR,-0.5938634114153745,1.0640052787858794,reports_pairwise
2026-03-19,ULTRACEMCO,53.81,60.5,14.1,0.0,42.8,50.0,69.5,,,10928.0,BEAR,-1.500732064421669,7.668374816983895,reports_pairwise
2026-03-19,DMART,55.529,61.5,39.7,2.1,69.6,50.0,62.8,,,3857.0,BEAR,-2.605652061187451,15.73502722323048,reports_pairwise
2026-03-19,ASTRAL,60.719,60.4,37.7,0.0,78.2,50.0,66.7,,,1630.7,BEAR,-2.226037897835283,1.0118354081069478,reports_pairwise
2026-03-19,GICRE,57.181,72.6,30.2,7.5,51.5,56.9,63.6,,,368.9,BEAR,-3.1444835998915606,7.495256166982932,reports_pairwise
2026-03-19,HAVELLS,54.319,66.4,21.7,9.8,53.9,50.0,64.1,,,1303.5,BEAR,-5.316455696202528,-1.1891062523973916,reports_pairwise
2026-03-19,HINDUNILVR,52.18900000000001,72.9,13.3,18.3,52.5,63.8,66.1,,,2104.7,BEAR,-0.9360003801016685,2.418396921176419,reports_pairwise
2026-03-19,BAJAJ-AUTO,54.669,79.4,19.1,0.5,44.7,57.7,70.6,,,9092.0,BEAR,-2.133743950725913,9.134403871535415,reports_pairwise
2026-03-19,SIEMENS,58.459,61.8,33.3,1.5,60.3,57.4,68.7,,,3151.3,BEAR,-4.744073874274108,7.999873068257542,reports_pairwise
2026-03-19,ICICIPRULI,53.541,57.0,12.2,1.9,57.0,50.0,66.8,,,569.9,BEAR,-5.6852079312159995,-0.6229163011054492,reports_pairwise
2026-03-19,ADANIPOWER,59.64,81.1,66.3,8.8,84.0,62.1,50.4,,,153.1,BEAR,-1.9529719137818293,20.01306335728283,reports_pairwise
2026-03-19,SHREECEM,51.73,56.6,13.7,0.0,58.2,62.7,61.0,,,23270.0,BEAR,0.2363558229480017,6.596476149548776,reports_pairwise
2026-03-19,AMBUJACEM,53.81,75.7,12.0,4.3,72.3,50.0,55.7,,,425.95,BEAR,-4.319755839887305,5.9866181476699145,reports_pairwise
2026-03-19,APLAPOLLO,55.03,68.5,16.0,5.1,48.8,45.0,66.5,,,1964.5,BEAR,0.5039450241791851,1.9597862051412573,reports_pairwise
2026-03-19,HCLTECH,55.27,95.1,25.9,15.0,67.5,50.0,59.3,,,1327.2,BEAR,3.4734779987944475,10.706751054852313,reports_pairwise
2026-03-19,HEROMOTOCO,56.349,88.9,27.3,4.6,55.8,56.0,63.5,,,5308.0,BEAR,-1.0361718161266014,0.04709871891484552,reports_pairwise
2026-03-19,NHPC,54.97,41.4,52.9,10.4,69.4,65.1,65.7,,,77.06,BEAR,-0.6747988580326966,2.3098883986504037,reports_pairwise
2026-03-19,EICHERMOT,53.289,84.6,13.9,3.5,47.5,52.6,67.9,,,6895.0,BEAR,-0.3480783176214648,3.3284989122552573,reports_pairwise
2026-03-19,MUTHOOTFIN,58.821,72.8,43.7,4.1,70.8,57.1,54.0,,,3365.2,BEAR,-6.24034232735053,8.570070129561397,reports_pairwise
2026-03-19,MARUTI,52.569,84.7,12.9,15.9,64.2,50.0,60.1,,,12658.0,BEAR,-1.5326275872965713,4.755885605940907,reports_pairwise
2026-03-19,INDIANB,58.291,84.9,16.5,5.5,60.0,54.8,64.5,,,864.35,BEAR,0.8214265054665382,15.184820963729969,reports_pairwise
2026-03-19,INDUSTOWER,56.68000000000001,83.2,21.9,7.5,55.3,46.3,65.9,,,431.55,BEAR,-0.5213764337851928,-0.1274475727030498,reports_pairwise
2026-03-19,HAL,56.839,91.5,28.7,0.0,61.5,33.6,57.1,,,3891.2,BEAR,-6.095805921052627,6.679173519736857,reports_pairwise
2026-03-19,PREMIERENE,58.42,80.0,81.1,34.7,85.1,50.0,39.8,,,865.5,BEAR,2.7556325823223595,14.777585210860773,reports_pairwise
2026-03-19,HDFCAMC,56.601,87.1,15.4,15.6,53.5,54.5,61.6,,,2420.1,BEAR,-2.8263294905169247,8.466592289574814,reports_pairwise
2026-03-19,PIIND,53.48,79.8,22.0,9.3,53.8,61.1,53.5,,,2893.0,BEAR,-4.631870031109575,1.7525060490839894,reports_pairwise
2026-03-19,UNITDSPR,52.119,68.5,20.8,15.0,46.0,50.0,64.8,,,1289.3,BEAR,3.001628790816726,-3.3041185139222766,reports_pairwise
2026-03-19,VEDL,58.11,67.5,31.9,4.9,75.2,50.0,59.5,,,683.0,BEAR,-4.597364568081988,11.961932650073214,reports_pairwise
2026-03-19,CGPOWER,58.049,74.7,34.2,0.0,71.5,50.0,59.1,,,695.75,BEAR,-4.089112468559115,5.167085878548336,reports_pairwise
2026-03-19,MFSL,52.291,48.3,11.3,2.1,47.7,50.0,70.0,,,1643.0,BEAR,-3.621424223980523,2.976262933657948,reports_pairwise
2026-03-19,TATACONSUM,51.79899999999999,54.4,13.6,15.0,55.7,55.6,70.8,,,1047.8,BEAR,0.5058217217026106,4.905516319908388,reports_pairwise
2026-03-19,BAJAJFINSV,52.331,55.0,11.9,10.6,54.9,50.0,64.5,,,1743.2,BEAR,-2.225791647544743,4.715465810004591,reports_pairwise
2026-03-19,IRCTC,51.509,88.7,16.1,8.5,68.9,50.0,54.2,,,532.0,BEAR,-3.167293233082711,3.157894736842097,reports_pairwise
2026-03-19,TECHM,53.96,84.7,31.7,11.2,62.7,42.9,57.7,,,1347.2,BEAR,6.346496437054632,9.06324228028503,reports_pairwise
2026-03-19,BANKBARODA,54.84099999999999,77.8,11.7,1.4,48.5,36.5,65.8,,,275.85,BEAR,-1.9394598513685055,2.4614826898676685,reports_pairwise
2026-03-19,SAIL,57.57,65.5,30.8,24.4,64.0,61.0,59.5,,,153.62,BEAR,-5.13604999349044,10.923056893633643,reports_pairwise
2026-03-19,DABUR,50.869,70.8,11.2,10.4,58.2,40.3,63.6,,,437.85,BEAR,-3.756994404476429,-1.781431997259338,reports_pairwise
2026-03-19,POLYCAB,55.159,82.8,15.1,8.7,58.1,66.7,62.9,,,7152.5,BEAR,-1.2303390422929046,8.137015029709891,reports_pairwise
2026-03-19,AUBANK,56.311,78.4,21.5,10.6,42.0,50.0,64.5,,,903.35,BEAR,-2.8615708197265755,9.951845906902083,reports_pairwise
2026-03-19,JSWSTEEL,53.53,45.4,21.4,5.9,44.2,50.0,68.7,,,1151.6,BEAR,-1.5543591524834894,6.807919416464059,reports_pairwise
2026-03-19,POLICYBZR,56.89100000000001,53.4,48.4,1.1,81.7,67.9,50.2,,,1505.9,BEAR,-2.955043495584036,-1.1222524736038308,reports_pairwise
2026-03-19,WAAREEENER,56.8,83.6,74.1,59.8,83.7,58.7,36.6,,,3197.9,BEAR,-3.477281966290387,6.10400575377591,reports_pairwise
2026-03-19,PNB,53.881,77.4,11.2,4.5,50.5,63.4,63.8,,,110.57,BEAR,-2.9935787284073334,2.9393144614271502,reports_pairwise
2026-03-19,SUPREMEIND,56.299,63.5,38.9,1.7,62.7,50.0,58.7,,,3892.5,BEAR,-3.5478484264611407,-1.2562620423892124,reports_pairwise
2026-03-19,TORNTPOWER,55.48,79.5,25.9,6.0,74.4,52.3,63.9,,,1441.5,BEAR,-5.216788067984742,3.7807839056538324,reports_pairwise
2026-03-19,M&M,53.10899999999999,67.8,23.4,6.2,61.2,53.4,63.0,,,3128.7,BEAR,-3.1131140729376305,3.908971777415546,reports_pairwise
2026-03-19,MANKIND,53.72,57.2,26.5,4.5,60.7,50.0,58.2,,,2052.9,BEAR,-3.1711237761215907,2.260217253641195,reports_pairwise
2026-03-19,MRF,52.539,75.8,18.8,7.9,56.4,57.4,64.0,,,132310.0,BEAR,-3.5258105963268083,3.3293023958884436,reports_pairwise
2026-03-19,BIOCON,54.56,44.5,30.4,3.0,49.8,50.0,66.4,,,372.65,BEAR,-0.96605393801153,-6.252515765463559,reports_pairwise
2026-03-19,JIOFIN,53.761,50.0,29.7,5.7,74.5,60.6,54.6,,,242.45,BEAR,-4.021447721179625,0.2103526500309422,reports_pairwise
2026-03-19,BANDHANBNK,56.051,76.8,19.4,6.6,69.8,64.7,56.0,,,159.34,BEAR,-5.867955315677165,6.7465796410192045,reports_pairwise
2026-03-19,JINDALSTEL,55.59,49.6,24.3,1.6,58.1,67.0,64.8,,,1145.7,BEAR,-2.190800384044701,8.248232521602514,reports_pairwise
2026-03-19,LICHSGFIN,51.31100000000001,46.7,20.8,17.2,49.1,59.3,61.8,,,493.75,BEAR,-2.9873417721518987,7.341772151898734,reports_pairwise
2026-03-19,RECLTD,54.741,57.8,33.5,10.1,57.5,50.0,56.7,,,338.85,BEAR,-5.326840785008119,4.692341744134565,reports_pairwise
2026-03-19,WIPRO,51.83,84.9,21.1,19.6,72.8,50.0,55.4,,,190.15,BEAR,-0.7415198527478288,9.397843807520381,reports_pairwise
2026-03-19,ADANIENSOL,55.73999999999999,54.1,43.0,7.5,82.6,58.6,61.5,,,1014.8,BEAR,-4.680725266062279,16.619038234134813,reports_pairwise
2026-03-19,INFY,52.42,93.2,23.3,18.8,59.6,50.0,56.0,,,1232.3,BEAR,3.732857258784387,7.124888420027588,reports_pairwise
2026-03-19,CANBK,53.73099999999999,81.3,11.5,5.3,42.1,64.0,63.8,,,135.5,BEAR,-1.7343173431734278,5.535055350553505,reports_pairwise
2026-03-19,ABCAPITAL,55.361,69.3,20.9,11.3,49.5,50.0,62.1,,,318.15,BEAR,-4.9504950495049505,9.743831526009744,reports_pairwise
2026-03-19,ADANIPORTS,53.069,81.1,15.3,3.3,36.9,58.7,66.5,,,1366.8,BEAR,-1.6534972197834292,9.079601990049762,reports_pairwise
2026-03-19,SOLARINDS,55.47,72.3,34.8,6.6,62.1,50.0,52.2,,,13301.0,BEAR,-5.616119088790317,10.397714457559582,reports_pairwise
2026-03-19,BHARATFORG,55.34899999999999,47.6,32.5,19.6,73.3,50.0,64.0,,,1754.0,BEAR,-2.576966932725202,4.623717217787908,reports_pairwise
2026-03-19,LT,50.709,66.0,12.8,10.9,48.7,50.0,62.8,,,3472.4,BEAR,1.2786545328879189,16.634028337749104,reports_pairwise
2026-03-19,MAHABANK,55.31099999999999,83.7,15.3,10.2,61.6,66.1,56.8,,,62.52,BEAR,2.1753039027511187,14.507357645553423,reports_pairwise
2026-03-19,JSWENERGY,54.28,41.5,54.2,0.0,71.3,68.7,63.6,,,507.75,BEAR,-4.677498769079271,2.2550467749877,reports_pairwise
2026-03-19,NTPCGREEN,53.73999999999999,32.6,71.0,0.0,82.2,71.1,55.4,,,99.38,BEAR,-3.7029583417186487,7.506540551418805,reports_pairwise
2026-03-19,SRF,52.82899999999999,60.9,29.2,8.0,60.3,50.0,56.9,,,2491.6,BEAR,-0.8026970621287526,-0.6140632525284848,reports_pairwise
2026-03-19,TCS,48.6,92.3,14.3,5.2,61.5,42.2,54.2,,,2381.7,BEAR,0.7179745559894346,7.049586429861028,reports_pairwise
2026-03-19,GODREJCP,49.21899999999999,59.8,11.2,0.0,64.2,50.0,64.3,,,1027.5,BEAR,-2.0048661800486642,5.206812652068127,reports_pairwise
2026-03-19,INDUSINDBK,53.631,73.9,12.4,15.0,49.3,56.9,62.8,,,821.0,BEAR,-2.892813641900122,2.9293544457978022,reports_pairwise
2026-03-19,PAGEIND,49.50899999999999,71.9,31.4,1.6,64.6,50.0,50.1,,,31190.0,BEAR,3.1420327027893555,17.168964411670405,reports_pairwise
2026-03-19,CONCOR,50.729,75.0,14.5,16.4,64.5,50.0,54.3,,,447.3,BEAR,-3.1746031746031718,9.590878604963107,reports_pairwise
2026-03-19,IOC,49.54,57.6,11.2,4.3,50.0,50.0,59.3,,,145.4,BEAR,-4.607977991746917,-0.17193947730398898,reports_pairwise
2026-03-19,SHRIRAMFIN,54.211,58.0,19.9,0.0,61.7,55.2,60.6,,,970.5,BEAR,-6.893353941267385,7.351880473982473,reports_pairwise
2026-03-19,UPL,53.59,54.5,28.6,5.4,66.6,40.2,55.6,,,621.15,BEAR,-0.11269419624888219,5.296627223697977,reports_pairwise
2026-03-19,PATANJALI,48.459,70.9,15.3,5.3,53.6,50.0,57.6,,,478.2,BEAR,-1.1292346298619775,-2.5512337933918836,reports_pairwise
2026-03-19,TATASTEEL,52.55,47.1,22.1,7.5,59.6,58.4,60.6,,,192.72,BEAR,-1.0014528850145323,9.32959734329597,reports_pairwise
2026-03-19,TVSMOTOR,49.439,50.0,19.0,15.0,41.0,55.6,68.4,,,3470.0,BEAR,0.2795389048991302,8.723342939481263,reports_pairwise
2026-03-19,YESBANK,52.351,73.0,12.7,10.6,61.6,69.7,57.0,,,18.57,BEAR,-2.6925148088314486,4.146472805600428,reports_pairwise
2026-03-19,COLPAL,47.789,81.5,11.2,0.0,52.5,50.0,57.3,,,1918.9,BEAR,-2.167908697691393,1.0109958830579948,reports_pairwise
2026-03-19,EXIDEIND,48.379,65.0,18.3,17.5,58.1,50.0,56.2,,,303.0,BEAR,-1.4851485148514851,8.696369636963704,reports_pairwise
2026-03-19,APOLLOTYRE,50.049,66.1,21.8,3.6,60.5,43.6,59.4,,,417.8,BEAR,-3.1354715174724803,5.157970320727624,reports_pairwise
2026-03-19,BAJFINANCE,50.501,59.8,11.2,15.0,57.6,50.0,59.1,,,847.55,BEAR,0.17108135213262293,8.807739956344768,reports_pairwise
2026-03-19,BAJAJHFL,47.191,53.3,22.6,15.7,68.0,68.1,43.8,,,82.12,BEAR,-4.103750608865081,5.784218217243059,reports_pairwise
2026-03-19,BPCL,49.95,68.6,11.2,9.3,58.0,50.0,53.5,,,293.4,BEAR,-3.800272665303333,3.510565780504435,reports_pairwise
2026-03-19,INDHOTEL,49.689,68.2,20.3,1.9,63.6,59.7,56.0,,,620.5,BEAR,-2.6510878323932388,4.697824335213534,reports_pairwise
2026-03-19,SBICARD,48.961,53.1,13.5,26.4,59.6,62.7,52.7,,,694.0,BEAR,-2.9538904899135447,-0.2593659942363047,reports_pairwise
2026-03-19,LTIM,49.3,87.9,21.2,12.1,69.3,38.3,52.9,,,4504.0,BEAR,0.0,0.0,reports_pairwise
2026-03-19,UNIONBANK,51.461,80.1,13.7,1.9,52.4,67.8,54.5,,,174.26,BEAR,-0.25249626994146546,9.589119706186164,reports_pairwise
2026-03-19,ASHOKLEY,50.459,66.5,12.7,1.2,63.6,56.6,59.9,,,172.17,BEAR,-2.9273392577103983,3.38618806993089,reports_pairwise
2026-03-19,BHARTIHEXA,51.3,62.8,34.6,14.0,74.8,50.0,50.4,,,1606.0,BEAR,-1.5442092154420894,-3.7359900373599,reports_pairwise
2026-03-19,BANKINDIA,51.061,75.0,11.2,4.8,49.3,65.0,57.7,,,148.55,BEAR,-1.4944463143722644,0.44429485021877924,reports_pairwise
2026-03-19,SONACOMS,50.96899999999999,56.4,28.7,13.9,54.2,50.0,61.1,,,503.75,BEAR,-1.796526054590573,14.739454094292803,reports_pairwise
2026-03-19,BOSCHLTD,47.949,79.0,11.7,4.2,55.8,36.8,56.6,,,30380.0,BEAR,-0.9874917709019092,21.626069782751813,reports_pairwise
2026-03-19,CHOLAFIN,50.891,63.4,11.2,10.7,56.8,50.0,59.4,,,1480.9,BEAR,-4.18664325747856,4.213653859139703,reports_pairwise
2026-03-19,IOB,50.871,87.1,12.7,6.1,51.1,55.8,51.9,,,32.01,BEAR,1.34333020930959,10.121836925960643,reports_pairwise
2026-03-19,OBEROIRLTY,49.581,81.1,25.9,15.7,53.9,58.9,53.9,,,1436.4,BEAR,0.5151768309662951,18.790030632135885,reports_pairwise
2026-03-19,SUZLON,50.879,91.7,30.9,9.2,79.2,61.1,37.5,,,41.66,BEAR,-1.4882381180988897,13.970235237638024,reports_pairwise
2026-03-19,MAZDOCK,50.689,83.6,52.4,0.0,56.9,50.0,37.4,,,2411.0,BEAR,-6.553297386976359,4.690999585234339,reports_pairwise
2026-03-19,BHEL,50.509,44.2,36.8,1.3,55.0,60.5,57.3,,,254.6,BEAR,1.413982717989,14.941084053417123,reports_pairwise
2026-03-19,ESCORTS,50.429,79.1,13.3,5.6,65.9,50.0,52.9,,,2972.9,BEAR,-2.4588785361095193,8.086380302061963,reports_pairwise
2026-03-19,OFSS,50.4,95.5,28.3,34.4,59.5,65.7,46.5,,,6408.0,BEAR,3.0820848938826466,16.3623595505618,reports_pairwise
2026-03-19,VOLTAS,49.23899999999999,55.5,14.9,1.4,55.8,50.0,64.5,,,1363.3,BEAR,-4.489107313137244,1.5183745323846582,reports_pairwise
2026-03-19,GAIL,47.3,81.2,15.2,5.0,52.1,50.0,57.2,,,147.36,BEAR,-6.575732899022818,5.741042345276859,reports_pairwise
2026-03-19,LTF,50.20099999999999,56.2,16.3,14.3,51.8,50.0,57.4,,,261.1,BEAR,-2.4128686327077786,7.85522788203753,reports_pairwise
2026-03-19,TATACOMM,49.34999999999999,66.4,18.1,5.6,66.7,54.2,53.4,,,1446.4,BEAR,-2.7032632743362925,6.561117256637158,reports_pairwise
2026-03-19,GMRAIRPORT,48.309,65.5,16.4,1.6,42.9,70.5,61.9,,,89.52,BEAR,-0.5585344057193923,10.120643431635392,reports_pairwise
2026-03-19,ADANIENT,49.59,82.9,12.6,9.4,54.4,60.8,50.3,,,1950.3,BEAR,-6.78869917448597,11.111111111111112,reports_pairwise
2026-03-19,IDFCFIRSTB,49.571,65.9,14.6,2.6,64.1,45.5,51.5,,,63.05,BEAR,-1.5226011102299664,6.264869151467094,reports_pairwise
2026-03-19,IRFC,48.38099999999999,57.0,23.1,1.8,62.5,50.0,48.3,,,96.25,BEAR,-3.5116883116883066,5.838961038961044,reports_pairwise
2026-03-19,PHOENIXLTD,47.871,51.8,24.1,7.5,57.8,50.0,60.7,,,1595.7,BEAR,-5.77802845146331,10.860437425581246,reports_pairwise
2026-03-19,TATATECH,46.77,70.8,16.5,18.4,71.3,38.7,51.0,,,529.1,BEAR,0.2457002457002371,8.533358533358529,reports_pairwise
2026-03-19,MPHASIS,48.40000000000001,84.9,17.6,26.2,70.8,50.0,49.9,,,2068.3,BEAR,2.344920949572112,15.457138712952656,reports_pairwise
2026-03-19,TIINDIA,48.479,55.0,36.6,1.1,50.5,62.4,49.5,,,2527.6,BEAR,1.6220921031808833,9.127235322044639,reports_pairwise
2026-03-19,VBL,46.919,69.3,15.9,9.9,55.3,50.0,54.4,,,408.25,BEAR,-4.874464176362517,8.034292712798532,reports_pairwise
2026-03-19,MAXHEALTH,47.19,55.8,11.2,6.3,56.9,50.0,54.8,,,958.9,BEAR,1.0741474606319812,1.6998644279904127,reports_pairwise
2026-03-19,CENTRALBK,48.061,72.5,11.2,8.0,45.9,59.1,53.3,,,34.44,BEAR,-4.00696864111497,3.774680603948909,reports_pairwise
2026-03-19,HUDCO,48.211,59.0,21.1,15.0,62.4,66.0,45.3,,,173.65,BEAR,-2.585660811978122,9.991361934926573,reports_pairwise
2026-03-19,HINDZINC,47.7,78.3,13.7,7.7,53.4,60.2,45.6,,,521.4,BEAR,-4.670118910625233,13.713080168776374,reports_pairwise
2026-03-19,BAJAJHLDNG,47.601,82.9,11.6,2.1,55.9,52.7,46.1,,,9719.0,BEAR,-3.9304455190863257,4.33172137051137,reports_pairwise
2026-03-19,IREDA,47.621,57.9,26.3,4.1,67.6,58.0,42.9,,,116.71,BEAR,-2.0049695827264067,7.98560534658556,reports_pairwise
2026-03-19,PERSISTENT,47.43,80.6,27.6,15.0,60.8,53.8,48.0,,,4613.8,BEAR,6.500065022324324,20.97186700767262,reports_pairwise
2026-03-19,UCOBANK,47.401,76.8,11.8,8.4,55.2,61.0,46.4,,,25.28,BEAR,-5.142405063291141,4.430379746835433,reports_pairwise
2026-03-19,IGL,46.73,84.2,21.4,0.0,59.0,50.0,50.4,,,155.53,BEAR,-3.626310036648887,5.381598405452327,reports_pairwise
2026-03-19,HYUNDAI,46.299,93.2,14.8,0.0,64.4,47.3,44.0,,,1958.8,BEAR,-5.069430263426585,-9.38840106187461,reports_pairwise
2026-03-19,M&MFIN,46.501,51.8,11.2,8.8,50.9,62.4,54.5,,,314.85,BEAR,-2.7473400031761264,-2.937906939812609,reports_pairwise
2026-03-19,NAUKRI,46.09,54.7,22.5,18.7,70.2,58.9,45.7,,,969.8,BEAR,1.8148071767374743,5.387708805939369,reports_pairwise
2026-03-19,MOTHERSON,46.009,65.5,14.8,5.1,54.9,67.3,54.6,,,113.73,BEAR,-2.286116240218068,7.632111140420286,reports_pairwise
2026-03-19,INDIGO,44.919,50.3,17.6,0.9,62.6,50.0,49.0,,,4218.6,BEAR,-1.6071682548712884,8.803868581994017,reports_pairwise
2026-03-19,MOTILALOFS,45.441,73.6,22.8,11.3,61.2,40.6,35.4,,,680.45,BEAR,-4.541112499081503,14.24057608935263,reports_pairwise
2026-03-19,DLF,44.291,76.3,19.6,15.0,62.8,50.0,44.7,,,544.45,BEAR,-4.307098907154017,6.162182018550822,reports_pairwise
2026-03-19,HINDPETRO,44.88,54.3,11.2,21.9,68.4,50.0,42.1,,,333.15,BEAR,1.0956025814197912,9.215068287558172,reports_pairwise
2026-03-19,NYKAA,43.639,37.4,15.9,9.0,37.1,50.0,63.7,,,240.1,BEAR,-0.020824656393162413,8.754685547688467,reports_pairwise
2026-03-19,PAYTM,44.74,48.4,27.2,7.8,70.5,44.2,50.8,,,1055.5,BEAR,-1.9327333017527326,7.423022264329693,reports_pairwise
2026-03-19,ATGL,44.58000000000001,56.4,55.8,15.0,80.6,50.0,35.7,,,560.8,BEAR,-6.936519258202564,3.6019971469329617,reports_pairwise
2026-03-19,BDL,44.539,61.0,42.5,0.0,54.7,50.0,34.8,,,1285.2,BEAR,-8.644568938686596,4.995331465919704,reports_pairwise
2026-03-19,TATAELXSI,43.93,74.9,16.2,35.2,72.4,29.4,42.6,,,4082.3,BEAR,2.3981579011831475,10.893368934179257,reports_pairwise
2026-03-19,ETERNAL,43.549,49.9,27.9,13.4,75.3,50.0,40.5,,,230.85,BEAR,3.0712583928958215,4.786658003032277,reports_pairwise
2026-03-19,DIXON,43.12,79.3,34.0,4.2,63.2,29.9,34.3,,,10314.0,BEAR,-1.357378320729106,4.605390731045182,reports_pairwise
2026-03-19,IDBI,42.30099999999999,80.3,11.2,18.9,51.1,50.0,33.2,,,72.08,BEAR,-6.950610432852393,4.134291840446382,reports_pairwise
2026-03-19,LODHA,41.821,79.9,11.2,48.1,72.2,50.0,36.8,,,830.3,BEAR,-12.513549319523062,1.3067565940021708,reports_pairwise
2026-03-19,PRESTIGE,41.73099999999999,39.3,19.7,10.4,68.9,62.3,49.1,,,1283.5,BEAR,-6.388780677834048,3.778730035060382,reports_pairwise
2026-03-19,JUBLFOOD,38.939,30.7,14.8,0.4,57.9,50.0,49.5,,,460.2,BEAR,-2.520643198609293,-2.6292916123424526,reports_pairwise
2026-03-19,VMM,41.479,52.8,16.3,31.0,66.6,50.0,40.9,,,104.98,BEAR,1.8574966660316277,11.154505620118112,reports_pairwise
2026-03-19,COFORGE,41.17,72.1,23.9,35.4,63.2,50.0,35.6,,,1098.8,BEAR,1.028394612304328,15.471423370950127,reports_pairwise
2026-03-19,KPITTECH,40.58000000000001,87.0,19.0,24.9,63.9,45.6,32.1,,,661.25,BEAR,0.5671077504725899,10.858223062381846,reports_pairwise
2026-03-19,TRENT,39.909,68.7,19.1,7.6,57.0,45.1,36.5,,,3533.2,BEAR,-4.743575229253931,11.725914185440965,reports_pairwise
2026-03-19,KALYANKJIL,39.619,58.2,19.3,5.9,64.1,50.0,36.5,,,377.5,BEAR,-1.5364238410596056,18.768211920529808,reports_pairwise
2026-03-19,ADANIGREEN,39.1,60.3,19.2,1.6,61.6,62.8,41.3,,,870.75,BEAR,-3.583118001722658,26.672408842951477,reports_pairwise
2026-03-19,GODREJPROP,38.831,57.6,17.5,0.0,64.5,50.0,40.8,,,1584.9,BEAR,-2.8014385765663503,9.533724525206631,reports_pairwise
2026-03-19,RVNL,37.609,54.7,14.9,2.8,59.7,50.0,33.7,,,267.0,BEAR,-3.20224719101124,5.183520599250927,reports_pairwise
2026-03-19,COCHINSHIP,37.229,58.6,24.4,6.8,53.8,58.6,29.4,,,1390.3,BEAR,-6.128173775444152,5.567143781917578,reports_pairwise
2026-03-19,SJVN,37.3,32.9,28.1,7.5,58.4,50.0,44.2,,,70.09,BEAR,-4.5084890854615445,5.321729205307447,reports_pairwise
2026-03-19,IDEA,36.94,80.0,12.0,7.6,63.9,55.4,32.7,,,9.17,BEAR,-3.162486368593229,1.853871319520174,reports_pairwise
2026-03-19,SWIGGY,36.939,49.7,26.8,9.0,72.3,45.6,30.8,,,288.2,BEAR,-4.319916724496873,-5.447605829285215,reports_pairwise
2026-03-19,OLAELEC,26.229,34.7,31.6,19.3,74.5,50.0,7.8,,,24.09,BEAR,-3.4869240348692396,67.87048567870485,reports_pairwise
2026-03-19,ABFRL,25.289,44.3,11.6,17.2,71.3,50.0,12.0,,,58.05,BEAR,0.13781223083549596,10.594315245478047,reports_pairwise
2026-03-23,COALINDIA,76.7,91.0,62.3,19.2,73.9,50.0,77.5,,,455.85,BEAR,0.4058352528243865,-2.7860041680377416,reports_pairwise
2026-03-23,RELIANCE,69.4,75.0,50.9,17.1,71.8,50.0,72.6,,,1406.1,BEAR,-4.0751013441433726,-3.7550672071687616,reports_pairwise
2026-03-23,SUNPHARMA,67.9,73.9,47.5,9.4,52.7,50.0,78.4,,,1772.2,BEAR,0.062069743821234,-6.037693262611443,reports_pairwise
2026-03-23,LUPIN,71.8,86.6,47.0,15.0,71.9,50.0,75.9,,,2309.5,BEAR,0.5845421086815328,0.08659883091578263,reports_pairwise
2026-03-23,DRREDDY,65.5,81.1,37.7,11.7,52.1,50.0,74.8,,,1267.4,BEAR,-0.6469938456683009,-3.6925990216190767,reports_pairwise
2026-03-23,AUROPHARMA,72.10000000000001,79.9,64.8,10.0,74.3,50.0,70.6,,,1278.1,BEAR,3.0514044284484783,8.888193412096092,reports_pairwise
2026-03-23,TORNTPHARM,64.5,69.4,31.4,3.8,59.1,50.0,77.8,,,4203.1,BEAR,0.48535604672740684,-1.6035783112464737,reports_pairwise
2026-03-23,ONGC,64.9,70.5,26.4,27.1,74.9,50.0,72.7,,,266.95,BEAR,6.911406630455137,6.049822064056952,reports_pairwise
2026-03-23,ICICIBANK,59.7,87.7,14.2,11.8,49.3,50.0,71.1,,,1226.3,BEAR,-0.7339150289488706,13.218625132512448,reports_pairwise
2026-03-23,NTPC,60.8,65.9,40.4,15.0,59.5,50.0,78.7,,,373.35,BEAR,0.17409937056380803,6.120262488281764,reports_pairwise
2026-03-23,HDFCBANK,58.6,84.9,11.6,49.1,54.8,50.0,64.8,,,751.25,BEAR,-1.0116472545757103,8.05324459234609,reports_pairwise
2026-03-23,ZYDUSLIFE,61.5,82.0,30.1,4.7,58.2,50.0,67.7,,,872.1,BEAR,1.416122004357301,6.478614837747965,reports_pairwise
2026-03-23,PIDILITIND,58.7,70.5,17.1,28.3,49.2,50.0,71.5,,,1313.6,BEAR,-1.644336175395852,7.171132764920832,reports_pairwise
2026-03-23,POWERGRID,60.2,60.2,46.7,10.1,67.8,50.0,74.4,,,301.25,BEAR,-1.6597510373443984,6.008298755186729,reports_pairwise
2026-03-23,ALKEM,59.90000000000001,83.7,24.0,12.3,40.7,50.0,71.4,,,5158.5,BEAR,3.0435204032179897,10.429388388097314,reports_pairwise
2026-03-23,MARICO,56.67,72.5,19.5,4.8,49.8,50.0,76.3,,,730.1,BEAR,1.4655526640186183,4.437748253663878,reports_pairwise
2026-03-23,ABB,62.17,75.9,45.0,0.6,62.0,50.0,68.7,,,6050.0,BEAR,-0.628099173553719,19.91735537190083,reports_pairwise
2026-03-23,SBIN,57.40000000000001,86.9,11.2,9.2,40.7,50.0,70.7,,,1039.6,BEAR,-4.867256637168134,6.94978838014621,reports_pairwise
2026-03-23,APOLLOHOSP,57.0,54.7,17.5,9.7,54.6,50.0,73.2,,,7120.0,BEAR,3.721910112359551,8.764044943820224,reports_pairwise
2026-03-23,TATAPOWER,58.7,51.0,54.6,26.6,53.4,50.0,73.5,,,387.55,BEAR,-1.109534253644694,12.514514256225004,reports_pairwise
2026-03-23,SBILIFE,56.3,63.9,16.2,13.6,42.9,50.0,72.6,,,1828.0,BEAR,-2.34135667396061,4.573304157549229,reports_pairwise
2026-03-23,BHARTIARTL,54.8,66.1,26.1,3.8,47.6,50.0,70.4,,,1802.4,BEAR,-0.34398579671549295,2.9183311140701234,reports_pairwise
2026-03-23,CIPLA,55.6,90.1,15.6,8.9,48.6,50.0,62.3,,,1235.4,BEAR,-0.5666180994010036,-0.23474178403756601,reports_pairwise
2026-03-23,KOTAKBANK,55.90000000000001,81.5,12.1,7.0,51.8,50.0,65.5,,,360.1,BEAR,-0.6942515967786725,6.123299083587879,reports_pairwise
2026-03-23,LICI,57.0,92.4,13.8,19.7,50.6,50.0,62.4,,,748.95,BEAR,-2.5902930769744428,10.034047666733423,reports_pairwise
2026-03-23,AXISBANK,57.1,88.6,12.6,8.0,46.1,50.0,67.3,,,1177.9,BEAR,-1.545122675948726,16.9623906953052,reports_pairwise
2026-03-23,ICICIGI,56.8,82.3,11.7,20.0,46.0,50.0,67.9,,,1736.0,BEAR,-1.3133640552995365,5.990783410138248,reports_pairwise
2026-03-23,NESTLEIND,53.37,73.2,13.7,4.7,40.0,50.0,74.5,,,1175.4,BEAR,0.4764335545346187,17.398332482559127,reports_pairwise
2026-03-23,HCLTECH,57.2,94.7,36.0,28.6,64.0,50.0,60.1,,,1355.5,BEAR,-0.19918849133161529,6.322390261895983,reports_pairwise
2026-03-23,NMDC,60.40000000000001,87.1,27.5,17.0,57.4,50.0,63.7,,,75.35,BEAR,2.5613802256138114,17.412076974120776,reports_pairwise
2026-03-23,CUMMINSIND,58.57,74.9,25.5,15.0,61.5,50.0,68.3,,,4465.0,BEAR,2.0223964165733523,14.589025755879051,reports_pairwise
2026-03-23,TECHM,57.1,83.9,49.1,13.3,64.1,50.0,59.3,,,1398.1,BEAR,-1.2946141191617129,7.345683427508766,reports_pairwise
2026-03-23,ULTRACEMCO,53.90000000000001,61.9,14.4,15.0,49.8,50.0,66.3,,,10430.0,BEAR,3.36529242569511,15.426653883029722,reports_pairwise
2026-03-23,DIVISLAB,57.2,64.5,24.5,7.7,58.2,50.0,66.2,,,6020.5,BEAR,-1.4533676604933146,4.409932729839714,reports_pairwise
2026-03-23,TITAN,53.37,50.0,18.3,8.5,56.5,50.0,74.2,,,3883.0,BEAR,1.3340200875611687,15.366984290497035,reports_pairwise
2026-03-23,FEDERALBNK,56.40000000000001,83.1,13.5,9.6,44.8,50.0,67.4,,,256.0,BEAR,2.3242187499999956,15.52734375,reports_pairwise
2026-03-23,ITC,52.07000000000001,93.9,15.9,29.5,50.1,50.0,57.7,,,292.4,BEAR,-0.7694938440492477,5.899452804377566,reports_pairwise
2026-03-23,GLENMARK,60.5,57.8,44.8,2.0,63.6,50.0,65.6,,,2106.5,BEAR,1.5903156895323998,6.009969143128408,reports_pairwise
2026-03-23,OIL,60.5,76.0,34.8,21.3,54.9,50.0,64.7,,,467.5,BEAR,4.1925133689839615,-0.5026737967914487,reports_pairwise
2026-03-23,BRITANNIA,52.47000000000001,65.3,16.8,9.2,39.8,50.0,73.3,,,5540.0,BEAR,-1.272563176895307,5.370036101083032,reports_pairwise
2026-03-23,GICRE,55.90000000000001,72.3,32.1,13.8,38.7,50.0,63.3,,,359.2,BEAR,0.44543429844098625,10.579064587973274,reports_pairwise
2026-03-23,ACC,52.1,76.2,13.4,25.2,56.9,50.0,54.5,,,1339.4,BEAR,-4.830521128863674,7.361505151560394,reports_pairwise
2026-03-23,HINDUNILVR,51.37,73.2,12.9,22.1,48.8,50.0,65.5,,,2089.5,BEAR,-1.837760229720033,10.586264656616407,reports_pairwise
2026-03-23,GRASIM,53.3,43.3,19.2,25.0,44.0,50.0,69.9,,,2532.7,BEAR,1.6701543807004455,9.67347099932878,reports_pairwise
2026-03-23,ASIANPAINT,52.8,66.0,18.9,15.0,52.8,50.0,59.4,,,2132.0,BEAR,2.0450281425891137,19.305816135084424,reports_pairwise
2026-03-23,NHPC,55.0,42.3,52.2,11.6,72.6,50.0,64.6,,,75.19,BEAR,-1.4097619364277196,9.894932836813403,reports_pairwise
2026-03-23,HDFCLIFE,51.6,58.4,11.8,15.1,55.4,50.0,61.6,,,597.45,BEAR,-0.3682316511842071,2.8035818896978824,reports_pairwise
2026-03-23,SHREECEM,50.8,57.1,15.2,6.6,53.7,50.0,60.2,,,22880.0,BEAR,1.791958041958042,11.625874125874127,reports_pairwise
2026-03-23,BEL,55.97,76.0,21.3,15.0,55.0,50.0,66.1,,,408.9,BEAR,-1.063829787234034,10.418195157740284,reports_pairwise
2026-03-23,EICHERMOT,52.87,85.3,15.7,4.6,46.6,50.0,66.3,,,6722.0,BEAR,-1.063671526331449,7.713478131508479,reports_pairwise
2026-03-23,IRB,54.97,68.5,44.8,7.5,52.0,50.0,57.8,,,40.29,BEAR,-44.849838669645074,-45.842640853809876,reports_pairwise
2026-03-23,BAJAJ-AUTO,52.87,80.0,18.6,4.4,40.6,50.0,68.8,,,8851.5,BEAR,-0.19770660340055357,10.636615262949782,reports_pairwise
2026-03-23,J&KBANK,57.5,69.5,44.4,4.8,58.9,50.0,56.5,,,110.35,BEAR,0.9152695967376575,15.894879374398228,reports_pairwise
2026-03-23,PFC,56.40000000000001,56.3,38.1,9.4,49.3,50.0,63.9,,,396.05,BEAR,-2.9162984471657647,18.94962757227623,reports_pairwise
2026-03-23,AUBANK,56.7,79.5,17.7,51.9,48.9,50.0,61.4,,,854.7,BEAR,-1.5151515151515205,21.434421434421438,reports_pairwise
2026-03-23,BAJAJFINSV,52.0,55.8,12.3,28.8,53.9,50.0,62.1,,,1680.0,BEAR,-2.458333333333331,10.202380952380958,reports_pairwise
2026-03-23,PAGEIND,51.87,71.5,43.6,10.4,62.3,50.0,50.5,,,31530.0,BEAR,0.6660323501427212,20.393276244846177,reports_pairwise
2026-03-23,UNITDSPR,51.17,68.4,24.0,15.0,43.8,50.0,64.2,,,1275.7,BEAR,-3.786156619894956,6.84330171670455,reports_pairwise
2026-03-23,APLAPOLLO,53.1,69.6,15.0,3.4,45.7,50.0,64.3,,,1898.6,BEAR,3.660592015169072,10.955440851153481,reports_pairwise
2026-03-23,INDIANB,56.6,84.6,15.1,12.3,55.6,50.0,62.8,,,845.6,BEAR,1.1293755912961156,8.922658467360446,reports_pairwise
2026-03-23,INFY,53.5,93.1,29.9,15.9,64.9,50.0,56.3,,,1252.4,BEAR,0.37527946343019947,4.8546790162887214,reports_pairwise
2026-03-23,BANKBARODA,53.90000000000001,77.5,12.6,9.6,45.3,50.0,63.8,,,269.15,BEAR,-7.003529630317655,5.535946498235198,reports_pairwise
2026-03-23,CANBK,54.40000000000001,81.1,14.3,10.1,48.6,50.0,62.0,,,131.77,BEAR,-5.0542612127191395,9.478637019048326,reports_pairwise
2026-03-23,NATIONALUM,56.1,93.2,41.8,20.8,53.6,50.0,46.6,,,352.0,BEAR,10.752840909090915,20.156249999999996,reports_pairwise
2026-03-23,TATACONSUM,49.97000000000001,54.4,15.8,16.4,42.5,50.0,70.3,,,1040.0,BEAR,-1.5961538461538483,9.807692307692308,reports_pairwise
2026-03-23,BIOCON,54.40000000000001,44.5,30.4,17.4,49.9,50.0,65.8,,,370.8,BEAR,-2.4406688241639727,-2.508090614886734,reports_pairwise
2026-03-23,ICICIPRULI,50.2,56.8,11.2,11.2,47.2,50.0,62.5,,,534.85,BEAR,-4.131999626063386,2.851266710292605,reports_pairwise
2026-03-23,PIIND,51.5,80.4,17.4,26.0,50.7,50.0,51.8,,,2809.4,BEAR,-2.883177902755037,7.542535772762871,reports_pairwise
2026-03-23,LTIM,53.2,87.9,27.8,49.3,70.2,50.0,52.9,,,4504.0,BEAR,0.0,0.0,reports_pairwise
2026-03-23,MARUTI,49.97000000000001,85.2,14.7,11.1,48.9,50.0,58.9,,,12400.0,BEAR,-0.5887096774193549,8.556451612903226,reports_pairwise
2026-03-23,PNB,53.2,77.1,12.8,8.5,48.3,50.0,61.6,,,107.26,BEAR,-5.202312138728322,6.386350922990857,reports_pairwise
2026-03-23,PREMIERENE,55.7,80.0,80.2,10.7,76.3,50.0,40.0,,,866.2,BEAR,2.2165781574693986,14.950357885015006,reports_pairwise
2026-03-23,ADANIPORTS,53.17,81.9,16.4,11.3,44.8,50.0,63.8,,,1312.8,BEAR,0.7388787324801984,21.427483241925653,reports_pairwise
2026-03-23,DMART,50.27,61.5,27.9,15.0,51.4,50.0,60.3,,,3665.4,BEAR,7.461668576417307,25.20870846292354,reports_pairwise
2026-03-23,MFSL,50.0,48.1,11.5,12.6,41.7,50.0,66.5,,,1567.3,BEAR,-4.906527148599494,5.200025521597652,reports_pairwise
2026-03-23,SIEMENS,53.97,61.8,20.8,10.0,60.9,50.0,65.1,,,2982.5,BEAR,-0.7979882648784637,24.7845766974015,reports_pairwise
2026-03-23,HAVELLS,49.47,66.2,17.2,4.5,47.7,50.0,60.3,,,1226.5,BEAR,-3.163473298002442,8.340807174887889,reports_pairwise
2026-03-23,INDUSTOWER,53.5,83.9,20.7,12.8,43.7,50.0,64.1,,,418.95,BEAR,0.08354218880535212,-1.0025062656641577,reports_pairwise
2026-03-23,AMBUJACEM,50.0,76.9,11.5,9.5,56.5,50.0,52.3,,,403.15,BEAR,0.3348629542354019,13.171276199925591,reports_pairwise
2026-03-23,HEROMOTOCO,52.57000000000001,89.9,24.4,12.8,42.2,50.0,60.9,,,5115.5,BEAR,-0.3127748998142899,2.8051998827094127,reports_pairwise
2026-03-23,IRCTC,49.07000000000001,89.6,16.2,11.5,57.0,50.0,52.0,,,510.0,BEAR,-1.9509803921568605,10.039215686274519,reports_pairwise
2026-03-23,ASTRAL,54.57,60.2,28.7,0.0,61.7,50.0,64.5,,,1567.7,BEAR,2.787523123046504,0.9440581743956085,reports_pairwise
2026-03-23,DABUR,48.77,71.9,11.2,13.2,51.0,50.0,61.2,,,422.25,BEAR,-2.605091770278271,7.04558910597987,reports_pairwise
2026-03-23,HDFCAMC,53.40000000000001,88.8,13.7,9.0,48.8,50.0,57.5,,,2266.7,BEAR,-0.8382229673093042,23.262893192747175,reports_pairwise
2026-03-23,JSWSTEEL,51.90000000000001,46.1,19.4,15.4,44.5,50.0,66.7,,,1121.6,BEAR,0.6062767475035826,14.087018544935805,reports_pairwise
2026-03-23,MRF,50.87,76.6,16.6,28.8,50.0,50.0,60.6,,,125405.0,BEAR,0.8213388620868387,11.371157449862446,reports_pairwise
2026-03-23,HINDALCO,53.1,74.8,16.8,12.5,56.4,50.0,57.2,,,841.25,BEAR,5.693907875185733,21.444279346210994,reports_pairwise
2026-03-23,MANKIND,51.3,59.3,19.4,33.2,55.1,50.0,55.3,,,1930.0,BEAR,3.564766839378236,13.989637305699482,reports_pairwise
2026-03-23,BSE,53.90000000000001,75.1,45.4,11.1,59.3,50.0,45.5,,,2714.6,BEAR,-0.2541810948206031,29.514477271052836,reports_pairwise
2026-03-23,INDUSINDBK,53.2,74.7,12.2,26.6,47.9,50.0,60.7,,,788.95,BEAR,-3.7328094302554087,8.54933772735914,reports_pairwise
2026-03-23,TCS,48.0,92.2,15.8,10.4,56.0,50.0,54.2,,,2394.4,BEAR,-0.5888740394253219,9.02522552622786,reports_pairwise
2026-03-23,LT,49.37,66.9,13.4,15.6,47.9,50.0,60.3,,,3335.0,BEAR,5.8290854572713675,22.20089955022489,reports_pairwise
2026-03-23,PETRONET,52.3,83.1,14.4,35.0,43.4,50.0,55.4,,,239.4,BEAR,4.323308270676689,16.031746031746017,reports_pairwise
2026-03-23,IOB,53.6,87.3,21.4,44.3,48.2,50.0,51.4,,,32.31,BEAR,-2.3831631073971002,7.954193748065615,reports_pairwise
2026-03-23,HAL,51.77,92.9,18.2,15.0,51.3,50.0,53.7,,,3657.2,BEAR,-3.6284589303292085,19.173137919720002,reports_pairwise
2026-03-23,MAHABANK,53.40000000000001,83.7,19.2,28.1,43.7,50.0,56.3,,,62.56,BEAR,-0.5434782608695706,28.16496163682865,reports_pairwise
2026-03-23,JINDALSTEL,53.3,49.6,22.1,20.1,57.0,50.0,62.6,,,1114.2,BEAR,0.2872015796086919,15.670436187399023,reports_pairwise
2026-03-23,GODREJCP,47.37,59.8,11.4,1.0,52.9,50.0,62.8,,,1004.1,BEAR,-0.8166517279155507,12.0456129867543,reports_pairwise
2026-03-23,POLYCAB,50.67,84.2,11.2,15.0,43.6,50.0,59.8,,,6841.0,BEAR,0.15348633240754275,16.291477854114895,reports_pairwise
2026-03-23,VEDL,52.3,69.4,19.5,15.3,56.6,50.0,55.7,,,638.9,BEAR,3.725152606041645,20.018782282047265,reports_pairwise
2026-03-23,WIPRO,48.6,85.2,22.0,15.0,55.9,50.0,54.7,,,188.2,BEAR,0.48352816153030026,8.931987247608928,reports_pairwise
2026-03-23,ADANIPOWER,52.2,81.9,57.5,6.0,58.2,50.0,48.2,,,147.04,BEAR,3.5432535364526716,38.04406964091404,reports_pairwise
2026-03-23,M&M,49.27,68.8,21.1,10.6,48.8,50.0,59.9,,,2966.6,BEAR,0.01685431133283894,9.46201038225579,reports_pairwise
2026-03-23,TVSMOTOR,48.37,50.0,19.5,4.0,43.5,50.0,67.5,,,3405.0,BEAR,-0.8076358296622614,10.211453744493387,reports_pairwise
2026-03-23,ABCAPITAL,51.7,70.3,16.8,18.9,48.6,50.0,57.4,,,296.05,BEAR,-0.6755615605472048,16.3992568822834,reports_pairwise
2026-03-23,COLPAL,47.07000000000001,82.5,11.2,2.5,50.8,50.0,55.2,,,1854.0,BEAR,-2.8047464940668827,13.62459546925566,reports_pairwise
2026-03-23,IOC,47.6,57.2,11.2,10.4,48.7,50.0,56.2,,,139.05,BEAR,-1.891405969075889,5.940309241280108,reports_pairwise
2026-03-23,LICHSGFIN,47.6,46.0,12.8,23.6,48.8,50.0,57.5,,,463.2,BEAR,8.236183074265984,22.009930915371328,reports_pairwise
2026-03-23,PATANJALI,47.17,71.4,15.2,11.7,51.6,50.0,56.2,,,466.2,BEAR,-1.0188760188760189,0.4075504075504149,reports_pairwise
2026-03-23,UPL,51.6,55.0,28.2,37.1,52.2,50.0,54.1,,,605.6,BEAR,-4.945508586525767,8.041611624834863,reports_pairwise
2026-03-23,YESBANK,51.1,73.9,14.1,20.6,52.7,50.0,54.5,,,17.88,BEAR,-3.18791946308725,10.570469798657722,reports_pairwise
2026-03-23,BAJFINANCE,49.40000000000001,60.7,11.2,24.0,51.8,50.0,56.5,,,813.8,BEAR,-0.5222413369378226,15.366183337429353,reports_pairwise
2026-03-23,BHARTIHEXA,51.3,63.8,35.1,51.2,61.6,50.0,49.3,,,1563.6,BEAR,-2.6925044768482933,-0.4093118444614904,reports_pairwise
2026-03-23,BHEL,51.27,44.2,37.6,12.4,63.2,50.0,56.6,,,252.25,BEAR,0.19821605550049554,31.857284440039646,reports_pairwise
2026-03-23,EXIDEIND,47.07000000000001,65.6,19.2,16.0,53.8,50.0,54.8,,,293.95,BEAR,-0.697397516584457,13.318591597210421,reports_pairwise
2026-03-23,BOSCHLTD,48.07000000000001,79.7,12.1,21.4,53.4,50.0,55.0,,,29545.0,BEAR,-2.3523438822135723,28.955830089693684,reports_pairwise
2026-03-23,CGPOWER,51.07,74.7,22.3,5.1,56.0,50.0,56.0,,,657.0,BEAR,0.433789954337903,22.56468797564688,reports_pairwise
2026-03-23,WAAREEENER,50.90000000000001,84.6,67.7,15.0,71.5,50.0,34.4,,,3045.0,BEAR,1.6420361247947455,14.049261083743847,reports_pairwise
2026-03-23,CONCOR,47.57,75.9,15.1,10.5,52.7,50.0,51.4,,,425.75,BEAR,1.0687022900763385,18.42630651790957,reports_pairwise
2026-03-23,APOLLOTYRE,48.17,66.8,22.5,1.0,52.8,50.0,57.4,,,402.3,BEAR,1.6281382053194162,9.855828983345756,reports_pairwise
2026-03-23,PERSISTENT,50.5,79.7,40.6,11.1,66.7,50.0,49.4,,,4754.5,BEAR,2.157955620990648,12.10221895046797,reports_pairwise
2026-03-23,SAIL,50.5,66.4,20.7,21.8,43.4,50.0,55.8,,,144.84,BEAR,6.448494890914114,20.864402098867714,reports_pairwise
2026-03-23,SRF,48.87,62.1,24.0,11.8,53.9,50.0,54.5,,,2387.9,BEAR,2.0352611080865994,3.4800452280246206,reports_pairwise
2026-03-23,BANDHANBNK,50.3,78.0,15.4,18.8,49.7,50.0,52.0,,,147.95,BEAR,-4.055424129773573,19.046975329503216,reports_pairwise
2026-03-23,BANKINDIA,50.3,74.6,13.2,11.5,47.8,50.0,55.5,,,144.61,BEAR,-3.5958785699467652,3.6097088721388553,reports_pairwise
2026-03-23,RECLTD,49.3,57.1,25.9,9.9,49.1,50.0,53.4,,,317.2,BEAR,-1.7496847414880237,20.854350567465332,reports_pairwise
2026-03-23,SUPREMEIND,49.77,63.3,26.8,0.5,52.5,50.0,56.5,,,3725.4,BEAR,-0.21474204112310086,-1.5783540022547962,reports_pairwise
2026-03-23,TORNTPOWER,49.3,80.3,17.4,8.5,54.5,50.0,61.0,,,1371.2,BEAR,-3.8287631271878646,18.25408401400233,reports_pairwise
2026-03-23,ESCORTS,49.97,79.8,16.7,60.1,53.0,50.0,49.2,,,2858.2,BEAR,-3.400741725561536,17.553005388006447,reports_pairwise
2026-03-23,MUTHOOTFIN,49.7,74.7,22.0,13.9,51.5,50.0,48.9,,,3089.0,BEAR,3.195208805438647,16.872774360634505,reports_pairwise
2026-03-23,JIOFIN,47.6,50.0,23.2,8.4,54.3,50.0,51.5,,,228.4,BEAR,-1.1383537653239904,2.780210157618211,reports_pairwise
2026-03-23,UNIONBANK,49.40000000000001,79.9,15.1,8.9,42.1,50.0,53.3,,,170.52,BEAR,-1.4602392681210468,12.233169129720844,reports_pairwise
2026-03-23,JSWENERGY,48.7,42.6,44.7,10.2,49.9,50.0,61.6,,,488.9,BEAR,-3.282879934546933,11.81223154019227,reports_pairwise
2026-03-23,POLICYBZR,49.0,53.2,37.3,19.2,48.4,50.0,48.1,,,1434.2,BEAR,-1.0249616510946902,13.178078371217403,reports_pairwise
2026-03-23,SHRIRAMFIN,49.0,60.8,16.1,40.8,43.0,50.0,54.5,,,879.1,BEAR,-0.20475486292800227,18.905699010351487,reports_pairwise
2026-03-23,SBICARD,46.3,54.3,12.5,27.9,54.8,50.0,49.6,,,657.45,BEAR,-2.000152102821521,3.391892919613652,reports_pairwise
2026-03-23,LTF,48.7,56.8,19.1,14.2,49.6,50.0,54.6,,,249.95,BEAR,-3.7407481496299235,16.783356671334264,reports_pairwise
2026-03-23,SONACOMS,48.77,57.4,26.1,5.1,53.8,50.0,59.3,,,488.95,BEAR,-0.5215257183761144,18.887411800797622,reports_pairwise
2026-03-23,BHARATFORG,48.57000000000001,47.4,20.5,15.0,63.5,50.0,60.4,,,1650.9,BEAR,1.7808468108304478,14.834332788176138,reports_pairwise
2026-03-23,CHOLAFIN,48.6,64.7,11.2,21.1,46.9,50.0,55.2,,,1389.9,BEAR,-2.295129145981732,14.339161090725947,reports_pairwise
2026-03-23,OBEROIRLTY,47.3,81.4,25.6,20.7,49.3,50.0,53.0,,,1410.8,BEAR,1.793308760986671,22.193081939325214,reports_pairwise
2026-03-23,SOLARINDS,48.3,72.3,19.5,11.4,48.8,50.0,48.7,,,12366.0,BEAR,-1.4151706291444281,20.88791848617176,reports_pairwise
2026-03-23,BPCL,46.40000000000001,68.1,11.2,21.5,48.3,50.0,48.6,,,272.95,BEAR,4.341454478842287,16.5231727422605,reports_pairwise
2026-03-23,CENTRALBK,48.1,71.9,12.4,30.0,44.3,50.0,51.0,,,32.86,BEAR,-3.073645769933043,10.438222763237977,reports_pairwise
2026-03-23,MAXHEALTH,47.0,55.8,11.2,15.3,49.6,50.0,54.4,,,949.6,BEAR,0.9267059814658755,7.439974726200503,reports_pairwise
2026-03-23,OFSS,48.1,95.3,33.6,8.1,52.4,50.0,46.8,,,6465.5,BEAR,4.9261464697239195,22.66646044389452,reports_pairwise
2026-03-23,TATASTEEL,48.2,47.1,21.1,9.8,41.0,50.0,59.0,,,188.17,BEAR,2.4658553435723096,12.669394696285277,reports_pairwise
2026-03-23,ADANIENT,48.0,84.4,11.6,21.9,52.7,50.0,47.3,,,1839.2,BEAR,-2.441278816876908,21.030882992605477,reports_pairwise
2026-03-23,TATACOMM,47.40000000000001,67.1,18.8,21.3,57.0,50.0,51.6,,,1391.7,BEAR,-1.8538478120284512,8.744700725731123,reports_pairwise
2026-03-23,INDHOTEL,45.67,70.0,17.7,2.8,52.9,50.0,52.7,,,585.8,BEAR,-0.9730283373164786,13.716285421645619,reports_pairwise
2026-03-23,ASHOKLEY,47.37,67.7,11.9,10.1,50.3,50.0,56.0,,,162.53,BEAR,-4.251522795791543,8.66301605857381,reports_pairwise
2026-03-23,GMRAIRPORT,46.87,65.3,17.5,13.9,43.3,50.0,58.0,,,85.07,BEAR,0.7170565416715807,14.305865757611382,reports_pairwise
2026-03-23,GAIL,44.8,79.7,12.9,18.2,52.0,50.0,52.9,,,136.57,BEAR,2.138097678846025,17.719850626052587,reports_pairwise
2026-03-23,BAJAJHFL,42.6,54.1,16.8,23.6,49.3,50.0,41.9,,,78.65,BEAR,-6.039415130324221,15.74062301335028,reports_pairwise
2026-03-23,ADANIENSOL,47.2,53.4,33.7,7.5,57.4,50.0,57.3,,,947.3,BEAR,-1.0028502058482003,33.569091101023965,reports_pairwise
2026-03-23,VBL,45.67,71.3,14.6,15.4,55.0,50.0,51.4,,,386.25,BEAR,-0.517799352750809,25.592233009708742,reports_pairwise
2026-03-23,BAJAJHLDNG,46.8,81.9,11.2,17.0,53.9,50.0,43.6,,,9217.0,BEAR,-4.155365086253662,12.06466312249105,reports_pairwise
2026-03-23,IDFCFIRSTB,46.8,66.8,13.5,15.0,49.8,50.0,49.3,,,60.66,BEAR,-1.6485328058028357,12.001318826244646,reports_pairwise
2026-03-23,IRFC,46.0,58.6,19.4,19.7,56.6,50.0,44.8,,,90.33,BEAR,-1.4613085353703013,14.701649507361896,reports_pairwise
2026-03-23,NAUKRI,46.1,54.6,28.9,15.0,67.1,50.0,45.7,,,968.3,BEAR,-0.4853867603015524,11.298151399359712,reports_pairwise
2026-03-23,NTPCGREEN,46.3,32.4,57.7,1.5,57.9,50.0,52.0,,,93.91,BEAR,0.3194547971462008,18.93302097753168,reports_pairwise
2026-03-23,SUZLON,46.77,92.5,31.5,15.0,53.6,50.0,36.1,,,40.09,BEAR,-0.049887752556755115,32.45198303816412,reports_pairwise
2026-03-23,IREDA,46.2,58.9,26.3,24.5,54.5,50.0,42.2,,,111.44,BEAR,0.7178750897343836,15.631730078966275,reports_pairwise
2026-03-23,TATATECH,43.90000000000001,71.0,18.8,17.9,55.0,50.0,50.3,,,524.35,BEAR,-1.7068751787927998,11.271097549346814,reports_pairwise
2026-03-23,TIINDIA,46.07,54.9,24.1,9.4,59.8,50.0,48.8,,,2491.8,BEAR,1.2721727265430538,15.78778393129463,reports_pairwise
2026-03-23,MPHASIS,45.1,85.0,17.9,8.0,55.4,50.0,49.7,,,2047.8,BEAR,1.3233714229905331,18.126770192401604,reports_pairwise
2026-03-23,UCOBANK,45.6,75.3,11.2,18.7,55.1,50.0,42.6,,,23.57,BEAR,-2.9274501484938535,13.02503182011031,reports_pairwise
2026-03-23,HINDZINC,45.3,80.1,11.2,17.9,51.7,50.0,41.5,,,488.85,BEAR,3.6105144727421448,20.38457604582182,reports_pairwise
2026-03-23,HUDCO,45.3,58.0,20.0,20.3,57.1,50.0,42.8,,,166.07,BEAR,-3.0469079303908004,19.443608117059085,reports_pairwise
2026-03-23,MAZDOCK,45.27,85.9,34.1,8.4,55.5,50.0,34.0,,,2213.0,BEAR,-5.716222322638951,20.0451875282422,reports_pairwise
2026-03-23,NYKAA,43.77,37.3,16.9,9.3,43.0,50.0,62.3,,,234.4,BEAR,-0.2559726962457314,13.029010238907846,reports_pairwise
2026-03-23,PHOENIXLTD,43.5,53.3,18.7,27.1,47.8,50.0,56.7,,,1489.6,BEAR,1.6380236305048395,21.307733619763702,reports_pairwise
2026-03-23,VOLTAS,44.07000000000001,55.1,12.1,13.5,40.8,50.0,59.3,,,1249.2,BEAR,2.3855267371117477,16.65065642010887,reports_pairwise
2026-03-23,M&MFIN,44.5,53.1,11.2,4.9,49.6,50.0,50.8,,,297.45,BEAR,-3.6308623298033327,2.992099512523125,reports_pairwise
2026-03-23,HYUNDAI,43.67,94.0,13.9,8.1,49.8,50.0,42.3,,,1887.6,BEAR,-5.928162746344558,-0.1006569188387298,reports_pairwise
2026-03-23,IGL,43.40000000000001,83.2,18.9,1.5,51.7,50.0,48.0,,,149.27,BEAR,-1.172372211428954,12.01179071481207,reports_pairwise
2026-03-23,INDIGO,42.77,52.8,17.3,19.0,56.4,50.0,45.4,,,3957.2,BEAR,3.1461639543111293,18.596482361265558,reports_pairwise
2026-03-23,MOTHERSON,42.87,67.0,14.9,8.1,45.1,50.0,50.7,,,107.5,BEAR,-1.4604651162790634,16.000000000000004,reports_pairwise
2026-03-23,HINDPETRO,42.3,54.0,11.3,40.5,53.8,50.0,40.4,,,323.75,BEAR,4.401544401544402,18.733590733590727,reports_pairwise
2026-03-23,TATAELXSI,42.3,74.5,22.9,30.1,54.4,50.0,42.7,,,4144.7,BEAR,-2.4054816995198647,12.20836248703163,reports_pairwise
2026-03-23,DLF,41.2,77.4,17.9,15.0,55.5,50.0,42.6,,,519.65,BEAR,-2.646011738670259,16.915231405753868,reports_pairwise
2026-03-23,ETERNAL,41.47000000000001,49.9,27.8,9.3,68.3,50.0,39.6,,,226.56,BEAR,1.540430790960456,14.530367231638424,reports_pairwise
2026-03-23,MOTILALOFS,40.8,66.1,17.7,15.0,56.3,50.0,32.1,,,631.55,BEAR,1.7021613490618321,30.029293009262943,reports_pairwise
2026-03-23,PAYTM,40.40000000000001,50.3,27.3,7.9,51.6,50.0,47.8,,,996.9,BEAR,-2.417494232119573,17.04283278162303,reports_pairwise
2026-03-23,COFORGE,40.3,72.1,26.9,7.8,66.9,50.0,35.6,,,1095.0,BEAR,2.6849315068493236,18.063926940639266,reports_pairwise
2026-03-23,ATGL,40.2,56.1,47.1,25.2,58.7,50.0,32.5,,,519.8,BEAR,-0.8080030781069512,18.247402847248946,reports_pairwise
2026-03-23,IDBI,39.6,79.4,11.2,15.0,48.8,50.0,30.5,,,68.02,BEAR,-7.968244633931189,8.394594761737133,reports_pairwise
2026-03-23,JUBLFOOD,36.47000000000001,30.5,12.1,3.0,54.1,50.0,47.5,,,440.25,BEAR,-0.011357183418514792,7.189097103918223,reports_pairwise
2026-03-23,KPITTECH,38.5,87.1,21.0,15.0,54.3,50.0,32.5,,,653.9,BEAR,-1.1622572258755197,13.885915277565388,reports_pairwise
2026-03-23,DIXON,37.8,80.2,28.8,5.2,48.0,50.0,33.0,,,9940.0,BEAR,-0.3621730382293763,13.329979879275655,reports_pairwise
2026-03-23,TRENT,37.77,68.7,16.2,15.0,53.4,50.0,34.7,,,3393.8,BEAR,-2.4220637633331448,29.36825976781188,reports_pairwise
2026-03-23,LODHA,37.1,81.6,11.2,25.0,56.8,50.0,33.6,,,740.6,BEAR,-8.634890629219557,18.241965973534974,reports_pairwise
2026-03-23,KALYANKJIL,36.97000000000001,59.0,19.6,11.4,52.6,50.0,35.2,,,365.25,BEAR,3.764544832306639,13.64818617385353,reports_pairwise
2026-03-23,BDL,36.87,60.6,20.8,15.0,48.8,50.0,31.0,,,1169.4,BEAR,-5.165041901830006,17.58166581152727,reports_pairwise
2026-03-23,GODREJPROP,36.40000000000001,58.7,15.8,24.5,54.8,50.0,38.5,,,1501.7,BEAR,-1.9910767796497364,20.197109942065655,reports_pairwise
2026-03-23,VMM,36.27,52.6,16.8,4.5,52.2,50.0,38.0,,,99.14,BEAR,5.6485777688117755,24.35949162800081,reports_pairwise
2026-03-23,RVNL,35.87,56.8,15.1,7.5,56.5,50.0,30.9,,,251.65,BEAR,0.9537055434134732,18.760182793562493,reports_pairwise
2026-03-23,ADANIGREEN,35.7,61.2,18.5,4.6,50.8,50.0,38.4,,,819.55,BEAR,0.018302727106349944,40.32090781526448,reports_pairwise
2026-03-23,PRESTIGE,35.6,39.0,15.7,6.4,55.5,50.0,44.9,,,1189.0,BEAR,-5.550883095037848,17.973086627418002,reports_pairwise
2026-03-23,IDEA,35.4,79.9,16.1,12.6,52.2,50.0,30.8,,,8.87,BEAR,-2.2547914317925515,7.666290868094719,reports_pairwise
2026-03-23,COCHINSHIP,34.87,61.6,17.9,15.2,52.4,50.0,26.4,,,1275.0,BEAR,-4.933333333333341,22.109803921568634,reports_pairwise
2026-03-23,SJVN,34.5,34.4,23.7,10.4,50.0,50.0,41.9,,,66.69,BEAR,-3.1189083820662744,15.174688858899394,reports_pairwise
2026-03-23,SWIGGY,32.67,49.5,22.6,38.1,52.0,50.0,28.0,,,270.85,BEAR,-3.8397637068488213,4.7812442311242345,reports_pairwise
2026-03-23,ABFRL,24.97,43.9,16.1,27.3,56.9,50.0,12.0,,,56.77,BEAR,-2.9416945569843254,13.52827197463449,reports_pairwise
2026-03-23,OLAELEC,22.67,34.6,32.3,15.0,55.9,50.0,7.8,,,23.54,BEAR,0.12744265080714162,59.17587085811385,reports_pairwise
2026-03-24,COALINDIA,73.565,90.5,50.1,27.3,68.6,50.0,75.7,,,442.1,BEAR,3.528613435874229,0.2375028274146018,reports_pairwise
2026-03-24,LUPIN,71.47,86.4,50.6,31.9,82.0,50.0,76.7,,,2331.8,BEAR,-0.3773908568487941,-0.8705720902307307,reports_pairwise
2026-03-24,RELIANCE,66.76,75.0,53.5,22.8,60.1,50.0,72.8,,,1411.8,BEAR,-4.4623884402889935,-4.143646408839778,reports_pairwise
2026-03-24,SUNPHARMA,66.14000000000001,74.2,42.6,12.2,65.2,50.0,77.7,,,1753.3,BEAR,1.140706097074089,-5.024810357611356,reports_pairwise
2026-03-24,TORNTPHARM,64.33500000000001,69.4,34.9,7.5,75.9,50.0,78.6,,,4256.6,BEAR,-0.77761593760279,-2.8402950711835864,reports_pairwise
2026-03-24,AUROPHARMA,70.72500000000001,79.8,68.8,21.5,75.0,50.0,70.8,,,1281.6,BEAR,2.7699750312109863,8.590823970037464,reports_pairwise
2026-03-24,DRREDDY,63.795,81.3,32.8,20.6,63.0,50.0,74.5,,,1259.6,BEAR,-0.03175611305175163,-3.0962210225468403,reports_pairwise
2026-03-24,NTPC,60.525,65.8,44.6,18.1,75.6,50.0,79.0,,,375.55,BEAR,-0.4127279989348985,5.498602050326181,reports_pairwise
2026-03-24,ICICIBANK,59.205,87.2,18.1,20.8,60.1,50.0,71.9,,,1251.2,BEAR,-2.7093989769821043,10.965473145780054,reports_pairwise
2026-03-24,ONGC,63.63500000000001,70.5,31.2,23.2,67.7,50.0,72.9,,,268.05,BEAR,6.472673008767008,5.614624137287824,reports_pairwise
2026-03-24,HDFCBANK,58.71,84.4,15.0,28.3,71.2,50.0,65.1,,,764.9,BEAR,-2.778140933455354,6.1249836579945125,reports_pairwise
2026-03-24,PIDILITIND,57.215,70.5,20.0,29.4,52.0,50.0,72.2,,,1332.2,BEAR,-3.0175649301906655,5.674823600060043,reports_pairwise
2026-03-24,ZYDUSLIFE,60.07,81.7,35.4,7.8,58.8,50.0,68.1,,,886.4,BEAR,-0.2199909747292342,4.760830324909753,reports_pairwise
2026-03-24,SBIN,58.28,86.8,11.2,16.9,51.2,50.0,70.1,,,1030.8,BEAR,-4.055102832751257,7.862824990298793,reports_pairwise
2026-03-24,ALKEM,59.57,83.2,31.4,15.5,49.5,50.0,72.6,,,5297.0,BEAR,0.34925429488389653,7.542004908438739,reports_pairwise
2026-03-24,POWERGRID,58.99,60.5,46.2,17.7,78.8,50.0,73.9,,,299.0,BEAR,-0.919732441471572,6.80602006688964,reports_pairwise
2026-03-24,ABB,62.26349999999999,75.3,52.2,3.0,75.7,50.0,69.7,,,6162.0,BEAR,-2.4342745861733204,17.73774748458293,reports_pairwise
2026-03-24,APOLLOHOSP,57.495,54.7,30.1,15.9,62.5,50.0,75.1,,,7413.0,BEAR,-0.3777148253068933,4.46512882773506,reports_pairwise
2026-03-24,MARICO,56.23,72.6,23.0,8.4,64.8,50.0,76.8,,,739.1,BEAR,0.2300094709782075,3.166012718170745,reports_pairwise
2026-03-24,SBILIFE,55.80500000000001,63.9,20.3,17.9,55.6,50.0,72.9,,,1836.0,BEAR,-2.766884531590412,4.1176470588235246,reports_pairwise
2026-03-24,CIPLA,55.655,90.3,16.2,11.1,63.5,50.0,61.4,,,1219.4,BEAR,0.7380679022470067,1.0742988354928578,reports_pairwise
2026-03-24,AXISBANK,57.32,88.4,15.2,9.5,43.5,50.0,67.8,,,1192.7,BEAR,-2.7668315586484447,15.51102540454431,reports_pairwise
2026-03-24,KOTAKBANK,55.62500000000001,80.9,17.4,15.0,64.5,50.0,65.9,,,366.85,BEAR,-2.5214665394575437,4.170641951751384,reports_pairwise
2026-03-24,TATAPOWER,56.55500000000001,51.1,50.8,31.6,58.8,50.0,73.1,,,384.75,BEAR,-0.3898635477582846,13.333333333333336,reports_pairwise
2026-03-24,ICICIGI,56.855,82.4,13.0,24.6,57.3,50.0,67.5,,,1730.1,BEAR,-0.9768221490087201,6.352233974914751,reports_pairwise
2026-03-24,LICI,56.83500000000001,92.6,17.7,24.7,54.5,50.0,62.5,,,758.7,BEAR,-3.842098326084103,8.620007908264132,reports_pairwise
2026-03-24,HCLTECH,57.97,94.5,44.1,40.1,84.3,50.0,60.7,,,1373.3,BEAR,-1.4927546785116144,4.944294764436036,reports_pairwise
2026-03-24,BHARTIARTL,53.37,66.1,21.2,7.5,61.8,50.0,70.3,,,1802.1,BEAR,-0.3273958159924457,2.9354641806781028,reports_pairwise
2026-03-24,TECHM,57.98,83.3,56.9,19.9,86.6,50.0,60.2,,,1432.7,BEAR,-3.678369512110005,4.753263069728479,reports_pairwise
2026-03-24,ACC,53.475,76.2,14.3,27.2,72.4,50.0,54.2,,,1334.3,BEAR,-4.4667615978415585,7.771865397586754,reports_pairwise
2026-03-24,CUMMINSIND,58.7185,74.9,33.6,11.7,72.6,50.0,70.3,,,4619.6,BEAR,-1.3918954021993284,10.754177850896166,reports_pairwise
2026-03-24,OIL,61.16,76.6,40.1,15.0,67.7,50.0,65.8,,,477.95,BEAR,1.914426195208711,-2.678104404226386,reports_pairwise
2026-03-24,NMDC,60.40000000000001,87.4,37.5,18.0,54.1,50.0,64.6,,,76.77,BEAR,0.664322000781562,15.24032825322392,reports_pairwise
2026-03-24,ITC,52.45500000000001,94.1,16.4,37.9,66.3,50.0,57.4,,,291.25,BEAR,-0.3776824034334842,6.317596566523598,reports_pairwise
2026-03-24,NESTLEIND,52.105,73.2,17.5,7.7,46.2,50.0,74.8,,,1183.2,BEAR,-0.18593644354293826,16.624408384043278,reports_pairwise
2026-03-24,GICRE,55.62500000000001,72.2,30.3,13.9,50.4,50.0,63.4,,,357.3,BEAR,0.9795689896445563,11.167086481947937,reports_pairwise
2026-03-24,FEDERALBNK,55.85000000000001,82.6,18.6,13.1,54.1,50.0,68.4,,,262.5,BEAR,-0.20952380952381386,12.666666666666668,reports_pairwise
2026-03-24,ASIANPAINT,53.46,66.0,27.6,24.8,69.0,50.0,60.6,,,2217.3,BEAR,-1.880665674468961,14.716096152978835,reports_pairwise
2026-03-24,HDFCLIFE,52.37,58.4,12.5,29.5,72.3,50.0,61.7,,,603.0,BEAR,-1.285240464344942,1.8573797678275366,reports_pairwise
2026-03-24,ULTRACEMCO,52.8,60.9,18.8,21.6,52.4,50.0,67.6,,,10764.0,BEAR,0.1579338535860275,11.845039018952063,reports_pairwise
2026-03-24,DIVISLAB,55.88,64.5,26.6,13.3,64.3,50.0,66.3,,,6026.0,BEAR,-1.5433123133089943,4.31463657484235,reports_pairwise
2026-03-24,GRASIM,52.97,43.1,22.0,35.4,58.0,50.0,70.3,,,2549.4,BEAR,1.0041578410606382,8.955048246646259,reports_pairwise
2026-03-24,HINDUNILVR,50.765,73.3,14.2,24.1,55.5,50.0,65.1,,,2085.0,BEAR,-1.625899280575544,10.824940047961622,reports_pairwise
2026-03-24,NHPC,54.34,41.6,59.7,4.3,81.4,50.0,65.5,,,76.54,BEAR,-3.148680428534114,7.956623987457524,reports_pairwise
2026-03-24,GLENMARK,58.465,57.8,45.8,5.5,63.9,50.0,65.3,,,2095.7,BEAR,2.113852173498124,6.556281910578809,reports_pairwise
2026-03-24,J&KBANK,58.48999999999999,69.8,45.5,10.8,77.1,50.0,57.6,,,113.1,BEAR,-1.538461538461534,11.450046906947673,reports_pairwise
2026-03-24,BRITANNIA,50.875,65.3,16.6,19.1,47.0,50.0,72.8,,,5513.5,BEAR,-0.7980411716695384,5.876484991384783,reports_pairwise
2026-03-24,PFC,57.335,56.4,39.5,14.2,68.8,50.0,64.4,,,398.75,BEAR,-3.5736677115987465,18.144200626959254,reports_pairwise
2026-03-24,SHREECEM,50.745,56.5,20.1,22.3,67.6,50.0,60.7,,,23325.0,BEAR,-0.15005359056806003,9.496248660235798,reports_pairwise
2026-03-24,TITAN,51.225,50.0,19.6,16.5,54.9,50.0,74.1,,,3899.5,BEAR,0.9052442620848873,14.878830619310163,reports_pairwise
2026-03-24,IRB,54.4035,68.3,46.9,11.4,65.5,50.0,58.2,,,40.63,BEAR,-45.311346295840515,-46.295840511936994,reports_pairwise
2026-03-24,BAJAJFINSV,52.11,55.5,16.3,33.2,59.7,50.0,62.8,,,1704.4,BEAR,-3.854728936869282,8.624735977470078,reports_pairwise
2026-03-24,UNITDSPR,51.55500000000001,68.6,32.4,27.5,55.8,50.0,65.9,,,1328.0,BEAR,-7.5753012048192705,2.635542168674699,reports_pairwise
2026-03-24,BEL,54.9635,75.3,25.8,21.7,58.9,50.0,66.7,,,414.45,BEAR,-2.388707926167204,8.939558450959105,reports_pairwise
2026-03-24,PNB,54.575,77.1,15.5,13.0,60.6,50.0,61.2,,,107.26,BEAR,-5.202312138728322,6.386350922990857,reports_pairwise
2026-03-24,APLAPOLLO,53.1,68.4,21.3,7.5,58.6,50.0,66.0,,,1974.4,BEAR,-0.3190842787682426,6.695705024311175,reports_pairwise
2026-03-24,INFY,53.39,92.7,37.9,19.3,75.7,50.0,57.3,,,1278.3,BEAR,-1.658452632402413,2.7301885316435963,reports_pairwise
2026-03-24,EICHERMOT,51.44,84.7,18.9,7.5,50.3,50.0,67.1,,,6871.0,BEAR,-3.2091398631931307,5.377674283219328,reports_pairwise
2026-03-24,PAGEIND,51.54000000000001,70.8,48.7,11.4,77.8,50.0,51.1,,,32170.0,BEAR,-1.3366490519117191,17.998134908299658,reports_pairwise
2026-03-24,INDIANB,56.325,85.0,20.0,14.3,54.1,50.0,63.9,,,871.45,BEAR,-1.8704458087096296,5.691663319754422,reports_pairwise
2026-03-24,BANKBARODA,53.90000000000001,77.6,16.5,15.3,52.5,50.0,63.7,,,270.5,BEAR,-7.467652495378924,5.0092421441774535,reports_pairwise
2026-03-24,BAJAJ-AUTO,50.89,79.9,20.0,10.3,40.9,50.0,68.8,,,8898.0,BEAR,-0.7192627556754326,10.058440098898629,reports_pairwise
2026-03-24,ICICIPRULI,50.31,56.8,11.2,9.0,62.5,50.0,62.6,,,537.5,BEAR,-4.604651162790698,2.3441860465116324,reports_pairwise
2026-03-24,NATIONALUM,55.88,93.3,41.2,22.5,68.2,50.0,47.6,,,354.65,BEAR,9.925278443535895,19.25842379811082,reports_pairwise
2026-03-24,CANBK,54.18000000000001,81.2,18.5,13.0,52.4,50.0,62.1,,,133.15,BEAR,-6.038302666165983,8.343972962823871,reports_pairwise
2026-03-24,AUBANK,55.27,79.0,21.0,52.6,50.9,50.0,62.4,,,877.5,BEAR,-4.074074074074074,18.279202279202288,reports_pairwise
2026-03-24,PIIND,51.44500000000001,80.7,13.5,39.0,67.3,50.0,50.7,,,2759.0,BEAR,-1.1090974990938713,9.507067778180508,reports_pairwise
2026-03-24,AMBUJACEM,50.88,76.7,15.0,20.5,73.1,50.0,52.0,,,407.55,BEAR,-0.7483744325849617,11.94945405471721,reports_pairwise
2026-03-24,MARUTI,49.695,85.0,16.6,15.0,56.0,50.0,59.0,,,12464.0,BEAR,-1.099165596919127,7.999037227214377,reports_pairwise
2026-03-24,MFSL,50.16500000000001,48.1,14.7,17.3,48.9,50.0,67.1,,,1583.5,BEAR,-5.87938111777707,4.123776444584778,reports_pairwise
2026-03-24,TATACONSUM,49.58500000000001,54.4,20.6,26.7,55.1,50.0,70.4,,,1053.1,BEAR,-2.820244990979008,8.441743424176252,reports_pairwise
2026-03-24,DMART,50.105,61.5,36.3,15.4,63.1,50.0,61.3,,,3756.5,BEAR,4.855583654998006,22.172234793025414,reports_pairwise
2026-03-24,DABUR,49.21000000000001,72.0,11.9,27.6,66.6,50.0,60.8,,,421.4,BEAR,-2.4086378737541474,7.261509254864743,reports_pairwise
2026-03-24,TCS,48.77,92.1,17.7,27.8,70.1,50.0,54.2,,,2398.8,BEAR,-0.7712189428047357,8.82524595631148,reports_pairwise
2026-03-24,HAVELLS,49.0135,66.2,19.2,15.0,60.4,50.0,60.7,,,1234.2,BEAR,-3.767622751579971,7.664884135472364,reports_pairwise
2026-03-24,MAHABANK,54.50000000000001,84.0,23.8,35.3,58.4,50.0,57.4,,,63.88,BEAR,-2.5986224170319407,25.516593613024423,reports_pairwise
2026-03-24,INDUSTOWER,53.005,83.3,26.2,15.8,54.0,50.0,65.1,,,429.3,BEAR,-2.3293733985557887,-3.389238294898675,reports_pairwise
2026-03-24,ASTRAL,54.1135,60.3,32.8,0.8,73.1,50.0,65.3,,,1594.4,BEAR,1.0662318113396887,-0.7463622679377879,reports_pairwise
2026-03-24,IOB,54.205,87.4,24.5,49.4,60.2,50.0,52.2,,,32.44,BEAR,-2.7743526510480847,7.521578298397056,reports_pairwise
2026-03-24,BIOCON,52.75000000000001,44.5,30.2,22.6,55.6,50.0,65.5,,,369.05,BEAR,-1.9780517545048126,-2.0457932529467584,reports_pairwise
2026-03-24,HEROMOTOCO,52.075,89.2,30.7,14.4,53.4,50.0,61.7,,,5253.0,BEAR,-2.922139729678279,0.1142204454597373,reports_pairwise
2026-03-24,MRF,50.54000000000001,76.4,20.8,35.1,64.5,50.0,61.2,,,127645.0,BEAR,-0.9479415566610522,9.416741744682518,reports_pairwise
2026-03-24,ADANIPORTS,51.9985,81.4,20.9,15.2,47.0,50.0,64.7,,,1344.2,BEAR,-1.614343103704809,18.590983484600496,reports_pairwise
2026-03-24,INDUSINDBK,53.145,74.5,14.7,33.4,53.5,50.0,61.3,,,797.25,BEAR,-4.7350266541235495,7.419253684540605,reports_pairwise
2026-03-24,IRCTC,48.02500000000001,89.3,19.7,22.4,63.3,50.0,52.4,,,515.15,BEAR,-2.9311850917208515,8.939143938658658,reports_pairwise
2026-03-24,PETRONET,52.245,83.3,18.1,44.5,47.2,50.0,55.7,,,241.9,BEAR,3.245142620917732,14.832575444398499,reports_pairwise
2026-03-24,BSE,53.405,75.0,51.7,13.1,65.9,50.0,47.1,,,2805.9,BEAR,-3.4997683452724715,25.30026016607862,reports_pairwise
2026-03-24,HDFCAMC,52.63,87.9,20.1,15.0,52.5,50.0,58.8,,,2351.7,BEAR,-4.422332780541736,18.807671046477026,reports_pairwise
2026-03-24,HINDALCO,52.27500000000001,75.1,23.7,14.2,53.7,50.0,58.2,,,854.65,BEAR,4.03674018604107,19.54016263967706,reports_pairwise
2026-03-24,LT,49.3535,65.8,19.2,19.1,59.4,50.0,62.3,,,3516.8,BEAR,0.3582802547770675,15.883757961783438,reports_pairwise
2026-03-24,SIEMENS,51.9735,61.8,22.0,14.0,58.1,50.0,65.6,,,3001.8,BEAR,-1.4358051835565449,23.98227730028648,reports_pairwise
2026-03-24,LTIM,50.83500000000001,87.9,24.0,56.2,72.4,50.0,52.3,,,4504.0,BEAR,0.0,0.0,reports_pairwise
2026-03-24,HAL,51.0935,92.9,20.5,11.1,66.8,50.0,53.7,,,3654.0,BEAR,-3.5440613026819925,19.2775041050903,reports_pairwise
2026-03-24,MANKIND,49.98,58.4,25.9,36.8,53.3,50.0,56.4,,,1987.8,BEAR,0.5533755911057451,10.675118221149011,reports_pairwise
2026-03-24,UPL,52.535,54.5,41.1,17.2,77.5,50.0,55.0,,,620.45,BEAR,-7.220565718430182,5.455717624304925,reports_pairwise
2026-03-24,IOC,48.26000000000001,57.2,11.2,14.2,55.8,50.0,56.0,,,138.7,BEAR,-1.643835616438357,6.207642393655382,reports_pairwise
2026-03-24,GODREJCP,47.26000000000001,59.8,13.8,15.0,57.6,50.0,63.0,,,1006.9,BEAR,-1.0924620121163968,11.734035157413842,reports_pairwise
2026-03-24,POLYCAB,50.8735,83.2,15.3,22.0,48.3,50.0,61.0,,,7064.5,BEAR,-3.015075376884422,12.612357562460188,reports_pairwise
2026-03-24,WIPRO,48.545,85.1,26.3,15.4,62.0,50.0,54.8,,,188.74,BEAR,0.19603687612588985,8.62032425558969,reports_pairwise
2026-03-24,JINDALSTEL,52.2,49.6,25.9,29.5,61.6,50.0,62.9,,,1120.6,BEAR,-0.2855613064429608,15.009816169908982,reports_pairwise
2026-03-24,JSWSTEEL,49.755,45.8,23.6,13.8,39.4,50.0,66.8,,,1133.7,BEAR,-0.46749581017905567,12.869365793419762,reports_pairwise
2026-03-24,ABCAPITAL,52.03,70.0,21.5,37.5,64.5,50.0,58.3,,,302.4,BEAR,-2.761243386243375,13.95502645502647,reports_pairwise
2026-03-24,PERSISTENT,51.93,78.5,51.7,17.1,90.6,50.0,50.7,,,4913.7,BEAR,-1.151881474245466,8.470195575635465,reports_pairwise
2026-03-24,ADANIPOWER,51.815,81.5,60.3,9.1,72.1,50.0,49.4,,,150.11,BEAR,1.425621211111842,35.22083805209511,reports_pairwise
2026-03-24,PREMIERENE,51.685,79.4,82.6,15.0,86.9,50.0,41.1,,,889.35,BEAR,-0.4441445999887609,11.95817169843144,reports_pairwise
2026-03-24,LICHSGFIN,47.985,46.3,20.4,27.9,52.3,50.0,58.6,,,479.0,BEAR,4.665970772442594,17.98538622129436,reports_pairwise
2026-03-24,VEDL,51.64,68.9,25.6,17.8,63.4,50.0,56.9,,,651.6,BEAR,1.7034990791896902,17.67955801104971,reports_pairwise
2026-03-24,M&M,48.77500000000001,68.4,23.9,15.3,63.2,50.0,60.8,,,3031.3,BEAR,-2.1179032098439703,7.1256556592880935,reports_pairwise
2026-03-24,BAJFINANCE,49.34500000000001,59.7,17.1,33.4,62.7,50.0,58.0,,,849.0,BEAR,-4.6466431095406415,10.583038869257953,reports_pairwise
2026-03-24,SRF,49.4585,61.1,31.1,22.9,70.2,50.0,55.9,,,2471.6,BEAR,-1.4201327075578536,-0.024275772778763114,reports_pairwise
2026-03-24,TVSMOTOR,47.545,50.0,24.2,9.1,50.3,50.0,68.6,,,3479.7,BEAR,-2.937034801850729,7.845503922751962,reports_pairwise
2026-03-24,YESBANK,50.715,73.6,17.0,27.6,68.5,50.0,54.6,,,18.07,BEAR,-4.205866076369682,9.407858328721634,reports_pairwise
2026-03-24,COLPAL,46.245,82.2,11.4,3.8,53.5,50.0,55.7,,,1877.3,BEAR,-4.01107974218292,12.214350396846532,reports_pairwise
2026-03-24,CONCOR,47.5535,75.6,19.7,19.9,68.0,50.0,51.9,,,433.1,BEAR,-0.6465019625952462,16.416531978757785,reports_pairwise
2026-03-24,MUTHOOTFIN,50.63500000000001,74.2,25.8,16.6,67.0,50.0,50.1,,,3155.2,BEAR,1.0300456389452333,14.420638945233266,reports_pairwise
2026-03-24,CGPOWER,50.4485,74.7,26.4,11.0,63.6,50.0,56.9,,,667.3,BEAR,-1.1164393825865326,20.672860782256862,reports_pairwise
2026-03-24,BHEL,50.2085,44.3,46.4,16.5,59.0,50.0,57.7,,,258.2,BEAR,-2.110766847405108,28.818745158791646,reports_pairwise
2026-03-24,PATANJALI,45.96,71.1,18.6,17.8,57.0,50.0,56.6,,,472.8,BEAR,-2.400592216582069,-0.9940778341793546,reports_pairwise
2026-03-24,BOSCHLTD,47.355,79.3,17.5,34.1,60.3,50.0,55.4,,,30080.0,BEAR,-4.089095744680852,26.66223404255319,reports_pairwise
2026-03-24,CENTRALBK,49.64,72.0,15.7,30.2,55.6,50.0,52.0,,,33.06,BEAR,-3.6600120992135534,9.770114942528725,reports_pairwise
2026-03-24,RECLTD,49.02500000000001,57.2,29.9,13.0,51.0,50.0,53.8,,,320.8,BEAR,-2.852244389027442,19.49812967581048,reports_pairwise
2026-03-24,EXIDEIND,45.91500000000001,65.3,23.2,19.2,61.0,50.0,55.0,,,298.5,BEAR,-2.2110552763819173,11.591289782244564,reports_pairwise
2026-03-24,ESCORTS,49.6235,79.5,18.9,58.6,69.6,50.0,49.9,,,2899.8,BEAR,-4.786537002551906,15.866611490447614,reports_pairwise
2026-03-24,SAIL,49.565,66.3,25.8,25.4,57.4,50.0,55.9,,,145.73,BEAR,5.798394290811788,20.12626089343307,reports_pairwise
2026-03-24,BANKINDIA,49.42,74.8,17.0,12.6,50.5,50.0,55.9,,,146.33,BEAR,-4.729037107906796,2.3918540285655707,reports_pairwise
2026-03-24,BHARTIHEXA,49.43000000000001,63.4,39.2,31.1,71.8,50.0,50.1,,,1581.2,BEAR,-3.775613458133066,-1.5178345560333923,reports_pairwise
2026-03-24,CHOLAFIN,49.315,64.3,13.0,28.4,62.8,50.0,55.9,,,1418.9,BEAR,-4.292057227429705,12.002255268165477,reports_pairwise
2026-03-24,UNIONBANK,49.29000000000001,80.1,18.9,13.1,51.4,50.0,54.1,,,173.82,BEAR,-3.331032102174659,10.102404786560811,reports_pairwise
2026-03-24,ADANIENT,49.155,83.9,11.3,62.7,69.0,50.0,46.7,,,1817.9,BEAR,-1.2982012211892917,22.44897959183673,reports_pairwise
2026-03-24,BANDHANBNK,49.09,77.8,16.2,20.7,58.3,50.0,52.6,,,149.99,BEAR,-5.360357357157157,17.42782852190145,reports_pairwise
2026-03-24,SUPREMEIND,48.87350000000001,63.4,28.8,4.5,62.5,50.0,56.8,,,3754.4,BEAR,-0.9855103345408055,-2.338589388450889,reports_pairwise
2026-03-24,BPCL,47.44500000000001,68.3,11.2,27.1,62.8,50.0,49.6,,,282.25,BEAR,0.9034543844109871,12.68379096545616,reports_pairwise
2026-03-24,SBICARD,46.355,53.7,18.5,31.7,71.8,50.0,50.2,,,673.5,BEAR,-4.335560504825545,0.9279881217520415,reports_pairwise
2026-03-24,SHRIRAMFIN,48.78,60.0,19.4,45.2,57.8,50.0,55.7,,,903.6,BEAR,-2.9105799026117825,15.681717574147843,reports_pairwise
2026-03-24,APOLLOTYRE,46.52,66.6,23.8,1.1,58.9,50.0,57.5,,,404.7,BEAR,1.0254509513219754,9.204348900420065,reports_pairwise
2026-03-24,OFSS,48.54000000000001,95.0,39.7,10.6,73.9,50.0,47.6,,,6605.5,BEAR,2.702293543259405,20.06661115736886,reports_pairwise
2026-03-24,TATASTEEL,48.58500000000001,57.4,28.5,12.8,55.7,50.0,59.8,,,190.79,BEAR,1.0587556999842813,11.122176214686304,reports_pairwise
2026-03-24,TORNTPOWER,47.70500000000001,80.3,19.2,9.3,59.5,50.0,60.8,,,1366.3,BEAR,-3.483861523823458,18.67818195125522,reports_pairwise
2026-03-24,BAJAJHLDNG,48.395,82.1,13.0,15.0,70.5,50.0,43.9,,,9337.0,BEAR,-5.387169326336083,10.624397558102174,reports_pairwise
2026-03-24,GAIL,45.845,79.9,16.8,32.1,67.9,50.0,53.0,,,137.67,BEAR,1.3220018885741422,16.779254739594702,reports_pairwise
2026-03-24,OBEROIRLTY,47.13500000000001,81.1,34.6,15.0,60.7,50.0,54.0,,,1443.8,BEAR,-0.5333148635545121,19.400193932677666,reports_pairwise
2026-03-24,JIOFIN,46.445,50.0,26.6,11.6,60.5,50.0,51.9,,,232.7,BEAR,-2.9651912333476482,0.8809626128061931,reports_pairwise
2026-03-24,POLICYBZR,48.12,53.3,41.4,8.8,59.4,50.0,49.0,,,1461.4,BEAR,-2.8671137265635753,11.071575201861226,reports_pairwise
2026-03-24,MAXHEALTH,46.78,55.8,13.5,19.7,52.8,50.0,55.5,,,969.2,BEAR,-1.1143210895584057,5.267230705736685,reports_pairwise
2026-03-24,SONACOMS,48.05500000000001,56.9,29.9,25.7,60.1,50.0,59.9,,,494.7,BEAR,-1.6777845158682054,17.505558924600763,reports_pairwise
2026-03-24,BHARATFORG,47.8,47.5,24.8,19.6,69.1,50.0,62.3,,,1708.8,BEAR,-1.6678370786516854,10.943352059925093,reports_pairwise
2026-03-24,UCOBANK,47.855,75.7,15.3,28.6,70.0,50.0,43.7,,,23.98,BEAR,-4.587155963302758,11.09257714762302,reports_pairwise
2026-03-24,LTF,47.655,56.5,22.2,17.6,56.2,50.0,55.2,,,254.8,BEAR,-5.572998430141294,14.560439560439548,reports_pairwise
2026-03-24,ASHOKLEY,47.4085,67.2,15.3,10.7,55.2,50.0,57.1,,,167.13,BEAR,-6.886854544366655,5.672231197271596,reports_pairwise
2026-03-24,SUZLON,47.57850000000001,92.0,38.8,17.9,77.1,50.0,36.7,,,41.04,BEAR,-2.363547758284598,29.38596491228071,reports_pairwise
2026-03-24,SOLARINDS,47.47500000000001,72.3,17.0,15.2,52.2,50.0,49.4,,,12554.0,BEAR,-2.891508682491636,19.077584833519197,reports_pairwise
2026-03-24,BAJAJHFL,42.27,54.1,18.4,42.7,70.1,50.0,41.9,,,78.75,BEAR,-6.158730158730152,15.593650793650795,reports_pairwise
2026-03-24,IDFCFIRSTB,46.965,66.3,18.2,18.4,56.2,50.0,50.0,,,62.09,BEAR,-3.913673699468524,9.42180705427604,reports_pairwise
2026-03-24,TATACOMM,46.30000000000001,66.9,23.1,27.6,61.8,50.0,52.0,,,1407.3,BEAR,-2.9418034534214357,7.539259575072845,reports_pairwise
2026-03-24,INDHOTEL,44.90000000000001,69.1,23.7,10.1,59.4,50.0,53.6,,,604.05,BEAR,-3.964903567585454,10.280605910106784,reports_pairwise
2026-03-24,GMRAIRPORT,46.13849999999999,65.5,22.2,16.3,47.5,50.0,59.8,,,89.02,BEAR,-3.7519658503706914,9.233880026960232,reports_pairwise
2026-03-24,IRFC,46.22000000000001,57.9,24.2,31.1,74.5,50.0,45.4,,,92.87,BEAR,-4.156347582642402,11.564552600409169,reports_pairwise
2026-03-24,JSWENERGY,46.115,42.8,44.7,8.4,45.1,50.0,61.6,,,484.0,BEAR,-2.303719008264458,12.944214876033053,reports_pairwise
2026-03-24,TIINDIA,46.6035,55.0,36.1,19.4,68.9,50.0,50.0,,,2568.6,BEAR,-1.7558202912092158,12.325780580861165,reports_pairwise
2026-03-24,WAAREEENER,46.55500000000001,84.3,70.2,7.9,82.7,50.0,35.1,,,3086.7,BEAR,0.2688955842809532,12.508504227816127,reports_pairwise
2026-03-24,ADANIENSOL,46.375,54.1,36.9,28.1,58.9,50.0,58.4,,,967.3,BEAR,-3.0497260415589786,30.80740204693477,reports_pairwise
2026-03-24,NAUKRI,45.77,54.0,35.9,18.2,78.2,50.0,46.5,,,987.4,BEAR,-2.410370670447636,9.145229896698407,reports_pairwise
2026-03-24,NTPCGREEN,45.42,32.5,63.2,0.0,69.1,50.0,53.6,,,95.7,BEAR,-1.5569487983281183,16.708463949843257,reports_pairwise
2026-03-24,VBL,45.065,71.1,17.5,20.8,70.2,50.0,51.4,,,388.35,BEAR,-1.0557486803141554,24.913093858632678,reports_pairwise
2026-03-24,MPHASIS,45.43000000000001,84.5,24.4,16.5,70.8,50.0,51.0,,,2116.8,BEAR,-1.9794028722600192,14.276266061980339,reports_pairwise
2026-03-24,IREDA,45.76000000000001,58.4,30.5,29.0,67.9,50.0,42.8,,,114.37,BEAR,-1.8623764973332253,12.669406312844284,reports_pairwise
2026-03-24,HUDCO,45.52000000000001,58.4,24.5,28.0,62.9,50.0,43.4,,,169.16,BEAR,-4.817923859068341,17.261764010404363,reports_pairwise
2026-03-24,HINDZINC,45.41,79.6,13.9,15.1,62.6,50.0,42.1,,,497.05,BEAR,1.9012171813700813,18.398551453576097,reports_pairwise
2026-03-24,M&MFIN,45.16,52.5,14.0,10.0,64.6,50.0,51.5,,,306.2,BEAR,-6.384715871979102,0.04898758981059245,reports_pairwise
2026-03-24,IGL,44.39,83.3,22.9,7.5,69.8,50.0,47.9,,,149.89,BEAR,-1.5811595169791022,11.5484688771766,reports_pairwise
2026-03-24,TATATECH,42.52500000000001,70.8,21.6,9.7,63.8,50.0,50.5,,,530.4,BEAR,-2.828054298642534,10.001885369532442,reports_pairwise
2026-03-24,HYUNDAI,43.835,94.3,14.5,20.0,70.4,50.0,41.4,,,1859.5,BEAR,-4.506587792417314,1.4089809088464667,reports_pairwise
2026-03-24,NYKAA,43.22,37.4,21.0,14.4,53.2,50.0,63.5,,,240.05,BEAR,-2.603624244948969,10.368673193084769,reports_pairwise
2026-03-24,PHOENIXLTD,42.95,53.0,21.0,31.8,62.9,50.0,56.9,,,1503.5,BEAR,0.6983704689058863,20.18623212504157,reports_pairwise
2026-03-24,VOLTAS,43.41000000000001,55.3,17.8,15.3,46.8,50.0,61.2,,,1302.1,BEAR,-1.7740572920666546,11.911527532447597,reports_pairwise
2026-03-24,MAZDOCK,43.2735,85.5,40.5,15.0,44.8,50.0,34.5,,,2253.0,BEAR,-7.390146471371504,17.913892587660893,reports_pairwise
2026-03-24,INDIGO,42.4235,50.9,23.4,29.0,63.8,50.0,46.8,,,4150.8,BEAR,-1.66473932735859,13.064951334682476,reports_pairwise
2026-03-24,HINDPETRO,42.355,54.5,16.3,28.0,69.2,50.0,41.2,,,336.8,BEAR,0.3562945368170988,14.133016627078373,reports_pairwise
2026-03-24,TATAELXSI,41.86,74.3,26.8,28.3,70.3,50.0,43.1,,,4180.2,BEAR,-3.234295009808139,11.255442323333813,reports_pairwise
2026-03-24,ETERNAL,41.58,49.9,34.2,9.8,83.2,50.0,41.6,,,237.94,BEAR,-3.3159620072287073,9.052702361939993,reports_pairwise
2026-03-24,DLF,40.76000000000001,77.3,20.3,19.7,72.4,50.0,42.6,,,521.0,BEAR,-2.898272552783114,16.61228406909788,reports_pairwise
2026-03-24,IDBI,40.645,79.2,11.2,15.0,62.9,50.0,29.9,,,67.07,BEAR,-6.664678693901882,13.567911389511437,reports_pairwise
2026-03-24,MOTILALOFS,40.69,65.4,21.2,22.0,72.7,50.0,33.1,,,649.55,BEAR,-1.1161573396967133,26.425987221922888,reports_pairwise
2026-03-24,MOTHERSON,40.615,66.1,19.4,12.5,42.0,50.0,51.9,,,111.13,BEAR,-4.679204535229001,12.210924142895715,reports_pairwise
2026-03-24,PAYTM,40.565,48.9,31.9,9.6,70.9,50.0,49.3,,,1035.1,BEAR,-6.018742150516855,12.72340836634142,reports_pairwise
2026-03-24,COFORGE,39.31,71.8,28.6,15.0,75.7,50.0,36.1,,,1110.1,BEAR,1.2881722367354458,16.45797675885056,reports_pairwise
2026-03-24,JUBLFOOD,36.745,30.6,16.1,11.9,62.1,50.0,48.0,,,448.6,BEAR,-1.8724921979491826,5.19393669193044,reports_pairwise
2026-03-24,DIXON,38.68000000000001,79.6,37.7,7.5,69.9,50.0,34.1,,,10174.0,BEAR,-2.6538234715942597,10.723412620404954,reports_pairwise
2026-03-24,LODHA,38.255,81.8,11.2,61.3,72.7,50.0,33.3,,,726.4,BEAR,-6.848843612334803,20.55341409691631,reports_pairwise
2026-03-24,VMM,38.085,52.8,25.4,20.9,84.7,50.0,40.4,,,106.93,BEAR,-2.0480688300757612,15.299728794538481,reports_pairwise
2026-03-24,KPITTECH,37.73,86.8,24.0,12.0,68.9,50.0,32.6,,,665.0,BEAR,-2.8120300751879768,11.984962406015045,reports_pairwise
2026-03-24,TRENT,37.05500000000001,68.7,16.8,20.0,70.7,50.0,34.4,,,3365.6,BEAR,-1.6044687425719042,30.45222248633231,reports_pairwise
2026-03-24,ATGL,36.735,56.1,45.3,0.0,53.5,50.0,32.6,,,521.9,BEAR,-1.2071278022609608,17.771603755508718,reports_pairwise
2026-03-24,BDL,36.5235,60.7,23.1,21.4,64.9,50.0,31.1,,,1174.1,BEAR,-5.544672515117956,17.110978621923184,reports_pairwise
2026-03-24,KALYANKJIL,36.42,58.6,25.1,12.9,64.7,50.0,35.8,,,371.7,BEAR,1.9639494215765434,11.67608286252355,reports_pairwise
2026-03-24,IDEA,35.73,79.9,18.3,12.6,67.7,50.0,30.4,,,8.88,BEAR,-2.3648648648648742,7.545045045045043,reports_pairwise
2026-03-24,RVNL,35.35850000000001,55.9,20.6,10.5,73.0,50.0,31.6,,,258.45,BEAR,-1.702456954923574,15.63551944283228,reports_pairwise
2026-03-24,ADANIGREEN,35.20500000000001,61.2,24.4,15.0,57.0,50.0,39.4,,,839.55,BEAR,-2.364361860520506,36.97814305282592,reports_pairwise
2026-03-24,GODREJPROP,35.08000000000001,58.2,19.7,15.6,60.7,50.0,39.3,,,1540.5,BEAR,-4.459591041869526,17.16975008114249,reports_pairwise
2026-03-24,PRESTIGE,35.105,39.1,18.1,11.1,71.2,50.0,45.1,,,1201.5,BEAR,-6.533499791926759,16.74573449854349,reports_pairwise
2026-03-24,COCHINSHIP,34.9085,60.8,21.4,25.1,69.3,50.0,27.1,,,1305.1,BEAR,-7.1258907363420425,19.293540724848686,reports_pairwise
2026-03-24,SJVN,33.62,34.3,26.2,11.6,62.2,50.0,42.1,,,66.93,BEAR,-3.466308083071877,14.7616913192888,reports_pairwise
2026-03-24,SWIGGY,32.45,49.6,21.0,48.2,67.2,50.0,28.9,,,275.75,BEAR,-5.548504079782416,2.9193109700816,reports_pairwise
2026-03-24,ABFRL,24.97,44.4,20.9,30.1,63.5,50.0,12.0,,,58.13,BEAR,-5.2124548425941875,10.872183038018235,reports_pairwise
2026-03-24,OLAELEC,21.68,34.6,30.1,16.7,67.7,50.0,7.8,,,23.25,BEAR,1.3763440860215066,61.16129032258064,reports_pairwise
2026-03-25,LUPIN,69.63160009765625,86.3,51.2,31.9,79.3,50.0,77.1,,,2347.6,BEAR,-1.0478786846140702,-1.5377406713239015,reports_pairwise
2026-03-25,COALINDIA,66.97200012207031,90.6,43.7,15.0,66.5,50.0,75.9,,,443.7,BEAR,3.1552851025467663,-0.12395762902862552,reports_pairwise
2026-03-25,SUNPHARMA,65.20560009765624,73.5,47.1,8.2,71.9,50.0,79.0,,,1795.4,BEAR,-1.2309234710928003,-7.251865879469759,reports_pairwise
2026-03-25,DRREDDY,64.39960009765625,80.4,39.8,15.5,73.1,50.0,76.1,,,1300.7,BEAR,-3.1905896824786653,-6.158222495579314,reports_pairwise
2026-03-25,TORNTPHARM,63.72460009765625,69.4,35.3,7.5,81.9,50.0,79.1,,,4297.5,BEAR,-1.7219313554392088,-3.764979639325193,reports_pairwise
2026-03-25,RELIANCE,62.68960009765625,75.0,49.1,20.7,60.1,50.0,72.9,,,1413.1,BEAR,-4.550279527280445,-4.2318307267709265,reports_pairwise
2026-03-25,AUROPHARMA,69.88360009765626,79.5,70.2,27.7,81.8,50.0,71.6,,,1307.8,BEAR,0.71111790793699,6.415354029668152,reports_pairwise
2026-03-25,ICICIBANK,57.91980009765626,87.0,21.2,10.3,60.3,50.0,72.2,,,1259.7,BEAR,-3.3658807652615774,10.216718266253872,reports_pairwise
2026-03-25,NTPC,58.64260009765626,65.7,39.6,8.0,81.9,50.0,79.8,,,378.4,BEAR,-1.1627906976744127,4.704016913319242,reports_pairwise
2026-03-25,ONGC,62.14460009765625,70.6,34.7,19.5,69.6,50.0,73.4,,,270.2,BEAR,5.62546262028127,4.774241302738725,reports_pairwise
2026-03-25,SBIN,59.47380009765625,87.2,16.0,15.0,57.5,50.0,71.4,,,1060.6,BEAR,-6.750895719404102,4.832170469545541,reports_pairwise
2026-03-25,APOLLOHOSP,58.92760009765625,54.7,35.8,11.8,71.0,50.0,76.3,,,7580.5,BEAR,-2.5789855550425433,2.156849812017677,reports_pairwise
2026-03-25,ABB,63.33740009765625,75.4,49.2,3.5,87.9,50.0,70.2,,,6212.5,BEAR,-3.2273641851106643,16.780684104627767,reports_pairwise
2026-03-25,PIDILITIND,57.34060009765626,70.5,25.9,24.6,64.6,50.0,73.2,,,1362.8,BEAR,-5.195186380980331,3.302025242148518,reports_pairwise
2026-03-25,ZYDUSLIFE,59.67160009765625,81.2,40.1,9.6,67.3,50.0,69.0,,,903.7,BEAR,-2.130131680867544,2.755339161226068,reports_pairwise
2026-03-25,ALKEM,59.57560009765625,82.7,38.1,3.3,52.1,50.0,73.9,,,5435.5,BEAR,-2.2077085824671143,4.801766166865973,reports_pairwise
2026-03-25,HDFCBANK,55.46180009765625,83.8,16.9,18.4,62.0,50.0,66.0,,,782.3,BEAR,-4.940559887511182,3.764540457624958,reports_pairwise
2026-03-25,MARICO,55.60760009765626,72.6,26.7,17.4,64.5,50.0,77.9,,,753.75,BEAR,-1.7180762852404705,1.1608623548922055,reports_pairwise
2026-03-25,BHARTIARTL,54.68760009765625,65.6,30.2,9.6,71.4,50.0,71.2,,,1834.9,BEAR,-2.1091067633113547,1.0954275437353485,reports_pairwise
2026-03-25,LICI,57.74460009765625,93.0,21.6,24.8,66.5,50.0,63.7,,,781.1,BEAR,-6.599667136090138,5.50505697093842,reports_pairwise
2026-03-25,CUMMINSIND,60.19540009765625,74.9,36.5,19.0,80.4,50.0,71.7,,,4738.6,BEAR,-3.8682311231165363,7.972818976068866,reports_pairwise
2026-03-25,CIPLA,55.03960009765625,90.0,21.3,15.0,55.9,50.0,62.3,,,1244.4,BEAR,-1.2857602057216329,-0.9562841530054718,reports_pairwise
2026-03-25,KOTAKBANK,55.20980009765626,80.6,18.3,26.2,66.4,50.0,66.5,,,371.1,BEAR,-3.637833468067906,2.9776340609000145,reports_pairwise
2026-03-25,AXISBANK,56.37580009765625,87.9,18.8,10.6,51.9,50.0,69.0,,,1222.1,BEAR,-5.105965141968731,12.732182309140017,reports_pairwise
2026-03-25,HCLTECH,57.67160009765625,94.4,56.3,16.1,85.5,50.0,60.9,,,1381.3,BEAR,-2.0632737276478683,4.336494606530087,reports_pairwise
2026-03-25,ICICIGI,56.23780009765625,81.9,20.3,28.9,48.5,50.0,68.6,,,1770.3,BEAR,-3.2254420154775976,3.937185787719598,reports_pairwise
2026-03-25,ASIANPAINT,55.18160009765625,66.0,36.4,27.3,74.1,50.0,61.6,,,2270.2,BEAR,-4.167033741520567,12.042991806889265,reports_pairwise
2026-03-25,J&KBANK,61.47780009765626,70.3,46.9,15.0,81.2,50.0,59.8,,,118.07,BEAR,-5.683069365630553,6.7587050493417635,reports_pairwise
2026-03-25,FEDERALBNK,56.72380009765625,82.0,24.3,9.9,62.1,50.0,69.9,,,270.95,BEAR,-3.3216460601587015,9.152980254659536,reports_pairwise
2026-03-25,SBILIFE,52.73860009765626,63.9,20.6,13.4,45.5,50.0,73.4,,,1851.8,BEAR,-3.596500702019652,3.229290420131761,reports_pairwise
2026-03-25,GICRE,56.05380009765626,72.6,36.9,11.1,53.9,50.0,64.7,,,367.3,BEAR,-1.7696705690171521,8.140484617478894,reports_pairwise
2026-03-25,DMART,55.06740009765625,61.5,45.9,33.6,86.4,50.0,62.9,,,3910.8,BEAR,0.7185230643346606,17.351948450444908,reports_pairwise
2026-03-25,GLENMARK,60.15960009765625,57.9,49.5,5.1,83.0,50.0,67.1,,,2168.5,BEAR,-1.3142725386211667,2.9790177542079737,reports_pairwise
2026-03-25,TECHM,56.37360009765626,83.8,62.9,19.9,75.5,50.0,59.5,,,1408.5,BEAR,-2.023429179978701,6.5530706425275085,reports_pairwise
2026-03-25,POWERGRID,53.61560009765626,60.8,36.1,12.9,70.9,50.0,73.1,,,295.0,BEAR,0.423728813559322,8.2542372881356,reports_pairwise
2026-03-25,NESTLEIND,51.66260009765626,73.2,22.7,7.5,53.3,50.0,75.6,,,1204.1,BEAR,-1.9184453118511677,14.600116269412855,reports_pairwise
2026-03-25,ULTRACEMCO,53.09760009765625,59.6,22.3,22.1,65.1,50.0,69.2,,,11204.0,BEAR,-3.7754373438057836,7.452695465905033,reports_pairwise
2026-03-25,NMDC,58.77760009765625,87.7,35.4,12.2,55.9,50.0,65.4,,,77.85,BEAR,-0.7321772639691627,13.641618497109834,reports_pairwise
2026-03-25,ACC,51.72560009765625,76.6,18.3,20.8,70.0,50.0,55.0,,,1367.9,BEAR,-6.8133635499671055,5.124643614299284,reports_pairwise
2026-03-25,GRASIM,53.32360009765625,42.0,28.3,18.1,64.1,50.0,72.0,,,2647.8,BEAR,-2.7494523755570732,4.905959664627224,reports_pairwise
2026-03-25,SHREECEM,51.88660009765626,55.1,28.4,21.1,76.5,50.0,62.0,,,24230.0,BEAR,-3.8794882377218323,5.40652084193149,reports_pairwise
2026-03-25,OIL,58.92960009765625,76.2,39.8,16.0,60.3,50.0,65.1,,,471.4,BEAR,3.3305048790835907,-1.3258379295714893,reports_pairwise
2026-03-25,TATAPOWER,53.12860009765625,50.7,50.5,15.0,58.7,50.0,73.9,,,390.7,BEAR,-1.9068338878935216,11.607371384694144,reports_pairwise
2026-03-25,DIVISLAB,55.17160009765625,64.5,25.1,12.3,64.4,50.0,66.2,,,6014.5,BEAR,-1.3550586083631224,4.514090946878378,reports_pairwise
2026-03-25,INDIANB,58.35580009765626,85.7,27.6,10.1,66.8,50.0,66.0,,,909.05,BEAR,-5.929266817006764,1.3200594026731203,reports_pairwise
2026-03-25,ITC,50.13340009765626,93.6,21.7,21.0,65.8,50.0,57.9,,,295.7,BEAR,-1.8769022658099463,4.717619208657419,reports_pairwise
2026-03-25,HDFCLIFE,51.05980009765626,58.4,15.6,26.6,62.0,50.0,62.4,,,612.9,BEAR,-2.879751998694726,0.2121063795072717,reports_pairwise
2026-03-25,IRB,54.49940009765625,68.0,48.0,10.4,73.7,50.0,58.8,,,41.13,BEAR,-45.97617310965233,-46.94869924629225,reports_pairwise
2026-03-25,BRITANNIA,50.40140009765625,65.3,21.1,15.2,45.9,50.0,74.0,,,5647.0,BEAR,-3.1432619089782183,3.3734726403400037,reports_pairwise
2026-03-25,HINDUNILVR,49.43940009765626,72.2,21.2,20.2,62.0,50.0,66.1,,,2134.8,BEAR,-3.9207419898819684,8.239647742177235,reports_pairwise
2026-03-25,ASTRAL,56.70540009765625,60.4,37.2,15.1,83.3,50.0,66.9,,,1646.6,BEAR,-2.1377383699744823,-3.8928701566865,reports_pairwise
2026-03-25,PFC,55.60460009765625,56.4,36.2,11.4,65.5,50.0,65.1,,,403.45,BEAR,-4.696988474408227,16.76787706035445,reports_pairwise
2026-03-25,APLAPOLLO,52.98360009765626,68.8,23.3,4.7,63.5,50.0,66.6,,,1998.6,BEAR,-1.5260682477734415,5.403782647853498,reports_pairwise
2026-03-25,TITAN,49.72660009765626,50.0,26.3,16.1,53.9,50.0,75.8,,,4039.3,BEAR,-2.5870819201346764,10.9028792117446,reports_pairwise
2026-03-25,ICICIPRULI,50.52580009765625,56.8,11.2,23.7,65.0,50.0,62.8,,,540.6,BEAR,-5.151683314835372,1.757306696263411,reports_pairwise
2026-03-25,NHPC,51.88560009765625,41.3,56.3,1.9,81.9,50.0,66.0,,,77.2,BEAR,-3.976683937823844,7.033678756476674,reports_pairwise
2026-03-25,INFY,52.62160009765626,92.6,44.3,19.6,75.7,50.0,57.4,,,1279.1,BEAR,-1.7199593464154486,2.6659369869439558,reports_pairwise
2026-03-25,UNITDSPR,50.11260009765626,68.5,29.9,40.8,56.2,50.0,65.3,,,1311.6,BEAR,-6.419640134187239,3.9188777066178786,reports_pairwise
2026-03-25,CANBK,53.92380009765625,81.4,20.8,9.6,59.1,50.0,63.3,,,136.53,BEAR,-8.364462022998609,5.661759320295898,reports_pairwise
2026-03-25,BAJAJ-AUTO,50.41540009765626,79.5,23.3,12.0,48.1,50.0,69.7,,,9048.5,BEAR,-2.3705586561308505,8.227883074542742,reports_pairwise
2026-03-25,BAJAJFINSV,50.20380009765626,54.9,18.7,25.5,66.4,50.0,63.9,,,1746.2,BEAR,-6.1562249455961515,6.024510365364795,reports_pairwise
2026-03-25,EICHERMOT,50.29940009765626,84.2,19.9,5.5,56.2,50.0,68.0,,,6992.5,BEAR,-4.89095459420808,3.546657132642116,reports_pairwise
2026-03-25,PAGEIND,50.34960009765626,70.3,50.3,12.1,79.5,50.0,51.6,,,32635.0,BEAR,-2.7424544201011187,16.316837750880957,reports_pairwise
2026-03-25,PNB,52.83380009765625,77.4,18.2,13.4,58.6,50.0,62.4,,,110.07,BEAR,-7.622422095030423,3.6703915690015507,reports_pairwise
2026-03-25,NATIONALUM,54.91360009765626,94.0,42.7,4.8,72.0,50.0,49.4,,,367.3,BEAR,6.139395589436432,15.151102640892997,reports_pairwise
2026-03-25,LICHSGFIN,50.71980009765625,46.7,27.9,32.9,63.6,50.0,60.0,,,496.3,BEAR,1.0175297199274655,13.872657666733822,reports_pairwise
2026-03-25,MARUTI,48.94060009765626,84.6,17.5,9.3,63.3,50.0,59.8,,,12711.0,BEAR,-3.0210054283691288,5.900401227283456,reports_pairwise
2026-03-25,TCS,48.37160009765626,92.4,20.5,29.7,71.8,50.0,53.9,,,2377.4,BEAR,0.1219819971397363,9.804828804576424,reports_pairwise
2026-03-25,AUBANK,54.03980009765626,78.2,24.0,15.0,63.4,50.0,64.3,,,910.4,BEAR,-7.540641476274162,14.004833040421804,reports_pairwise
2026-03-25,BANKBARODA,51.90580009765625,77.7,16.8,16.5,44.6,50.0,64.1,,,272.7,BEAR,-8.214154748808205,4.16208287495417,reports_pairwise
2026-03-25,MAHABANK,53.99980009765626,84.4,23.3,11.9,64.1,50.0,58.6,,,65.51,BEAR,-5.0221340253396525,22.39352770569379,reports_pairwise
2026-03-25,AMBUJACEM,49.61960009765625,75.9,18.5,25.8,70.0,50.0,53.2,,,421.8,BEAR,-4.101469890943578,8.167377904220006,reports_pairwise
2026-03-25,SRF,52.45330009765625,59.9,42.9,24.4,84.9,50.0,57.5,,,2568.1,BEAR,-5.124411043183674,-3.781005412561813,reports_pairwise
2026-03-25,BSE,53.67200012207032,75.0,54.1,10.4,75.5,50.0,48.7,,,2890.2,BEAR,-6.314441907134455,21.645560860840092,reports_pairwise
2026-03-25,BEL,51.60200012207032,75.4,23.6,19.9,58.8,50.0,66.5,,,413.45,BEAR,-2.1526182126012765,9.20304752690773,reports_pairwise
2026-03-25,HAVELLS,48.14540009765625,66.3,20.3,18.1,53.7,50.0,61.8,,,1268.4,BEAR,-6.362346263008519,4.76190476190475,reports_pairwise
2026-03-25,HDFCAMC,52.57780009765625,87.4,22.6,16.4,57.2,50.0,59.5,,,2386.3,BEAR,-5.808154884130258,17.085027029292203,reports_pairwise
2026-03-25,LT,49.63230009765626,65.0,21.1,17.8,68.9,50.0,63.9,,,3649.3,BEAR,-3.2855616145562183,11.676211876250237,reports_pairwise
2026-03-25,IRCTC,47.54340009765625,89.0,20.4,20.7,70.4,50.0,53.0,,,523.75,BEAR,-4.52505966587112,7.150357995226739,reports_pairwise
2026-03-25,PERSISTENT,53.16360009765626,78.4,63.5,18.4,89.8,50.0,50.8,,,4928.8,BEAR,-1.4547151436455084,8.137883460477184,reports_pairwise
2026-03-25,BIOCON,51.84960009765626,44.6,34.0,7.5,63.0,50.0,66.9,,,379.65,BEAR,-4.7148689582510155,-4.780719083366253,reports_pairwise
2026-03-25,INDUSTOWER,51.71360009765625,83.5,24.4,16.0,55.0,50.0,65.0,,,427.85,BEAR,-1.9983639125861892,-3.0618207315648056,reports_pairwise
2026-03-25,PIIND,49.46660009765626,79.7,25.3,20.8,64.3,50.0,52.2,,,2905.4,BEAR,-6.092104357403456,3.9891237006952602,reports_pairwise
2026-03-25,TATACONSUM,47.47860009765625,54.4,20.5,20.9,55.1,50.0,70.6,,,1056.1,BEAR,-3.09629769908152,8.133699460278391,reports_pairwise
2026-03-25,DABUR,47.41540009765625,71.4,14.7,26.9,54.2,50.0,61.7,,,431.0,BEAR,-4.582366589327147,4.872389791183294,reports_pairwise
2026-03-25,HEROMOTOCO,50.99140009765625,89.0,31.0,7.5,54.4,50.0,62.0,,,5289.5,BEAR,-3.592021930239153,-0.576614046696285,reports_pairwise
2026-03-25,ADANIPOWER,52.70560009765626,81.0,63.9,4.7,75.2,50.0,50.5,,,153.65,BEAR,-0.9111617312072929,32.105434428896835,reports_pairwise
2026-03-25,HAL,50.88940009765626,92.8,23.2,12.2,67.4,50.0,54.0,,,3669.4,BEAR,-3.9488744753910745,18.776911756690453,reports_pairwise
2026-03-25,MFSL,47.45060009765626,48.1,14.9,16.9,38.3,50.0,67.2,,,1585.9,BEAR,-6.021817264644681,3.9662021565041847,reports_pairwise
2026-03-25,ABCAPITAL,52.16980009765625,69.5,24.9,40.1,61.3,50.0,60.1,,,314.7,BEAR,-6.5618048935494055,9.501112170320953,reports_pairwise
2026-03-25,ADANIPORTS,50.37540009765625,81.0,19.7,9.9,51.2,50.0,65.8,,,1375.9,BEAR,-3.881096009884446,15.858710662112058,reports_pairwise
2026-03-25,PETRONET,50.98660009765625,83.9,16.8,35.8,50.1,50.0,57.0,,,249.85,BEAR,-0.040024014408642915,11.178707224334593,reports_pairwise
2026-03-25,IOB,51.99180009765625,87.9,26.5,5.6,65.6,50.0,53.1,,,33.05,BEAR,-4.56883509833585,5.537065052950092,reports_pairwise
2026-03-25,WIPRO,48.32660009765625,85.1,30.2,5.1,71.7,50.0,54.9,,,189.05,BEAR,0.03173763554615301,8.44221105527637,reports_pairwise
2026-03-25,CGPOWER,51.85140009765626,74.7,32.2,11.1,66.1,50.0,58.6,,,692.25,BEAR,-4.680390032502705,16.32358252076562,reports_pairwise
2026-03-25,PATANJALI,47.63360009765626,70.6,28.6,25.4,72.7,50.0,57.5,,,485.1,BEAR,-4.875283446712024,-3.504432075860647,reports_pairwise
2026-03-25,COLPAL,46.87940009765626,81.5,13.2,20.7,64.1,50.0,56.5,,,1920.4,BEAR,-6.165382212039163,9.69589668818995,reports_pairwise
2026-03-25,IOC,47.48560009765626,57.3,11.2,10.9,56.1,50.0,56.6,,,140.52,BEAR,-2.9177341303729167,4.832052376885847,reports_pairwise
2026-03-25,POLYCAB,50.17630009765625,82.8,12.8,27.3,54.7,50.0,61.5,,,7145.0,BEAR,-4.10776766969909,11.343596920923723,reports_pairwise
2026-03-25,UPL,51.36460009765625,54.3,43.6,7.5,74.2,50.0,55.3,,,625.25,BEAR,-7.932826869252303,4.646141543382639,reports_pairwise
2026-03-25,GODREJCP,46.52540009765625,59.8,19.2,16.6,64.6,50.0,64.3,,,1039.6,BEAR,-4.203539823008843,8.21950750288573,reports_pairwise
2026-03-25,MRF,47.98960009765626,76.1,19.5,23.4,61.7,50.0,62.0,,,129970.0,BEAR,-2.7198584288682004,7.459413710856351,reports_pairwise
2026-03-25,UNIONBANK,51.14980009765625,80.5,23.0,11.5,65.7,50.0,55.9,,,180.32,BEAR,-6.815661047027502,6.133540372670809,reports_pairwise
2026-03-25,BAJFINANCE,49.51780009765626,58.8,21.8,16.3,71.0,50.0,59.7,,,882.75,BEAR,-8.292268479184372,6.35514018691589,reports_pairwise
2026-03-25,JSWSTEEL,48.76360009765625,45.3,24.5,7.6,47.9,50.0,67.8,,,1156.0,BEAR,-2.387543252595148,10.69204152249134,reports_pairwise
2026-03-25,MUTHOOTFIN,51.06460009765625,73.1,37.1,13.6,72.0,50.0,52.3,,,3320.2,BEAR,-3.9907234503945546,8.734413589542799,reports_pairwise
2026-03-25,HINDALCO,49.87200012207032,75.4,22.5,8.8,55.3,50.0,59.0,,,868.65,BEAR,2.359983883036896,17.613538249007078,reports_pairwise
2026-03-25,M&M,48.51660009765625,67.8,27.1,15.0,69.8,50.0,62.2,,,3128.1,BEAR,-5.146894280873374,3.810619865093836,reports_pairwise
2026-03-25,INDUSINDBK,49.98380009765625,74.0,16.6,21.3,50.9,50.0,62.6,,,818.4,BEAR,-7.196969696969695,4.643206256109482,reports_pairwise
2026-03-25,TVSMOTOR,47.39060009765626,50.0,28.0,15.0,56.7,50.0,69.5,,,3543.2,BEAR,-4.676563558365315,5.912734251524046,reports_pairwise
2026-03-25,JINDALSTEL,50.61560009765626,49.6,27.4,21.5,59.3,50.0,63.9,,,1143.0,BEAR,-2.2397200349956172,12.755905511811019,reports_pairwise
2026-03-25,SIEMENS,48.95630009765625,61.8,25.4,14.0,45.7,50.0,67.6,,,3101.3,BEAR,-4.598071776351864,20.00451423596555,reports_pairwise
2026-03-25,LTIM,48.22460009765626,87.9,29.5,59.6,68.4,50.0,52.2,,,4504.0,BEAR,0.0,0.0,reports_pairwise
2026-03-25,EXIDEIND,46.11740009765625,64.7,27.5,10.4,73.2,50.0,56.1,,,307.15,BEAR,-4.96500081393456,8.448640729285382,reports_pairwise
2026-03-25,OBEROIRLTY,48.76460009765626,80.5,44.8,7.3,73.6,50.0,55.5,,,1499.7,BEAR,-4.240848169633936,14.949656597986266,reports_pairwise
2026-03-25,PREMIERENE,49.85700000000001,78.8,83.2,18.7,87.9,50.0,42.5,,,916.9,BEAR,-3.435489148216818,8.594176027920174,reports_pairwise
2026-03-25,VEDL,49.90560009765625,68.1,27.8,12.4,60.6,50.0,58.2,,,669.65,BEAR,-1.0378555962069638,14.507578585828416,reports_pairwise
2026-03-25,BANDHANBNK,49.74780009765625,77.5,14.2,15.9,60.2,50.0,53.6,,,153.42,BEAR,-7.476209099204797,14.802502933124762,reports_pairwise
2026-03-25,TATASTEEL,49.69460009765626,56.7,34.1,10.5,64.6,50.0,61.4,,,196.65,BEAR,-1.9527078565980187,7.810831426392059,reports_pairwise
2026-03-25,APOLLOTYRE,47.57140009765625,66.0,28.0,6.7,72.8,50.0,59.0,,,419.65,BEAR,-2.57357321577504,5.313952102942931,reports_pairwise
2026-03-25,CONCOR,46.54740009765625,75.1,19.0,18.9,65.5,50.0,53.0,,,445.15,BEAR,-3.3359541727507507,13.265191508480289,reports_pairwise
2026-03-25,HUDCO,49.45980009765625,59.4,34.1,40.1,79.4,50.0,45.2,,,177.09,BEAR,-9.080128748094197,12.01084194477385,reports_pairwise
2026-03-25,RECLTD,48.58260009765626,57.5,30.9,10.3,58.0,50.0,54.8,,,327.7,BEAR,-4.897772352761676,16.981995727799827,reports_pairwise
2026-03-25,JIOFIN,47.52980009765625,50.0,31.4,12.0,67.4,50.0,52.8,,,237.35,BEAR,-4.866231303981454,-1.0954286918053484,reports_pairwise
2026-03-25,MANKIND,46.77360009765626,57.7,28.5,25.8,45.2,50.0,57.2,,,2024.0,BEAR,-1.2450592885375515,8.695652173913043,reports_pairwise
2026-03-25,BANKINDIA,49.14980009765625,75.1,19.3,8.6,58.3,50.0,57.0,,,149.5,BEAR,-6.749163879598664,0.22073578595318563,reports_pairwise
2026-03-25,BOSCHLTD,46.27140009765625,79.1,19.8,26.2,65.8,50.0,55.9,,,30390.0,BEAR,-5.067456400131622,25.370187561697925,reports_pairwise
2026-03-25,BPCL,47.32760009765625,68.4,11.2,27.3,63.1,50.0,50.1,,,284.55,BEAR,0.08785802143735723,11.772974872605868,reports_pairwise
2026-03-25,SUPREMEIND,48.65630009765626,63.4,32.0,12.9,68.7,50.0,57.7,,,3832.0,BEAR,-2.990605427974945,-4.316283924843426,reports_pairwise
2026-03-25,TIINDIA,48.84230009765626,55.2,46.8,15.0,79.6,50.0,51.8,,,2682.4,BEAR,-5.923799582463469,7.560393677303896,reports_pairwise
2026-03-25,YESBANK,48.68060009765625,73.1,19.0,24.7,62.7,50.0,55.5,,,18.47,BEAR,-6.280454791553872,7.038440714672446,reports_pairwise
2026-03-25,SUZLON,48.71730009765626,91.3,45.0,18.0,84.8,50.0,37.5,,,42.27,BEAR,-5.204636858291939,25.62100780695528,reports_pairwise
2026-03-25,BAJAJHLDNG,48.53780009765625,82.5,16.8,17.0,68.3,50.0,44.8,,,9554.0,BEAR,-7.5361105296211015,8.111785639522713,reports_pairwise
2026-03-25,SONACOMS,48.53260009765626,56.2,37.7,34.3,64.0,50.0,61.5,,,511.45,BEAR,-4.897839475999612,13.657248997947008,reports_pairwise
2026-03-25,ADANIENT,48.37560009765625,82.9,16.2,65.1,58.1,50.0,48.0,,,1886.6,BEAR,-4.892399024700517,17.99003498356833,reports_pairwise
2026-03-25,POLICYBZR,48.24160009765626,53.3,42.4,15.3,74.2,50.0,49.3,,,1468.3,BEAR,-3.323571477218549,10.549615201253157,reports_pairwise
2026-03-25,SAIL,48.29060009765625,65.7,31.8,10.6,56.2,50.0,57.8,,,151.71,BEAR,1.628106255355612,15.391206907916416,reports_pairwise
2026-03-25,SBICARD,46.12860009765625,52.9,25.1,22.6,73.7,50.0,51.5,,,700.2,BEAR,-7.983433304770078,-2.920594115966873,reports_pairwise
2026-03-25,OFSS,48.08560009765625,95.0,44.7,9.5,74.0,50.0,47.5,,,6599.0,BEAR,2.803455068949841,20.184876496438857,reports_pairwise
2026-03-25,ADANIENSOL,47.92560009765625,54.1,35.3,25.7,72.5,50.0,59.6,,,990.4,BEAR,-5.310985460420035,27.756462035541198,reports_pairwise
2026-03-25,GAIL,45.27760009765625,80.1,16.4,30.2,67.4,50.0,53.5,,,139.2,BEAR,0.20833333333334803,15.495689655172432,reports_pairwise
2026-03-25,IREDA,47.82180009765625,57.4,40.4,13.1,85.8,50.0,44.3,,,119.2,BEAR,-5.838926174496651,8.104026845637593,reports_pairwise
2026-03-25,BHARATFORG,47.75140009765625,47.6,23.9,12.5,74.9,50.0,63.2,,,1736.5,BEAR,-3.236395047509361,9.17362510797581,reports_pairwise
2026-03-25,BHEL,47.70340009765626,44.3,45.5,7.9,58.4,50.0,58.5,,,262.05,BEAR,-3.5489410417859233,26.926159129937034,reports_pairwise
2026-03-25,INDHOTEL,45.81940009765626,68.4,29.5,12.5,66.2,50.0,54.5,,,617.3,BEAR,-6.02624331767373,7.913494249149526,reports_pairwise
2026-03-25,CHOLAFIN,47.59580009765625,63.5,16.2,26.7,60.5,50.0,57.5,,,1473.8,BEAR,-7.857239788302345,7.830099063645006,reports_pairwise
2026-03-25,MAXHEALTH,46.13360009765626,55.9,19.4,15.0,65.0,50.0,56.5,,,988.2,BEAR,-3.0155838899008365,3.243270592997364,reports_pairwise
2026-03-25,TMPV,46.25200012207032,81.7,19.2,15.0,70.9,50.0,55.8,,,317.95,BEAR,-6.148765529171257,11.935838968391254,reports_pairwise
2026-03-25,MPHASIS,46.98360009765626,84.4,33.4,31.8,77.1,50.0,51.3,,,2132.1,BEAR,-2.6828009943248357,13.456216875381086,reports_pairwise
2026-03-25,TATACOMM,46.83760009765626,66.3,29.3,26.2,74.4,50.0,53.1,,,1449.8,BEAR,-5.787005104152287,4.386811974065398,reports_pairwise
2026-03-25,CENTRALBK,46.78980009765625,72.4,17.1,23.8,47.4,50.0,53.6,,,34.12,BEAR,-6.652989449003506,6.359906213364601,reports_pairwise
2026-03-25,NAUKRI,46.39560009765626,53.6,43.1,15.3,88.0,50.0,46.9,,,998.0,BEAR,-3.4468937875751484,7.9859719438877805,reports_pairwise
2026-03-25,LTF,46.78860009765625,56.2,24.6,14.7,62.4,50.0,56.3,,,261.3,BEAR,-7.921928817451211,11.71067738231916,reports_pairwise
2026-03-25,SOLARINDS,46.91260009765625,72.3,23.0,19.1,52.7,50.0,50.5,,,12890.0,BEAR,-5.422808378588053,15.973622963537625,reports_pairwise
2026-03-25,ASHOKLEY,46.33340009765625,66.7,15.8,4.9,52.8,50.0,58.2,,,170.95,BEAR,-8.967534366773902,3.3109096226967094,reports_pairwise
2026-03-25,BHARTIHEXA,46.39760009765625,63.3,40.2,15.0,70.2,50.0,50.2,,,1583.2,BEAR,-3.897170288024258,-1.6422435573521978,reports_pairwise
2026-03-25,SHRIRAMFIN,46.45360009765626,58.4,21.0,25.9,51.2,50.0,58.2,,,956.0,BEAR,-8.232217573221762,9.341004184100415,reports_pairwise
2026-03-25,GMRAIRPORT,45.42340009765626,65.5,22.0,11.7,55.1,50.0,60.3,,,90.06,BEAR,-4.8634243837441655,7.972462802576052,reports_pairwise
2026-03-25,IRFC,45.57380009765625,57.2,26.9,32.5,71.4,50.0,46.3,,,95.24,BEAR,-6.5413691726165375,8.788324233515334,reports_pairwise
2026-03-25,BAJAJHFL,41.01580009765625,54.0,18.7,43.3,64.2,50.0,42.3,,,79.13,BEAR,-6.609376974598749,15.038544167825105,reports_pairwise
2026-03-25,ESCORTS,45.60740009765625,79.2,19.7,16.9,60.2,50.0,50.8,,,2967.4,BEAR,-6.955584012940625,13.227067466468961,reports_pairwise
2026-03-25,IDFCFIRSTB,45.49180009765625,65.9,20.5,8.9,63.2,50.0,50.8,,,63.24,BEAR,-5.6609740670461814,7.432005060088545,reports_pairwise
2026-03-25,TATATECH,43.20260009765626,70.1,30.7,8.8,76.0,50.0,51.4,,,543.85,BEAR,-5.231221844258535,7.2814195090558105,reports_pairwise
2026-03-25,UCOBANK,45.05780009765625,76.2,17.7,11.6,60.8,50.0,44.6,,,24.61,BEAR,-7.029662738724098,8.248679398618453,reports_pairwise
2026-03-25,TORNTPOWER,44.15860009765625,80.1,18.8,7.5,50.4,50.0,61.7,,,1391.9,BEAR,-5.258998491270928,16.495437890653054,reports_pairwise
2026-03-25,JSWENERGY,44.27200012207032,42.2,45.5,4.6,57.5,50.0,62.7,,,494.3,BEAR,-4.339469957515677,10.590734371838957,reports_pairwise
2026-03-25,NTPCGREEN,43.78160009765625,32.5,63.6,0.0,70.9,50.0,54.1,,,96.68,BEAR,-2.5548200248241755,15.52544476623913,reports_pairwise
2026-03-25,VBL,43.21460009765626,69.9,17.7,26.3,67.3,50.0,52.7,,,401.45,BEAR,-4.28446880059783,20.83696599825633,reports_pairwise
2026-03-25,IGL,43.88360009765625,83.2,20.5,14.6,70.3,50.0,47.8,,,149.0,BEAR,-0.99328859060402,12.214765100671134,reports_pairwise
2026-03-25,WAAREEENER,44.191,83.8,70.1,5.4,84.2,50.0,36.4,,,3177.9,BEAR,-2.6086409263979387,9.279713018030778,reports_pairwise
2026-03-25,NYKAA,42.84940009765626,37.5,26.0,7.5,58.7,50.0,64.4,,,244.1,BEAR,-4.219582138467834,8.537484637443672,reports_pairwise
2026-03-25,INDIGO,43.62540009765625,50.0,26.6,32.5,76.6,50.0,48.0,,,4294.7,BEAR,-4.959601369129392,9.276550166484284,reports_pairwise
2026-03-25,ETERNAL,43.31140009765626,49.9,43.8,9.8,91.5,50.0,42.4,,,242.18,BEAR,-5.008671236270541,7.143447022875551,reports_pairwise
2026-03-25,HYUNDAI,42.58140009765626,94.0,12.5,17.8,71.0,50.0,42.0,,,1885.5,BEAR,-5.823389021479711,0.01060726597719679,reports_pairwise
2026-03-25,M&MFIN,42.84960009765625,51.8,16.0,9.8,62.1,50.0,52.8,,,315.8,BEAR,-9.23052564914504,-2.9924002533248855,reports_pairwise
2026-03-25,PHOENIXLTD,42.08760009765625,51.7,29.5,21.1,60.3,50.0,58.6,,,1572.0,BEAR,-3.689567430025445,14.949109414758269,reports_pairwise
2026-03-25,VOLTAS,42.56360009765626,55.5,20.2,18.9,46.0,50.0,63.3,,,1368.8,BEAR,-6.56049094097019,6.458211572180018,reports_pairwise
2026-03-25,HINDZINC,42.47760009765625,78.5,16.6,12.5,53.6,50.0,43.6,,,517.7,BEAR,-2.163415105273333,13.675874058334934,reports_pairwise
2026-03-25,HINDPETRO,42.23360009765625,54.7,14.6,15.8,66.6,50.0,42.1,,,344.0,BEAR,-1.744186046511628,11.744186046511622,reports_pairwise
2026-03-25,MOTILALOFS,42.27560009765625,73.5,28.2,16.6,78.3,50.0,34.7,,,684.2,BEAR,-6.123940368313371,20.023384975153462,reports_pairwise
2026-03-25,PAYTM,41.45060009765626,48.4,40.0,9.1,76.3,50.0,50.5,,,1065.9,BEAR,-8.734402852049923,9.466178816024003,reports_pairwise
2026-03-25,COFORGE,41.33160009765625,70.7,44.2,17.1,83.5,50.0,37.4,,,1163.1,BEAR,-3.32731493422748,11.1512337718167,reports_pairwise
2026-03-25,DIXON,40.68160009765625,79.1,42.9,8.9,78.3,50.0,34.9,,,10415.0,BEAR,-4.906385021603456,8.161305808929429,reports_pairwise
2026-03-25,DLF,39.79580009765625,76.7,20.5,22.6,70.9,50.0,43.5,,,534.35,BEAR,-5.324225694769354,13.69888649761391,reports_pairwise
2026-03-25,TATAELXSI,40.02960009765625,74.0,31.7,8.7,69.4,50.0,43.4,,,4213.4,BEAR,-3.9967722029714636,10.378791474818442,reports_pairwise
2026-03-25,KALYANKJIL,39.80540009765626,57.3,36.1,18.6,83.7,50.0,37.5,,,391.85,BEAR,-3.279316064820728,5.933392879928544,reports_pairwise
2026-03-25,MAZDOCK,39.85630009765626,85.4,36.9,15.0,44.9,50.0,34.6,,,2255.9,BEAR,-7.509198102752785,17.762312159226905,reports_pairwise
2026-03-25,IDBI,39.71780009765625,79.2,11.2,7.7,62.0,50.0,30.0,,,67.15,BEAR,-6.7758749069248,13.432610824937164,reports_pairwise
2026-03-25,JUBLFOOD,36.22940009765625,30.7,20.4,10.7,71.2,50.0,49.0,,,462.35,BEAR,-4.79074294365741,2.0655347680328657,reports_pairwise
2026-03-25,VMM,38.53860009765626,52.9,26.9,23.2,88.2,50.0,40.7,,,107.81,BEAR,-2.8476022632408933,14.358593822465451,reports_pairwise
2026-03-25,MOTHERSON,38.48460009765626,65.6,18.5,12.8,49.2,50.0,52.9,,,113.13,BEAR,-6.364359586316618,10.227172279678253,reports_pairwise
2026-03-25,LODHA,37.94860009765625,81.7,11.2,73.5,73.1,50.0,33.3,,,733.85,BEAR,-7.794508414526136,19.329563262247056,reports_pairwise
2026-03-25,BDL,37.54940009765625,60.7,27.1,29.3,66.1,50.0,31.3,,,1182.2,BEAR,-6.191845711385556,16.308577228895277,reports_pairwise
2026-03-25,KPITTECH,37.13360009765626,86.7,27.4,4.3,74.4,50.0,32.6,,,673.6,BEAR,-4.052850356294547,10.555225653206653,reports_pairwise
2026-03-25,ADANIGREEN,35.15760009765625,61.2,25.6,15.4,62.2,50.0,40.1,,,853.8,BEAR,-3.9939095806980456,34.691965331459365,reports_pairwise
2026-03-25,TRENT,35.13260009765626,68.7,20.0,10.9,68.2,50.0,35.5,,,3478.9,BEAR,-4.808991347839839,26.203685072867856,reports_pairwise
2026-03-25,RVNL,34.51330009765626,54.5,25.4,14.8,71.4,50.0,32.9,,,268.85,BEAR,-5.504928398735358,11.162358192300536,reports_pairwise
2026-03-25,GODREJPROP,34.30380009765625,57.9,19.1,15.5,67.8,50.0,39.9,,,1564.9,BEAR,-5.9492619336698915,15.34283340788548,reports_pairwise
2026-03-25,IDEA,33.52360009765625,79.9,18.5,10.3,58.7,50.0,31.2,,,9.04,BEAR,-4.092920353982293,5.641592920354,reports_pairwise
2026-03-25,PRESTIGE,32.99860009765626,39.1,18.9,15.9,63.6,50.0,45.9,,,1228.1,BEAR,-8.557935021578041,14.217083299405598,reports_pairwise
2026-03-25,COCHINSHIP,32.48740009765625,60.5,19.8,25.1,59.7,50.0,27.3,,,1317.4,BEAR,-7.993016547745572,18.179747988462122,reports_pairwise
2026-03-25,ATGL,29.97200012207032,56.1,45.6,0.0,40.1,50.0,32.5,,,520.8,BEAR,-0.9984639016896951,18.020353302611372,reports_pairwise
2026-03-25,SJVN,29.98160009765625,33.9,23.3,7.5,53.0,50.0,42.7,,,67.88,BEAR,-4.817324690630518,13.155568650559823,reports_pairwise
2026-03-25,SWIGGY,29.49160009765625,49.6,21.0,13.3,68.2,50.0,29.2,,,276.65,BEAR,-5.855774444243625,2.5844930417495156,reports_pairwise
2026-03-25,ABFRL,23.41940009765624,44.6,22.6,7.5,69.0,50.0,12.0,,,58.85,BEAR,-6.37213254035684,9.515717926932881,reports_pairwise
2026-03-25,OLAELEC,21.73760009765625,34.7,37.7,18.2,75.8,50.0,7.9,,,23.86,BEAR,-1.2154233025984875,57.041072925398154,reports_pairwise
2026-03-26,LUPIN,69.2,86.3,51.2,31.9,79.3,,77.1,,,2347.6,UNKNOWN,-1.4355086045322807,-1.7805418299539841,reports_pairwise
2026-03-26,SUNPHARMA,65.5,73.4,47.1,8.2,71.9,,79.0,,,1795.4,UNKNOWN,-2.1276595744680873,-7.535925142029641,reports_pairwise
2026-03-26,COALINDIA,67.0,90.6,43.7,15.0,66.5,,75.9,,,443.7,UNKNOWN,1.5212981744421907,-0.045075501464951234,reports_pairwise
2026-03-26,TORNTPHARM,64.3,69.4,35.3,7.5,81.9,,79.1,,,4297.5,UNKNOWN,-1.7987201861547453,-4.916812100058177,reports_pairwise
2026-03-26,DRREDDY,63.9,80.4,39.8,15.5,73.1,,76.0,,,1300.7,UNKNOWN,-3.521180902590909,-6.1966633351272495,reports_pairwise
2026-03-26,RELIANCE,62.6,74.9,49.1,20.7,60.1,,72.9,,,1413.1,UNKNOWN,-4.897034887835243,-3.5949331257518904,reports_pairwise
2026-03-26,AUROPHARMA,69.6,79.5,70.2,27.7,81.8,,71.6,,,1307.8,UNKNOWN,-0.2599785899984603,7.470561247897235,reports_pairwise
2026-03-26,NTPC,59.7,65.7,39.6,8.0,83.1,,79.9,,,378.4,UNKNOWN,-2.048097251585624,7.267441860465117,reports_pairwise
2026-03-26,ONGC,62.6,70.6,34.7,19.5,69.6,,73.4,,,270.2,UNKNOWN,5.34789045151739,4.755736491487796,reports_pairwise
2026-03-26,SBIN,59.6,87.2,16.0,15.0,57.5,,71.4,,,1060.6,UNKNOWN,-7.656043748821416,4.026023005845753,reports_pairwise
2026-03-26,ICICIBANK,57.2,87.0,21.2,10.3,60.3,,72.2,,,1259.7,UNKNOWN,-4.270858140827177,8.771929824561402,reports_pairwise
2026-03-26,PIDILITIND,57.8,70.5,25.9,24.6,64.6,,73.2,,,1362.8,UNKNOWN,-5.708834751981212,3.2433225711769915,reports_pairwise
2026-03-26,APOLLOHOSP,58.8,54.7,35.8,11.8,71.0,,76.3,,,7580.5,UNKNOWN,-2.130466328078623,2.671327748829233,reports_pairwise
2026-03-26,ZYDUSLIFE,60.3,81.2,40.1,9.6,67.3,,69.1,,,903.7,UNKNOWN,-3.5963262144516985,2.95452030541108,reports_pairwise
2026-03-26,ALKEM,59.2,82.7,38.1,3.3,52.1,,73.9,,,5435.5,UNKNOWN,-2.5112685125563425,4.728175880783737,reports_pairwise
2026-03-26,ABB,62.1,74.9,49.2,3.5,87.9,,70.2,,,6212.5,UNKNOWN,-4.362173038229376,25.82696177062374,reports_pairwise
2026-03-26,MARICO,55.5,72.6,26.7,8.7,64.5,,77.9,,,753.75,UNKNOWN,-2.3615257048092806,2.878938640132676,reports_pairwise
2026-03-26,HDFCBANK,54.0,83.8,16.9,18.4,62.0,,66.0,,,782.3,UNKNOWN,-6.487281094209384,2.7674805061996794,reports_pairwise
2026-03-26,LICI,58.0,93.0,21.6,24.8,66.5,,63.8,,,781.1,UNKNOWN,-7.098963000896178,5.44744590961464,reports_pairwise
2026-03-26,BHARTIARTL,54.0,65.6,30.2,9.6,71.4,,71.2,,,1834.9,UNKNOWN,-2.8611913455774154,0.2452449724780642,reports_pairwise
2026-03-26,CUMMINSIND,59.7,74.9,36.5,19.0,80.4,,71.7,,,4738.6,UNKNOWN,-5.033132148735913,9.553454606845898,reports_pairwise
2026-03-26,HCLTECH,58.1,94.3,56.3,16.1,85.5,,60.9,,,1381.3,UNKNOWN,-2.874104104828788,-6.87757909215956,reports_pairwise
2026-03-26,CIPLA,54.3,90.0,21.3,15.0,55.9,,62.3,,,1244.4,UNKNOWN,-1.6232722597235651,-0.8036001285760205,reports_pairwise
2026-03-26,KOTAKBANK,54.8,80.6,18.3,26.2,66.4,,66.4,,,371.1,UNKNOWN,-4.769603880355711,1.9401778496362134,reports_pairwise
2026-03-26,SBILIFE,53.6,63.9,20.6,13.4,45.5,,73.3,,,1851.8,UNKNOWN,-4.02311264715412,1.873852467869103,reports_pairwise
2026-03-26,ASIANPAINT,55.1,66.0,36.4,27.3,74.1,,61.5,,,2270.2,UNKNOWN,-4.625143159193023,12.747775526385347,reports_pairwise
2026-03-26,AXISBANK,56.1,87.9,18.8,10.6,51.9,,69.0,,,1222.1,UNKNOWN,-4.975042958841335,13.329514769658793,reports_pairwise
2026-03-26,ICICIGI,55.8,81.9,20.3,28.9,48.5,,68.6,,,1770.3,UNKNOWN,-3.3723097780037308,2.94865277071683,reports_pairwise
2026-03-26,DMART,55.1,61.5,45.9,33.6,86.4,,63.0,,,3910.8,UNKNOWN,1.1762299273805872,17.840339572465986,reports_pairwise
2026-03-26,FEDERALBNK,56.3,81.9,24.3,9.9,62.1,,70.0,,,270.95,UNKNOWN,-4.262779110537004,9.614319985237135,reports_pairwise
2026-03-26,POWERGRID,53.8,60.8,36.1,12.9,70.9,,73.1,,,295.0,UNKNOWN,0.3728813559322111,8.64406779661017,reports_pairwise
2026-03-26,GICRE,55.8,72.6,36.9,11.1,53.9,,64.6,,,367.3,UNKNOWN,-1.184317996188408,8.861965695616664,reports_pairwise
2026-03-26,J&KBANK,60.0,70.3,46.9,15.0,81.2,,59.8,,,118.07,UNKNOWN,-6.826458880325221,6.7587050493417635,reports_pairwise
2026-03-26,NESTLEIND,51.9,73.2,22.7,7.5,53.3,,75.6,,,1204.1,UNKNOWN,-2.4333527115688027,17.58159621293913,reports_pairwise
2026-03-26,NMDC,59.4,87.7,35.4,12.2,55.9,,65.3,,,77.85,UNKNOWN,-2.029543994861912,13.847141939627491,reports_pairwise
2026-03-26,ULTRACEMCO,53.3,59.5,22.3,22.1,65.1,,69.3,,,11204.0,UNKNOWN,-4.096751160299893,7.997143877186719,reports_pairwise
2026-03-26,OIL,59.8,76.2,39.8,16.0,60.3,,65.1,,,471.4,UNKNOWN,0.8591429783623274,-1.453118370810345,reports_pairwise
2026-03-26,SHREECEM,52.2,55.1,28.4,21.1,77.7,,62.0,,,24230.0,UNKNOWN,-4.993809327280231,5.674783326454809,reports_pairwise
2026-03-26,GLENMARK,59.4,57.9,49.5,5.1,83.0,,67.2,,,2168.5,UNKNOWN,-1.697025593728392,2.199677196218576,reports_pairwise
2026-03-26,TECHM,55.6,83.7,62.9,19.9,75.5,,59.5,,,1408.5,UNKNOWN,-1.7394391196308128,-0.05679801206957434,reports_pairwise
2026-03-26,ACC,51.3,76.6,18.3,20.8,70.0,,55.0,,,1367.9,UNKNOWN,-4.678704583668396,4.817603625996042,reports_pairwise
2026-03-26,GRASIM,52.6,41.9,28.3,18.1,63.2,,72.0,,,2647.8,UNKNOWN,-3.402824986781493,4.781327894856103,reports_pairwise
2026-03-26,INDIANB,58.4,85.7,27.6,10.1,66.8,,66.0,,,909.05,UNKNOWN,-6.968813596611838,1.985589351520826,reports_pairwise
2026-03-26,TATAPOWER,52.7,50.8,50.5,15.0,60.8,,73.9,,,390.7,UNKNOWN,-3.0586127463526975,12.32403378551319,reports_pairwise
2026-03-26,DIVISLAB,54.6,64.5,25.1,12.3,64.4,,66.1,,,6014.5,UNKNOWN,-1.1222878044725249,4.555657161858841,reports_pairwise
2026-03-26,HDFCLIFE,50.5,58.4,15.6,26.6,62.0,,62.4,,,612.9,UNKNOWN,-3.638440202316847,-1.0931636482297165,reports_pairwise
2026-03-26,TITAN,50.8,50.0,26.3,16.1,53.9,,75.8,,,4039.3,UNKNOWN,-2.176119624687448,10.395365533632056,reports_pairwise
2026-03-26,IRB,53.8,68.0,48.0,10.4,73.7,,58.8,,,41.13,UNKNOWN,-46.17067833698031,-46.53537563822028,reports_pairwise
2026-03-26,ITC,49.3,93.6,21.7,21.0,65.8,,57.9,,,295.7,UNKNOWN,-2.705444707473791,3.7538045316198927,reports_pairwise
2026-03-26,HINDUNILVR,48.9,72.3,21.2,20.2,62.0,,66.0,,,2134.8,UNKNOWN,-3.728686528012008,12.680344762975446,reports_pairwise
2026-03-26,PFC,55.2,56.4,36.2,11.4,65.5,,65.1,,,403.45,UNKNOWN,-5.936299417523854,16.755483950923292,reports_pairwise
2026-03-26,APLAPOLLO,52.6,68.8,23.3,4.7,63.5,,66.6,,,1998.6,UNKNOWN,-3.0821575102571757,6.109276493545478,reports_pairwise
2026-03-26,BRITANNIA,48.9,65.3,21.1,15.2,45.9,,73.9,,,5647.0,UNKNOWN,-3.9667079865415267,2.4172126792987427,reports_pairwise
2026-03-26,NHPC,52.0,41.3,56.3,1.9,81.9,,65.9,,,77.2,UNKNOWN,-4.507772020725394,7.072538860103618,reports_pairwise
2026-03-26,UNITDSPR,50.3,68.5,29.9,40.8,56.2,,65.4,,,1311.6,UNKNOWN,-7.075327843854831,6.58737419945106,reports_pairwise
2026-03-26,ASTRAL,55.9,60.4,37.2,15.1,83.3,,66.9,,,1646.6,UNKNOWN,-2.8908052957609565,-3.4920442123162885,reports_pairwise
2026-03-26,INFY,52.7,92.6,44.3,19.6,75.7,,57.3,,,1279.1,UNKNOWN,-2.2281291533109218,-1.790321319677888,reports_pairwise
2026-03-26,CANBK,54.0,81.4,20.8,9.6,59.1,,63.3,,,136.53,UNKNOWN,-9.580312019336407,6.811689738519015,reports_pairwise
2026-03-26,ICICIPRULI,49.8,56.8,11.2,23.7,65.0,,62.8,,,540.6,UNKNOWN,-5.743618201997782,0.610432852386229,reports_pairwise
2026-03-26,MARUTI,49.5,84.7,17.5,9.3,63.3,,59.8,,,12711.0,UNKNOWN,-3.1862166627330657,5.546377153646448,reports_pairwise
2026-03-26,PNB,52.7,77.4,18.2,13.4,58.6,,62.5,,,110.07,UNKNOWN,-8.63995639138729,4.36994639774689,reports_pairwise
2026-03-26,PAGEIND,50.0,70.3,50.3,12.1,79.5,,51.9,,,32635.0,UNKNOWN,-2.6352075992033095,16.301516776466983,reports_pairwise
2026-03-26,BAJAJFINSV,49.9,54.9,18.7,25.5,66.4,,64.0,,,1746.2,UNKNOWN,-6.5513686862902345,5.944336273050048,reports_pairwise
2026-03-26,NATIONALUM,54.7,94.0,42.7,4.8,72.0,,49.4,,,367.3,UNKNOWN,5.118431799618843,17.832834195480533,reports_pairwise
2026-03-26,EICHERMOT,49.7,84.2,19.9,5.5,56.2,,68.0,,,6992.5,UNKNOWN,-5.813371469431534,2.6242402574186627,reports_pairwise
2026-03-26,SRF,53.1,59.9,42.9,24.4,84.9,,57.5,,,2568.1,UNKNOWN,-5.066002102721853,-2.5544176628635924,reports_pairwise
2026-03-26,BAJAJ-AUTO,49.6,79.5,23.3,12.0,48.1,,69.6,,,9048.5,UNKNOWN,-2.950765320218821,7.758191965519147,reports_pairwise
2026-03-26,LICHSGFIN,50.6,46.7,27.9,32.9,63.6,,60.0,,,496.3,UNKNOWN,-0.21156558533145503,12.895426153536155,reports_pairwise
2026-03-26,TCS,48.3,92.4,20.5,29.7,71.8,,53.9,,,2377.4,UNKNOWN,-0.7781610162362244,5.695297383696478,reports_pairwise
2026-03-26,AUBANK,53.7,78.3,24.0,15.0,63.4,,64.4,,,910.4,UNKNOWN,-7.4362917398945445,15.262521968365547,reports_pairwise
2026-03-26,BANKBARODA,51.4,77.7,16.8,16.5,44.6,,64.4,,,272.7,UNKNOWN,-9.204253758709202,3.7110377704437125,reports_pairwise
2026-03-26,PETRONET,52.7,83.9,16.8,35.8,51.0,,57.0,,,249.85,UNKNOWN,-0.5603362017210349,12.075245147088248,reports_pairwise
2026-03-26,BSE,53.7,75.0,54.1,10.4,75.5,,48.8,,,2890.2,UNKNOWN,-7.151754203861318,21.71822019237424,reports_pairwise
2026-03-26,MAHABANK,53.7,84.4,23.3,11.9,64.1,,58.5,,,65.51,UNKNOWN,-6.380705235841866,24.0879255075561,reports_pairwise
2026-03-26,BEL,51.6,75.3,23.6,19.9,58.8,,66.5,,,413.45,UNKNOWN,-3.0959003507074643,8.586286128915226,reports_pairwise
2026-03-26,LT,49.7,64.9,21.1,17.8,68.9,,63.9,,,3649.3,UNKNOWN,-3.978845257994691,10.39651440002191,reports_pairwise
2026-03-26,PIIND,49.9,79.7,25.3,20.8,64.3,,52.2,,,2905.4,UNKNOWN,-6.422523576788046,4.06828663867281,reports_pairwise
2026-03-26,TATACONSUM,47.9,54.4,20.5,20.9,55.1,,70.6,,,1056.1,UNKNOWN,-3.9106145251396605,12.470409999053125,reports_pairwise
2026-03-26,AMBUJACEM,48.8,76.0,18.5,25.8,70.0,,53.3,,,421.8,UNKNOWN,-4.871977240398295,8.522996680891415,reports_pairwise
2026-03-26,MFSL,48.0,48.1,14.9,16.9,38.3,,67.3,,,1585.9,UNKNOWN,-6.0029005611955375,2.3519767955104327,reports_pairwise
2026-03-26,MUTHOOTFIN,52.7,73.1,37.1,13.6,72.0,,52.2,,,3320.2,UNKNOWN,-4.821998674778626,8.499487982651656,reports_pairwise
2026-03-26,WIPRO,49.0,85.1,30.2,5.1,71.7,,54.9,,,189.05,UNKNOWN,-0.7458344353345808,7.326104205236707,reports_pairwise
2026-03-26,HDFCAMC,51.8,87.4,22.6,16.4,57.2,,59.4,,,2386.3,UNKNOWN,-7.119808909189963,17.21074466747684,reports_pairwise
2026-03-26,BIOCON,51.3,44.6,34.0,7.5,63.0,,66.8,,,379.65,UNKNOWN,-4.93875938364283,-5.8870011853022435,reports_pairwise
2026-03-26,PATANJALI,48.1,70.6,28.6,25.4,72.7,,57.5,,,485.1,UNKNOWN,-5.225726654298088,-2.277880849309423,reports_pairwise
2026-03-26,POLYCAB,51.0,82.7,12.8,27.3,54.7,,61.5,,,7145.0,UNKNOWN,-4.219734079776067,12.778166550034989,reports_pairwise
2026-03-26,IOB,52.2,87.9,26.5,5.6,65.6,,53.2,,,33.05,UNKNOWN,-5.0529500756429595,7.049924357034813,reports_pairwise
2026-03-26,IRCTC,46.8,89.0,20.4,20.7,70.4,,53.1,,,523.75,UNKNOWN,-5.58472553699284,6.4725536992840045,reports_pairwise
2026-03-26,PERSISTENT,52.3,78.5,63.5,18.4,89.8,,50.8,,,4928.8,UNKNOWN,-1.0469079694854804,2.5462587242330788,reports_pairwise
2026-03-26,HAVELLS,46.9,66.3,20.3,18.1,53.7,,61.8,,,1268.4,UNKNOWN,-6.13371176285085,4.856512141280345,reports_pairwise
2026-03-26,DABUR,46.6,71.3,14.7,26.9,54.2,,61.6,,,431.0,UNKNOWN,-4.767981438515084,7.215777262180979,reports_pairwise
2026-03-26,HEROMOTOCO,49.9,89.0,31.0,7.5,54.4,,62.2,,,5289.5,UNKNOWN,-4.2820682484166745,-0.34029681444370924,reports_pairwise
2026-03-26,INDUSTOWER,50.7,83.4,24.4,16.0,55.0,,64.9,,,427.85,UNKNOWN,-2.2671497019983744,-4.347317985275218,reports_pairwise
2026-03-26,M&M,49.4,67.8,27.1,15.0,69.8,,62.1,,,3128.1,UNKNOWN,-5.543301045363003,2.269748409577699,reports_pairwise
2026-03-26,ADANIPORTS,49.9,81.0,19.7,9.9,52.4,,65.8,,,1375.9,UNKNOWN,-4.600625045424826,15.909586452503804,reports_pairwise
2026-03-26,MRF,48.4,76.1,19.5,23.4,61.7,,62.0,,,129970.0,UNKNOWN,-1.1348772793721629,5.855197353235362,reports_pairwise
2026-03-26,ABCAPITAL,51.5,69.5,24.9,40.1,61.3,,60.1,,,314.7,UNKNOWN,-7.133778201461706,11.232920241499848,reports_pairwise
2026-03-26,UPL,51.6,54.3,43.6,7.5,74.2,,55.3,,,625.25,UNKNOWN,-9.164334266293475,4.262295081967209,reports_pairwise
2026-03-26,HAL,49.7,92.9,23.2,12.2,67.4,,53.9,,,3669.4,UNKNOWN,-4.965389436965179,19.817953888919178,reports_pairwise
2026-03-26,ADANIPOWER,51.3,81.0,63.9,4.7,75.2,,50.6,,,153.65,UNKNOWN,-2.095671981776764,37.325089489098595,reports_pairwise
2026-03-26,PREMIERENE,51.3,78.7,83.2,18.7,87.9,,42.8,,,916.9,UNKNOWN,-2.7538444759515763,8.41967499182027,reports_pairwise
2026-03-26,COLPAL,46.6,81.5,13.2,20.7,64.1,,56.5,,,1920.4,UNKNOWN,-6.857946261195587,10.320766506977703,reports_pairwise
2026-03-26,IOC,47.1,57.3,11.2,10.9,56.1,,56.5,,,140.52,UNKNOWN,-3.6436094506120154,4.753771705095344,reports_pairwise
2026-03-26,UNIONBANK,51.1,80.5,23.0,11.5,65.7,,56.0,,,180.32,UNKNOWN,-8.939662821650401,9.006211180124229,reports_pairwise
2026-03-26,VEDL,51.2,68.1,27.8,12.4,60.6,,58.2,,,669.65,UNKNOWN,-2.2175763458523146,13.342791010229227,reports_pairwise
2026-03-26,HINDALCO,50.0,75.4,22.5,8.8,56.5,,58.9,,,868.65,UNKNOWN,1.818914407413811,18.943187705059582,reports_pairwise
2026-03-26,TVSMOTOR,47.7,50.0,28.0,15.0,56.7,,69.5,,,3543.2,UNKNOWN,-5.06321968841724,4.744298938812384,reports_pairwise
2026-03-26,BAJFINANCE,49.3,58.8,21.8,16.3,71.0,,59.7,,,882.75,UNKNOWN,-9.198527329368456,6.19088077032002,reports_pairwise
2026-03-26,GODREJCP,46.0,59.8,19.2,16.6,64.6,,64.2,,,1039.6,UNKNOWN,-5.27125817622162,10.061562139284353,reports_pairwise
2026-03-26,CGPOWER,50.6,74.7,32.2,11.1,66.1,,58.6,,,692.25,UNKNOWN,-5.3737811484290425,20.101119537739255,reports_pairwise
2026-03-26,LTIM,48.7,87.9,40.1,15.7,76.6,,52.2,,,4504.0,UNKNOWN,0.0,0.0,reports_pairwise
2026-03-26,RECLTD,49.7,57.5,30.9,10.3,58.0,,54.8,,,327.7,UNKNOWN,-6.896551724137921,17.058285016783657,reports_pairwise
2026-03-26,OBEROIRLTY,49.3,80.5,44.8,7.3,73.6,,55.5,,,1499.7,UNKNOWN,-5.381076215243052,16.063212642528494,reports_pairwise
2026-03-26,TATASTEEL,50.5,56.7,34.1,10.5,64.6,,61.4,,,196.65,UNKNOWN,-2.435799644037626,7.66844647851512,reports_pairwise
2026-03-26,SUPREMEIND,50.1,63.4,32.0,12.9,68.7,,57.7,,,3832.0,UNKNOWN,-2.26774530271399,-3.4707724425887267,reports_pairwise
2026-03-26,MANKIND,47.5,57.7,28.5,25.8,45.2,,57.2,,,2024.0,UNKNOWN,-0.8992094861660102,10.128458498023715,reports_pairwise
2026-03-26,INDUSINDBK,49.3,74.0,16.6,21.3,50.9,,62.7,,,818.4,UNKNOWN,-8.058406647116316,6.158357771260994,reports_pairwise
2026-03-26,JSWSTEEL,47.8,45.2,24.5,7.6,47.9,,67.8,,,1156.0,UNKNOWN,-2.897923875432526,9.342560553633218,reports_pairwise
2026-03-26,POLICYBZR,50.0,53.3,42.4,15.3,74.2,,49.3,,,1468.3,UNKNOWN,-2.758291902199823,10.672205952462035,reports_pairwise
2026-03-26,SAIL,49.9,65.7,31.8,10.6,56.2,,57.8,,,151.71,UNKNOWN,-0.1911541757300247,15.997627051611616,reports_pairwise
2026-03-26,HUDCO,49.7,59.5,34.1,40.1,79.4,,45.2,,,177.09,UNKNOWN,-9.887627759896093,12.705404031848214,reports_pairwise
2026-03-26,JINDALSTEL,49.6,49.6,27.4,21.5,59.3,,63.9,,,1143.0,UNKNOWN,-2.6159230096238053,12.388451443569545,reports_pairwise
2026-03-26,SIEMENS,48.2,61.8,25.4,14.0,45.7,,67.7,,,3101.3,UNKNOWN,-5.362267436236422,25.108825331312666,reports_pairwise
2026-03-26,SUZLON,49.4,91.3,45.0,18.0,84.8,,37.5,,,42.27,UNKNOWN,-6.411166311805064,27.93943695292168,reports_pairwise
2026-03-26,EXIDEIND,45.7,64.7,27.5,10.4,73.2,,56.1,,,307.15,UNKNOWN,-6.267296109392806,16.278691193228063,reports_pairwise
2026-03-26,SONACOMS,49.3,56.2,37.7,34.3,64.0,,61.9,,,511.45,UNKNOWN,-5.855899892462604,15.944862645419889,reports_pairwise
2026-03-26,TIINDIA,49.2,55.2,46.8,15.0,79.6,,51.8,,,2682.4,UNKNOWN,-6.154935878317921,11.500894721145242,reports_pairwise
2026-03-26,YESBANK,49.0,73.1,19.0,24.7,62.7,,55.5,,,18.47,UNKNOWN,-6.605305901461825,8.391987005955608,reports_pairwise
2026-03-26,APOLLOTYRE,47.1,66.0,28.0,6.7,72.8,,58.9,,,419.65,UNKNOWN,-1.7514595496246792,4.13439771237937,reports_pairwise
2026-03-26,BAJAJHLDNG,48.7,82.6,16.8,17.0,68.3,,44.7,,,9554.0,UNKNOWN,-8.45719070546368,8.640360058614192,reports_pairwise
2026-03-26,BANKINDIA,48.8,75.1,19.3,8.6,58.3,,57.0,,,149.5,UNKNOWN,-8.367892976588623,2.6220735785953093,reports_pairwise
2026-03-26,CONCOR,45.7,75.1,19.0,18.9,65.5,,53.1,,,445.15,UNKNOWN,-4.459171065932824,13.736942603616766,reports_pairwise
2026-03-26,SBICARD,46.6,53.0,25.1,22.6,73.7,,51.4,,,700.2,UNKNOWN,-9.2473578977435,-1.9851471008283477,reports_pairwise
2026-03-26,BOSCHLTD,45.9,79.1,19.8,26.2,65.8,,55.9,,,30390.0,UNKNOWN,-5.412964791049688,26.02829878249424,reports_pairwise
2026-03-26,SOLARINDS,48.5,72.3,23.0,19.1,52.7,,50.5,,,12890.0,UNKNOWN,-6.314972847168347,16.98991466252909,reports_pairwise
2026-03-26,BANDHANBNK,48.5,77.4,14.2,15.9,60.2,,53.6,,,153.42,UNKNOWN,-7.867292399947852,13.583626645808893,reports_pairwise
2026-03-26,OFSS,48.4,95.0,44.7,9.5,74.0,,47.5,,,6599.0,UNKNOWN,2.00030307622367,21.03348992271556,reports_pairwise
2026-03-26,BPCL,46.7,68.4,11.2,27.3,63.1,,50.0,,,284.55,UNKNOWN,-1.2475839044104766,11.017395888244584,reports_pairwise
2026-03-26,ADANIENT,48.2,83.8,16.2,65.1,58.1,,48.1,,,1886.6,UNKNOWN,-6.7740909572776395,18.29216580091169,reports_pairwise
2026-03-26,JIOFIN,46.3,50.0,31.4,12.0,67.4,,52.7,,,237.35,UNKNOWN,-5.582473140931114,0.834211080682544,reports_pairwise
2026-03-26,MPHASIS,47.6,84.4,33.4,31.8,77.1,,51.3,,,2132.1,UNKNOWN,-3.7099573190750865,10.651470381314192,reports_pairwise
2026-03-26,TATACOMM,47.4,66.4,29.3,26.2,74.4,,53.1,,,1449.8,UNKNOWN,-7.028555662850039,3.3590840115878082,reports_pairwise
2026-03-26,IREDA,47.9,57.4,40.4,13.1,85.8,,44.2,,,119.2,UNKNOWN,-8.573825503355703,13.070469798657717,reports_pairwise
2026-03-26,GAIL,45.0,80.1,16.4,30.2,67.4,,53.8,,,139.2,UNKNOWN,-1.070402298850561,19.568965517241388,reports_pairwise
2026-03-26,MAXHEALTH,46.2,55.9,19.4,15.0,65.0,,56.5,,,988.2,UNKNOWN,-2.620926937866838,3.0763003440599044,reports_pairwise
2026-03-26,SHRIRAMFIN,47.5,58.4,21.0,25.9,51.2,,58.1,,,956.0,UNKNOWN,-8.77615062761506,8.729079497907954,reports_pairwise
2026-03-26,TMPV,46.3,81.7,19.2,15.0,70.9,,55.8,,,317.95,UNKNOWN,-6.840698222991036,14.986633118414858,reports_pairwise
2026-03-26,BHEL,47.1,44.3,45.5,7.9,58.4,,58.5,,,262.05,UNKNOWN,-6.315588628124408,27.136042739935128,reports_pairwise
2026-03-26,NAUKRI,46.5,53.6,43.1,15.3,88.0,,46.9,,,998.0,UNKNOWN,-3.0360721442885725,5.205410821643291,reports_pairwise
2026-03-26,CHOLAFIN,46.9,63.5,16.2,26.7,60.5,,57.4,,,1473.8,UNKNOWN,-8.081150766725466,6.554485004749637,reports_pairwise
2026-03-26,INDHOTEL,45.1,68.4,29.5,12.5,66.2,,54.5,,,617.3,UNKNOWN,-7.508504778875736,7.006317835736271,reports_pairwise
2026-03-26,CENTRALBK,46.5,72.4,17.1,23.8,47.4,,53.6,,,34.12,UNKNOWN,-7.8839390386869805,7.942555685814774,reports_pairwise
2026-03-26,ADANIENSOL,46.6,54.1,35.3,25.7,72.5,,60.4,,,990.4,UNKNOWN,-5.603796445880453,33.223949919224566,reports_pairwise
2026-03-26,LTF,46.6,56.2,24.6,14.7,62.4,,56.3,,,261.3,UNKNOWN,-8.07500956754689,12.131649445082276,reports_pairwise
2026-03-26,BHARATFORG,46.3,47.6,23.9,12.5,74.9,,63.4,,,1736.5,UNKNOWN,-3.564641520299458,10.308090987618773,reports_pairwise
2026-03-26,ASHOKLEY,45.7,66.7,15.8,4.9,54.0,,58.3,,,170.95,UNKNOWN,-9.839134249780635,5.340742907282846,reports_pairwise
2026-03-26,TATATECH,44.1,70.1,30.7,8.8,76.0,,51.4,,,543.85,UNKNOWN,-6.371242070423837,5.525420612301177,reports_pairwise
2026-03-26,BAJAJHFL,40.3,54.0,18.7,43.3,64.2,,43.6,,,79.13,UNKNOWN,-7.633008972576763,15.228105648932152,reports_pairwise
2026-03-26,IRFC,45.1,57.2,26.9,32.5,71.4,,46.4,,,95.24,UNKNOWN,-8.410331793364122,9.449811003779924,reports_pairwise
2026-03-26,BHARTIHEXA,45.4,63.3,40.2,15.0,70.2,,50.2,,,1583.2,UNKNOWN,-4.705659423951491,-2.1475492673067205,reports_pairwise
2026-03-26,GMRAIRPORT,44.8,65.5,22.0,11.7,55.1,,60.3,,,90.06,UNKNOWN,-5.896069287141907,8.538751943149009,reports_pairwise
2026-03-26,IDFCFIRSTB,44.7,65.9,20.5,8.9,63.2,,50.7,,,63.24,UNKNOWN,-6.9418089816571795,7.827324478178362,reports_pairwise
2026-03-26,VBL,43.6,69.9,17.7,26.3,67.3,,52.6,,,401.45,UNKNOWN,-4.32183335409141,23.601942956781667,reports_pairwise
2026-03-26,ESCORTS,44.6,79.2,19.7,16.9,60.2,,50.8,,,2967.4,UNKNOWN,-7.653164386331465,12.893442070499422,reports_pairwise
2026-03-26,JSWENERGY,44.3,42.3,45.5,4.6,57.5,,62.7,,,494.3,UNKNOWN,-4.592352822172767,13.190370220513856,reports_pairwise
2026-03-26,UCOBANK,44.6,76.2,17.7,11.6,60.8,,44.6,,,24.61,UNKNOWN,-8.776919951239334,9.9146688338074,reports_pairwise
2026-03-26,NTPCGREEN,43.4,32.5,63.6,0.0,70.9,,54.2,,,96.68,UNKNOWN,-4.50972279685562,16.983864294580044,reports_pairwise
2026-03-26,TORNTPOWER,43.3,80.0,18.8,7.5,50.4,,61.7,,,1391.9,UNKNOWN,-6.185789208994909,18.542998778647885,reports_pairwise
2026-03-26,VOLTAS,43.7,55.5,20.2,18.9,46.0,,63.3,,,1368.8,UNKNOWN,-7.013442431326709,9.000584453535948,reports_pairwise
2026-03-26,PHOENIXLTD,43.1,51.7,29.5,21.1,60.3,,58.6,,,1572.0,UNKNOWN,-4.179389312977102,15.655216284987272,reports_pairwise
2026-03-26,NYKAA,42.7,37.5,26.0,7.5,58.7,,64.3,,,244.1,UNKNOWN,-3.7279803359278962,7.427283900040976,reports_pairwise
2026-03-26,IGL,43.2,83.2,20.5,14.6,70.3,,47.7,,,149.0,UNKNOWN,-2.268456375838923,13.04697986577181,reports_pairwise
2026-03-26,INDIGO,43.4,50.0,26.6,32.5,76.6,,48.0,,,4294.7,UNKNOWN,-8.17752113069597,9.458169371550976,reports_pairwise
2026-03-26,WAAREEENER,43.5,83.8,70.1,5.4,84.2,,36.3,,,3177.9,UNKNOWN,-2.142924572831112,9.776896692784536,reports_pairwise
2026-03-26,ETERNAL,43.2,49.9,43.8,9.8,91.5,,42.4,,,242.18,UNKNOWN,-5.450491370055337,7.659592038979277,reports_pairwise
2026-03-26,MOTILALOFS,43.1,73.5,28.2,16.6,78.3,,34.7,,,684.2,UNKNOWN,-7.519731072785742,19.467991815258685,reports_pairwise
2026-03-26,HYUNDAI,41.9,94.0,12.5,17.8,71.0,,42.0,,,1885.5,UNKNOWN,-5.701405462741978,-0.7053831874834238,reports_pairwise
2026-03-26,PAYTM,42.4,48.4,40.0,9.1,76.3,,50.6,,,1065.9,UNKNOWN,-10.029083403696415,9.53185101791912,reports_pairwise
2026-03-26,M&MFIN,42.3,51.8,16.0,9.8,62.1,,52.7,,,315.8,UNKNOWN,-9.404686510449647,-4.559848005066509,reports_pairwise
2026-03-26,HINDPETRO,41.7,54.7,14.6,15.8,66.6,,42.1,,,344.0,UNKNOWN,-2.5000000000000067,11.860465116279073,reports_pairwise
2026-03-26,COFORGE,41.4,70.7,44.2,17.1,83.5,,37.3,,,1163.1,UNKNOWN,-4.1612930960364425,4.892098701745344,reports_pairwise
2026-03-26,HINDZINC,41.4,78.5,16.6,12.5,53.6,,43.6,,,517.7,UNKNOWN,-3.003670079196459,14.651342476337629,reports_pairwise
2026-03-26,TATAELXSI,40.6,73.9,31.7,8.7,70.6,,43.4,,,4213.4,UNKNOWN,-5.6201642379076215,4.471448236578548,reports_pairwise
2026-03-26,DIXON,40.2,79.1,42.9,8.9,78.3,,34.9,,,10415.0,UNKNOWN,-7.124339894383101,8.463754200672108,reports_pairwise
2026-03-26,KALYANKJIL,39.8,57.3,36.1,18.6,83.7,,37.4,,,391.85,UNKNOWN,-4.070435115477873,5.410233507719788,reports_pairwise
2026-03-26,MOTHERSON,39.6,65.6,18.5,12.8,49.2,,52.9,,,113.13,UNKNOWN,-7.115707593034559,16.299832051622026,reports_pairwise
2026-03-26,VMM,39.2,52.9,26.9,23.2,88.2,,40.8,,,107.81,UNKNOWN,-2.328169928578059,14.9800575085799,reports_pairwise
2026-03-26,DLF,38.9,76.7,20.5,22.6,70.9,,43.5,,,534.35,UNKNOWN,-5.66108355946477,14.793674557874043,reports_pairwise
2026-03-26,IDBI,39.2,79.2,11.2,7.7,62.0,,29.9,,,67.15,UNKNOWN,-8.413998510796732,13.432610824937164,reports_pairwise
2026-03-26,MAZDOCK,39.0,85.5,36.9,15.0,44.9,,34.6,,,2255.9,UNKNOWN,-8.45338889135158,19.495545015293217,reports_pairwise
2026-03-26,JUBLFOOD,35.8,30.7,20.4,10.7,71.2,,49.0,,,462.35,UNKNOWN,-6.110089758840704,4.877257488915314,reports_pairwise
2026-03-26,LODHA,38.0,81.7,11.2,73.5,73.1,,33.4,,,733.85,UNKNOWN,-7.746814744157528,20.992028343666956,reports_pairwise
2026-03-26,KPITTECH,36.4,86.7,27.4,4.3,74.4,,32.6,,,673.6,UNKNOWN,-5.767517814726844,7.244655581947737,reports_pairwise
2026-03-26,BDL,36.2,60.7,27.1,29.3,66.1,,31.4,,,1182.2,UNKNOWN,-7.240737607849783,17.281339874809674,reports_pairwise
2026-03-26,TRENT,35.7,68.7,20.0,10.9,68.2,,35.5,,,3478.9,UNKNOWN,-5.263157894736839,27.293109891057505,reports_pairwise
2026-03-26,RVNL,35.0,54.6,25.4,14.8,71.4,,32.9,,,268.85,UNKNOWN,-7.141528733494519,12.479077552538573,reports_pairwise
2026-03-26,ADANIGREEN,34.4,60.3,25.6,15.4,62.2,,40.3,,,853.8,UNKNOWN,-5.493089716561253,37.567345982665735,reports_pairwise
2026-03-26,PRESTIGE,34.2,39.1,18.9,15.9,63.6,,45.9,,,1228.1,UNKNOWN,-8.272941942838525,15.674619330673398,reports_pairwise
2026-03-26,GODREJPROP,33.4,57.9,19.1,15.5,67.8,,39.8,,,1564.9,UNKNOWN,-5.9812128570515775,16.588919419771226,reports_pairwise
2026-03-26,IDEA,33.0,79.9,18.5,10.3,58.7,,31.1,,,9.04,UNKNOWN,-5.641592920353981,5.309734513274342,reports_pairwise
2026-03-26,COCHINSHIP,31.5,60.5,19.8,25.1,59.7,,27.3,,,1317.4,UNKNOWN,-9.435251252466994,19.234856535600414,reports_pairwise
2026-03-26,SJVN,30.7,33.9,23.3,7.5,53.0,,42.6,,,67.88,UNKNOWN,-6.673541543900993,14.157336476134356,reports_pairwise
2026-03-26,SWIGGY,30.5,49.6,21.0,13.3,68.2,,29.2,,,276.65,UNKNOWN,-6.000361467558275,5.277426350985008,reports_pairwise
2026-03-26,ATGL,30.0,56.1,45.6,0.0,40.1,,32.5,,,520.8,UNKNOWN,-2.083333333333327,19.41244239631337,reports_pairwise
2026-03-26,ABFRL,23.0,44.6,22.6,7.5,69.0,,12.0,,,58.85,UNKNOWN,-8.42820730671198,10.77315208156329,reports_pairwise
2026-03-26,OLAELEC,22.7,34.7,37.7,18.2,75.8,,8.1,,,23.86,UNKNOWN,-4.4425817267393075,58.25649622799665,reports_pairwise
2026-03-30,COALINDIA,69.5,91.0,53.0,19.1,73.7,,77.5,,,457.7,UNKNOWN,0.40419488748088767,2.031898623552548,reports_pairwise
2026-03-30,ONGC,67.5,71.4,56.7,38.3,76.5,,76.2,,,285.4,UNKNOWN,-1.2438682550805729,5.571128241065184,reports_pairwise
2026-03-30,LUPIN,66.4,86.5,46.8,20.8,71.2,,76.7,,,2323.0,UNKNOWN,-1.8553594489883731,-0.8738699956952296,reports_pairwise
2026-03-30,SUNPHARMA,62.0,73.9,38.8,7.5,63.6,,78.4,,,1773.3,UNKNOWN,-4.4380533468674255,-1.4661929735521344,reports_pairwise
2026-03-30,AUROPHARMA,67.4,79.5,64.4,24.5,73.6,,72.5,,,1317.1,UNKNOWN,1.7690380381140525,8.010022018070002,reports_pairwise
2026-03-30,TORNTPHARM,60.5,69.4,30.0,11.1,68.7,,78.1,,,4223.5,UNKNOWN,-5.01716585770096,-0.9612880312537082,reports_pairwise
2026-03-30,DRREDDY,60.0,81.3,33.6,7.5,62.5,,74.2,,,1259.2,UNKNOWN,-3.28780177890725,7.576238881829722,reports_pairwise
2026-03-30,APOLLOHOSP,57.4,54.7,31.0,7.5,76.8,,74.8,,,7385.0,UNKNOWN,-0.16249153689911983,4.9830737982396744,reports_pairwise
2026-03-30,NTPC,56.2,65.9,36.8,18.7,69.2,,79.2,,,374.0,UNKNOWN,-2.1122994652406355,8.783422459893055,reports_pairwise
2026-03-30,ICICIBANK,55.0,87.9,22.1,17.4,47.8,,70.4,,,1217.3,UNKNOWN,1.1583011583011695,6.136531668446566,reports_pairwise
2026-03-30,ZYDUSLIFE,58.0,81.7,33.0,12.5,68.1,,68.0,,,884.45,UNKNOWN,-2.052122788173451,3.0357849510995427,reports_pairwise
2026-03-30,ALKEM,57.1,83.1,30.9,4.7,52.9,,72.7,,,5315.5,UNKNOWN,-1.4862195466089738,1.9377292822876493,reports_pairwise
2026-03-30,RELIANCE,55.7,75.8,27.5,19.7,49.9,,70.1,,,1348.8,UNKNOWN,-3.2695729537366485,2.973013048635835,reports_pairwise
2026-03-30,SBIN,55.5,86.1,15.5,8.6,46.1,,66.7,,,989.0,UNKNOWN,4.42366026289181,10.343781597573303,reports_pairwise
2026-03-30,OIL,62.3,77.0,51.2,30.9,70.0,,66.8,,,487.1,UNKNOWN,-3.058920139601731,2.0734962020119,reports_pairwise
2026-03-30,PIDILITIND,53.6,70.5,22.0,33.3,49.2,,70.0,,,1292.0,UNKNOWN,-0.06191950464395933,7.786377708978322,reports_pairwise
2026-03-30,MARICO,52.3,72.6,24.5,10.8,50.7,,76.9,,,740.8,UNKNOWN,1.3161447084233262,5.406317494600441,reports_pairwise
2026-03-30,HDFCBANK,51.5,85.1,16.6,15.0,55.3,,63.7,,,743.65,UNKNOWN,3.677805419216032,5.230955422577822,reports_pairwise
2026-03-30,DMART,54.6,61.5,47.9,60.3,74.4,,63.4,,,3938.9,UNKNOWN,15.547487877326157,15.372312066820673,reports_pairwise
2026-03-30,LICI,55.0,92.1,19.8,51.2,52.4,,59.9,,,729.55,UNKNOWN,2.1108902748269607,12.082790761428292,reports_pairwise
2026-03-30,CIPLA,52.1,90.2,16.2,19.7,49.3,,61.9,,,1228.4,UNKNOWN,-2.23868446760013,6.3578638879843625,reports_pairwise
2026-03-30,ICICIGI,54.3,82.6,12.6,53.7,47.9,,66.7,,,1713.2,UNKNOWN,-0.011674060238153483,3.420499649778187,reports_pairwise
2026-03-30,ABB,56.1,76.0,37.7,9.5,61.1,,68.4,,,6012.0,UNKNOWN,3.0189620758483033,21.224218230206255,reports_pairwise
2026-03-30,AXISBANK,54.3,88.3,19.0,13.5,48.7,,65.9,,,1159.7,UNKNOWN,7.381219280848487,11.149435198758296,reports_pairwise
2026-03-30,KOTAKBANK,52.5,81.7,20.3,34.6,51.7,,64.6,,,357.6,UNKNOWN,0.8249440715883637,5.690715883668894,reports_pairwise
2026-03-30,BHARTIARTL,51.1,66.2,30.7,36.1,46.4,,70.0,,,1796.2,UNKNOWN,-0.18928849794010083,2.6500389711613352,reports_pairwise
2026-03-30,GICRE,54.3,72.3,33.0,14.4,52.7,,63.8,,,360.8,UNKNOWN,6.832039911308198,10.740022172949,reports_pairwise
2026-03-30,NATIONALUM,58.4,95.2,52.5,19.3,80.0,,52.3,,,389.85,UNKNOWN,4.617160446325509,13.248685391817357,reports_pairwise
2026-03-30,HCLTECH,53.9,94.7,45.2,33.5,64.3,,60.2,,,1352.8,UNKNOWN,3.732998225901833,-11.590774689532818,reports_pairwise
2026-03-30,POWERGRID,51.8,60.7,39.2,9.2,64.3,,73.4,,,296.25,UNKNOWN,-0.3713080168776448,7.679324894514767,reports_pairwise
2026-03-30,SBILIFE,50.1,63.9,18.6,9.1,44.0,,70.8,,,1785.2,UNKNOWN,2.8904324445440235,1.2939726641272635,reports_pairwise
2026-03-30,NMDC,56.8,87.5,31.8,7.5,52.9,,64.9,,,77.28,UNKNOWN,5.331262939958599,17.624223602484477,reports_pairwise
2026-03-30,SHREECEM,50.3,56.6,31.3,21.7,65.2,,60.2,,,23290.0,UNKNOWN,1.7389437526835552,6.869901245169601,reports_pairwise
2026-03-30,CUMMINSIND,54.7,74.9,29.4,22.1,58.5,,69.4,,,4555.3,UNKNOWN,3.139200491734902,15.425987311483322,reports_pairwise
2026-03-30,FEDERALBNK,53.2,82.7,26.6,8.9,43.9,,68.2,,,261.95,UNKNOWN,3.6457339186867768,10.93720175606033,reports_pairwise
2026-03-30,NESTLEIND,49.3,73.2,21.8,10.7,41.4,,74.5,,,1181.0,UNKNOWN,2.963590177815411,21.93056731583404,reports_pairwise
2026-03-30,GLENMARK,56.6,57.9,43.7,10.6,72.4,,66.5,,,2140.0,UNKNOWN,-1.6448598130841037,12.322429906542046,reports_pairwise
2026-03-30,ULTRACEMCO,50.4,60.9,27.1,15.3,46.6,,67.2,,,10781.0,UNKNOWN,1.613950468416659,9.609498191262405,reports_pairwise
2026-03-30,ACC,49.1,75.4,17.2,24.0,56.6,,51.4,,,1274.7,UNKNOWN,6.856515258492184,12.912842237389183,reports_pairwise
2026-03-30,HDFCLIFE,48.7,58.4,17.2,21.8,56.0,,61.0,,,595.25,UNKNOWN,-2.494750104997904,-0.856782864342717,reports_pairwise
2026-03-30,ASIANPAINT,49.8,66.0,32.0,18.2,49.5,,59.5,,,2175.6,UNKNOWN,0.3998896856039839,13.191763191763192,reports_pairwise
2026-03-30,APLAPOLLO,51.5,69.4,24.9,6.0,58.3,,65.8,,,1968.1,UNKNOWN,-2.6980336365022057,0.4014023677658702,reports_pairwise
2026-03-30,TATAPOWER,49.5,51.2,45.2,6.1,50.7,,72.9,,,383.25,UNKNOWN,0.1565557729941351,20.495759947814747,reports_pairwise
2026-03-30,TECHM,51.3,84.2,53.9,10.8,58.4,,58.6,,,1380.0,UNKNOWN,5.036231884057972,2.0362318840579645,reports_pairwise
2026-03-30,DIVISLAB,51.1,64.5,18.6,32.6,43.3,,65.7,,,5933.0,UNKNOWN,-1.8877465026125064,8.419012304062026,reports_pairwise
2026-03-30,GRASIM,48.9,42.8,27.1,24.1,41.2,,70.4,,,2575.0,UNKNOWN,1.5300970873786444,8.077669902912621,reports_pairwise
2026-03-30,LICHSGFIN,50.6,46.8,35.8,27.1,58.3,,60.4,,,501.35,UNKNOWN,3.2312755559987894,9.703799740700104,reports_pairwise
2026-03-30,BRITANNIA,46.4,65.3,17.3,15.0,42.1,,72.1,,,5469.5,UNKNOWN,1.197550050278819,3.5195173233385133,reports_pairwise
2026-03-30,INDIANB,52.9,84.8,25.5,10.1,40.6,,62.5,,,855.15,UNKNOWN,5.227153131029649,4.788633573057364,reports_pairwise
2026-03-30,ITC,45.7,94.2,21.6,9.1,48.1,,57.1,,,290.15,UNKNOWN,1.6198518007927092,4.928485266241603,reports_pairwise
2026-03-30,ASTRAL,52.8,60.3,35.3,13.8,69.4,,65.7,,,1611.4,UNKNOWN,-5.498324438376575,-3.8786148690579623,reports_pairwise
2026-03-30,HINDUNILVR,45.9,73.7,19.7,16.6,49.5,,64.0,,,2051.1,UNKNOWN,1.6430208180976194,11.623031544049539,reports_pairwise
2026-03-30,BAJAJFINSV,48.0,56.3,17.4,22.1,54.7,,60.6,,,1638.7,UNKNOWN,2.050405809483121,8.561664734240553,reports_pairwise
2026-03-30,TITAN,46.3,50.0,23.7,8.9,40.0,,74.4,,,3934.8,UNKNOWN,7.9114567449425675,12.25475246518247,reports_pairwise
2026-03-30,BANKBARODA,50.4,76.8,14.9,18.1,48.6,,58.8,,,250.3,UNKNOWN,3.779464642429077,7.003595685177776,reports_pairwise
2026-03-30,INFY,49.3,93.2,37.8,9.5,64.9,,56.7,,,1257.1,UNKNOWN,3.9058149709649306,-8.352557473550236,reports_pairwise
2026-03-30,BAJAJ-AUTO,47.5,80.0,22.3,7.7,42.4,,68.4,,,8834.0,UNKNOWN,1.2282091917591125,7.488114104595879,reports_pairwise
2026-03-30,HINDALCO,51.0,75.8,27.6,7.5,58.7,,60.4,,,889.15,UNKNOWN,4.307484676376322,20.823258167913174,reports_pairwise
2026-03-30,ICICIPRULI,46.8,56.6,11.2,26.5,53.0,,60.0,,,512.75,UNKNOWN,0.06825938566553344,1.521209166260352,reports_pairwise
2026-03-30,LT,47.9,65.7,24.8,10.0,59.6,,62.2,,,3529.4,UNKNOWN,5.618518728395753,14.401881339604458,reports_pairwise
2026-03-30,EICHERMOT,47.1,85.6,21.0,5.8,44.7,,65.1,,,6650.5,UNKNOWN,-0.8194872565972483,6.330351101420946,reports_pairwise
2026-03-30,TCS,45.9,92.4,20.5,30.8,68.2,,54.1,,,2380.3,UNKNOWN,3.932277444019657,2.7055413183212047,reports_pairwise
2026-03-30,PAGEIND,46.6,71.2,46.9,16.1,59.8,,50.9,,,31740.0,UNKNOWN,9.483301827347196,18.163201008191557,reports_pairwise
2026-03-30,PFC,50.4,56.1,28.1,7.5,50.3,,62.5,,,384.5,UNKNOWN,5.565669700910267,25.20156046814044,reports_pairwise
2026-03-30,WIPRO,47.5,85.1,28.4,11.0,68.2,,55.1,,,189.11,UNKNOWN,4.325524826820358,6.594045793453544,reports_pairwise
2026-03-30,PETRONET,50.0,83.9,19.2,21.8,47.6,,56.9,,,249.75,UNKNOWN,1.909909909909914,11.19919919919921,reports_pairwise
2026-03-30,BEL,49.0,76.4,14.5,19.5,42.0,,65.4,,,404.55,UNKNOWN,5.586454084785555,7.712272895810155,reports_pairwise
2026-03-30,CANBK,50.1,80.6,18.9,12.5,49.7,,58.0,,,125.11,UNKNOWN,4.316201742466622,9.583566461513863,reports_pairwise
2026-03-30,IRB,48.6,66.0,63.9,54.3,72.9,,42.3,,,22.22,UNKNOWN,-6.975697569756963,-1.620162016201618,reports_pairwise
2026-03-30,PNB,48.8,76.6,16.9,13.1,48.6,,57.7,,,101.68,UNKNOWN,4.7403619197482225,9.549567269866241,reports_pairwise
2026-03-30,ADANIPOWER,50.6,81.2,65.7,7.7,72.4,,50.2,,,152.25,UNKNOWN,7.231527093596053,46.69950738916256,reports_pairwise
2026-03-30,HDFCAMC,50.0,89.0,21.1,39.5,50.7,,56.3,,,2247.7,UNKNOWN,6.17965030920497,22.801085554121993,reports_pairwise
2026-03-30,HAVELLS,45.4,66.9,16.4,57.1,50.3,,58.1,,,1187.7,UNKNOWN,1.591310937105318,7.1145912267407585,reports_pairwise
2026-03-30,AMBUJACEM,46.1,76.9,20.4,24.0,55.7,,51.5,,,404.5,UNKNOWN,6.316440049443761,13.423980222496912,reports_pairwise
2026-03-30,INDUSTOWER,48.2,83.9,25.6,14.7,41.0,,64.3,,,419.3,UNKNOWN,1.4786549010255159,-1.275936083949445,reports_pairwise
2026-03-30,IOB,49.5,86.8,25.0,23.4,48.8,,51.8,,,31.54,UNKNOWN,4.787571337983507,10.875079264426125,reports_pairwise
2026-03-30,MARUTI,44.6,85.3,19.9,9.8,46.1,,58.4,,,12327.0,UNKNOWN,2.9285308672020767,4.583434736756713,reports_pairwise
2026-03-30,DABUR,44.5,72.7,15.1,9.7,52.0,,59.3,,,411.25,UNKNOWN,0.5957446808510611,9.458966565349538,reports_pairwise
2026-03-30,AUBANK,49.2,79.7,21.1,10.8,48.3,,60.0,,,841.75,UNKNOWN,4.965844965844961,21.508761508761502,reports_pairwise
2026-03-30,IOC,45.2,57.1,11.5,8.4,50.8,,55.2,,,136.42,UNKNOWN,-1.7372819234716144,6.57528221668377,reports_pairwise
2026-03-30,MFSL,44.9,47.9,12.8,7.5,43.1,,63.0,,,1490.4,UNKNOWN,0.5636070853462066,8.07836822329575,reports_pairwise
2026-03-30,MUTHOOTFIN,49.3,74.0,34.0,31.7,48.4,,50.3,,,3187.7,UNKNOWN,3.2029362863506714,9.671550020390884,reports_pairwise
2026-03-30,NHPC,45.9,42.8,44.6,9.0,57.8,,63.8,,,74.13,UNKNOWN,2.7384324834749783,15.176042088223394,reports_pairwise
2026-03-30,TATACONSUM,44.1,54.4,19.5,15.3,41.6,,69.0,,,1023.4,UNKNOWN,3.107289427398873,12.145788547977338,reports_pairwise
2026-03-30,UNITDSPR,44.6,68.7,18.6,30.7,46.7,,61.3,,,1227.4,UNKNOWN,0.7251099885937643,11.976535766661234,reports_pairwise
2026-03-30,ADANIPORTS,47.6,81.7,21.4,4.3,42.1,,63.6,,,1322.5,UNKNOWN,4.884688090737233,23.826086956521735,reports_pairwise
2026-03-30,MAHABANK,49.2,83.6,24.3,4.8,41.8,,55.8,,,62.22,UNKNOWN,7.023465123754427,24.94374799099967,reports_pairwise
2026-03-30,J&KBANK,49.0,69.6,28.6,2.0,54.9,,56.5,,,111.36,UNKNOWN,3.9870689655172398,15.858480848115066,reports_pairwise
2026-03-30,SAIL,49.0,65.5,36.8,16.4,56.6,,58.2,,,154.18,UNKNOWN,4.060189389025807,20.398235828252684,reports_pairwise
2026-03-30,OFSS,48.9,94.6,47.7,48.9,66.5,,48.3,,,6784.0,UNKNOWN,3.4345518867924527,41.06721698113208,reports_pairwise
2026-03-30,COLPAL,44.5,83.3,11.8,37.5,55.4,,53.2,,,1802.0,UNKNOWN,1.5371809100998917,17.935627081021078,reports_pairwise
2026-03-30,IRCTC,43.6,89.9,19.9,17.5,56.9,,50.9,,,500.05,UNKNOWN,2.9297070292970773,8.759124087591243,reports_pairwise
2026-03-30,POLYCAB,47.5,84.1,13.0,15.0,44.8,,59.4,,,6851.5,UNKNOWN,2.853389768663796,20.469970079544623,reports_pairwise
2026-03-30,MRF,45.5,76.5,21.7,23.8,50.1,,60.6,,,126435.0,UNKNOWN,0.48246134377348043,2.9145410685332385,reports_pairwise
2026-03-30,SIEMENS,47.2,61.8,18.9,8.3,59.9,,65.0,,,2958.7,UNKNOWN,3.0182174603711154,29.357488085983725,reports_pairwise
2026-03-30,LTIM,46.3,87.9,35.3,12.0,68.4,,52.3,,,4504.0,UNKNOWN,0.0,0.0,reports_pairwise
2026-03-30,PIIND,45.1,80.9,17.9,20.1,52.3,,49.4,,,2728.4,UNKNOWN,4.006010848849132,13.531740214044854,reports_pairwise
2026-03-30,GODREJCP,43.6,59.8,20.1,27.6,51.3,,62.0,,,995.9,UNKNOWN,0.6074907119188743,9.649563209157549,reports_pairwise
2026-03-30,HAL,46.6,93.7,11.6,13.3,54.3,,51.7,,,3524.5,UNKNOWN,6.457653567881967,23.177755710029782,reports_pairwise
2026-03-30,PERSISTENT,48.0,79.0,53.8,11.0,66.1,,50.6,,,4857.1,UNKNOWN,9.312140989479303,-1.1035391488748503,reports_pairwise
2026-03-30,JSWSTEEL,45.9,45.9,24.0,7.7,42.1,,66.4,,,1128.4,UNKNOWN,0.46082949308754145,13.576745834810334,reports_pairwise
2026-03-30,PREMIERENE,47.8,79.5,83.2,8.1,77.6,,41.2,,,885.4,UNKNOWN,4.579850914840758,17.16173480912581,reports_pairwise
2026-03-30,TATASTEEL,47.7,57.1,33.4,7.5,53.9,,60.4,,,192.81,UNKNOWN,1.7063430320004107,11.534671438203418,reports_pairwise
2026-03-30,JINDALSTEL,47.5,49.6,25.0,20.0,54.4,,62.8,,,1117.4,UNKNOWN,1.485591551816709,13.253982459280463,reports_pairwise
2026-03-30,HEROMOTOCO,45.8,90.0,22.2,8.8,41.0,,60.3,,,5099.5,UNKNOWN,0.07843906265320129,-0.6177076183939602,reports_pairwise
2026-03-30,INDUSINDBK,46.6,75.4,16.1,7.5,49.7,,58.8,,,759.5,UNKNOWN,3.5154707044108022,16.59644502962475,reports_pairwise
2026-03-30,SRF,46.1,61.5,33.0,15.0,51.8,,55.0,,,2436.5,UNKNOWN,-0.11081469320746228,3.952390724399761,reports_pairwise
2026-03-30,UNIONBANK,47.3,79.7,23.4,28.9,45.4,,52.1,,,168.03,UNKNOWN,3.624352794143905,1.4580729631613336,reports_pairwise
2026-03-30,VEDL,47.3,68.4,20.2,10.4,55.7,,58.0,,,662.7,UNKNOWN,4.1195110909913915,11.55877470952164,reports_pairwise
2026-03-30,YESBANK,47.1,74.6,17.2,30.0,53.4,,52.2,,,17.31,UNKNOWN,4.8526863084922,15.366839976891972,reports_pairwise
2026-03-30,BIOCON,45.9,44.4,21.9,4.3,49.3,,64.2,,,361.75,UNKNOWN,-1.8659295093296473,0.29025570145128166,reports_pairwise
2026-03-30,BSE,46.9,75.2,35.9,7.5,51.4,,47.9,,,2707.7,UNKNOWN,10.141448461794157,33.918085459984496,reports_pairwise
2026-03-30,OBEROIRLTY,45.6,81.1,34.3,26.5,60.7,,53.6,,,1436.1,UNKNOWN,5.835248241765907,19.09337789847504,reports_pairwise
2026-03-30,TVSMOTOR,43.7,50.0,24.3,15.0,43.7,,66.8,,,3377.5,UNKNOWN,3.265729089563292,3.50555144337528,reports_pairwise
2026-03-30,MANKIND,44.1,58.2,21.0,15.0,47.1,,56.6,,,1998.8,UNKNOWN,0.9455673404042471,13.28797278367021,reports_pairwise
2026-03-30,ABCAPITAL,46.5,70.4,21.7,11.0,48.7,,56.3,,,294.05,UNKNOWN,5.8663492603298755,15.048461146063593,reports_pairwise
2026-03-30,M&M,44.4,68.7,25.9,11.1,48.2,,59.5,,,2967.1,UNKNOWN,1.8368103535438645,4.0780560142900475,reports_pairwise
2026-03-30,SUPREMEIND,46.2,63.3,27.2,17.0,58.4,,56.3,,,3717.4,UNKNOWN,-1.2159035885296248,-2.299994619895626,reports_pairwise
2026-03-30,PATANJALI,42.7,71.6,22.3,13.7,50.9,,55.2,,,461.45,UNKNOWN,2.221259074655976,0.5200996857731139,reports_pairwise
2026-03-30,BAJFINANCE,44.9,60.8,19.3,18.3,53.2,,55.2,,,809.55,UNKNOWN,5.1015996541288455,14.094249891915265,reports_pairwise
2026-03-30,RECLTD,45.3,56.9,25.4,8.2,49.9,,52.4,,,311.65,UNKNOWN,5.10187710572759,20.58398844858015,reports_pairwise
2026-03-30,BPCL,44.4,68.4,13.6,25.2,46.0,,50.1,,,284.8,UNKNOWN,-2.1418539325842776,8.058286516853927,reports_pairwise
2026-03-30,GAIL,43.3,80.1,21.1,21.8,54.3,,53.9,,,139.49,UNKNOWN,2.6166750304681177,18.775539465194633,reports_pairwise
2026-03-30,MAXHEALTH,44.5,55.8,18.0,15.0,49.3,,55.2,,,958.4,UNKNOWN,-2.796327212020029,4.836185308848083,reports_pairwise
2026-03-30,BANKINDIA,45.7,74.1,19.8,11.7,48.9,,52.8,,,139.41,UNKNOWN,2.611003514812434,3.4717739043110276,reports_pairwise
2026-03-30,CONCOR,43.0,75.7,18.8,15.0,52.7,,51.7,,,430.3,UNKNOWN,4.682779456193348,18.63815942365791,reports_pairwise
2026-03-30,APOLLOTYRE,43.7,66.5,27.2,15.0,51.7,,57.7,,,408.85,UNKNOWN,0.5014063837593138,3.619909502262432,reports_pairwise
2026-03-30,CGPOWER,45.5,74.7,22.6,9.1,49.9,,56.1,,,659.85,UNKNOWN,4.160036371902694,25.968023035538383,reports_pairwise
2026-03-30,BOSCHLTD,43.0,80.2,19.8,23.5,53.6,,53.4,,,28850.0,UNKNOWN,15.979202772963605,29.358752166377815,reports_pairwise
2026-03-30,EXIDEIND,41.9,65.8,25.0,19.9,52.1,,53.7,,,291.9,UNKNOWN,2.3638232271325914,22.045220966084287,reports_pairwise
2026-03-30,BAJAJHLDNG,45.0,81.1,14.7,17.1,56.6,,41.2,,,8834.0,UNKNOWN,3.3620104143083545,15.989359293638216,reports_pairwise
2026-03-30,CHOLAFIN,45.0,65.1,15.2,25.2,49.7,,53.1,,,1358.0,UNKNOWN,2.5920471281296056,13.136966126656855,reports_pairwise
2026-03-30,SONACOMS,45.0,57.6,26.4,46.6,54.1,,59.0,,,486.4,UNKNOWN,4.728618421052632,23.108552631578945,reports_pairwise
2026-03-30,UCOBANK,43.6,74.7,16.5,27.9,56.1,,44.3,,,22.88,UNKNOWN,6.424825174825186,14.772727272727284,reports_pairwise
2026-03-30,CENTRALBK,44.6,71.5,16.5,15.3,47.7,,51.3,,,31.85,UNKNOWN,6.530612244897954,13.218210361067506,reports_pairwise
2026-03-30,BHEL,44.4,44.2,36.2,7.5,58.2,,56.6,,,252.75,UNKNOWN,-2.8130563798219637,40.3402571711177,reports_pairwise
2026-03-30,TIINDIA,44.4,55.0,33.0,0.0,73.9,,48.8,,,2523.5,UNKNOWN,2.3538735882702633,18.92213195957995,reports_pairwise
2026-03-30,ADANIENT,44.3,85.1,15.9,15.0,53.7,,45.7,,,1794.3,UNKNOWN,6.0134871537647046,34.44797414033329,reports_pairwise
2026-03-30,UPL,44.3,55.9,22.9,25.2,56.0,,50.6,,,575.65,UNKNOWN,5.576305046469213,12.134109267784249,reports_pairwise
2026-03-30,INDHOTEL,42.3,70.4,24.3,37.5,53.5,,51.7,,,580.1,UNKNOWN,2.6374762971901315,12.47198758834684,reports_pairwise
2026-03-30,JIOFIN,42.6,50.0,26.8,20.1,53.5,,50.5,,,225.8,UNKNOWN,4.211691762621785,11.076173604960138,reports_pairwise
2026-03-30,MPHASIS,43.6,84.8,28.3,11.4,66.5,,50.2,,,2074.9,UNKNOWN,7.725673526434996,9.417321316689966,reports_pairwise
2026-03-30,POLICYBZR,43.8,53.2,33.9,33.7,48.0,,48.0,,,1419.5,UNKNOWN,3.557590700951039,17.4638957379359,reports_pairwise
2026-03-30,BANDHANBNK,43.8,78.6,14.1,3.7,42.5,,49.7,,,141.95,UNKNOWN,7.488552307150423,25.85417400493133,reports_pairwise
2026-03-30,TMPV,42.9,83.2,19.6,24.5,53.6,,52.2,,,298.4,UNKNOWN,3.016085790884719,17.560321715817707,reports_pairwise
2026-03-30,WAAREEENER,43.6,84.3,79.9,0.0,76.3,,35.0,,,3095.0,UNKNOWN,-0.3327948303715729,11.586429725363487,reports_pairwise
2026-03-30,SBICARD,41.8,54.7,20.0,32.1,55.1,,47.6,,,644.3,UNKNOWN,-1.4279062548502146,0.48890268508460205,reports_pairwise
2026-03-30,SHRIRAMFIN,43.3,60.9,19.9,17.1,47.4,,53.6,,,877.3,UNKNOWN,5.779094950416055,8.657243816254423,reports_pairwise
2026-03-30,SOLARINDS,43.3,72.3,11.2,24.7,46.5,,48.0,,,12191.0,UNKNOWN,9.121483061274711,25.53523090804692,reports_pairwise
2026-03-30,TORNTPOWER,42.6,80.8,18.4,16.2,55.2,,58.8,,,1318.7,UNKNOWN,4.580268446197001,33.078031394555246,reports_pairwise
2026-03-30,IGL,42.5,83.0,22.4,53.0,54.7,,47.5,,,147.52,UNKNOWN,0.8744577006507538,12.832158351409964,reports_pairwise
2026-03-30,BAJAJHFL,38.0,55.2,13.6,46.2,50.5,,41.0,,,73.9,UNKNOWN,7.821380243572396,20.93369418132611,reports_pairwise
2026-03-30,HUDCO,42.9,57.4,24.3,39.8,55.9,,40.6,,,161.01,UNKNOWN,5.285386000869523,33.5631327246755,reports_pairwise
2026-03-30,SUZLON,42.9,92.5,36.1,21.8,52.1,,35.6,,,40.07,UNKNOWN,3.7933616171699605,43.04966308959321,reports_pairwise
2026-03-30,GMRAIRPORT,42.2,65.3,23.2,9.8,44.8,,57.7,,,85.68,UNKNOWN,6.44257703081232,14.215686274509794,reports_pairwise
2026-03-30,VBL,41.6,71.5,16.5,21.5,54.6,,50.7,,,384.25,UNKNOWN,4.359141184124918,34.95120364346128,reports_pairwise
2026-03-30,BHARATFORG,42.4,47.5,19.1,12.6,59.8,,61.8,,,1680.3,UNKNOWN,-0.5772778670475537,12.76557757543296,reports_pairwise
2026-03-30,NAUKRI,41.7,54.9,34.6,48.8,54.7,,45.9,,,963.6,UNKNOWN,3.185969281859686,4.254877542548775,reports_pairwise
2026-03-30,LTF,42.3,57.3,21.0,9.1,50.5,,51.7,,,240.6,UNKNOWN,6.172069825436407,18.778054862842886,reports_pairwise
2026-03-30,JSWENERGY,41.7,43.4,31.8,45.2,50.3,,60.5,,,472.85,UNKNOWN,5.0438828381093295,22.850798350428246,reports_pairwise
2026-03-30,IDFCFIRSTB,41.8,67.2,20.6,13.0,49.9,,48.2,,,59.66,UNKNOWN,2.380154207173989,15.169292658397582,reports_pairwise
2026-03-30,ASHOKLEY,41.8,68.6,16.0,8.7,51.9,,52.9,,,155.62,UNKNOWN,-3.026603264361912,7.6468320267317855,reports_pairwise
2026-03-30,TATACOMM,41.4,67.4,23.2,9.2,53.7,,50.2,,,1365.9,UNKNOWN,2.694194304121821,17.03638626546598,reports_pairwise
2026-03-30,ESCORTS,41.4,80.3,18.2,10.4,53.5,,46.9,,,2761.0,UNKNOWN,4.79174212241942,19.833393697935527,reports_pairwise
2026-03-30,IREDA,40.9,58.8,30.6,13.8,51.5,,41.7,,,112.24,UNKNOWN,2.9757662152530324,22.995367070563095,reports_pairwise
2026-03-30,VOLTAS,40.2,55.2,19.3,10.5,43.0,,60.4,,,1279.0,UNKNOWN,-2.111024237685692,18.14698983580922,reports_pairwise
2026-03-30,NTPCGREEN,39.8,32.4,56.2,0.0,59.0,,53.0,,,94.21,UNKNOWN,4.076000424583381,22.92750238828151,reports_pairwise
2026-03-30,TATATECH,39.3,71.6,23.0,27.3,55.0,,48.9,,,515.4,UNKNOWN,5.413271245634455,10.554908808692273,reports_pairwise
2026-03-30,BHARTIHEXA,40.5,64.5,29.5,26.7,51.4,,48.0,,,1521.5,UNKNOWN,-0.25632599408479073,-0.7821229050279389,reports_pairwise
2026-03-30,IRFC,40.4,59.0,22.7,12.4,56.7,,43.5,,,89.01,UNKNOWN,4.168071003258054,18.12155937535108,reports_pairwise
2026-03-30,M&MFIN,40.1,53.9,14.7,7.5,50.8,,47.7,,,286.65,UNKNOWN,-1.8838304552590188,9.0702947845805,reports_pairwise
2026-03-30,HINDZINC,40.0,79.1,18.6,7.5,48.7,,42.8,,,506.5,UNKNOWN,3.859822309970376,21.63869693978283,reports_pairwise
2026-03-30,HINDPETRO,39.6,54.5,20.0,11.9,64.1,,41.4,,,338.0,UNKNOWN,-2.9437869822485174,12.440828402366867,reports_pairwise
2026-03-30,ADANIENSOL,39.4,53.9,25.2,0.2,50.1,,57.3,,,937.8,UNKNOWN,5.710172744721696,53.065685647259556,reports_pairwise
2026-03-30,NYKAA,38.5,37.3,21.9,7.6,41.2,,62.0,,,233.8,UNKNOWN,8.006843455945251,15.530367835757058,reports_pairwise
2026-03-30,PHOENIXLTD,38.8,52.9,26.6,23.8,44.9,,56.7,,,1514.0,UNKNOWN,2.688243064729197,16.373844121532372,reports_pairwise
2026-03-30,INDIGO,39.2,51.8,28.1,17.1,54.1,,45.7,,,4081.7,UNKNOWN,5.654506700639445,8.837004189430871,reports_pairwise
2026-03-30,HYUNDAI,38.5,95.2,11.2,29.9,53.2,,39.0,,,1775.7,UNKNOWN,-4.747423551275551,2.787633046122656,reports_pairwise
2026-03-30,MOTILALOFS,38.0,65.6,26.1,28.8,57.1,,32.2,,,642.3,UNKNOWN,9.738439981317153,21.858944418496044,reports_pairwise
2026-03-30,COFORGE,37.4,71.5,38.4,10.5,66.0,,36.3,,,1124.4,UNKNOWN,8.52009960868018,6.803628601921025,reports_pairwise
2026-03-30,ETERNAL,36.7,49.9,40.6,4.0,54.7,,40.3,,,230.05,UNKNOWN,0.9345794392523264,10.006520321669193,reports_pairwise
2026-03-30,MOTHERSON,36.7,67.4,19.1,9.7,48.8,,49.4,,,105.93,UNKNOWN,2.1995657509676185,18.210138770886424,reports_pairwise
2026-03-30,KALYANKJIL,36.0,58.2,34.7,17.8,61.2,,36.1,,,379.0,UNKNOWN,10.910290237467024,8.878627968337724,reports_pairwise
2026-03-30,TATAELXSI,35.9,75.2,25.1,5.1,53.9,,42.1,,,4045.0,UNKNOWN,5.619283065512983,2.1409147095179324,reports_pairwise
2026-03-30,DLF,35.5,78.0,18.8,22.8,55.5,,41.4,,,505.9,UNKNOWN,4.605653291164275,16.20873690452659,reports_pairwise
2026-03-30,MAZDOCK,35.8,87.4,20.5,18.5,48.4,,31.7,,,2086.5,UNKNOWN,10.889048646057983,28.602923556194593,reports_pairwise
2026-03-30,IDBI,35.5,78.2,11.2,0.0,48.1,,27.4,,,62.6,UNKNOWN,11.916932907348244,21.214053120475988,reports_pairwise
2026-03-30,VMM,35.6,52.8,30.5,3.4,71.5,,39.6,,,104.74,UNKNOWN,8.5927057475654,20.288333015084973,reports_pairwise
2026-03-30,DIXON,35.4,80.4,39.7,15.0,49.5,,33.1,,,9904.0,UNKNOWN,1.050080775444265,14.802100161550888,reports_pairwise
2026-03-30,PAYTM,35.0,51.1,27.6,7.7,50.7,,46.2,,,972.8,UNKNOWN,5.78741776315789,16.072162828947384,reports_pairwise
2026-03-30,JUBLFOOD,32.8,30.5,20.1,18.1,55.9,,47.0,,,440.2,UNKNOWN,4.747841890049985,9.58655156746933,reports_pairwise
2026-03-30,LODHA,33.9,82.8,11.2,39.7,54.7,,33.3,,,676.65,UNKNOWN,4.965639547772116,30.481046331190427,reports_pairwise
2026-03-30,KPITTECH,33.5,87.3,27.8,2.5,54.1,,32.7,,,646.3,UNKNOWN,7.511991335293218,13.639176852854726,reports_pairwise
2026-03-30,BDL,33.0,60.4,13.3,41.5,53.6,,29.1,,,1109.0,UNKNOWN,10.423805229936873,25.942290351668174,reports_pairwise
2026-03-30,TRENT,32.3,68.7,19.0,12.6,55.8,,34.0,,,3311.6,UNKNOWN,15.762773281797319,28.4545234931755,reports_pairwise
2026-03-30,ADANIGREEN,31.8,61.2,25.1,15.0,51.1,,38.6,,,819.7,UNKNOWN,12.370379407100156,52.488715383676954,reports_pairwise
2026-03-30,IDEA,31.7,79.8,18.6,5.2,51.1,,32.2,,,8.67,UNKNOWN,1.0380622837370226,14.763552479815448,reports_pairwise
2026-03-30,ATGL,31.6,56.1,45.0,0.0,59.3,,32.1,,,515.6,UNKNOWN,1.522498060512029,26.813421256788207,reports_pairwise
2026-03-30,COCHINSHIP,31.4,63.2,14.6,28.6,57.1,,25.9,,,1212.1,UNKNOWN,10.048675851827422,39.88944806534115,reports_pairwise
2026-03-30,RVNL,31.4,56.6,23.9,13.7,56.7,,30.7,,,254.05,UNKNOWN,2.9521747687463096,21.483959850423137,reports_pairwise
2026-03-30,PRESTIGE,31.1,39.7,16.5,19.6,55.1,,41.6,,,1123.0,UNKNOWN,5.3606411398041,24.897595725734632,reports_pairwise
2026-03-30,GODREJPROP,30.0,59.1,18.9,11.6,53.7,,37.4,,,1471.8,UNKNOWN,7.670879195542879,23.97064818589482,reports_pairwise
2026-03-30,SJVN,27.5,35.3,21.0,7.6,50.1,,40.3,,,64.61,UNKNOWN,4.767063921993497,26.590311097353364,reports_pairwise
2026-03-30,SWIGGY,26.9,49.3,15.7,19.5,51.9,,27.0,,,260.45,UNKNOWN,4.357842196198895,8.38932616625073,reports_pairwise
2026-03-30,ABFRL,20.5,43.4,21.3,8.9,55.6,,12.0,,,55.1,UNKNOWN,6.96914700544464,15.390199637023589,reports_pairwise
2026-03-30,OLAELEC,19.2,34.6,39.3,13.7,56.0,,8.1,,,23.57,UNKNOWN,23.843869325413667,51.930420025456094,reports_pairwise
2026-03-31,COALINDIA,70.6,90.8,48.6,22.6,85.0,50.0,76.7,,,450.45,BEAR,2.020202020202025,3.6741036741036766,reports_pairwise
2026-03-31,ONGC,69.4,71.4,56.0,41.8,84.2,50.0,76.0,,,284.65,BEAR,-0.9836641489548409,5.849288600035144,reports_pairwise
2026-03-31,LUPIN,67.1,86.6,45.4,29.2,81.6,50.0,76.5,,,2313.9,BEAR,-1.4693806992523444,-0.48403128916548993,reports_pairwise
2026-03-31,SUNPHARMA,60.8,74.1,35.7,12.7,63.6,50.0,77.8,,,1757.2,BEAR,-3.5624857728204034,-0.5633963123150518,reports_pairwise
2026-03-31,AUROPHARMA,68.1,79.6,61.5,33.1,87.3,50.0,71.5,,,1304.4,BEAR,2.759889604415823,9.061637534498605,reports_pairwise
2026-03-31,TORNTPHARM,60.3,69.4,29.8,15.8,72.0,50.0,78.1,,,4220.2,BEAR,-4.942893701720295,-0.8838443675655225,reports_pairwise
2026-03-31,ICICIBANK,56.6,88.1,21.2,25.2,65.5,50.0,69.7,,,1205.9,BEAR,2.1146032009287667,7.1398955137241815,reports_pairwise
2026-03-31,DRREDDY,58.6,81.4,32.6,10.6,57.1,50.0,74.0,,,1254.9,BEAR,-2.956410869391994,7.94485616383774,reports_pairwise
2026-03-31,NTPC,55.8,66.0,33.8,25.7,73.2,50.0,78.7,,,370.65,BEAR,-1.227573182247391,9.766626197221111,reports_pairwise
2026-03-31,IRB,61.7,66.5,63.0,63.0,86.9,50.0,61.3,,,22.14,BEAR,-6.639566395663951,-1.2646793134598064,reports_pairwise
2026-03-31,HDFCBANK,54.4,85.5,15.6,20.5,72.9,50.0,62.5,,,731.55,BEAR,5.392659421775688,6.971498872257535,reports_pairwise
2026-03-31,APOLLOHOSP,55.8,53.7,32.2,12.6,62.3,50.0,75.1,,,7419.0,BEAR,-0.6200296535921284,4.501954441299366,reports_pairwise
2026-03-31,PIDILITIND,54.8,70.5,21.5,40.8,65.5,50.0,69.6,,,1285.0,BEAR,0.48249027237354436,8.373540856031122,reports_pairwise
2026-03-31,ALKEM,56.7,83.2,30.1,9.1,52.5,50.0,72.5,,,5299.0,BEAR,-1.179467824117758,2.2551424797131534,reports_pairwise
2026-03-31,ZYDUSLIFE,56.6,82.1,29.0,17.4,66.4,50.0,67.1,,,871.2,BEAR,-0.5624426078971637,4.602846648301183,reports_pairwise
2026-03-31,SBIN,55.2,85.9,15.1,11.7,52.2,50.0,65.9,,,979.4,BEAR,5.447212579130082,11.425362466816416,reports_pairwise
2026-03-31,AXISBANK,56.5,88.3,19.1,36.5,62.3,50.0,66.0,,,1161.3,BEAR,7.233273056057866,10.99629725307845,reports_pairwise
2026-03-31,OIL,61.4,76.4,44.1,35.6,69.9,50.0,65.6,,,475.45,BEAR,-0.6835629403722789,4.574613524029866,reports_pairwise
2026-03-31,DMART,56.0,61.5,49.3,66.6,81.1,50.0,63.6,,,3956.8,BEAR,15.024767488879903,14.850384148807102,reports_pairwise
2026-03-31,LICI,56.3,92.0,19.6,56.9,67.9,50.0,59.5,,,725.65,BEAR,2.659684420864062,12.685178805209132,reports_pairwise
2026-03-31,ICICIGI,55.8,82.6,12.5,58.8,61.8,50.0,66.6,,,1710.6,BEAR,0.1403016485443757,3.5776920378814476,reports_pairwise
2026-03-31,KOTAKBANK,54.2,82.0,19.0,41.5,71.0,50.0,63.8,,,353.4,BEAR,2.0232031692133656,6.9468024900962115,reports_pairwise
2026-03-31,RELIANCE,53.2,75.9,26.5,25.6,39.7,50.0,69.9,,,1343.9,BEAR,-2.916883696703627,3.348463427338343,reports_pairwise
2026-03-31,CIPLA,52.9,90.2,15.5,28.4,58.0,50.0,61.7,,,1224.2,BEAR,-1.9032837771605908,6.7227577193269035,reports_pairwise
2026-03-31,BHARTIARTL,52.3,66.4,28.5,43.0,62.9,50.0,69.4,,,1782.4,BEAR,0.5834829443446962,3.4447935368043012,reports_pairwise
2026-03-31,MARICO,51.6,72.5,22.8,16.8,50.8,50.0,76.5,,,735.95,BEAR,1.9838304232624375,6.100957945512599,reports_pairwise
2026-03-31,GICRE,55.4,72.4,34.7,17.5,60.6,50.0,64.1,,,362.95,BEAR,6.199200991872159,10.084033613445385,reports_pairwise
2026-03-31,POWERGRID,52.9,60.7,39.0,12.5,75.3,50.0,73.4,,,296.1,BEAR,-0.3208375548801234,7.7338736913204915,reports_pairwise
2026-03-31,ABB,56.0,76.5,34.8,12.3,75.0,50.0,67.6,,,5941.5,BEAR,4.24135319363797,22.662627282672727,reports_pairwise
2026-03-31,SBILIFE,51.2,63.9,18.2,14.1,58.4,50.0,70.5,,,1777.3,BEAR,3.34777471445451,1.7442187587914253,reports_pairwise
2026-03-31,NATIONALUM,58.6,95.0,50.3,23.3,78.0,50.0,51.9,,,386.1,BEAR,5.633255633255633,14.34861434861434,reports_pairwise
2026-03-31,HCLTECH,54.3,94.9,42.7,38.5,76.7,50.0,59.8,,,1341.6,BEAR,4.5989862850328,-10.852713178294568,reports_pairwise
2026-03-31,NESTLEIND,50.6,73.2,21.0,14.9,56.4,50.0,74.2,,,1174.8,BEAR,3.5069799114742977,22.57405515832483,reports_pairwise
2026-03-31,ULTRACEMCO,52.1,61.0,26.8,25.2,63.3,50.0,67.0,,,10745.0,BEAR,1.9543973941368076,9.976733364355514,reports_pairwise
2026-03-31,SHREECEM,50.8,56.9,29.7,37.4,70.9,50.0,59.6,,,23020.0,BEAR,2.9322328410078193,8.123370981754995,reports_pairwise
2026-03-31,HDFCLIFE,50.6,58.4,16.6,31.8,73.4,50.0,60.6,,,590.6,BEAR,-1.7270572299356663,-0.07619370132069851,reports_pairwise
2026-03-31,ASIANPAINT,51.0,66.0,30.8,26.9,67.7,50.0,59.2,,,2165.2,BEAR,0.8821355994827437,13.735451690375028,reports_pairwise
2026-03-31,BRITANNIA,49.5,65.3,16.5,30.5,56.1,50.0,71.5,,,5423.0,BEAR,2.065277521666974,4.407154711414346,reports_pairwise
2026-03-31,DIVISLAB,52.5,64.5,19.2,41.3,56.2,50.0,65.9,,,5947.0,BEAR,-2.1187153186480576,8.163780057171683,reports_pairwise
2026-03-31,GLENMARK,56.1,57.9,42.8,14.2,73.8,50.0,66.3,,,2131.7,BEAR,-1.2619036449781695,12.759769198292444,reports_pairwise
2026-03-31,FEDERALBNK,52.2,82.8,25.5,11.5,42.2,50.0,67.6,,,259.4,BEAR,4.664610639938329,12.02775636083271,reports_pairwise
2026-03-31,CUMMINSIND,53.5,74.9,26.5,23.9,62.0,50.0,68.6,,,4500.1,BEAR,4.404346570076216,16.841847958934235,reports_pairwise
2026-03-31,NMDC,55.2,87.3,28.3,8.6,50.5,50.0,64.2,,,76.27,BEAR,6.726104628294231,19.18185393995019,reports_pairwise
2026-03-31,GRASIM,50.0,43.0,26.3,29.9,56.8,50.0,70.0,,,2557.7,BEAR,2.216835438088919,8.808695312194557,reports_pairwise
2026-03-31,BAJAJFINSV,50.0,56.5,17.1,30.0,72.1,50.0,60.3,,,1631.8,BEAR,2.4819218041426647,9.02071332271112,reports_pairwise
2026-03-31,LICHSGFIN,51.3,46.7,32.9,33.0,67.7,50.0,59.8,,,495.25,BEAR,4.502776375567886,11.055022715800101,reports_pairwise
2026-03-31,TECHM,51.5,84.1,54.7,13.9,64.5,50.0,58.7,,,1384.0,BEAR,4.732658959537572,1.7413294797687797,reports_pairwise
2026-03-31,ITC,47.1,94.4,19.6,15.0,66.9,50.0,56.6,,,287.7,BEAR,2.4852276677094314,5.822036843934654,reports_pairwise
2026-03-31,ICICIPRULI,48.6,56.6,11.2,36.5,70.2,50.0,59.6,,,509.55,BEAR,0.6966931606319324,2.1587675399862514,reports_pairwise
2026-03-31,HINDUNILVR,46.6,73.7,20.0,23.9,56.9,50.0,64.1,,,2055.2,BEAR,1.4402491241728477,11.400350330868052,reports_pairwise
2026-03-31,TATAPOWER,48.6,51.5,41.8,11.4,53.1,50.0,72.2,,,378.75,BEAR,1.3465346534653526,21.92739273927393,reports_pairwise
2026-03-31,TCS,47.8,92.6,19.5,36.3,73.7,50.0,54.2,,,2358.9,BEAR,4.875153673322311,3.6372885667048083,reports_pairwise
2026-03-31,BANKBARODA,51.7,76.7,14.5,21.4,62.6,50.0,58.0,,,247.6,BEAR,4.911147011308561,8.170436187399027,reports_pairwise
2026-03-31,APLAPOLLO,50.2,69.8,23.4,10.9,52.7,50.0,64.9,,,1937.0,BEAR,-1.1357769747031492,2.013422818791946,reports_pairwise
2026-03-31,TITAN,46.9,50.0,24.7,12.9,48.0,50.0,74.6,,,3951.4,BEAR,7.458116110745565,11.783165460343167,reports_pairwise
2026-03-31,EICHERMOT,48.6,85.9,20.4,11.5,62.4,50.0,64.4,,,6586.0,BEAR,0.1518372304889159,7.371697540236866,reports_pairwise
2026-03-31,PAGEIND,47.8,71.2,47.2,21.7,72.9,50.0,50.9,,,31775.0,BEAR,9.36270653029111,18.033044846577496,reports_pairwise
2026-03-31,ASTRAL,52.5,60.3,33.5,17.0,74.3,50.0,65.2,,,1599.0,BEAR,-4.765478424015012,-3.133208255159469,reports_pairwise
2026-03-31,INDIANB,52.4,84.6,24.4,13.4,46.8,50.0,61.9,,,845.7,BEAR,6.40297978006385,5.959560127704857,reports_pairwise
2026-03-31,PETRONET,51.1,83.8,18.9,25.4,60.9,50.0,56.7,,,248.45,BEAR,2.4431475145904695,11.781042463272303,reports_pairwise
2026-03-31,BAJAJ-AUTO,47.6,80.2,21.8,10.1,46.8,50.0,68.0,,,8781.5,BEAR,1.8333997608609007,8.13072937425269,reports_pairwise
2026-03-31,HAVELLS,47.2,66.9,16.5,60.7,64.8,50.0,58.3,,,1190.6,BEAR,1.3438602385351925,6.853687216529493,reports_pairwise
2026-03-31,INFY,49.2,93.6,36.4,17.2,68.5,50.0,56.5,,,1250.6,BEAR,4.4458659843275345,-7.876219414680953,reports_pairwise
2026-03-31,WIPRO,48.3,85.2,26.7,28.0,72.8,50.0,54.9,,,187.64,BEAR,5.142826689405248,7.429119590705621,reports_pairwise
2026-03-31,BEL,50.1,76.7,13.5,25.8,55.2,50.0,64.9,,,400.65,BEAR,6.614251840758767,8.760763758891807,reports_pairwise
2026-03-31,HDFCAMC,51.5,89.3,20.2,45.1,67.1,50.0,55.4,,,2216.4,BEAR,7.679119292546463,24.535282439992766,reports_pairwise
2026-03-31,CANBK,50.9,80.5,18.0,15.5,65.8,50.0,57.0,,,123.45,BEAR,5.718914540299707,11.057108140947745,reports_pairwise
2026-03-31,AMBUJACEM,47.5,77.0,19.7,29.3,72.4,50.0,51.1,,,401.25,BEAR,7.1775700934579465,14.34267912772586,reports_pairwise
2026-03-31,PNB,49.8,76.4,16.4,15.8,64.8,50.0,56.9,,,100.56,BEAR,5.906921241050117,10.769689737470165,reports_pairwise
2026-03-31,DABUR,46.3,72.7,15.0,16.2,68.7,50.0,59.1,,,410.45,BEAR,0.7918138628334754,9.672310878304298,reports_pairwise
2026-03-31,INDUSINDBK,50.6,75.6,15.6,10.0,63.1,50.0,58.1,,,752.45,BEAR,4.4853478636454245,17.688882982257944,reports_pairwise
2026-03-31,LT,47.8,65.8,24.2,15.0,61.0,50.0,61.8,,,3504.1,BEAR,6.381096429896404,15.227875916783196,reports_pairwise
2026-03-31,HINDALCO,50.1,75.7,26.2,10.2,50.4,50.0,60.1,,,884.45,BEAR,4.861778506416417,21.46531742891061,reports_pairwise
2026-03-31,MRF,47.8,76.2,23.7,33.4,65.1,50.0,61.5,,,128495.0,BEAR,-1.1284485777656719,1.2646406474960115,reports_pairwise
2026-03-31,TATACONSUM,45.8,54.4,18.7,23.0,62.1,50.0,68.3,,,1014.8,BEAR,3.981080015766663,13.09617658651952,reports_pairwise
2026-03-31,PFC,49.9,56.0,26.1,8.4,58.4,50.0,61.7,,,379.5,BEAR,6.956521739130429,26.851119894598153,reports_pairwise
2026-03-31,ADANIPORTS,49.0,81.9,20.6,7.5,58.6,50.0,63.2,,,1312.6,BEAR,5.675758037482859,24.760018284321198,reports_pairwise
2026-03-31,AUBANK,50.5,79.7,21.3,18.4,63.5,50.0,60.1,,,842.7,BEAR,4.847513943277549,21.371781179541937,reports_pairwise
2026-03-31,IOB,50.6,86.7,24.5,26.8,55.3,50.0,53.7,,,31.38,BEAR,5.32186105799872,11.440407903123008,reports_pairwise
2026-03-31,IOC,46.5,57.0,11.3,10.6,65.1,50.0,54.7,,,135.4,BEAR,-0.9970457902511036,7.378138847858183,reports_pairwise
2026-03-31,MFSL,46.0,47.9,12.8,10.4,56.7,50.0,63.1,,,1490.7,BEAR,0.543368887100014,8.056617696384242,reports_pairwise
2026-03-31,COLPAL,46.1,83.5,11.5,45.8,70.6,50.0,52.7,,,1788.7,BEAR,2.292167495946777,18.812545424050974,reports_pairwise
2026-03-31,INDUSTOWER,48.8,84.0,24.9,19.7,49.6,50.0,64.1,,,418.15,BEAR,1.7577424369245542,-1.004424249671168,reports_pairwise
2026-03-31,MARUTI,45.2,85.3,19.8,15.2,56.2,50.0,58.3,,,12306.0,BEAR,3.104176824313343,4.761904761904762,reports_pairwise
2026-03-31,MUTHOOTFIN,50.3,74.2,32.1,35.3,64.7,50.0,49.8,,,3160.1,BEAR,4.10430049681973,10.629410461694254,reports_pairwise
2026-03-31,PERSISTENT,50.3,78.8,54.8,14.7,88.1,50.0,50.8,,,4877.2,BEAR,8.861641925695068,-1.5111129336504514,reports_pairwise
2026-03-31,IRCTC,45.0,90.1,19.0,24.1,73.3,50.0,50.3,,,494.5,BEAR,4.084934277047532,9.979777553083927,reports_pairwise
2026-03-31,J&KBANK,50.1,69.4,26.4,3.4,69.2,50.0,55.8,,,110.01,BEAR,5.2631578947368345,17.280251133952305,reports_pairwise
2026-03-31,GODREJCP,45.5,59.8,19.2,35.1,70.9,50.0,61.3,,,984.8,BEAR,1.7414703493095138,10.885458976441923,reports_pairwise
2026-03-31,HAL,48.5,93.9,11.4,33.1,71.5,50.0,51.1,,,3487.2,BEAR,7.596352374397801,24.49529708648772,reports_pairwise
2026-03-31,OFSS,49.8,94.7,45.8,52.1,74.8,50.0,47.9,,,6731.0,BEAR,4.248997177239637,42.177982469172484,reports_pairwise
2026-03-31,UNITDSPR,45.2,69.1,18.1,36.2,60.0,50.0,60.8,,,1218.8,BEAR,1.4358385297013456,12.766655726944547,reports_pairwise
2026-03-31,MAHABANK,49.8,83.4,23.0,7.5,58.1,50.0,54.7,,,61.33,BEAR,8.576553073536614,26.75688896135659,reports_pairwise
2026-03-31,PIIND,46.3,81.0,17.7,28.1,68.7,50.0,49.2,,,2718.8,BEAR,4.373252905693675,13.932617331175507,reports_pairwise
2026-03-31,ADANIPOWER,49.2,81.4,62.2,10.1,67.6,50.0,49.6,,,150.43,BEAR,8.528883866250073,48.47437346274013,reports_pairwise
2026-03-31,CONCOR,46.2,75.9,17.7,20.7,71.3,50.0,51.1,,,425.3,BEAR,5.9134728426992655,20.032917940277446,reports_pairwise
2026-03-31,SAIL,48.9,65.8,32.8,20.6,63.4,50.0,57.4,,,151.42,BEAR,5.95694095892221,22.592788271034216,reports_pairwise
2026-03-31,HEROMOTOCO,47.1,90.2,21.7,12.5,58.9,50.0,59.9,,,5063.0,BEAR,0.7999209954572388,0.09875567845151097,reports_pairwise
2026-03-31,YESBANK,48.9,74.7,16.9,36.0,69.8,50.0,51.9,,,17.25,BEAR,5.217391304347818,15.76811594202898,reports_pairwise
2026-03-31,POLYCAB,47.6,84.2,12.9,17.5,50.0,50.0,59.3,,,6843.5,BEAR,2.973624607291591,20.61079856798422,reports_pairwise
2026-03-31,SIEMENS,47.5,61.8,18.3,10.7,65.1,50.0,64.5,,,2935.0,BEAR,3.8500851788756387,30.40204429301534,reports_pairwise
2026-03-31,PATANJALI,44.8,71.7,22.3,40.2,68.5,50.0,54.9,,,459.75,BEAR,2.599238716693853,0.8917890157694449,reports_pairwise
2026-03-31,JSWSTEEL,46.2,46.1,23.4,10.7,48.8,50.0,66.1,,,1122.5,BEAR,0.9888641425389674,14.173719376391974,reports_pairwise
2026-03-31,UCOBANK,47.1,74.3,15.5,32.8,72.3,50.0,44.6,,,22.45,BEAR,8.463251670378629,16.971046770601347,reports_pairwise
2026-03-31,SRF,47.0,61.4,33.2,17.7,69.1,50.0,55.0,,,2438.0,BEAR,-0.17227235438883587,3.888433141919614,reports_pairwise
2026-03-31,TATASTEEL,48.2,57.3,32.8,10.4,63.0,50.0,60.1,,,191.86,BEAR,2.2099447513812054,12.08693839257792,reports_pairwise
2026-03-31,M&M,45.8,68.8,25.6,19.7,66.0,50.0,59.3,,,2954.7,BEAR,2.2641892577926725,4.51484076217552,reports_pairwise
2026-03-31,MAXHEALTH,46.4,55.8,18.5,24.2,63.5,50.0,55.4,,,962.3,BEAR,-3.1902733035435866,4.411306245453606,reports_pairwise
2026-03-31,PREMIERENE,47.8,79.4,83.2,15.0,80.3,50.0,41.5,,,891.65,BEAR,3.846800874782714,16.340492345651313,reports_pairwise
2026-03-31,MANKIND,45.1,58.0,21.4,20.8,57.3,50.0,56.8,,,2005.8,BEAR,0.5932794894805111,12.892611426862107,reports_pairwise
2026-03-31,ABCAPITAL,47.4,70.5,21.3,14.3,65.5,50.0,55.9,,,292.25,BEAR,6.51839178785287,15.757057313943545,reports_pairwise
2026-03-31,UNIONBANK,47.4,79.5,21.9,30.5,58.5,50.0,50.3,,,164.2,BEAR,6.041412911084054,3.8246041412911094,reports_pairwise
2026-03-31,APOLLOTYRE,45.5,66.3,28.1,20.2,67.5,50.0,58.1,,,412.3,BEAR,-0.33955857385399807,2.7528498666019803,reports_pairwise
2026-03-31,BIOCON,46.2,44.4,21.4,7.5,60.2,50.0,64.0,,,360.9,BEAR,-1.6348018841784366,0.526461623718491,reports_pairwise
2026-03-31,BOSCHLTD,44.8,80.2,19.5,31.9,71.0,50.0,53.1,,,28745.0,BEAR,16.40285267002957,29.831275004348583,reports_pairwise
2026-03-31,VEDL,47.1,68.7,21.0,12.4,58.8,50.0,57.6,,,654.8,BEAR,5.37568723274283,12.90470372632865,reports_pairwise
2026-03-31,BAJFINANCE,46.0,61.0,18.6,26.0,69.7,50.0,54.5,,,801.55,BEAR,6.150583244962894,15.23298608945169,reports_pairwise
2026-03-31,LTIM,45.4,87.9,26.9,26.9,71.4,50.0,51.7,,,4504.0,BEAR,0.0,0.0,reports_pairwise
2026-03-31,SUPREMEIND,46.8,63.4,29.1,48.7,55.7,50.0,56.7,,,3745.1,BEAR,-1.9465434834850897,-3.022616218525535,reports_pairwise
2026-03-31,TVSMOTOR,44.0,50.0,24.2,21.1,50.8,50.0,66.6,,,3363.8,BEAR,3.6863071526250075,3.9271062488851864,reports_pairwise
2026-03-31,JINDALSTEL,46.8,49.6,24.6,26.8,51.2,50.0,62.6,,,1113.1,BEAR,1.8776390261432119,13.69149222891026,reports_pairwise
2026-03-31,NHPC,43.6,43.0,42.8,7.9,52.2,50.0,63.4,,,73.72,BEAR,3.3098209441128565,15.8166033640803,reports_pairwise
2026-03-31,CHOLAFIN,46.7,65.1,15.0,31.1,66.0,50.0,52.9,,,1354.7,BEAR,2.8419576289953494,13.412563667232599,reports_pairwise
2026-03-31,CENTRALBK,46.5,71.3,16.0,20.5,61.4,50.0,52.8,,,31.43,BEAR,7.954183900731785,14.731148584155275,reports_pairwise
2026-03-31,GAIL,43.7,79.9,19.6,27.1,62.3,50.0,53.4,,,137.71,BEAR,3.9430687677002236,20.310798053881342,reports_pairwise
2026-03-31,BAJAJHLDNG,46.2,80.9,14.1,21.6,73.7,50.0,40.6,,,8746.0,BEAR,4.402012348502173,17.156414360850675,reports_pairwise
2026-03-31,BPCL,44.7,68.3,12.3,28.3,55.2,50.0,49.5,,,281.0,BEAR,-0.8185053380782958,9.519572953736654,reports_pairwise
2026-03-31,EXIDEIND,43.1,66.1,23.9,25.4,70.5,50.0,52.9,,,287.9,BEAR,3.7860368183397135,23.74088225078153,reports_pairwise
2026-03-31,RECLTD,45.6,56.7,23.7,11.9,64.7,50.0,51.2,,,305.1,BEAR,7.3582431989511585,23.172730252376265,reports_pairwise
2026-03-31,OBEROIRLTY,44.9,81.3,31.2,32.5,64.6,50.0,53.1,,,1419.0,BEAR,7.110641296687814,20.52854122621564,reports_pairwise
2026-03-31,BANKINDIA,45.9,73.9,18.6,14.6,60.8,50.0,51.5,,,136.99,BEAR,4.423680560624865,5.299656909263443,reports_pairwise
2026-03-31,CGPOWER,45.5,74.7,21.2,14.4,59.7,50.0,55.7,,,655.05,BEAR,4.92328829860316,26.89107701702162,reports_pairwise
2026-03-31,TMPV,44.8,83.3,19.1,31.3,73.2,50.0,51.7,,,296.2,BEAR,3.7812288993922984,18.43349088453748,reports_pairwise
2026-03-31,BSE,45.2,75.4,33.9,8.4,52.2,50.0,47.4,,,2683.5,BEAR,11.134712129681393,35.12576858580212,reports_pairwise
2026-03-31,INDHOTEL,43.7,70.8,23.0,43.8,70.9,50.0,50.9,,,570.95,BEAR,4.282336456782543,14.274454855941851,reports_pairwise
2026-03-31,JIOFIN,43.9,50.0,26.2,27.1,70.1,50.0,50.0,,,224.1,BEAR,5.002231146809464,11.918786256135657,reports_pairwise
2026-03-31,ADANIENT,45.2,86.2,14.6,17.9,70.3,50.0,44.5,,,1758.8,BEAR,8.153286331589724,37.161701159881744,reports_pairwise
2026-03-31,BAJAJHFL,40.0,55.4,12.9,51.3,71.3,50.0,40.5,,,73.09,BEAR,9.016281297031062,22.273908879463676,reports_pairwise
2026-03-31,VBL,43.8,71.5,16.5,29.8,72.3,50.0,50.7,,,384.1,BEAR,4.399895860453,35.00390523301222,reports_pairwise
2026-03-31,ASHOKLEY,44.8,68.7,15.7,28.0,65.6,50.0,52.2,,,154.13,BEAR,-2.0891455265036005,8.687471614870573,reports_pairwise
2026-03-31,POLICYBZR,44.7,53.2,35.4,40.1,59.8,50.0,48.4,,,1427.8,BEAR,2.9555960218518034,16.78106177335762,reports_pairwise
2026-03-31,UPL,44.7,56.2,22.1,32.0,72.4,50.0,49.7,,,567.95,BEAR,7.00765912492296,13.654370983361202,reports_pairwise
2026-03-31,IGL,44.1,82.7,21.2,55.8,71.2,50.0,46.8,,,145.62,BEAR,2.190633154786429,14.304353797555269,reports_pairwise
2026-03-31,GMRAIRPORT,44.0,65.3,22.4,23.6,62.0,50.0,57.1,,,84.75,BEAR,7.610619469026552,15.469026548672565,reports_pairwise
2026-03-31,SBICARD,42.7,55.0,19.0,38.0,72.4,50.0,46.7,,,635.45,BEAR,-0.05507907781887209,1.8884255252183493,reports_pairwise
2026-03-31,SONACOMS,44.1,57.9,25.3,49.7,54.3,50.0,58.5,,,481.5,BEAR,5.794392523364481,24.361370716510894,reports_pairwise
2026-03-31,HUDCO,43.8,57.2,24.5,45.6,73.2,50.0,40.3,,,159.58,BEAR,6.228850733174581,34.759994986840454,reports_pairwise
2026-03-31,WAAREEENER,43.9,84.2,80.8,1.0,76.7,50.0,35.2,,,3109.8,BEAR,-0.8071258601839463,11.055373335905836,reports_pairwise
2026-03-31,IDFCFIRSTB,43.7,67.5,19.8,32.7,67.0,50.0,47.3,,,58.85,BEAR,3.7892948173321948,16.754460492778236,reports_pairwise
2026-03-31,LTF,43.6,57.4,21.0,12.9,67.8,50.0,51.6,,,240.2,BEAR,6.3488759367194,18.975853455453784,reports_pairwise
2026-03-31,BANDHANBNK,43.5,78.7,14.0,8.1,46.8,50.0,49.5,,,141.35,BEAR,7.944817828086324,26.388397594623285,reports_pairwise
2026-03-31,NAUKRI,42.6,54.8,35.8,53.6,66.3,50.0,46.1,,,967.7,BEAR,2.7487857807171547,3.8131652371602742,reports_pairwise
2026-03-31,SHRIRAMFIN,43.2,61.0,19.6,21.5,52.6,50.0,53.2,,,872.1,BEAR,6.409815388143558,9.305125558995526,reports_pairwise
2026-03-31,TORNTPOWER,42.7,80.9,17.8,19.6,57.5,50.0,58.3,,,1305.8,BEAR,5.613417062337262,34.39270945014552,reports_pairwise
2026-03-31,SUZLON,42.9,92.8,33.5,29.3,65.1,50.0,35.1,,,39.56,BEAR,5.131445904954502,44.89383215369059,reports_pairwise
2026-03-31,ESCORTS,42.8,80.4,17.9,15.0,70.0,50.0,46.5,,,2740.3,BEAR,5.583330292303762,20.738605262197556,reports_pairwise
2026-03-31,SOLARINDS,42.7,72.3,11.2,28.4,50.0,50.0,47.5,,,12076.0,BEAR,10.160649221596556,26.730705531632992,reports_pairwise
2026-03-31,TIINDIA,42.6,54.9,32.4,7.1,65.9,50.0,48.7,,,2517.3,BEAR,2.6059667103642754,19.215031978707337,reports_pairwise
2026-03-31,BHARATFORG,42.5,47.5,18.9,16.9,66.2,50.0,61.6,,,1674.6,BEAR,-0.2388630120625821,13.149408814045149,reports_pairwise
2026-03-31,BHEL,42.5,44.1,29.9,9.7,59.3,50.0,55.0,,,245.5,BEAR,0.057026476578405844,44.48472505091649,reports_pairwise
2026-03-31,MPHASIS,42.1,84.9,25.9,15.3,63.1,50.0,49.7,,,2053.0,BEAR,8.87481734047734,10.584510472479307,reports_pairwise
2026-03-31,JSWENERGY,41.9,43.5,31.3,48.5,51.2,50.0,61.8,,,471.6,BEAR,5.322307039864285,23.176420695504653,reports_pairwise
2026-03-31,TATACOMM,42.1,67.6,22.2,16.4,70.7,50.0,49.3,,,1347.9,BEAR,4.06558350025966,18.59930261888863,reports_pairwise
2026-03-31,M&MFIN,41.9,53.9,14.7,10.9,68.2,50.0,47.6,,,286.1,BEAR,-1.695211464522902,9.279972037749022,reports_pairwise
2026-03-31,TATATECH,40.5,71.9,22.2,33.1,73.3,50.0,48.1,,,509.2,BEAR,6.696779261586797,11.901021209740763,reports_pairwise
2026-03-31,IREDA,41.7,59.4,27.6,34.0,69.8,50.0,40.4,,,108.98,BEAR,6.05615709304459,26.674619196182793,reports_pairwise
2026-03-31,VOLTAS,41.1,55.2,19.0,14.9,55.4,50.0,60.1,,,1272.8,BEAR,-1.6341923318667468,18.72250157133878,reports_pairwise
2026-03-31,IRFC,41.6,59.5,21.3,31.5,73.7,50.0,42.3,,,87.23,BEAR,6.293706293706287,20.531927089304133,reports_pairwise
2026-03-31,BHARTIHEXA,41.2,64.9,27.1,31.3,67.0,50.0,47.7,,,1508.7,BEAR,0.5899118446344445,0.05965400676077839,reports_pairwise
2026-03-31,PHOENIXLTD,40.4,53.0,26.0,32.7,63.7,50.0,56.4,,,1506.3,BEAR,3.213171347009234,16.968731328420645,reports_pairwise
2026-03-31,HYUNDAI,40.7,95.2,11.2,36.9,74.1,50.0,39.1,,,1778.0,BEAR,-4.870641169853763,2.6546681664791927,reports_pairwise
2026-03-31,NYKAA,40.0,37.4,22.5,11.2,56.3,50.0,62.4,,,235.0,BEAR,7.455319148936175,14.940425531914899,reports_pairwise
2026-03-31,HINDZINC,40.4,79.3,18.0,8.2,56.0,50.0,42.4,,,502.15,BEAR,4.759534003783726,22.692422582893567,reports_pairwise
2026-03-31,INDIGO,40.1,53.1,25.0,24.1,73.3,50.0,44.2,,,3943.5,BEAR,9.357170026626093,12.651198174210718,reports_pairwise
2026-03-31,HINDPETRO,39.3,54.4,19.5,15.0,65.8,50.0,41.0,,,335.4,BEAR,-2.191413237924856,13.312462731067393,reports_pairwise
2026-03-31,NTPCGREEN,38.2,32.4,50.9,0.0,60.9,50.0,51.9,,,92.32,BEAR,6.206672443674181,25.444107452339697,reports_pairwise
2026-03-31,ADANIENSOL,38.9,54.9,24.7,2.5,56.6,50.0,57.1,,,934.9,BEAR,6.038078938923954,53.5404856134346,reports_pairwise
2026-03-31,MOTILALOFS,38.7,66.0,24.8,33.5,73.4,50.0,31.6,,,632.75,BEAR,11.394705649940738,23.698143026471758,reports_pairwise
2026-03-31,COFORGE,37.9,71.7,36.5,15.0,78.5,50.0,36.0,,,1114.7,BEAR,9.464429891450614,7.733022337848753,reports_pairwise
2026-03-31,MOTHERSON,37.6,67.6,18.8,13.0,61.0,50.0,48.8,,,105.08,BEAR,3.0262657023220467,19.16634944803959,reports_pairwise
2026-03-31,DLF,37.0,78.0,18.6,29.0,72.2,50.0,41.3,,,504.1,BEAR,4.979170799444558,16.62368577663161,reports_pairwise
2026-03-31,JUBLFOOD,35.1,30.5,19.1,46.3,73.2,50.0,46.3,,,434.1,BEAR,6.219765031098825,11.126468555632332,reports_pairwise
2026-03-31,VMM,37.1,52.8,31.0,11.1,85.6,50.0,39.8,,,105.3,BEAR,8.015194681861347,19.64862298195631,reports_pairwise
2026-03-31,ETERNAL,36.8,49.9,39.6,7.5,66.1,50.0,40.1,,,228.98,BEAR,1.4062363525198704,10.520569482050837,reports_pairwise
2026-03-31,TATAELXSI,36.9,75.7,23.6,9.6,72.4,50.0,41.1,,,3976.6,BEAR,7.436000603530661,3.897802142533834,reports_pairwise
2026-03-31,MAZDOCK,36.5,87.7,18.9,23.1,61.6,50.0,31.3,,,2065.2,BEAR,12.032732907224483,29.929304667828806,reports_pairwise
2026-03-31,IDBI,36.3,77.9,11.2,0.2,62.9,50.0,26.7,,,61.5,BEAR,13.918699186991873,23.38210935515117,reports_pairwise
2026-03-31,KALYANKJIL,36.2,58.3,32.8,20.1,71.0,50.0,35.8,,,375.9,BEAR,11.824953445065189,9.776536312849164,reports_pairwise
2026-03-31,DIXON,35.8,81.0,35.0,20.0,66.3,50.0,32.3,,,9673.0,BEAR,3.4632482166856193,17.543678279747752,reports_pairwise
2026-03-31,PAYTM,35.5,51.6,27.1,11.0,68.6,50.0,45.3,,,959.0,BEAR,7.309697601668395,17.742440041710125,reports_pairwise
2026-03-31,LODHA,35.3,82.8,11.2,43.9,70.9,50.0,33.3,,,677.0,BEAR,4.911373707533235,30.4135893648449,reports_pairwise
2026-03-31,KPITTECH,35.1,87.6,26.3,6.1,72.5,50.0,32.5,,,634.75,BEAR,9.468294604174876,15.706971248523047,reports_pairwise
2026-03-31,BDL,34.4,60.4,13.0,45.8,70.5,50.0,28.7,,,1096.6,BEAR,11.672442093744301,27.36640525259896,reports_pairwise
2026-03-31,TRENT,33.8,68.7,18.6,17.3,73.2,50.0,33.9,,,3295.8,BEAR,16.317737726803802,29.070331937617556,reports_pairwise
2026-03-31,COCHINSHIP,33.5,63.8,14.1,34.6,73.3,50.0,25.8,,,1193.1,BEAR,11.80119017685024,42.11717374905708,reports_pairwise
2026-03-31,IDEA,33.1,79.7,17.7,7.5,67.6,50.0,31.2,,,8.53,BEAR,2.6963657678780826,16.64712778429074,reports_pairwise
2026-03-31,PRESTIGE,33.1,39.6,16.7,28.2,73.5,50.0,41.7,,,1126.5,BEAR,5.033288948069245,24.50954283177984,reports_pairwise
2026-03-31,ADANIGREEN,33.0,61.2,23.4,18.7,67.8,50.0,37.9,,,806.9,BEAR,14.152930970380476,54.9076713347379,reports_pairwise
2026-03-31,RVNL,32.4,57.2,22.5,16.5,73.1,50.0,29.9,,,249.65,BEAR,4.766673342679754,23.6250751051472,reports_pairwise
2026-03-31,GODREJPROP,31.6,59.1,18.8,14.6,71.4,50.0,37.4,,,1471.3,BEAR,7.707469584721001,24.012777815537277,reports_pairwise
2026-03-31,ATGL,29.7,56.0,42.9,0.0,45.3,50.0,31.6,,,509.95,BEAR,2.647318364545555,28.218452789489174,reports_pairwise
2026-03-31,SWIGGY,28.8,49.3,15.6,24.8,72.1,50.0,27.0,,,260.05,BEAR,4.518361853489713,8.556046914054988,reports_pairwise
2026-03-31,SJVN,28.2,35.8,19.5,10.4,64.1,50.0,39.2,,,63.35,BEAR,6.850828729281762,29.108129439621163,reports_pairwise
2026-03-31,ABFRL,22.1,43.1,20.0,15.0,72.0,50.0,12.0,,,53.89,BEAR,9.370940805344215,17.981072555205042,reports_pairwise
2026-03-31,OLAELEC,19.6,34.5,33.1,15.6,72.9,50.0,7.9,,,22.8,BEAR,28.02631578947369,57.06140350877193,reports_pairwise
2026-04-02,ONGC,75.1,71.4,56.3,24.1,88.3,,76.6,,,284.45,UNKNOWN,-0.9140446475654653,6.9959571102127045,reports_pairwise
2026-04-02,COALINDIA,64.6,90.6,44.4,15.9,73.5,,75.8,,,443.35,UNKNOWN,3.653997970001125,8.751550693582939,reports_pairwise
2026-04-02,DMART,62.6,61.5,74.7,49.2,77.7,,66.9,,,4306.9,UNKNOWN,5.674615152429835,6.877336367224704,reports_pairwise
2026-04-02,ICICIBANK,56.3,88.3,18.0,20.2,65.6,,69.1,,,1194.4,UNKNOWN,3.097789685197588,7.970529135967834,reports_pairwise
2026-04-02,LUPIN,60.2,87.4,27.3,13.8,63.9,,74.0,,,2207.3,UNKNOWN,3.2890862139265122,5.468219091197382,reports_pairwise
2026-04-02,AUROPHARMA,64.3,79.8,51.3,25.3,81.2,,69.0,,,1283.1,UNKNOWN,4.465747018938523,9.843348141220497,reports_pairwise
2026-04-02,SUNPHARMA,57.0,75.6,21.6,11.9,48.7,,74.9,,,1670.5,UNKNOWN,1.4426818317868846,5.112241843759359,reports_pairwise
2026-04-02,HDFCBANK,55.0,85.6,16.5,15.0,71.3,,62.4,,,730.2,UNKNOWN,5.58751027115858,7.874554916461244,reports_pairwise
2026-04-02,DRREDDY,57.1,82.8,17.6,7.5,63.9,,70.8,,,1189.5,UNKNOWN,2.379150903741064,13.56872635561161,reports_pairwise
2026-04-02,ALKEM,55.9,83.9,20.0,8.6,53.6,,70.1,,,5091.0,UNKNOWN,2.8579846788450207,5.382046749165194,reports_pairwise
2026-04-02,GICRE,57.9,72.6,44.0,30.7,57.7,,64.1,,,366.45,UNKNOWN,5.184881975712921,9.155410015008872,reports_pairwise
2026-04-02,KOTAKBANK,55.0,82.5,17.7,19.2,70.1,,62.7,,,347.7,UNKNOWN,3.695714696577516,10.06614897900489,reports_pairwise
2026-04-02,TORNTPHARM,54.8,69.4,12.0,14.2,59.0,,72.5,,,3921.0,UNKNOWN,2.3106350420810995,8.752869166029068,reports_pairwise
2026-04-02,OIL,61.5,75.9,32.3,7.5,63.7,,64.3,,,464.8,UNKNOWN,1.592082616178997,7.573149741824438,reports_pairwise
2026-04-02,AXISBANK,56.2,88.3,21.0,23.4,57.3,,65.6,,,1158.8,UNKNOWN,7.464618570935451,11.37383500172592,reports_pairwise
2026-04-02,MARICO,52.7,72.5,28.5,14.0,41.5,,76.5,,,735.55,UNKNOWN,2.0392903269662157,6.845217864183267,reports_pairwise
2026-04-02,NESTLEIND,52.3,73.2,21.7,11.3,55.3,,74.1,,,1169.6,UNKNOWN,3.967168262653907,24.02530779753762,reports_pairwise
2026-04-02,CIPLA,52.7,90.7,12.2,22.9,66.5,,59.5,,,1175.5,UNKNOWN,2.160782645682696,12.088472990216921,reports_pairwise
2026-04-02,PIDILITIND,52.1,70.5,20.1,17.4,64.2,,69.2,,,1281.0,UNKNOWN,0.7962529274004719,8.992974238875883,reports_pairwise
2026-04-02,HCLTECH,55.5,94.6,45.7,5.4,82.1,,60.6,,,1358.9,UNKNOWN,3.2673485907719373,-11.156082125248371,reports_pairwise
2026-04-02,SBIN,53.5,85.9,17.0,7.5,51.6,,65.3,,,978.3,UNKNOWN,5.565777368905249,12.13329244607994,reports_pairwise
2026-04-02,LICI,54.8,91.9,19.2,18.6,67.2,,59.1,,,723.7,UNKNOWN,2.9362995716457094,13.237529362995708,reports_pairwise
2026-04-02,PAGEIND,54.0,69.4,64.0,14.7,80.3,,52.8,,,33490.0,UNKNOWN,3.7623171095849504,11.331740818154673,reports_pairwise
2026-04-02,SBILIFE,51.8,63.9,13.4,10.9,57.8,,68.6,,,1733.4,UNKNOWN,5.965155186338979,4.765201338410056,reports_pairwise
2026-04-02,BHARTIARTL,51.0,66.9,29.3,16.1,59.4,,68.5,,,1755.9,UNKNOWN,2.1014864172219294,7.187197448601845,reports_pairwise
2026-04-02,BRITANNIA,51.4,65.3,15.7,20.8,57.9,,71.1,,,5382.0,UNKNOWN,2.842809364548495,5.694908955778521,reports_pairwise
2026-04-02,NTPC,50.2,58.1,22.3,17.1,59.6,,76.0,,,354.15,UNKNOWN,3.374276436538203,15.036001694197376,reports_pairwise
2026-04-02,TECHM,54.4,83.9,58.7,2.1,73.9,,59.5,,,1399.5,UNKNOWN,3.5727045373347623,4.180064308681672,reports_pairwise
2026-04-02,APOLLOHOSP,51.0,54.7,22.7,9.4,46.7,,73.2,,,7170.0,UNKNOWN,2.8312412831241285,8.089260808926081,reports_pairwise
2026-04-02,ICICIGI,53.4,83.4,11.4,15.0,61.6,,64.1,,,1647.9,UNKNOWN,3.9504824321864134,8.877965895988831,reports_pairwise
2026-04-02,ZYDUSLIFE,52.6,82.8,21.5,29.9,49.7,,65.0,,,841.4,UNKNOWN,2.9593534585215093,9.151414309484194,reports_pairwise
2026-04-02,NATIONALUM,57.7,95.1,53.0,24.7,77.9,,51.8,,,386.75,UNKNOWN,5.455720749838402,12.941176470588239,reports_pairwise
2026-04-02,ABB,54.3,76.6,33.2,8.8,66.2,,67.8,,,5967.0,UNKNOWN,3.79587732528909,21.451315568962627,reports_pairwise
2026-04-02,RELIANCE,50.1,76.0,32.2,15.0,43.8,,69.2,,,1334.5,UNKNOWN,-2.2330460846759053,6.474334956912708,reports_pairwise
2026-04-02,INFY,53.3,93.1,44.4,3.0,84.4,,57.3,,,1269.2,UNKNOWN,2.915222187204538,-7.5401827923101195,reports_pairwise
2026-04-02,ITC,48.7,94.2,22.1,4.6,63.5,,56.8,,,289.8,UNKNOWN,1.7425810904071815,8.367839889579018,reports_pairwise
2026-04-02,TCS,50.1,92.0,31.2,20.1,79.1,,55.6,,,2412.9,UNKNOWN,2.5280782460939117,2.573666542334946,reports_pairwise
2026-04-02,IRB,53.9,67.8,51.6,43.5,59.9,,58.4,,,20.91,UNKNOWN,-1.147776183644182,4.447632711621233,reports_pairwise
2026-04-02,ULTRACEMCO,50.1,61.9,22.6,19.1,66.9,,65.8,,,10455.0,UNKNOWN,4.782400765184122,14.76805356288857,reports_pairwise
2026-04-02,PERSISTENT,56.0,77.6,67.2,8.3,97.2,,53.6,,,5052.5,UNKNOWN,5.0846115784265145,-4.799604156358239,reports_pairwise
2026-04-02,LICHSGFIN,52.5,47.0,42.9,9.9,64.9,,60.5,,,506.3,UNKNOWN,2.2220027651589853,10.547106458621377,reports_pairwise
2026-04-02,ASIANPAINT,50.2,66.0,34.2,10.1,71.3,,59.2,,,2171.6,UNKNOWN,0.5848222508749435,13.335789279793698,reports_pairwise
2026-04-02,HDFCLIFE,49.1,58.4,12.9,37.5,70.7,,57.0,,,557.3,UNKNOWN,4.144984747891624,7.787547102099425,reports_pairwise
2026-04-02,TITAN,48.9,50.0,29.9,7.5,44.1,,74.9,,,3971.0,UNKNOWN,6.927726013598599,11.878619994963481,reports_pairwise
2026-04-02,HINDUNILVR,48.0,74.0,20.6,10.7,58.5,,63.6,,,2038.6,UNKNOWN,2.26626115961936,13.803590699499663,reports_pairwise
2026-04-02,POWERGRID,49.1,61.8,25.1,7.5,63.4,,71.4,,,284.3,UNKNOWN,3.8163911361238005,12.979247274006322,reports_pairwise
2026-04-02,CUMMINSIND,52.7,74.9,29.3,2.3,64.0,,68.2,,,4483.7,UNKNOWN,4.78622566184179,17.85355844503424,reports_pairwise
2026-04-02,FEDERALBNK,51.5,83.0,25.5,4.0,40.7,,66.6,,,256.85,UNKNOWN,5.703718123418328,15.651158263577958,reports_pairwise
2026-04-02,BAJAJFINSV,49.7,56.8,17.2,17.8,71.3,,59.3,,,1608.0,UNKNOWN,3.99875621890547,10.416666666666668,reports_pairwise
2026-04-02,DIVISLAB,50.7,64.5,12.5,35.2,56.5,,64.1,,,5741.0,UNKNOWN,1.3934854554955582,13.037798292980318,reports_pairwise
2026-04-02,TATACONSUM,47.3,54.4,22.8,7.5,53.6,,69.7,,,1021.6,UNKNOWN,3.288958496476118,13.54737666405638,reports_pairwise
2026-04-02,DABUR,47.6,73.0,12.7,4.3,70.5,,59.1,,,405.7,UNKNOWN,1.9719004190288392,11.929997535124485,reports_pairwise
2026-04-02,ICICIPRULI,48.2,56.5,11.2,26.6,70.3,,58.1,,,498.4,UNKNOWN,2.9494382022472,6.270064205457464,reports_pairwise
2026-04-02,VEDL,53.1,68.5,26.8,8.8,57.0,,58.7,,,660.5,UNKNOWN,4.466313398940197,13.550340651021953,reports_pairwise
2026-04-02,BAJAJ-AUTO,48.4,80.4,21.3,7.5,43.9,,67.2,,,8685.5,UNKNOWN,2.958954579471533,10.828392147832593,reports_pairwise
2026-04-02,EICHERMOT,48.8,85.8,21.2,11.9,48.6,,64.2,,,6615.5,UNKNOWN,-0.29476230065754666,9.235885420603129,reports_pairwise
2026-04-02,MARUTI,47.5,85.3,20.1,10.5,61.3,,58.4,,,12345.0,UNKNOWN,2.7784528149048198,8.950992304576753,reports_pairwise
2026-04-02,SHREECEM,46.5,57.4,25.8,24.3,59.4,,59.1,,,22745.0,UNKNOWN,4.176742141129919,10.485821059573533,reports_pairwise
2026-04-02,TATAPOWER,47.8,52.1,35.5,4.4,55.0,,71.0,,,370.3,UNKNOWN,3.659195247096951,23.29192546583851,reports_pairwise
2026-04-02,GODREJCP,48.0,59.8,17.6,17.5,70.5,,60.9,,,979.75,UNKNOWN,2.265884154120954,12.11023220209238,reports_pairwise
2026-04-02,UNITDSPR,47.9,69.1,16.0,25.4,60.8,,60.5,,,1215.6,UNKNOWN,1.7028627838104677,13.096413293846664,reports_pairwise
2026-04-02,BANKBARODA,50.6,76.5,13.1,10.4,59.9,,56.4,,,242.01,UNKNOWN,7.334407669104583,11.834221726374938,reports_pairwise
2026-04-02,GRASIM,47.1,43.5,22.6,2.4,60.7,,69.0,,,2518.1,UNKNOWN,3.824311981255716,11.97331321234264,reports_pairwise
2026-04-02,NMDC,51.9,87.2,28.9,5.6,41.1,,63.7,,,75.84,UNKNOWN,7.331223628691985,21.149789029535853,reports_pairwise
2026-04-02,ACC,46.3,75.7,20.7,15.0,62.0,,51.1,,,1303.9,UNKNOWN,4.463532479484609,11.128153999539835,reports_pairwise
2026-04-02,ADANIPOWER,51.9,81.3,64.5,19.7,75.9,,49.5,,,150.99,UNKNOWN,8.126365984502272,47.585932843234644,reports_pairwise
2026-04-02,COLPAL,47.5,83.2,13.7,25.5,69.1,,53.0,,,1801.3,UNKNOWN,1.5766390939876807,18.69760728362849,reports_pairwise
2026-04-02,INDIANB,51.8,84.6,23.3,7.5,45.4,,61.6,,,848.0,UNKNOWN,6.114386792452833,7.718160377358496,reports_pairwise
2026-04-02,BOSCHLTD,49.6,79.0,28.0,37.3,74.8,,54.8,,,30385.0,UNKNOWN,10.12012506170808,20.470626954089187,reports_pairwise
2026-04-02,PNB,50.1,76.4,16.7,7.9,66.4,,56.5,,,100.34,UNKNOWN,6.1391269683077505,11.670320908909702,reports_pairwise
2026-04-02,ADANIPORTS,50.2,81.5,28.1,8.7,54.8,,63.8,,,1342.9,UNKNOWN,3.291384317521767,23.82158016233523,reports_pairwise
2026-04-02,PFC,50.7,56.1,32.4,4.8,54.2,,62.4,,,387.15,UNKNOWN,4.843084075939559,20.366782900684495,reports_pairwise
2026-04-02,CANBK,50.4,80.5,18.2,9.6,62.0,,56.5,,,122.72,UNKNOWN,6.3477835723598375,12.907431551499352,reports_pairwise
2026-04-02,CENTRALBK,50.1,71.6,17.7,11.1,65.5,,58.6,,,32.2,UNKNOWN,5.372670807453406,14.161490683229797,reports_pairwise
2026-04-02,BEL,49.1,75.4,20.0,23.1,50.1,,66.5,,,413.75,UNKNOWN,3.238670694864043,6.126888217522664,reports_pairwise
2026-04-02,MRF,47.7,76.5,21.4,25.7,56.2,,60.6,,,126150.0,UNKNOWN,0.7094728497820055,4.248910027744748,reports_pairwise
2026-04-02,WIPRO,47.1,84.9,29.9,7.5,70.0,,55.6,,,190.17,UNKNOWN,3.744018509754433,6.38902035021297,reports_pairwise
2026-04-02,IRCTC,45.7,89.9,22.2,15.8,62.0,,50.5,,,501.2,UNKNOWN,2.6935355147645765,9.247805267358334,reports_pairwise
2026-04-02,HAL,49.2,93.3,18.0,25.7,66.6,,51.9,,,3595.9,UNKNOWN,4.343836035484853,21.135181734753456,reports_pairwise
2026-04-02,HDFCAMC,50.4,88.7,23.1,19.6,57.5,,56.1,,,2278.1,UNKNOWN,4.76274088055836,22.685571309424528,reports_pairwise
2026-04-02,LT,47.3,66.0,25.3,6.7,61.7,,61.2,,,3480.0,UNKNOWN,7.117816091954018,17.896551724137936,reports_pairwise
2026-04-02,MFSL,45.9,47.8,11.2,17.8,57.5,,61.0,,,1444.6,UNKNOWN,3.751903641146342,12.59864322303752,reports_pairwise
2026-04-02,HAVELLS,45.6,68.0,12.2,8.3,65.3,,56.5,,,1155.9,UNKNOWN,4.386192577212546,10.173890474954572,reports_pairwise
2026-04-02,OFSS,50.2,94.6,47.4,4.4,82.1,,48.3,,,6787.0,UNKNOWN,3.3888315898040373,42.08781494032709,reports_pairwise
2026-04-02,IOB,50.0,86.9,24.1,2.6,55.2,,53.9,,,31.68,UNKNOWN,4.324494949494941,12.152777777777782,reports_pairwise
2026-04-02,APLAPOLLO,47.0,70.6,21.3,10.9,51.2,,62.4,,,1851.2,UNKNOWN,3.4464131374243707,6.611927398444245,reports_pairwise
2026-04-02,HINDALCO,48.8,75.7,29.0,13.5,48.6,,60.2,,,886.5,UNKNOWN,4.6192893401015285,20.795262267343475,reports_pairwise
2026-04-02,J&KBANK,49.9,69.4,20.9,2.5,70.8,,55.6,,,109.91,UNKNOWN,5.358930033663908,17.386956848749833,reports_pairwise
2026-04-02,AUBANK,49.8,79.8,21.7,4.1,59.1,,59.5,,,837.75,UNKNOWN,5.467024768725748,22.90062667860339,reports_pairwise
2026-04-02,M&M,47.7,68.9,24.5,17.2,68.9,,58.9,,,2944.5,UNKNOWN,2.618441161487516,7.4715571404313135,reports_pairwise
2026-04-02,GLENMARK,49.6,57.6,21.0,16.4,66.9,,62.3,,,1993.1,UNKNOWN,5.604334955596823,21.724951081230245,reports_pairwise
2026-04-02,PREMIERENE,49.2,79.2,78.5,16.3,73.5,,41.2,,,895.1,UNKNOWN,3.446542285778128,15.4060998771087,reports_pairwise
2026-04-02,MUTHOOTFIN,49.1,74.1,31.9,0.0,64.3,,49.8,,,3169.7,UNKNOWN,3.7890021137647216,9.941003880493435,reports_pairwise
2026-04-02,HEROMOTOCO,47.2,90.8,18.4,8.8,55.1,,58.2,,,4947.0,UNKNOWN,3.163533454618961,4.123711340206185,reports_pairwise
2026-04-02,NHPC,45.5,43.0,42.5,15.0,60.4,,63.3,,,73.67,UNKNOWN,3.3799375593864465,15.433690783222485,reports_pairwise
2026-04-02,APOLLOTYRE,46.8,66.7,27.3,9.3,69.7,,57.0,,,403.1,UNKNOWN,1.9350037211609907,5.8174150334904455,reports_pairwise
2026-04-02,BSE,48.5,75.0,46.9,7.5,56.3,,48.8,,,2782.0,UNKNOWN,7.199856218547813,31.88353702372394,reports_pairwise
2026-04-02,INDUSTOWER,47.1,84.3,25.0,9.4,37.9,,63.5,,,413.4,UNKNOWN,2.9269472665699134,1.0038703434929934,reports_pairwise
2026-04-02,INDUSINDBK,48.1,74.9,17.4,5.4,61.5,,58.0,,,756.7,UNKNOWN,3.898506673714814,21.580547112461996,reports_pairwise
2026-04-02,MAHABANK,48.4,83.5,22.5,4.2,47.0,,54.5,,,61.84,UNKNOWN,7.6811125485122895,29.608667529107375,reports_pairwise
2026-04-02,AMBUJACEM,44.9,76.6,22.5,11.5,62.7,,51.4,,,408.85,UNKNOWN,5.185275773511065,12.58407728995964,reports_pairwise
2026-04-02,TVSMOTOR,45.1,50.0,21.9,9.1,55.9,,65.7,,,3312.3,UNKNOWN,5.298433112942668,7.574796968873581,reports_pairwise
2026-04-02,MANKIND,45.6,59.2,14.4,15.0,60.3,,55.3,,,1942.3,UNKNOWN,3.8819955722596973,17.185810636873807,reports_pairwise
2026-04-02,UCOBANK,47.2,74.9,18.2,15.1,71.3,,47.5,,,23.04,UNKNOWN,5.685763888888899,16.189236111111114,reports_pairwise
2026-04-02,LTIM,45.9,87.9,29.8,17.8,68.3,,51.8,,,4504.0,UNKNOWN,0.0,0.0,reports_pairwise
2026-04-02,OBEROIRLTY,46.7,81.0,37.8,24.7,68.6,,53.7,,,1444.2,UNKNOWN,5.241656280293591,19.0139869824124,reports_pairwise
2026-04-02,PATANJALI,44.0,71.7,22.0,12.2,56.3,,54.9,,,459.8,UNKNOWN,2.5880817746846403,1.4897781644193053,reports_pairwise
2026-04-02,BAJFINANCE,46.4,61.0,20.2,16.3,70.1,,54.5,,,802.0,UNKNOWN,6.091022443890277,15.629675810473817,reports_pairwise
2026-04-02,GAIL,44.8,79.9,22.1,15.0,62.1,,53.3,,,137.95,UNKNOWN,3.7622326930047105,21.130844508880035,reports_pairwise
2026-04-02,YESBANK,47.4,74.6,18.9,16.7,71.3,,51.9,,,17.31,UNKNOWN,4.8526863084922,17.908723281340276,reports_pairwise
2026-04-02,RECLTD,46.9,57.0,29.9,11.1,60.0,,52.0,,,315.0,UNKNOWN,3.9841269841269877,14.761904761904763,reports_pairwise
2026-04-02,SAIL,47.1,65.8,33.1,19.6,61.8,,57.0,,,150.74,UNKNOWN,6.434921056123118,22.54875945336339,reports_pairwise
2026-04-02,MPHASIS,46.6,84.5,35.6,7.5,77.1,,51.0,,,2121.7,UNKNOWN,5.34948390441627,8.059574869208653,reports_pairwise
2026-04-02,PIIND,44.4,80.9,20.1,11.5,67.0,,48.7,,,2729.2,UNKNOWN,3.9755239630661,14.539059064927459,reports_pairwise
2026-04-02,MAXHEALTH,45.3,55.7,15.4,18.8,63.2,,53.7,,,931.5,UNKNOWN,0.010735373054216076,10.343531937734825,reports_pairwise
2026-04-02,ABCAPITAL,46.6,70.7,20.4,7.5,61.8,,54.8,,,288.85,UNKNOWN,7.77220010386013,21.481737926259285,reports_pairwise
2026-04-02,POLYCAB,45.4,84.7,17.5,6.3,48.0,,58.3,,,6722.0,UNKNOWN,4.834870574233859,22.069324605772092,reports_pairwise
2026-04-02,SRF,45.8,61.9,34.5,11.9,64.1,,53.7,,,2400.0,UNKNOWN,1.408333333333341,7.600000000000004,reports_pairwise
2026-04-02,BAJAJHLDNG,46.3,80.6,14.6,22.4,70.9,,40.0,,,8626.5,UNKNOWN,5.848258273923376,19.70092157885585,reports_pairwise
2026-04-02,PETRONET,45.5,83.8,17.5,7.1,51.5,,56.2,,,248.1,UNKNOWN,2.587666263603392,13.180169286578,reports_pairwise
2026-04-02,TMPV,45.6,83.4,18.2,15.5,71.2,,51.3,,,295.2,UNKNOWN,4.132791327913275,20.833333333333336,reports_pairwise
2026-04-02,CHOLAFIN,46.1,65.8,13.7,17.3,69.1,,50.7,,,1310.4,UNKNOWN,6.318681318681314,18.322649572649564,reports_pairwise
2026-04-02,CONCOR,43.6,75.7,21.7,10.4,60.2,,51.1,,,430.25,UNKNOWN,4.694944799535151,21.23184195235329,reports_pairwise
2026-04-02,UNIONBANK,46.0,79.5,20.6,4.3,57.5,,50.1,,,164.57,UNKNOWN,5.803001762168082,3.5182597071155257,reports_pairwise
2026-04-02,ASTRAL,45.8,60.0,13.7,11.6,58.7,,59.8,,,1459.9,UNKNOWN,4.308514281800114,7.048427974518792,reports_pairwise
2026-04-02,EXIDEIND,43.0,65.8,23.9,15.0,58.6,,53.0,,,291.1,UNKNOWN,2.6451391274476084,25.918928203366537,reports_pairwise
2026-04-02,INDHOTEL,44.3,70.8,21.0,26.6,68.9,,50.9,,,570.85,UNKNOWN,4.300604361916433,14.627310151528421,reports_pairwise
2026-04-02,BANKINDIA,45.4,73.7,17.3,9.8,60.4,,50.7,,,135.71,UNKNOWN,5.408591850268958,7.552870090634441,reports_pairwise
2026-04-02,VBL,44.5,70.2,23.1,15.0,69.5,,51.8,,,397.6,UNKNOWN,0.8551307847082437,33.148893360160955,reports_pairwise
2026-04-02,JSWSTEEL,43.1,46.3,23.6,7.5,38.0,,65.7,,,1114.6,UNKNOWN,1.7046474071415754,15.045756325139067,reports_pairwise
2026-04-02,SIEMENS,44.1,61.8,17.7,5.0,44.8,,63.9,,,2916.3,UNKNOWN,4.51599629667729,31.125055721290668,reports_pairwise
2026-04-02,NTPCGREEN,44.3,32.5,62.4,0.0,81.8,,53.3,,,96.27,UNKNOWN,1.8489664485301767,17.170458086631353,reports_pairwise
2026-04-02,BIOCON,44.0,44.2,15.3,3.4,49.1,,60.5,,,344.3,UNKNOWN,3.10775486494336,6.026720882950914,reports_pairwise
2026-04-02,COFORGE,44.4,70.6,54.7,0.5,93.5,,38.1,,,1168.4,UNKNOWN,4.4334132146525125,3.6631290653885618,reports_pairwise
2026-04-02,IDFCFIRSTB,44.4,67.7,20.3,19.6,71.1,,46.9,,,58.2,UNKNOWN,4.948453608247415,21.340206185567013,reports_pairwise
2026-04-02,TATASTEEL,44.4,57.7,29.2,7.9,53.7,,59.1,,,188.3,UNKNOWN,4.142326075411568,14.524694636218797,reports_pairwise
2026-04-02,BANDHANBNK,44.3,78.6,12.1,8.3,53.1,,49.5,,,142.28,UNKNOWN,7.239246556086599,40.75063255552431,reports_pairwise
2026-04-02,JIOFIN,43.2,50.0,24.7,10.4,68.0,,49.8,,,224.86,UNKNOWN,4.6473361202525965,13.870852975184558,reports_pairwise
2026-04-02,IOC,40.7,56.7,11.2,7.5,62.0,,52.2,,,130.33,UNKNOWN,2.854292948668763,12.215146167421151,reports_pairwise
2026-04-02,NAUKRI,43.3,54.7,44.2,7.5,71.3,,46.2,,,969.3,UNKNOWN,2.5791808521613535,4.374290725265665,reports_pairwise
2026-04-02,SBICARD,42.7,55.4,16.2,15.0,70.2,,45.3,,,619.6,UNKNOWN,2.50161394448031,4.995158166559059,reports_pairwise
2026-04-02,ASHOKLEY,43.8,69.9,12.7,48.7,62.6,,48.4,,,144.71,UNKNOWN,4.284430930827163,14.988597885426023,reports_pairwise
2026-04-02,SONACOMS,43.8,57.4,29.6,11.0,47.6,,59.1,,,488.0,UNKNOWN,4.3852459016393395,24.85655737704917,reports_pairwise
2026-04-02,SUZLON,43.7,92.7,36.0,20.6,71.6,,35.1,,,39.82,UNKNOWN,4.445002511300862,45.35409342039177,reports_pairwise
2026-04-02,CGPOWER,43.4,74.7,21.3,9.2,47.6,,55.7,,,658.65,UNKNOWN,4.34980642222728,26.873149624231385,reports_pairwise
2026-04-02,ESCORTS,43.4,80.5,15.1,0.0,71.0,,46.0,,,2727.5,UNKNOWN,6.078826764436304,21.213565536205312,reports_pairwise
2026-04-02,JINDALSTEL,43.4,49.6,22.3,16.7,45.4,,62.1,,,1104.4,UNKNOWN,2.680188337558847,12.088011590003621,reports_pairwise
2026-04-02,IGL,43.0,82.1,14.4,8.3,69.8,,45.4,,,142.05,UNKNOWN,4.758887715593095,18.972192889827515,reports_pairwise
2026-04-02,NYKAA,42.4,37.4,26.5,9.5,52.8,,63.2,,,239.0,UNKNOWN,5.656903765690381,12.619246861924696,reports_pairwise
2026-04-02,VOLTAS,42.8,55.0,13.2,29.7,56.6,,55.8,,,1189.2,UNKNOWN,5.280861083081058,26.41271442986881,reports_pairwise
2026-04-02,GMRAIRPORT,42.8,65.4,22.9,20.4,49.7,,57.7,,,86.33,UNKNOWN,5.641144445731501,12.463801691184994,reports_pairwise
2026-04-02,UPL,43.0,55.9,26.4,19.9,67.3,,50.1,,,576.7,UNKNOWN,5.3840818449800505,12.49349748569446,reports_pairwise
2026-04-02,TORNTPOWER,42.4,81.0,17.3,12.1,52.1,,57.7,,,1292.8,UNKNOWN,6.675433168316829,33.663366336633665,reports_pairwise
2026-04-02,BAJAJHFL,38.2,54.8,17.9,15.0,69.7,,41.1,,,75.77,UNKNOWN,5.160353701992888,17.487132110333906,reports_pairwise
2026-04-02,LTF,42.7,57.5,19.0,7.5,63.5,,50.7,,,237.1,UNKNOWN,7.739350485027413,21.619569801771412,reports_pairwise
2026-04-02,SUPREMEIND,42.8,63.1,12.9,33.7,52.1,,52.6,,,3459.0,UNKNOWN,6.163631107256427,6.556808326105816,reports_pairwise
2026-04-02,HUDCO,42.6,57.5,23.5,17.4,70.5,,40.5,,,162.34,UNKNOWN,4.4228163114451196,33.91031169151163,reports_pairwise
2026-04-02,HYUNDAI,42.4,96.2,11.2,58.9,70.4,,36.4,,,1685.7,UNKNOWN,0.338138458800501,8.133119772201454,reports_pairwise
2026-04-02,POLICYBZR,42.6,53.1,30.3,10.3,60.0,,47.5,,,1401.0,UNKNOWN,4.925053533190578,21.35617416131335,reports_pairwise
2026-04-02,WAAREEENER,42.6,84.9,70.7,2.1,60.5,,33.3,,,2982.4,UNKNOWN,3.4301233905579305,17.19085300429184,reports_pairwise
2026-04-02,BHARATFORG,42.5,47.4,18.7,4.8,62.1,,60.3,,,1629.3,UNKNOWN,2.5348309089793135,19.302768059903027,reports_pairwise
2026-04-02,SHRIRAMFIN,42.3,61.1,16.5,8.0,54.0,,52.8,,,870.1,UNKNOWN,6.654407539363288,11.033214573037583,reports_pairwise
2026-04-02,JSWENERGY,41.8,43.6,32.7,3.2,55.4,,61.9,,,470.1,UNKNOWN,5.658370559455427,21.229525632844066,reports_pairwise
2026-04-02,TATACOMM,42.0,67.8,21.3,15.0,70.0,,48.4,,,1332.1,UNKNOWN,5.29990240972901,20.11860971398544,reports_pairwise
2026-04-02,TATATECH,40.9,71.1,25.6,9.8,68.6,,48.9,,,523.25,UNKNOWN,3.831820353559475,9.83277591973245,reports_pairwise
2026-04-02,IRFC,41.9,59.0,22.7,21.8,71.6,,42.6,,,89.05,UNKNOWN,4.121280179674343,18.7085906793936,reports_pairwise
2026-04-02,BPCL,40.2,68.0,12.4,10.4,68.1,,46.9,,,267.6,UNKNOWN,4.147982062780256,14.55530642750373,reports_pairwise
2026-04-02,IREDA,41.3,59.1,33.6,8.3,64.0,,40.5,,,110.35,UNKNOWN,4.739465337562305,25.237879474399634,reports_pairwise
2026-04-02,SOLARINDS,41.2,72.3,14.6,15.3,48.8,,48.4,,,12501.0,UNKNOWN,6.415486761059115,24.366050715942723,reports_pairwise
2026-04-02,BHEL,41.0,44.1,27.2,11.7,57.2,,54.3,,,242.75,UNKNOWN,1.190525231719871,45.417095777548916,reports_pairwise
2026-04-02,M&MFIN,41.0,54.5,11.9,10.6,63.7,,46.1,,,278.75,UNKNOWN,0.8968609865470852,15.103139013452923,reports_pairwise
2026-04-02,MOTILALOFS,40.9,74.0,30.9,26.0,69.2,,32.5,,,660.75,UNKNOWN,6.674233825198642,18.4714339765418,reports_pairwise
2026-04-02,ADANIENT,40.7,85.2,19.2,7.7,70.8,,44.7,,,1781.3,UNKNOWN,6.7871779037781454,34.648851962050195,reports_pairwise
2026-04-02,TIINDIA,40.3,54.9,28.3,8.4,59.4,,48.2,,,2493.0,UNKNOWN,3.606097071801047,21.34376253509827,reports_pairwise
2026-04-02,PHOENIXLTD,39.1,53.5,24.1,22.1,56.1,,55.9,,,1487.5,UNKNOWN,4.517647058823533,21.949579831932773,reports_pairwise
2026-04-02,HINDZINC,39.8,79.1,20.0,3.1,60.6,,42.5,,,506.65,UNKNOWN,3.829073324780416,22.411921444784383,reports_pairwise
2026-04-02,MAZDOCK,39.7,86.0,35.6,46.7,54.0,,32.1,,,2210.8,UNKNOWN,4.654423738013372,26.230323864664356,reports_pairwise
2026-04-02,ADANIENSOL,39.4,56.1,24.1,1.4,59.1,,55.4,,,909.8,UNKNOWN,8.963508463398558,56.25412178500769,reports_pairwise
2026-04-02,DIXON,38.9,79.9,38.9,8.7,77.7,,33.4,,,10105.5,UNKNOWN,-0.9648211370046015,13.601504131413586,reports_pairwise
2026-04-02,JUBLFOOD,36.8,30.5,21.4,32.3,71.1,,46.4,,,434.65,UNKNOWN,6.085356033590256,10.307143678822044,reports_pairwise
2026-04-02,BHARTIHEXA,38.8,65.6,24.3,4.8,62.7,,46.2,,,1465.0,UNKNOWN,3.5904436860068194,3.563139931740617,reports_pairwise
2026-04-02,DLF,38.5,78.5,17.5,19.1,71.2,,40.6,,,494.6,UNKNOWN,6.995551961180757,21.289931257581873,reports_pairwise
2026-04-02,IDBI,38.5,78.8,11.2,3.7,70.6,,27.7,,,65.36,UNKNOWN,7.190942472460225,16.09546703399322,reports_pairwise
2026-04-02,KPITTECH,38.4,86.7,32.2,7.3,78.9,,32.9,,,669.0,UNKNOWN,3.863976083707029,11.180866965620321,reports_pairwise
2026-04-02,TATAELXSI,38.3,75.0,27.2,5.0,68.7,,41.9,,,4076.0,UNKNOWN,4.815996074582928,2.1099116781158,reports_pairwise
2026-04-02,MOTHERSON,38.1,68.0,16.0,10.2,58.5,,47.7,,,103.49,UNKNOWN,4.609140979804822,20.78461687119529,reports_pairwise
2026-04-02,ETERNAL,37.6,49.9,38.1,2.8,64.9,,39.4,,,225.39,UNKNOWN,3.0214295221615877,14.357336172855945,reports_pairwise
2026-04-02,KALYANKJIL,37.6,58.0,37.0,7.5,62.6,,37.7,,,381.45,UNKNOWN,10.197928955302146,9.306593262550793,reports_pairwise
2026-04-02,PAYTM,36.8,51.3,27.9,7.5,69.1,,45.5,,,967.4,UNKNOWN,6.377920198470119,15.851767624560681,reports_pairwise
2026-04-02,HINDPETRO,36.6,53.9,17.4,2.8,70.9,,38.7,,,318.75,UNKNOWN,2.9176470588235333,19.2,reports_pairwise
2026-04-02,TRENT,36.4,68.7,25.6,29.2,62.3,,34.3,,,3410.1,UNKNOWN,12.418990645435619,25.67959883874374,reports_pairwise
2026-04-02,VMM,35.6,52.7,27.5,18.6,65.9,,38.5,,,101.65,UNKNOWN,11.89375307427446,23.472700442695523,reports_pairwise
2026-04-02,ADANIGREEN,35.0,60.3,28.1,19.5,65.7,,38.4,,,824.2,UNKNOWN,11.75685513224945,50.93423926231496,reports_pairwise
2026-04-02,INDIGO,35.1,52.5,24.5,27.2,71.7,,44.0,,,4003.0,UNKNOWN,7.731701224081938,10.109917561828624,reports_pairwise
2026-04-02,OLAELEC,33.8,35.1,69.4,47.9,99.3,,6.4,,,27.07,UNKNOWN,7.831547838936095,34.83561137790912,reports_pairwise
2026-04-02,LODHA,32.9,74.3,11.2,4.1,69.9,,33.5,,,659.8,UNKNOWN,7.646256441345869,37.61745983631404,reports_pairwise
2026-04-02,BDL,32.5,60.6,19.7,31.0,61.2,,29.9,,,1165.6,UNKNOWN,5.061770761839397,20.96774193548388,reports_pairwise
2026-04-02,IDEA,32.3,79.6,17.2,8.0,64.1,,29.2,,,8.24,UNKNOWN,6.31067961165048,26.092233009708742,reports_pairwise
2026-04-02,COCHINSHIP,32.2,61.8,21.3,63.2,61.9,,24.2,,,1269.5,UNKNOWN,5.0728633320204874,38.290665616384395,reports_pairwise
2026-04-02,GODREJPROP,31.9,59.5,18.2,16.5,69.6,,36.8,,,1444.6,UNKNOWN,9.698186349162407,28.783054132631886,reports_pairwise
2026-04-02,RVNL,31.9,56.8,23.2,9.0,71.5,,29.8,,,251.91,UNKNOWN,3.8267635266563516,21.789528006033905,reports_pairwise
2026-04-02,PRESTIGE,31.7,40.6,16.9,36.9,70.6,,40.3,,,1096.3,UNKNOWN,7.926662409924299,30.25631670163277,reports_pairwise
2026-04-02,SJVN,29.5,35.2,24.8,7.5,59.4,,39.6,,,64.92,UNKNOWN,4.266789895255693,26.001232285890318,reports_pairwise
2026-04-02,ATGL,29.4,56.1,40.8,0.0,41.2,,31.7,,,512.35,UNKNOWN,2.1664877525129347,29.013369766761,reports_pairwise
2026-04-02,SWIGGY,29.5,49.3,20.0,15.0,71.4,,27.1,,,260.5,UNKNOWN,4.337811900191943,5.201535508637241,reports_pairwise
2026-04-02,ABFRL,24.1,43.6,23.2,0.8,71.7,,12.0,,,55.66,UNKNOWN,5.892921307941073,15.217391304347824,reports_pairwise
2026-04-06,COALINDIA,64.3,91.1,46.1,11.6,72.8,,78.0,,,459.55,UNKNOWN,-5.603307583505603,1.5449896638015377,reports_pairwise
2026-04-06,ONGC,64.4,71.2,55.9,15.9,71.0,,77.2,,,281.85,UNKNOWN,1.4901543374135138,0.7273372361184866,reports_pairwise
2026-04-06,GICRE,65.4,73.3,60.8,29.4,78.1,,67.6,,,385.45,UNKNOWN,2.8797509404592097,3.606174601115588,reports_pairwise
2026-04-06,AUROPHARMA,65.9,79.2,66.1,24.3,75.5,,72.3,,,1340.4,UNKNOWN,1.0146225007460392,10.317815577439566,reports_pairwise
2026-04-06,NMDC,65.4,88.5,54.5,14.2,79.8,,69.1,,,81.4,UNKNOWN,7.444717444717429,10.73710073710073,reports_pairwise
2026-04-06,NATIONALUM,65.3,96.2,60.3,15.0,79.5,,58.4,,,407.85,UNKNOWN,5.136692411425766,-1.0665685913939005,reports_pairwise
2026-04-06,DMART,60.6,61.5,79.7,47.0,72.8,,69.6,,,4551.3,UNKNOWN,-1.9203304550348372,-3.620943466701825,reports_pairwise
2026-04-06,LUPIN,56.9,86.8,35.8,13.3,73.7,,76.8,,,2279.9,UNKNOWN,2.3246633624281765,7.903855432255792,reports_pairwise
2026-04-06,ADANIPOWER,61.9,79.7,76.1,54.1,79.6,,53.8,,,163.26,UNKNOWN,12.544407693250042,40.99595736861449,reports_pairwise
2026-04-06,TECHM,57.5,83.1,66.5,3.1,71.3,,61.3,,,1449.5,UNKNOWN,1.365988271817865,-0.08968609865470539,reports_pairwise
2026-04-06,BSE,61.0,75.0,66.4,22.8,79.4,,52.8,,,2982.3,UNKNOWN,13.147570666934913,32.9041343929182,reports_pairwise
2026-04-06,HCLTECH,56.2,94.1,56.7,7.5,70.9,,62.3,,,1403.3,UNKNOWN,4.70319960094064,-15.670205943134032,reports_pairwise
2026-04-06,AXISBANK,55.8,87.4,35.4,15.0,60.7,,69.4,,,1245.3,UNKNOWN,10.182285393077969,3.8063117321127513,reports_pairwise
2026-04-06,PAGEIND,55.1,68.4,75.4,17.2,79.4,,54.2,,,34750.0,UNKNOWN,5.16546762589928,7.467625899280575,reports_pairwise
2026-04-06,TITAN,53.2,50.0,51.5,12.0,60.5,,78.6,,,4246.1,UNKNOWN,5.845363981064972,1.4460328301264602,reports_pairwise
2026-04-06,ICICIBANK,50.8,87.6,25.2,9.8,63.0,,71.0,,,1231.4,UNKNOWN,10.012993340912777,3.865518921552696,reports_pairwise
2026-04-06,MARICO,51.3,72.6,40.2,14.7,52.4,,77.7,,,750.55,UNKNOWN,1.5455332755978979,10.872027180067954,reports_pairwise
2026-04-06,NESTLEIND,51.5,73.2,40.6,12.7,56.6,,76.0,,,1216.0,UNKNOWN,2.228618421052624,21.38157894736842,reports_pairwise
2026-04-06,ABB,55.6,76.1,45.3,20.0,73.1,,70.3,,,6193.5,UNKNOWN,11.245660773391458,16.057156696536694,reports_pairwise
2026-04-06,BOSCHLTD,56.4,76.8,54.5,52.7,75.4,,58.3,,,33460.0,UNKNOWN,10.430364614465033,13.254632396891811,reports_pairwise
2026-04-06,HINDALCO,55.5,76.6,42.9,9.5,62.8,,64.8,,,927.45,UNKNOWN,9.806458569195096,13.82823871906841,reports_pairwise
2026-04-06,CUMMINSIND,55.0,74.9,47.2,1.4,68.2,,71.9,,,4698.3,UNKNOWN,7.798565438562877,14.99904220675563,reports_pairwise
2026-04-06,INFY,54.2,92.0,53.5,5.8,74.7,,58.8,,,1306.2,UNKNOWN,1.0641555657632722,-10.986066452304394,reports_pairwise
2026-04-06,SUNPHARMA,49.9,75.3,25.3,13.4,50.9,,76.2,,,1694.6,UNKNOWN,-1.8647468429127765,8.249734450607825,reports_pairwise
2026-04-06,FEDERALBNK,53.7,81.9,40.2,4.6,57.4,,69.8,,,271.5,UNKNOWN,8.213627992633523,9.410681399631681,reports_pairwise
2026-04-06,TCS,50.5,91.3,44.9,16.7,71.7,,56.7,,,2473.9,UNKNOWN,3.059945834512301,-2.9305954161445493,reports_pairwise
2026-04-06,LICHSGFIN,53.0,47.2,52.3,3.4,62.1,,61.8,,,517.55,UNKNOWN,2.405564679741097,13.293401603709802,reports_pairwise
2026-04-06,OIL,55.4,76.3,37.4,7.5,73.6,,66.2,,,472.2,UNKNOWN,-0.40237187632358684,-4.09783989834815,reports_pairwise
2026-04-06,APOLLOHOSP,49.2,53.7,33.6,7.5,66.4,,74.8,,,7373.0,UNKNOWN,2.7871965278719655,6.29323206293232,reports_pairwise
2026-04-06,PFC,55.2,56.5,46.5,8.5,73.0,,64.9,,,405.9,UNKNOWN,9.288001970928812,12.724809066272492,reports_pairwise
2026-04-06,ALKEM,50.1,83.4,31.6,4.6,53.5,,72.2,,,5236.5,UNKNOWN,3.1891530602501668,6.760240618733887,reports_pairwise
2026-04-06,SBILIFE,48.2,63.9,28.6,10.4,59.2,,72.2,,,1836.8,UNKNOWN,6.418771777003489,1.9272648083623742,reports_pairwise
2026-04-06,INDIANB,54.6,85.5,38.8,8.6,58.1,,64.7,,,899.85,UNKNOWN,10.64066233261099,-4.34516863921765,reports_pairwise
2026-04-06,PERSISTENT,54.5,76.0,77.3,7.8,76.0,,55.9,,,5309.4,UNKNOWN,5.122989414999813,-6.1287527780916795,reports_pairwise
2026-04-06,BHARTIARTL,47.0,66.3,33.9,8.0,61.5,,70.0,,,1792.8,UNKNOWN,4.96430165104864,1.8853190539937503,reports_pairwise
2026-04-06,ITC,47.0,93.7,30.5,7.1,68.8,,57.5,,,294.85,UNKNOWN,2.560624046125133,4.256401560115297,reports_pairwise
2026-04-06,LT,50.0,64.4,43.4,15.0,63.0,,65.5,,,3727.7,UNKNOWN,8.64608203449849,7.921774820935166,reports_pairwise
2026-04-06,NTPC,46.7,67.8,30.1,20.0,60.6,,78.0,,,366.1,UNKNOWN,6.391696257853038,9.35536738596012,reports_pairwise
2026-04-06,ASIANPAINT,49.0,66.0,37.4,15.6,65.6,,59.4,,,2184.3,UNKNOWN,9.870439042256095,15.854049352195199,reports_pairwise
2026-04-06,ULTRACEMCO,48.3,60.3,30.7,15.2,64.6,,68.1,,,10955.0,UNKNOWN,7.4030123231401195,10.871748060246462,reports_pairwise
2026-04-06,SAIL,54.0,64.9,55.1,22.7,58.3,,61.6,,,160.44,UNKNOWN,6.207928197456998,16.72899526302668,reports_pairwise
2026-04-06,SBIN,48.0,86.8,24.6,10.9,60.4,,68.4,,,1032.75,UNKNOWN,5.185185185185181,5.737109658678286,reports_pairwise
2026-04-06,ZYDUSLIFE,48.3,82.2,30.0,25.0,49.2,,67.3,,,866.3,UNKNOWN,6.799030358998048,8.542075493478011,reports_pairwise
2026-04-06,DRREDDY,47.6,82.2,23.5,10.6,54.6,,72.4,,,1217.8,UNKNOWN,-1.22351781901789,7.373953030054192,reports_pairwise
2026-04-06,WIPRO,49.5,84.1,44.7,9.0,74.4,,57.3,,,197.29,UNKNOWN,5.43869430787167,0.03548076435704881,reports_pairwise
2026-04-06,POWERGRID,47.4,60.8,36.1,5.3,72.2,,73.6,,,295.15,UNKNOWN,2.625783499915298,6.318820938505857,reports_pairwise
2026-04-06,RELIANCE,46.8,76.3,28.1,10.7,46.3,,68.0,,,1304.7,UNKNOWN,2.506323292710971,10.078945351421781,reports_pairwise
2026-04-06,MAHABANK,53.2,84.6,41.5,8.2,58.5,,57.4,,,66.59,UNKNOWN,7.508634930169694,28.112329178555335,reports_pairwise
2026-04-06,GRASIM,47.6,42.3,37.9,0.0,59.9,,71.4,,,2614.4,UNKNOWN,5.263157894736838,13.242044063647484,reports_pairwise
2026-04-06,TATACONSUM,46.6,54.4,35.9,13.1,62.4,,71.5,,,1055.2,UNKNOWN,4.169825625473844,9.145185746777862,reports_pairwise
2026-04-06,WAAREEENER,53.0,84.4,76.0,5.0,76.3,,35.2,,,3084.7,UNKNOWN,9.997730735565861,4.600123188640714,reports_pairwise
2026-04-06,ADANIPORTS,51.1,80.8,42.4,11.2,56.5,,66.0,,,1387.1,UNKNOWN,7.483238411073476,24.92250018023214,reports_pairwise
2026-04-06,PREMIERENE,52.8,78.5,81.7,24.1,78.3,,43.1,,,925.95,UNKNOWN,7.284410605324254,9.99514012635671,reports_pairwise
2026-04-06,HDFCBANK,44.8,84.2,22.6,8.3,66.5,,64.9,,,771.0,UNKNOWN,4.5201037613489,3.2490272373540794,reports_pairwise
2026-04-06,IOB,52.5,87.9,38.5,2.1,61.5,,56.3,,,33.05,UNKNOWN,6.6565809379727785,6.414523449319227,reports_pairwise
2026-04-06,HINDUNILVR,45.5,73.1,28.7,15.0,65.9,,64.7,,,2084.8,UNKNOWN,3.396009209516487,8.988871834228684,reports_pairwise
2026-04-06,LTIM,50.5,87.9,43.4,21.3,86.6,,51.8,,,4504.0,UNKNOWN,0.0,,reports_pairwise
2026-04-06,TATAPOWER,46.9,51.2,40.6,7.8,66.7,,73.6,,,383.85,UNKNOWN,6.981893968998294,14.432721115018882,reports_pairwise
2026-04-06,TORNTPHARM,46.4,69.4,16.3,16.9,57.0,,74.3,,,4011.6,UNKNOWN,4.4072190647123275,8.752118855319571,reports_pairwise
2026-04-06,CIPLA,45.3,90.5,15.9,36.6,52.7,,61.3,,,1200.9,UNKNOWN,1.8319593638104752,13.439920059955021,reports_pairwise
2026-04-06,MPHASIS,51.0,83.7,50.0,22.1,74.5,,54.1,,,2235.2,UNKNOWN,6.836077308518263,-1.8835003579098029,reports_pairwise
2026-04-06,OBEROIRLTY,50.8,80.2,57.4,15.0,63.3,,56.3,,,1519.9,UNKNOWN,12.263964734521998,10.204618724916106,reports_pairwise
2026-04-06,HDFCAMC,51.1,87.5,35.4,15.2,63.9,,58.8,,,2386.6,UNKNOWN,9.989105840945282,18.771474063521328,reports_pairwise
2026-04-06,VEDL,51.6,67.3,44.0,15.0,59.9,,62.6,,,690.0,UNKNOWN,10.826086956521745,-55.739130434782616,reports_pairwise
2026-04-06,IRB,49.0,67.7,47.7,10.1,58.8,,58.3,,,20.67,UNKNOWN,4.596032897919686,4.837929366231252,reports_pairwise
2026-04-06,KOTAKBANK,45.6,81.4,24.8,15.0,66.5,,65.1,,,360.55,UNKNOWN,5.228123699902917,5.228123699902917,reports_pairwise
2026-04-06,OFSS,51.5,94.4,56.8,2.5,66.1,,49.8,,,7017.0,UNKNOWN,6.263360410431809,35.36411571896822,reports_pairwise
2026-04-06,BAJAJ-AUTO,46.4,79.8,30.0,8.6,56.4,,68.9,,,8942.5,UNKNOWN,10.95890410958904,18.590998043052835,reports_pairwise
2026-04-06,RECLTD,50.4,57.4,42.5,15.0,68.3,,54.4,,,327.55,UNKNOWN,8.304075713631503,9.830560219813766,reports_pairwise
2026-04-06,NHPC,47.6,41.8,53.5,5.1,69.1,,65.0,,,76.16,UNKNOWN,3.518907563025219,7.116596638655465,reports_pairwise
2026-04-06,ICICIGI,46.2,82.6,19.1,5.1,48.4,,66.7,,,1713.0,UNKNOWN,5.48161120840631,8.009340338587275,reports_pairwise
2026-04-06,GLENMARK,50.5,57.8,38.7,14.5,74.8,,65.9,,,2104.8,UNKNOWN,5.744013683010245,12.675788673508157,reports_pairwise
2026-04-06,TATASTEEL,49.2,56.8,47.4,7.5,53.4,,63.8,,,196.1,UNKNOWN,7.445181030086688,10.703722590515047,reports_pairwise
2026-04-06,BRITANNIA,44.1,65.3,26.7,10.9,55.5,,72.2,,,5535.0,UNKNOWN,2.1409214092140925,5.040650406504065,reports_pairwise
2026-04-06,AMBUJACEM,46.8,75.5,31.1,8.7,70.3,,53.4,,,430.05,UNKNOWN,4.976165562143931,4.790140681316117,reports_pairwise
2026-04-06,HAL,48.5,92.4,32.5,11.2,74.2,,54.2,,,3752.1,UNKNOWN,10.634044934836503,27.451293942059124,reports_pairwise
2026-04-06,SHREECEM,44.0,51.2,37.0,7.3,66.0,,54.9,,,23695.0,UNKNOWN,4.684532601814729,8.018569318421607,reports_pairwise
2026-04-06,CONCOR,46.8,74.9,38.6,8.9,67.7,,53.7,,,450.45,UNKNOWN,8.824508824508824,16.92751692751694,reports_pairwise
2026-04-06,J&KBANK,49.9,70.1,33.9,7.5,69.1,,58.9,,,115.8,UNKNOWN,6.977545123849717,20.578587981703368,reports_pairwise
2026-04-06,IRCTC,44.6,89.4,30.3,10.2,67.6,,51.8,,,514.7,UNKNOWN,6.62521857392654,10.452690887895852,reports_pairwise
2026-04-06,KALYANKJIL,49.6,55.4,63.2,32.0,72.6,,41.1,,,420.35,UNKNOWN,6.661115736885928,-2.188652313548244,reports_pairwise
2026-04-06,TRENT,49.6,68.7,56.2,23.4,79.9,,40.3,,,3833.6,UNKNOWN,2.971097662771288,12.012207846410696,reports_pairwise
2026-04-06,COFORGE,49.5,69.5,62.7,13.3,79.5,,40.2,,,1220.2,UNKNOWN,3.9829536141616053,5.335190952302893,reports_pairwise
2026-04-06,CENTRALBK,48.0,72.3,26.5,4.2,64.2,,61.5,,,33.93,UNKNOWN,5.334512231063962,9.755378720895969,reports_pairwise
2026-04-06,ACC,43.8,76.5,28.2,3.4,67.1,,52.7,,,1362.1,UNKNOWN,4.8528008222597565,3.8543425592834595,reports_pairwise
2026-04-06,ADANIGREEN,49.1,60.3,59.0,57.6,75.6,,42.5,,,921.1,UNKNOWN,19.748127239170554,48.192378677668,reports_pairwise
2026-04-06,PIIND,46.1,80.2,30.4,15.0,65.4,,50.7,,,2837.7,UNKNOWN,3.7354195299009763,9.296261056489417,reports_pairwise
2026-04-06,INDUSTOWER,47.5,83.6,34.4,5.5,56.7,,65.1,,,425.5,UNKNOWN,1.2925969447708578,-5.311398354876621,reports_pairwise
2026-04-06,LICI,44.9,92.3,22.6,9.7,52.9,,60.3,,,744.95,UNKNOWN,11.249077119269742,8.88650244982884,reports_pairwise
2026-04-06,MOTILALOFS,48.8,73.2,49.6,25.0,73.4,,35.3,,,704.85,UNKNOWN,10.285876427608711,26.452436688657148,reports_pairwise
2026-04-06,BEL,46.8,75.0,31.9,11.2,53.1,,68.4,,,427.15,UNKNOWN,4.2607983144094685,2.8795505091888125,reports_pairwise
2026-04-06,PIDILITIND,42.1,70.5,21.9,11.7,52.2,,69.5,,,1291.2,UNKNOWN,3.430916976456006,12.329615861214377,reports_pairwise
2026-04-06,MAZDOCK,48.3,84.8,50.3,49.9,64.7,,35.1,,,2313.7,UNKNOWN,9.093659506418296,15.97441327743443,reports_pairwise
2026-04-06,MRF,44.9,76.0,24.3,15.0,63.6,,61.0,,,127045.0,UNKNOWN,7.61147624857334,2.2983982053603054,reports_pairwise
2026-04-06,CGPOWER,47.8,74.7,35.6,5.5,72.3,,59.0,,,687.3,UNKNOWN,6.460061108686177,24.996362578204582,reports_pairwise
2026-04-06,MUTHOOTFIN,47.9,73.3,43.5,0.0,57.4,,51.5,,,3289.8,UNKNOWN,11.05842300443795,8.951911970332542,reports_pairwise
2026-04-06,SUZLON,47.8,91.7,49.6,7.5,65.6,,37.1,,,41.59,UNKNOWN,14.162058187064181,33.806203414282265,reports_pairwise
2026-04-06,ABCAPITAL,47.5,69.6,37.1,7.5,58.3,,58.0,,,311.3,UNKNOWN,12.158689367169922,18.53517507227754,reports_pairwise
2026-04-06,JSWSTEEL,44.8,45.9,31.8,10.8,56.9,,67.1,,,1133.6,UNKNOWN,8.503881439661265,13.214537755822175,reports_pairwise
2026-04-06,NYKAA,46.6,37.6,48.2,16.2,60.8,,66.0,,,252.52,UNKNOWN,3.405670837953427,6.862822746713136,reports_pairwise
2026-04-06,TVSMOTOR,44.4,50.0,37.3,10.2,55.7,,68.6,,,3487.8,UNKNOWN,8.168472962899239,6.276162624003659,reports_pairwise
2026-04-06,APLAPOLLO,43.9,69.5,26.0,9.3,45.4,,64.9,,,1915.0,UNKNOWN,4.595300261096606,3.0652741514360335,reports_pairwise
2026-04-06,APOLLOTYRE,45.2,66.4,37.7,5.0,66.1,,58.2,,,410.9,UNKNOWN,6.9238257483572765,-0.20686298369432124,reports_pairwise
2026-04-06,M&M,44.9,68.4,33.6,15.0,64.2,,60.5,,,3021.6,UNKNOWN,7.592004236166273,11.553481599152764,reports_pairwise
2026-04-06,UPL,47.2,54.9,41.2,2.6,74.0,,52.3,,,607.75,UNKNOWN,7.6182640888523165,7.025915261209387,reports_pairwise
2026-04-06,NAUKRI,45.8,53.8,52.9,5.8,67.5,,47.5,,,994.3,UNKNOWN,2.790908176606658,-1.2521371819370344,reports_pairwise
2026-04-06,GAIL,43.9,80.7,28.2,15.0,67.1,,55.2,,,143.14,UNKNOWN,8.858460248707564,16.850635741232363,reports_pairwise
2026-04-06,MARUTI,42.1,84.7,28.3,11.1,64.9,,59.6,,,12688.0,UNKNOWN,4.508196721311475,8.527742749054225,reports_pairwise
2026-04-06,PETRONET,45.7,84.3,19.6,3.2,60.5,,58.0,,,254.52,UNKNOWN,6.003457488606004,10.83608360836084,reports_pairwise
2026-04-06,PATANJALI,42.8,71.2,30.5,10.1,64.2,,56.3,,,471.7,UNKNOWN,-1.208395166419332,-2.406190375238492,reports_pairwise
2026-04-06,EXIDEIND,43.4,65.3,35.1,16.5,65.0,,54.3,,,298.8,UNKNOWN,10.22423025435074,21.971218206157957,reports_pairwise
2026-04-06,NTPCGREEN,45.8,32.6,63.5,0.0,72.2,,54.4,,,98.05,UNKNOWN,8.964813870474254,11.432942376338612,reports_pairwise
2026-04-06,AUBANK,45.9,78.8,33.3,1.5,58.3,,56.6,,,883.55,UNKNOWN,12.415822534095417,16.846811159526926,reports_pairwise
2026-04-06,DIVISLAB,42.4,64.5,17.5,32.8,44.3,,65.6,,,5821.0,UNKNOWN,5.248239134169387,15.143446143274353,reports_pairwise
2026-04-06,VMM,45.8,53.1,56.3,15.2,73.7,,43.0,,,113.74,UNKNOWN,2.5936346052400236,10.269034640407956,reports_pairwise
2026-04-06,ADANIENSOL,45.7,54.1,44.9,4.7,74.2,,60.1,,,991.35,UNKNOWN,19.37761638170172,39.920310687446396,reports_pairwise
2026-04-06,HUDCO,45.7,58.5,38.6,8.6,72.6,,41.6,,,169.52,UNKNOWN,12.671071260028308,34.503303445021224,reports_pairwise
2026-04-06,HEROMOTOCO,43.8,90.0,26.7,9.5,54.2,,59.7,,,5103.5,UNKNOWN,4.056039972567846,4.692857842657,reports_pairwise
2026-04-06,JINDALSTEL,45.1,49.6,32.1,18.4,57.1,,64.4,,,1134.0,UNKNOWN,9.365079365079369,10.952380952380956,reports_pairwise
2026-04-06,JSWENERGY,45.0,42.1,44.9,4.3,71.5,,65.2,,,496.7,UNKNOWN,4.529897322327372,15.945238574592308,reports_pairwise
2026-04-06,POLICYBZR,45.6,53.3,42.3,3.7,66.8,,50.1,,,1470.0,UNKNOWN,1.292517006802721,14.564625850340128,reports_pairwise
2026-04-06,CANBK,44.4,81.0,23.9,10.4,61.4,,59.3,,,130.51,UNKNOWN,9.570147881388406,4.152938472147741,reports_pairwise
2026-04-06,SONACOMS,45.4,56.2,45.8,4.3,51.6,,62.0,,,509.4,UNKNOWN,13.466823714173543,13.594424813506087,reports_pairwise
2026-04-06,JIOFIN,43.8,50.0,38.0,10.2,64.5,,50.6,,,235.31,UNKNOWN,3.2510305554375103,6.676299349793892,reports_pairwise
2026-04-06,INDIGO,45.1,50.0,45.5,28.2,71.9,,47.2,,,4312.5,UNKNOWN,6.434782608695652,4.507826086956513,reports_pairwise
2026-04-06,BAJFINANCE,44.2,59.7,29.3,7.5,66.1,,57.0,,,850.85,UNKNOWN,8.385731915143682,14.326849620967266,reports_pairwise
2026-04-06,UNIONBANK,44.8,80.1,28.4,3.4,57.7,,52.9,,,174.12,UNKNOWN,9.677234091431194,-3.928325292901449,reports_pairwise
2026-04-06,SIEMENS,43.1,61.8,28.9,4.9,54.0,,67.0,,,3048.0,UNKNOWN,11.660104986876643,27.017716535433074,reports_pairwise
2026-04-06,YESBANK,44.6,73.5,26.1,7.5,68.1,,54.3,,,18.15,UNKNOWN,6.556473829201109,24.02203856749313,reports_pairwise
2026-04-06,INDHOTEL,42.1,69.5,30.6,11.8,66.5,,53.3,,,595.4,UNKNOWN,9.11152166610682,12.378233120591208,reports_pairwise
2026-04-06,PNB,42.7,77.0,22.2,9.3,61.6,,58.2,,,106.5,UNKNOWN,6.873239436619712,2.450704225352112,reports_pairwise
2026-04-06,ADANIENT,44.0,83.6,28.4,10.9,68.3,,47.2,,,1902.2,UNKNOWN,13.920723372936598,32.14698769845441,reports_pairwise
2026-04-06,BAJAJHFL,39.3,53.9,32.7,4.3,67.3,,42.9,,,79.68,UNKNOWN,9.023594377510037,10.404116465863442,reports_pairwise
2026-04-06,GMRAIRPORT,43.7,65.6,38.4,3.6,56.7,,59.3,,,91.2,UNKNOWN,8.09210526315789,10.372807017543852,reports_pairwise
2026-04-06,OLAELEC,44.0,35.4,76.9,75.8,81.9,,6.0,,,29.19,UNKNOWN,38.54059609455292,20.212401507365545,reports_pairwise
2026-04-06,TATATECH,42.2,70.1,38.9,4.3,68.2,,50.4,,,543.3,UNKNOWN,5.6966685072703935,15.819988956377701,reports_pairwise
2026-04-06,UNITDSPR,39.8,68.4,23.6,27.4,47.6,,61.3,,,1236.3,UNKNOWN,0.841219768664571,3.518563455471973,reports_pairwise
2026-04-06,BAJAJFINSV,39.8,55.9,22.6,15.0,66.9,,61.5,,,1672.3,UNKNOWN,9.155055911020758,9.10123781618131,reports_pairwise
2026-04-06,SRF,42.7,61.4,34.0,21.9,58.5,,54.8,,,2433.8,UNKNOWN,1.746240447037554,13.86720355000411,reports_pairwise
2026-04-06,VBL,42.8,69.9,33.9,7.0,66.7,,52.3,,,401.0,UNKNOWN,9.98753117206983,27.331670822942648,reports_pairwise
2026-04-06,HAVELLS,39.3,66.5,18.3,5.2,51.5,,58.8,,,1206.6,UNKNOWN,6.74622907342948,5.163268688877854,reports_pairwise
2026-04-06,SOLARINDS,43.4,72.3,24.5,19.1,67.0,,51.3,,,13303.0,UNKNOWN,10.381117041268887,19.424190032323533,reports_pairwise
2026-04-06,IREDA,43.3,58.1,48.3,7.5,65.1,,36.5,,,115.58,UNKNOWN,9.041356636096214,17.28672780757917,reports_pairwise
2026-04-06,KPITTECH,43.1,86.1,45.1,18.3,73.0,,33.5,,,694.85,UNKNOWN,5.497589407785843,4.000863495718494,reports_pairwise
2026-04-06,TATAELXSI,43.1,73.5,44.6,8.9,69.0,,43.9,,,4272.3,UNKNOWN,5.961659995786809,0.5875055590665322,reports_pairwise
2026-04-06,IRFC,42.9,57.9,34.2,20.6,69.0,,44.3,,,92.72,UNKNOWN,9.868421052631584,15.153149266609143,reports_pairwise
2026-04-06,JUBLFOOD,40.4,55.3,33.8,22.4,68.1,,48.5,,,461.1,UNKNOWN,-2.8193450444589025,3.882021253524176,reports_pairwise
2026-04-06,LTF,42.7,56.5,31.9,10.7,60.7,,52.7,,,255.45,UNKNOWN,10.240751614797427,18.8686631434723,reports_pairwise
2026-04-06,UCOBANK,41.6,76.0,24.7,7.6,67.9,,48.2,,,24.35,UNKNOWN,8.418891170431198,12.073921971252556,reports_pairwise
2026-04-06,TATACOMM,42.2,66.9,34.1,7.5,67.0,,50.6,,,1402.7,UNKNOWN,9.880943893918865,13.602338347472728,reports_pairwise
2026-04-06,EICHERMOT,38.7,85.8,23.3,13.5,46.4,,64.4,,,6596.0,UNKNOWN,8.012431776834445,11.090054578532444,reports_pairwise
2026-04-06,MANKIND,39.7,57.9,21.5,8.6,61.7,,57.2,,,2017.7,UNKNOWN,4.044208752540027,17.71819398324824,reports_pairwise
2026-04-06,IGL,40.6,83.1,25.6,5.3,65.7,,48.3,,,148.81,UNKNOWN,10.14044755056784,14.132114777232713,reports_pairwise
2026-04-06,TIINDIA,41.4,55.0,37.4,7.5,62.5,,49.9,,,2582.9,UNKNOWN,6.790816524062104,16.748615896860112,reports_pairwise
2026-04-06,BANKBARODA,40.0,77.2,18.4,14.1,48.5,,60.0,,,259.76,UNKNOWN,8.808130582075762,4.0768401601478415,reports_pairwise
2026-04-06,PAYTM,41.3,49.1,44.3,10.5,72.8,,48.3,,,1029.1,UNKNOWN,10.178797007093578,16.354095811874473,reports_pairwise
2026-04-06,GODREJCP,37.5,59.8,23.2,16.2,67.0,,62.0,,,1001.95,UNKNOWN,7.8896152502619845,3.4582564000199474,reports_pairwise
2026-04-06,HDFCLIFE,36.4,58.4,17.6,37.4,57.2,,58.1,,,580.4,UNKNOWN,9.062715368711238,7.753273604410752,reports_pairwise
2026-04-06,INDUSINDBK,40.3,74.1,24.1,1.9,60.3,,60.2,,,786.2,UNKNOWN,7.485372678707695,20.44645128466039,reports_pairwise
2026-04-06,PHOENIXLTD,40.1,51.9,39.1,9.2,60.9,,58.1,,,1554.7,UNKNOWN,13.784009776805812,17.675435775390746,reports_pairwise
2026-04-06,ETERNAL,40.6,49.9,46.3,7.5,66.4,,40.7,,,232.2,UNKNOWN,4.177433247200697,10.861326442721804,reports_pairwise
2026-04-06,SHRIRAMFIN,40.6,59.3,23.7,6.2,60.6,,54.7,,,928.0,UNKNOWN,12.268318965517231,9.445043103448274,reports_pairwise
2026-04-06,BANKINDIA,40.2,74.4,22.6,12.9,64.4,,52.4,,,143.05,UNKNOWN,4.306186648025164,-1.873470814400564,reports_pairwise
2026-04-06,DABUR,35.9,72.5,16.4,9.5,55.8,,60.2,,,413.7,UNKNOWN,3.9521392313270542,13.608895334783663,reports_pairwise
2026-04-06,POLYCAB,39.0,83.3,23.2,8.4,56.3,,60.4,,,7047.0,UNKNOWN,9.755924506882362,27.756492124308217,reports_pairwise
2026-04-06,ASTRAL,39.9,60.1,20.2,17.9,58.3,,62.8,,,1522.8,UNKNOWN,8.169162069871296,3.0404517993170446,reports_pairwise
2026-04-06,BAJAJHLDNG,39.8,81.7,22.5,15.0,68.4,,42.7,,,9131.0,UNKNOWN,11.050268316723251,16.055196583068668,reports_pairwise
2026-04-06,TORNTPOWER,39.2,80.1,22.8,12.5,54.7,,59.7,,,1379.1,UNKNOWN,8.476542672757603,24.175186715974196,reports_pairwise
2026-04-06,TMPV,38.5,82.4,24.4,9.3,71.6,,51.5,,,307.4,UNKNOWN,14.183474300585564,16.86727391021471,reports_pairwise
2026-04-06,DIXON,39.2,80.1,36.6,30.8,69.4,,33.2,,,10008.0,UNKNOWN,7.803756994404476,10.391686650679457,reports_pairwise
2026-04-06,DLF,38.4,76.9,30.2,25.3,68.7,,43.8,,,529.2,UNKNOWN,9.221466364323499,16.940665154950864,reports_pairwise
2026-04-06,SUPREMEIND,38.5,63.3,22.3,20.0,53.5,,56.3,,,3672.2,UNKNOWN,4.6675017700560995,-0.19879091552746928,reports_pairwise
2026-04-06,BHARTIHEXA,38.6,64.6,36.4,7.4,52.3,,47.9,,,1517.6,UNKNOWN,1.8713758566157153,-0.13178703215603585,reports_pairwise
2026-04-06,ICICIPRULI,34.7,56.6,12.5,19.0,55.2,,58.8,,,513.1,UNKNOWN,10.378093938803351,9.70571038783862,reports_pairwise
2026-04-06,BIOCON,37.0,44.3,22.8,8.5,41.5,,63.7,,,355.0,UNKNOWN,-1.5915492957746413,7.676056338028168,reports_pairwise
2026-04-06,MFSL,34.5,51.7,13.9,9.3,47.3,,61.8,,,1498.8,UNKNOWN,12.883640245529767,13.917800907392591,reports_pairwise
2026-04-06,BDL,37.7,60.8,32.4,29.3,72.9,,31.9,,,1224.6,UNKNOWN,10.191082802547786,19.786052588600374,reports_pairwise
2026-04-06,COCHINSHIP,37.7,60.0,34.7,58.2,69.9,,26.2,,,1333.9,UNKNOWN,10.030736936801855,36.0446810105705,reports_pairwise
2026-04-06,CHOLAFIN,37.6,64.6,20.4,20.8,67.0,,53.9,,,1393.2,UNKNOWN,10.773758254378404,21.24605225380419,reports_pairwise
2026-04-06,HINDZINC,37.6,78.1,24.9,3.8,63.5,,43.6,,,526.05,UNKNOWN,12.707917498336666,21.00560783195514,reports_pairwise
2026-04-06,COLPAL,33.9,82.9,18.2,11.1,55.7,,53.6,,,1829.7,UNKNOWN,5.935399245777991,18.434716073673275,reports_pairwise
2026-04-06,BPCL,35.6,68.2,14.8,15.0,63.9,,47.5,,,278.7,UNKNOWN,8.97021887334051,10.369573017581642,reports_pairwise
2026-04-06,ATGL,36.7,56.1,43.6,0.0,70.2,,33.4,,,523.45,UNKNOWN,10.994364313688022,23.07765784697678,reports_pairwise
2026-04-06,BHARATFORG,36.7,47.5,21.9,5.8,56.1,,62.8,,,1670.6,UNKNOWN,9.846761642523646,19.29246977133965,reports_pairwise
2026-04-06,BANDHANBNK,36.4,77.5,16.7,10.5,57.8,,53.0,,,152.58,UNKNOWN,11.475947044173541,36.07943373967753,reports_pairwise
2026-04-06,ESCORTS,36.5,79.6,21.8,2.8,67.3,,48.8,,,2893.3,UNKNOWN,11.060035253862372,15.64303736218159,reports_pairwise
2026-04-06,BHEL,36.1,44.1,33.2,12.9,36.4,,54.8,,,245.64,UNKNOWN,19.133691581175704,65.46572219508224,reports_pairwise
2026-04-06,IDFCFIRSTB,35.9,66.9,26.3,8.2,68.4,,43.5,,,61.08,UNKNOWN,9.692206941715785,15.2423051735429,reports_pairwise
2026-04-06,MAXHEALTH,34.6,55.7,16.2,19.1,53.5,,54.2,,,931.6,UNKNOWN,4.680120223271793,8.984542722198361,reports_pairwise
2026-04-06,GODREJPROP,35.9,57.7,33.9,13.1,72.8,,40.7,,,1584.7,UNKNOWN,9.547548431879846,18.546097053069975,reports_pairwise
2026-04-06,IOC,31.2,56.9,11.8,9.0,45.8,,51.9,,,134.05,UNKNOWN,8.2804923535994,9.57851547929875,reports_pairwise
2026-04-06,SJVN,33.9,34.0,36.9,7.8,70.2,,41.5,,,67.69,UNKNOWN,9.055990545132214,18.02334170483085,reports_pairwise
2026-04-06,ASHOKLEY,33.0,69.1,15.6,38.9,51.0,,50.8,,,150.91,UNKNOWN,17.951096680140484,13.166788151878606,reports_pairwise
2026-04-06,RVNL,33.0,55.5,30.6,9.6,68.5,,29.8,,,261.55,UNKNOWN,7.375262856050455,18.027145861211995,reports_pairwise
2026-04-06,SBICARD,31.7,54.9,18.3,7.1,56.9,,46.9,,,635.1,UNKNOWN,8.990710124389862,2.054794520547938,reports_pairwise
2026-04-06,MOTHERSON,32.2,66.8,20.5,12.6,61.7,,50.0,,,108.26,UNKNOWN,13.070386107518928,20.478477738777016,reports_pairwise
2026-04-06,SWIGGY,31.8,49.5,28.8,17.9,72.7,,28.6,,,271.8,UNKNOWN,0.25754231052243876,2.832965415746868,reports_pairwise
2026-04-06,VOLTAS,31.4,55.2,16.0,34.2,48.7,,59.2,,,1252.0,UNKNOWN,10.543130990415335,8.937699680511189,reports_pairwise
2026-04-06,HYUNDAI,31.5,96.2,11.2,64.9,55.0,,36.7,,,1691.4,UNKNOWN,4.93673879626345,8.537306373418462,reports_pairwise
2026-04-06,IDBI,31.5,79.9,14.2,15.5,70.9,,26.8,,,70.06,UNKNOWN,5.366827997179869,8.135886577548481,reports_pairwise
2026-04-06,HINDPETRO,30.7,54.2,19.3,2.3,54.6,,38.5,,,328.05,UNKNOWN,10.912970583752479,20.865721688766953,reports_pairwise
2026-04-06,IDEA,30.1,79.8,23.0,13.1,62.4,,32.7,,,8.76,UNKNOWN,6.621004566210047,28.196347031963477,reports_pairwise
2026-04-06,M&MFIN,30.1,54.3,12.7,22.5,51.7,,46.8,,,281.25,UNKNOWN,8.657777777777786,16.782222222222217,reports_pairwise
2026-04-06,PRESTIGE,29.0,39.0,24.7,49.8,70.2,,44.4,,,1183.2,UNKNOWN,12.576064908722106,25.380324543610545,reports_pairwise
2026-04-06,ABFRL,28.5,44.6,32.0,4.1,69.6,,12.0,,,58.94,UNKNOWN,8.924329826942664,15.015269765863607,reports_pairwise
2026-04-06,LODHA,24.5,82.1,11.7,16.9,56.3,,34.1,,,710.25,UNKNOWN,18.43013023583245,36.19852164730729,reports_pairwise
2026-04-07,ONGC,64.1,71.2,52.3,15.9,75.2,,77.4,,,281.85,UNKNOWN,1.4901543374135138,0.7273372361184866,reports_pairwise
2026-04-07,COALINDIA,61.9,91.1,36.0,11.6,71.8,,78.1,,,459.55,UNKNOWN,-5.603307583505603,1.5449896638015377,reports_pairwise
2026-04-07,GICRE,62.1,73.3,47.5,29.4,75.5,,67.9,,,385.45,UNKNOWN,2.8797509404592097,3.606174601115588,reports_pairwise
2026-04-07,CIPLA,55.7,90.5,36.7,36.6,70.4,,61.6,,,1200.9,UNKNOWN,1.8319593638104752,13.439920059955021,reports_pairwise
2026-04-07,LUPIN,57.5,86.8,37.6,13.3,73.9,,76.9,,,2279.9,UNKNOWN,2.3246633624281765,7.903855432255792,reports_pairwise
2026-04-07,ICICIBANK,54.1,87.6,37.8,9.8,67.3,,71.0,,,1231.4,UNKNOWN,10.012993340912777,3.865518921552696,reports_pairwise
2026-04-07,AXISBANK,57.9,87.4,41.0,15.0,68.1,,69.8,,,1245.3,UNKNOWN,10.182285393077969,3.8063117321127513,reports_pairwise
2026-04-07,NMDC,61.6,88.5,40.5,14.2,72.8,,69.4,,,81.4,UNKNOWN,7.444717444717429,10.73710073710073,reports_pairwise
2026-04-07,AUROPHARMA,61.3,79.2,46.8,24.3,71.7,,72.3,,,1340.4,UNKNOWN,1.0146225007460392,10.317815577439566,reports_pairwise
2026-04-07,DMART,58.4,61.5,53.6,47.0,76.8,,69.9,,,4551.3,UNKNOWN,-1.9203304550348372,-3.620943466701825,reports_pairwise
2026-04-07,MARICO,53.9,72.6,44.7,14.7,68.2,,77.8,,,750.55,UNKNOWN,1.5455332755978979,10.872027180067954,reports_pairwise
2026-04-07,SUNPHARMA,54.1,75.3,35.8,13.4,67.7,,76.2,,,1694.6,UNKNOWN,-1.8647468429127765,8.249734450607825,reports_pairwise
2026-04-07,NESTLEIND,53.6,73.2,40.1,12.7,78.1,,76.1,,,1216.0,UNKNOWN,2.228618421052624,21.38157894736842,reports_pairwise
2026-04-07,PIDILITIND,53.4,70.5,36.4,23.3,69.3,,69.7,,,1291.2,UNKNOWN,3.430916976456006,12.329615861214377,reports_pairwise
2026-04-07,SBIN,54.2,86.8,36.7,21.7,69.5,,68.6,,,1032.75,UNKNOWN,5.185185185185181,5.737109658678286,reports_pairwise
2026-04-07,NATIONALUM,60.8,96.2,43.7,15.0,72.0,,58.4,,,407.85,UNKNOWN,5.136692411425766,-1.0665685913939005,reports_pairwise
2026-04-07,SBILIFE,52.7,63.9,36.1,10.4,73.6,,72.5,,,1836.8,UNKNOWN,6.418771777003489,1.9272648083623742,reports_pairwise
2026-04-07,LICI,55.2,92.3,36.8,9.7,68.3,,60.4,,,744.95,UNKNOWN,11.249077119269742,8.88650244982884,reports_pairwise
2026-04-07,ALKEM,53.7,83.4,39.0,4.6,71.5,,72.3,,,5236.5,UNKNOWN,3.1891530602501668,6.760240618733887,reports_pairwise
2026-04-07,TITAN,52.6,50.0,43.1,12.0,72.3,,79.1,,,4246.1,UNKNOWN,5.845363981064972,1.4460328301264602,reports_pairwise
2026-04-07,FEDERALBNK,55.5,81.9,42.6,4.6,69.8,,69.8,,,271.5,UNKNOWN,8.213627992633523,9.410681399631681,reports_pairwise
2026-04-07,HCLTECH,54.6,94.1,49.8,7.5,69.9,,62.3,,,1403.3,UNKNOWN,4.70319960094064,-15.670205943134032,reports_pairwise
2026-04-07,RELIANCE,51.6,76.3,38.9,10.7,69.0,,68.8,,,1304.7,UNKNOWN,2.506323292710971,10.078945351421781,reports_pairwise
2026-04-07,TORNTPHARM,52.2,69.4,35.4,16.9,69.5,,74.3,,,4011.6,UNKNOWN,4.4072190647123275,8.752118855319571,reports_pairwise
2026-04-07,HDFCBANK,50.0,84.2,35.7,8.3,68.4,,65.1,,,771.0,UNKNOWN,4.5201037613489,3.2490272373540794,reports_pairwise
2026-04-07,DRREDDY,52.1,82.2,35.2,10.6,71.4,,72.4,,,1217.8,UNKNOWN,-1.22351781901789,7.373953030054192,reports_pairwise
2026-04-07,HINDALCO,55.8,76.6,39.2,18.9,71.6,,64.8,,,927.45,UNKNOWN,9.806458569195096,13.82823871906841,reports_pairwise
2026-04-07,NTPC,50.3,67.8,35.8,20.0,69.7,,78.1,,,366.1,UNKNOWN,6.391696257853038,9.35536738596012,reports_pairwise
2026-04-07,TECHM,54.5,83.1,53.6,3.1,69.6,,61.3,,,1449.5,UNKNOWN,1.365988271817865,-0.08968609865470539,reports_pairwise
2026-04-07,OIL,57.2,76.3,44.1,15.0,73.7,,66.3,,,472.2,UNKNOWN,-0.40237187632358684,-4.09783989834815,reports_pairwise
2026-04-07,ZYDUSLIFE,51.8,82.2,36.7,25.0,68.3,,67.4,,,866.3,UNKNOWN,6.799030358998048,8.542075493478011,reports_pairwise
2026-04-07,HDFCLIFE,50.7,58.4,35.9,37.4,69.4,,58.4,,,580.4,UNKNOWN,9.062715368711238,7.753273604410752,reports_pairwise
2026-04-07,PAGEIND,52.6,68.4,53.1,17.2,71.9,,54.3,,,34750.0,UNKNOWN,5.16546762589928,7.467625899280575,reports_pairwise
2026-04-07,APOLLOHOSP,50.5,53.7,38.8,7.5,66.4,,74.8,,,7373.0,UNKNOWN,2.7871965278719655,6.29323206293232,reports_pairwise
2026-04-07,BHARTIARTL,49.9,66.3,43.4,8.0,68.7,,70.0,,,1792.8,UNKNOWN,4.96430165104864,1.8853190539937503,reports_pairwise
2026-04-07,TCS,51.2,91.3,46.4,16.7,73.9,,56.7,,,2473.9,UNKNOWN,3.059945834512301,-2.9305954161445493,reports_pairwise
2026-04-07,CUMMINSIND,54.3,74.9,41.3,1.4,74.0,,71.9,,,4698.3,UNKNOWN,7.798565438562877,14.99904220675563,reports_pairwise
2026-04-07,KOTAKBANK,50.9,81.4,38.1,15.0,68.6,,65.1,,,360.55,UNKNOWN,5.228123699902917,5.228123699902917,reports_pairwise
2026-04-07,BANKBARODA,55.2,77.2,34.6,28.2,69.3,,60.4,,,259.76,UNKNOWN,8.808130582075762,4.0768401601478415,reports_pairwise
2026-04-07,ULTRACEMCO,51.0,60.3,41.0,15.2,67.6,,68.3,,,10955.0,UNKNOWN,7.4030123231401195,10.871748060246462,reports_pairwise
2026-04-07,ABB,53.9,76.1,37.9,20.0,71.2,,70.3,,,6193.5,UNKNOWN,11.245660773391458,16.057156696536694,reports_pairwise
2026-04-07,DIVISLAB,52.8,64.5,36.5,32.8,67.7,,65.6,,,5821.0,UNKNOWN,5.248239134169387,15.143446143274353,reports_pairwise
2026-04-07,ICICIGI,51.9,82.6,36.2,5.1,67.1,,66.8,,,1713.0,UNKNOWN,5.48161120840631,8.009340338587275,reports_pairwise
2026-04-07,ITC,49.4,93.7,38.4,7.1,73.9,,57.5,,,294.85,UNKNOWN,2.560624046125133,4.256401560115297,reports_pairwise
2026-04-07,LICHSGFIN,53.3,47.2,48.6,3.4,72.8,,62.0,,,517.55,UNKNOWN,2.405564679741097,13.293401603709802,reports_pairwise
2026-04-07,INFY,53.2,92.0,49.6,11.6,71.5,,58.9,,,1306.2,UNKNOWN,1.0641555657632722,-10.986066452304394,reports_pairwise
2026-04-07,BOSCHLTD,54.6,76.8,47.4,52.7,72.6,,58.5,,,33460.0,UNKNOWN,10.430364614465033,13.254632396891811,reports_pairwise
2026-04-07,EICHERMOT,51.8,85.8,39.7,13.5,69.6,,64.6,,,6596.0,UNKNOWN,8.012431776834445,11.090054578532444,reports_pairwise
2026-04-07,ASIANPAINT,50.8,66.0,42.9,15.6,70.8,,59.5,,,2184.3,UNKNOWN,9.870439042256095,15.854049352195199,reports_pairwise
2026-04-07,INDIANB,56.2,85.5,40.7,8.6,69.9,,64.9,,,899.85,UNKNOWN,10.64066233261099,-4.34516863921765,reports_pairwise
2026-04-07,ADANIPOWER,55.9,79.7,51.8,54.1,73.8,,53.7,,,163.26,UNKNOWN,12.544407693250042,40.99595736861449,reports_pairwise
2026-04-07,LT,51.1,64.4,43.1,15.0,72.6,,65.8,,,3727.7,UNKNOWN,8.64608203449849,7.921774820935166,reports_pairwise
2026-04-07,HINDUNILVR,48.2,73.1,39.0,15.0,69.0,,64.8,,,2084.8,UNKNOWN,3.396009209516487,8.988871834228684,reports_pairwise
2026-04-07,TATACONSUM,48.7,54.4,41.9,13.1,68.9,,71.6,,,1055.2,UNKNOWN,4.169825625473844,9.145185746777862,reports_pairwise
2026-04-07,BSE,55.2,75.0,43.8,22.8,72.1,,53.3,,,2982.3,UNKNOWN,13.147570666934913,32.9041343929182,reports_pairwise
2026-04-07,DABUR,49.1,72.5,36.3,9.5,69.7,,60.2,,,413.7,UNKNOWN,3.9521392313270542,13.608895334783663,reports_pairwise
2026-04-07,ICICIPRULI,49.3,56.6,35.2,19.0,67.7,,59.1,,,513.1,UNKNOWN,10.378093938803351,9.70571038783862,reports_pairwise
2026-04-07,BAJAJ-AUTO,49.7,79.8,39.3,8.6,67.8,,69.0,,,8942.5,UNKNOWN,10.95890410958904,18.590998043052835,reports_pairwise
2026-04-07,POWERGRID,48.8,60.8,36.1,5.3,72.8,,73.6,,,295.15,UNKNOWN,2.625783499915298,6.318820938505857,reports_pairwise
2026-04-07,MFSL,49.8,51.7,35.0,18.6,71.2,,61.9,,,1498.8,UNKNOWN,12.883640245529767,13.917800907392591,reports_pairwise
2026-04-07,ADANIPORTS,52.9,79.2,43.6,11.2,72.8,,66.0,,,1387.1,UNKNOWN,7.483238411073476,24.92250018023214,reports_pairwise
2026-04-07,BRITANNIA,47.8,65.3,35.8,10.9,71.5,,72.4,,,5535.0,UNKNOWN,2.1409214092140925,5.040650406504065,reports_pairwise
2026-04-07,PFC,53.8,56.5,40.7,16.9,69.6,,64.9,,,405.9,UNKNOWN,9.288001970928812,12.724809066272492,reports_pairwise
2026-04-07,GRASIM,48.8,42.3,40.3,0.0,66.6,,71.6,,,2614.4,UNKNOWN,5.263157894736838,13.242044063647484,reports_pairwise
2026-04-07,ACC,48.4,76.5,38.5,3.4,68.5,,52.9,,,1362.1,UNKNOWN,4.8528008222597565,3.8543425592834595,reports_pairwise
2026-04-07,IOB,54.0,87.9,42.0,2.1,68.5,,56.4,,,33.05,UNKNOWN,6.6565809379727785,6.414523449319227,reports_pairwise
2026-04-07,MAHABANK,54.2,84.6,40.5,8.2,69.9,,57.7,,,66.59,UNKNOWN,7.508634930169694,28.112329178555335,reports_pairwise
2026-04-07,IRB,50.3,67.7,48.3,10.1,67.7,,59.3,,,20.67,UNKNOWN,4.596032897919686,4.837929366231252,reports_pairwise
2026-04-07,HDFCAMC,52.9,87.5,41.5,15.2,67.4,,58.9,,,2386.6,UNKNOWN,9.989105840945282,18.771474063521328,reports_pairwise
2026-04-07,SAIL,53.4,64.9,45.2,22.7,75.2,,61.7,,,160.44,UNKNOWN,6.207928197456998,16.72899526302668,reports_pairwise
2026-04-07,APLAPOLLO,49.5,69.5,39.3,18.5,68.3,,65.0,,,1915.0,UNKNOWN,4.595300261096606,3.0652741514360335,reports_pairwise
2026-04-07,AMBUJACEM,48.8,75.5,40.5,8.7,68.4,,53.6,,,430.05,UNKNOWN,4.976165562143931,4.790140681316117,reports_pairwise
2026-04-07,MARUTI,47.3,84.7,41.3,11.1,67.3,,59.6,,,12688.0,UNKNOWN,4.508196721311475,8.527742749054225,reports_pairwise
2026-04-07,TATAPOWER,47.2,51.2,37.1,7.8,77.0,,73.6,,,383.85,UNKNOWN,6.981893968998294,14.432721115018882,reports_pairwise
2026-04-07,WIPRO,48.7,84.1,41.3,9.0,72.4,,57.3,,,197.29,UNKNOWN,5.43869430787167,0.03548076435704881,reports_pairwise
2026-04-07,LTIM,50.6,87.9,43.4,21.3,86.6,,51.9,,,4504.0,UNKNOWN,0.0,,reports_pairwise
2026-04-07,IRCTC,46.8,89.4,39.3,10.2,68.6,,51.9,,,514.7,UNKNOWN,6.62521857392654,10.452690887895852,reports_pairwise
2026-04-07,SHREECEM,45.8,51.2,43.2,7.3,69.7,,55.1,,,23695.0,UNKNOWN,4.684532601814729,8.018569318421607,reports_pairwise
2026-04-07,CENTRALBK,50.7,72.3,36.2,8.4,67.9,,61.6,,,33.93,UNKNOWN,5.334512231063962,9.755378720895969,reports_pairwise
2026-04-07,IOC,47.7,56.9,35.6,9.0,67.1,,51.9,,,134.05,UNKNOWN,8.2804923535994,9.57851547929875,reports_pairwise
2026-04-07,BEL,49.7,75.0,36.2,11.2,72.1,,68.6,,,427.15,UNKNOWN,4.2607983144094685,2.8795505091888125,reports_pairwise
2026-04-07,INDUSTOWER,50.0,83.6,39.9,5.5,69.5,,65.3,,,425.5,UNKNOWN,1.2925969447708578,-5.311398354876621,reports_pairwise
2026-04-07,PETRONET,50.4,84.3,35.4,3.2,71.2,,58.2,,,254.52,UNKNOWN,6.003457488606004,10.83608360836084,reports_pairwise
2026-04-07,VEDL,51.9,67.3,41.3,7.5,71.5,,62.6,,,690.0,UNKNOWN,10.826086956521745,-55.739130434782616,reports_pairwise
2026-04-07,MRF,48.4,76.0,37.2,15.0,68.7,,61.0,,,127045.0,UNKNOWN,7.61147624857334,2.2983982053603054,reports_pairwise
2026-04-07,INDUSINDBK,50.9,74.1,38.0,3.7,71.2,,60.1,,,786.2,UNKNOWN,7.485372678707695,20.44645128466039,reports_pairwise
2026-04-07,PIIND,48.4,80.2,39.1,15.0,69.8,,50.7,,,2837.7,UNKNOWN,3.7354195299009763,9.296261056489417,reports_pairwise
2026-04-07,TATASTEEL,50.2,56.8,44.5,7.5,69.8,,63.8,,,196.1,UNKNOWN,7.445181030086688,10.703722590515047,reports_pairwise
2026-04-07,BANDHANBNK,51.4,77.5,34.7,20.9,73.4,,53.3,,,152.58,UNKNOWN,11.475947044173541,36.07943373967753,reports_pairwise
2026-04-07,CANBK,49.9,81.0,36.0,10.4,68.2,,59.5,,,130.51,UNKNOWN,9.570147881388406,4.152938472147741,reports_pairwise
2026-04-07,JSWSTEEL,48.2,45.9,41.7,10.8,68.8,,67.2,,,1133.6,UNKNOWN,8.503881439661265,13.214537755822175,reports_pairwise
2026-04-07,MPHASIS,50.0,83.7,47.6,11.1,71.6,,54.2,,,2235.2,UNKNOWN,6.836077308518263,-1.8835003579098029,reports_pairwise
2026-04-07,RECLTD,50.1,57.4,40.5,15.0,69.6,,54.5,,,327.55,UNKNOWN,8.304075713631503,9.830560219813766,reports_pairwise
2026-04-07,CONCOR,47.3,74.9,39.3,8.9,69.9,,54.0,,,450.45,UNKNOWN,8.824508824508824,16.92751692751694,reports_pairwise
2026-04-07,HAL,49.2,92.4,36.4,11.2,71.5,,54.2,,,3752.1,UNKNOWN,10.634044934836503,27.451293942059124,reports_pairwise
2026-04-07,J&KBANK,50.9,70.1,34.8,15.0,74.6,,59.0,,,115.8,UNKNOWN,9.8100204336005,22.41795725978924,reports_pairwise
2026-04-07,BPCL,48.7,68.2,36.8,15.0,66.2,,47.7,,,278.7,UNKNOWN,8.97021887334051,10.369573017581642,reports_pairwise
2026-04-07,PNB,49.0,77.0,35.6,9.3,72.4,,58.2,,,106.5,UNKNOWN,6.873239436619712,2.450704225352112,reports_pairwise
2026-04-07,COLPAL,46.4,82.9,35.6,11.1,69.3,,53.7,,,1829.7,UNKNOWN,5.935399245777991,18.434716073673275,reports_pairwise
2026-04-07,OBEROIRLTY,49.2,80.2,47.1,15.0,69.9,,56.4,,,1519.9,UNKNOWN,12.263964734521998,10.204618724916106,reports_pairwise
2026-04-07,TVSMOTOR,47.1,50.0,43.2,10.2,68.7,,68.8,,,3487.8,UNKNOWN,8.168472962899239,6.276162624003659,reports_pairwise
2026-04-07,OFSS,50.4,94.4,49.6,2.5,70.4,,49.9,,,7017.0,UNKNOWN,6.263360410431809,35.36411571896822,reports_pairwise
2026-04-07,GLENMARK,50.1,57.8,36.0,14.5,74.7,,65.8,,,2104.8,UNKNOWN,5.744013683010245,12.675788673508157,reports_pairwise
2026-04-07,BAJAJFINSV,45.2,55.9,36.1,15.0,68.1,,61.6,,,1672.3,UNKNOWN,9.155055911020758,9.10123781618131,reports_pairwise
2026-04-07,HAVELLS,45.0,66.5,35.2,5.2,68.3,,58.9,,,1206.6,UNKNOWN,6.74622907342948,5.163268688877854,reports_pairwise
2026-04-07,M&M,47.6,68.4,44.0,15.0,67.0,,60.5,,,3021.6,UNKNOWN,7.592004236166273,11.553481599152764,reports_pairwise
2026-04-07,MAXHEALTH,48.0,55.7,36.6,19.1,71.1,,54.4,,,931.6,UNKNOWN,4.680120223271793,8.984542722198361,reports_pairwise
2026-04-07,PATANJALI,45.6,71.2,38.5,20.1,69.8,,56.4,,,471.7,UNKNOWN,-1.208395166419332,-2.406190375238492,reports_pairwise
2026-04-07,CHOLAFIN,49.4,64.6,35.4,20.8,69.0,,54.3,,,1393.2,UNKNOWN,10.773758254378404,21.24605225380419,reports_pairwise
2026-04-07,GAIL,46.1,80.7,37.1,15.0,68.3,,55.3,,,143.14,UNKNOWN,8.858460248707564,16.850635741232363,reports_pairwise
2026-04-07,HEROMOTOCO,47.4,90.0,37.2,9.5,66.4,,59.7,,,5103.5,UNKNOWN,4.056039972567846,4.692857842657,reports_pairwise
2026-04-07,MUTHOOTFIN,49.3,73.3,43.0,0.0,72.3,,51.6,,,3289.8,UNKNOWN,11.05842300443795,8.951911970332542,reports_pairwise
2026-04-07,NHPC,45.9,41.8,45.0,10.2,69.1,,65.0,,,76.16,UNKNOWN,3.518907563025219,7.116596638655465,reports_pairwise
2026-04-07,ABCAPITAL,49.2,69.6,39.0,15.0,68.0,,58.2,,,311.3,UNKNOWN,12.158689367169922,18.53517507227754,reports_pairwise
2026-04-07,PERSISTENT,49.0,76.0,53.5,15.6,71.9,,55.9,,,5309.4,UNKNOWN,5.122989414999813,-6.1287527780916795,reports_pairwise
2026-04-07,APOLLOTYRE,46.6,66.4,43.2,5.0,67.8,,58.2,,,410.9,UNKNOWN,6.9238257483572765,-0.20686298369432124,reports_pairwise
2026-04-07,AUBANK,48.6,78.8,41.1,3.0,67.3,,56.6,,,883.55,UNKNOWN,12.415822534095417,16.846811159526926,reports_pairwise
2026-04-07,CGPOWER,48.7,74.7,35.3,11.0,78.1,,59.0,,,687.3,UNKNOWN,6.460061108686177,24.996362578204582,reports_pairwise
2026-04-07,EXIDEIND,45.4,65.3,41.8,16.5,69.7,,54.3,,,298.8,UNKNOWN,10.22423025435074,21.971218206157957,reports_pairwise
2026-04-07,HYUNDAI,48.4,96.2,35.0,64.9,79.9,,36.8,,,1691.4,UNKNOWN,4.93673879626345,8.537306373418462,reports_pairwise
2026-04-07,NYKAA,47.4,37.6,44.8,16.2,75.6,,66.2,,,252.52,UNKNOWN,3.405670837953427,6.862822746713136,reports_pairwise
2026-04-07,UNIONBANK,48.4,80.1,39.2,3.4,69.5,,52.9,,,174.12,UNKNOWN,9.677234091431194,-3.928325292901449,reports_pairwise
2026-04-07,BAJFINANCE,47.3,59.7,40.4,15.0,68.3,,57.3,,,850.85,UNKNOWN,8.385731915143682,14.326849620967266,reports_pairwise
2026-04-07,JINDALSTEL,47.8,49.6,38.0,18.4,71.5,,64.4,,,1134.0,UNKNOWN,9.365079365079369,10.952380952380956,reports_pairwise
2026-04-07,SIEMENS,46.6,61.8,35.4,4.9,72.6,,67.0,,,3048.0,UNKNOWN,11.660104986876643,27.017716535433074,reports_pairwise
2026-04-07,UCOBANK,46.7,76.0,36.3,15.2,69.5,,48.3,,,24.35,UNKNOWN,8.418891170431198,12.073921971252556,reports_pairwise
2026-04-07,MANKIND,45.5,57.9,36.2,17.2,69.2,,57.2,,,2017.7,UNKNOWN,4.044208752540027,17.71819398324824,reports_pairwise
2026-04-07,VOLTAS,47.2,55.2,34.5,34.2,72.4,,59.3,,,1252.0,UNKNOWN,10.543130990415335,8.937699680511189,reports_pairwise
2026-04-07,NAUKRI,46.3,53.8,52.0,5.8,73.9,,47.7,,,994.3,UNKNOWN,2.790908176606658,-1.2521371819370344,reports_pairwise
2026-04-07,WAAREEENER,47.7,84.4,52.2,5.0,76.9,,35.1,,,3084.7,UNKNOWN,9.997730735565861,4.600123188640714,reports_pairwise
2026-04-07,YESBANK,47.6,73.5,37.6,15.0,69.3,,54.4,,,18.15,UNKNOWN,6.556473829201109,24.02203856749313,reports_pairwise
2026-04-07,GODREJCP,43.2,59.8,37.3,16.2,68.6,,62.2,,,1001.95,UNKNOWN,7.8896152502619845,3.4582564000199474,reports_pairwise
2026-04-07,ASHOKLEY,47.4,69.1,34.6,38.9,68.1,,50.8,,,150.91,UNKNOWN,17.951096680140484,13.166788151878606,reports_pairwise
2026-04-07,M&MFIN,47.5,54.3,35.1,44.9,74.1,,47.1,,,281.25,UNKNOWN,8.657777777777786,16.782222222222217,reports_pairwise
2026-04-07,MOTILALOFS,47.4,73.2,44.2,25.0,71.7,,35.4,,,704.85,UNKNOWN,10.285876427608711,26.452436688657148,reports_pairwise
2026-04-07,SUZLON,47.4,91.7,42.1,15.0,75.2,,37.1,,,41.59,UNKNOWN,14.162058187064181,33.806203414282265,reports_pairwise
2026-04-07,TRENT,47.4,68.7,44.9,46.8,73.7,,41.0,,,3833.6,UNKNOWN,2.971097662771288,12.012207846410696,reports_pairwise
2026-04-07,COFORGE,47.3,69.5,53.9,26.7,71.9,,40.2,,,1220.2,UNKNOWN,3.9829536141616053,5.335190952302893,reports_pairwise
2026-04-07,UPL,47.0,54.9,40.3,2.6,74.0,,52.4,,,607.75,UNKNOWN,7.6182640888523165,7.025915261209387,reports_pairwise
2026-04-07,POLYCAB,45.4,83.3,35.2,8.4,66.7,,60.5,,,7047.0,UNKNOWN,9.755924506882362,27.756492124308217,reports_pairwise
2026-04-07,ADANIENSOL,46.7,54.1,44.9,4.7,83.7,,60.1,,,991.35,UNKNOWN,19.37761638170172,39.920310687446396,reports_pairwise
2026-04-07,JIOFIN,44.8,50.0,38.0,10.3,74.8,,51.0,,,235.31,UNKNOWN,3.2510305554375103,6.676299349793892,reports_pairwise
2026-04-07,GMRAIRPORT,46.1,65.6,40.8,3.6,72.9,,59.6,,,91.2,UNKNOWN,8.09210526315789,10.372807017543852,reports_pairwise
2026-04-07,HUDCO,46.6,58.5,41.7,8.6,73.9,,42.0,,,169.52,UNKNOWN,12.671071260028308,34.503303445021224,reports_pairwise
2026-04-07,INDHOTEL,44.2,69.5,38.4,11.8,69.7,,53.5,,,595.4,UNKNOWN,9.11152166610682,12.378233120591208,reports_pairwise
2026-04-07,MAZDOCK,46.6,84.8,39.0,49.9,71.9,,35.1,,,2313.7,UNKNOWN,9.093659506418296,15.97441327743443,reports_pairwise
2026-04-07,SONACOMS,46.5,56.2,41.6,4.3,72.5,,62.1,,,509.4,UNKNOWN,13.466823714173543,13.594424813506087,reports_pairwise
2026-04-07,SRF,45.5,61.4,40.1,21.9,70.7,,54.8,,,2433.8,UNKNOWN,1.746240447037554,13.86720355000411,reports_pairwise
2026-04-07,POLICYBZR,46.3,53.3,41.2,7.4,74.0,,50.6,,,1470.0,UNKNOWN,1.292517006802721,14.564625850340128,reports_pairwise
2026-04-07,BAJAJHFL,41.2,53.9,36.7,4.3,76.9,,43.0,,,79.68,UNKNOWN,9.023594377510037,10.404116465863442,reports_pairwise
2026-04-07,SOLARINDS,46.1,72.3,34.7,19.1,70.7,,51.3,,,13303.0,UNKNOWN,10.381117041268887,19.424190032323533,reports_pairwise
2026-04-07,VBL,45.1,69.9,43.0,7.0,68.5,,52.5,,,401.0,UNKNOWN,9.98753117206983,27.331670822942648,reports_pairwise
2026-04-07,ADANIENT,45.9,83.6,36.0,10.9,69.8,,47.5,,,1902.2,UNKNOWN,13.920723372936598,32.14698769845441,reports_pairwise
2026-04-07,KALYANKJIL,46.0,55.4,46.1,32.0,73.7,,41.6,,,420.35,UNKNOWN,6.661115736885928,-2.188652313548244,reports_pairwise
2026-04-07,BANKINDIA,45.9,74.4,35.1,12.9,70.4,,52.5,,,143.05,UNKNOWN,4.306186648025164,-1.873470814400564,reports_pairwise
2026-04-07,IGL,44.8,83.1,36.8,5.3,68.3,,48.5,,,148.81,UNKNOWN,10.14044755056784,14.132114777232713,reports_pairwise
2026-04-07,TORNTPOWER,45.1,80.1,35.0,25.0,68.5,,59.8,,,1379.1,UNKNOWN,8.476542672757603,24.175186715974196,reports_pairwise
2026-04-07,ADANIGREEN,45.5,60.3,43.4,57.6,73.2,,43.0,,,921.1,UNKNOWN,19.748127239170554,48.192378677668,reports_pairwise
2026-04-07,UNITDSPR,41.3,68.4,24.2,27.4,61.4,,61.3,,,1236.3,UNKNOWN,0.841219768664571,3.518563455471973,reports_pairwise
2026-04-07,BAJAJHLDNG,45.4,81.7,35.8,15.0,69.5,,42.7,,,9131.0,UNKNOWN,11.050268316723251,16.055196583068668,reports_pairwise
2026-04-07,TATATECH,43.3,70.1,38.9,4.3,78.6,,50.4,,,543.3,UNKNOWN,5.6966685072703935,15.819988956377701,reports_pairwise
2026-04-07,JUBLFOOD,42.3,55.3,41.2,22.4,69.8,,48.7,,,461.1,UNKNOWN,-2.8193450444589025,3.882021253524176,reports_pairwise
2026-04-07,SBICARD,43.2,54.9,35.6,7.1,69.5,,47.1,,,635.1,UNKNOWN,8.990710124389862,2.054794520547938,reports_pairwise
2026-04-07,SUPREMEIND,44.2,63.3,35.0,20.0,67.4,,56.4,,,3672.2,UNKNOWN,4.6675017700560995,-0.19879091552746928,reports_pairwise
2026-04-07,BIOCON,43.1,44.3,35.3,8.5,72.5,,64.0,,,355.0,UNKNOWN,-1.5915492957746413,7.676056338028168,reports_pairwise
2026-04-07,INDIGO,44.7,50.0,43.9,28.2,69.9,,47.4,,,4312.5,UNKNOWN,6.434782608695652,4.507826086956513,reports_pairwise
2026-04-07,LTF,44.7,56.5,36.3,10.7,69.7,,53.3,,,255.45,UNKNOWN,10.240751614797427,18.8686631434723,reports_pairwise
2026-04-07,VMM,44.7,53.1,46.8,30.4,79.0,,43.3,,,113.74,UNKNOWN,2.5936346052400236,10.269034640407956,reports_pairwise
2026-04-07,ASTRAL,44.6,60.1,34.9,17.9,70.9,,62.8,,,1522.8,UNKNOWN,8.169162069871296,3.0404517993170446,reports_pairwise
2026-04-07,TATACOMM,44.3,66.9,41.1,15.0,69.6,,50.6,,,1402.7,UNKNOWN,9.880943893918865,13.602338347472728,reports_pairwise
2026-04-07,KPITTECH,44.4,86.1,49.4,18.3,75.1,,33.8,,,694.85,UNKNOWN,5.497589407785843,4.000863495718494,reports_pairwise
2026-04-07,IRFC,44.1,57.9,39.1,20.6,69.9,,44.3,,,92.72,UNKNOWN,9.868421052631584,15.153149266609143,reports_pairwise
2026-04-07,TIINDIA,44.0,55.0,44.3,15.0,68.9,,49.9,,,2582.9,UNKNOWN,6.790816524062104,16.748615896860112,reports_pairwise
2026-04-07,HINDPETRO,43.8,54.2,37.5,2.3,68.1,,38.7,,,328.05,UNKNOWN,10.912970583752479,20.865721688766953,reports_pairwise
2026-04-07,SHRIRAMFIN,43.9,59.3,34.6,6.2,68.4,,55.0,,,928.0,UNKNOWN,12.268318965517231,9.445043103448274,reports_pairwise
2026-04-07,TATAELXSI,43.6,73.5,44.2,8.9,74.0,,43.9,,,4272.3,UNKNOWN,5.961659995786809,0.5875055590665322,reports_pairwise
2026-04-07,IDBI,43.5,79.9,34.8,15.5,69.2,,26.9,,,70.06,UNKNOWN,6.180415914428254,6.651443363835459,reports_pairwise
2026-04-07,IREDA,43.3,58.1,43.8,7.5,75.2,,36.6,,,115.58,UNKNOWN,9.041356636096214,17.28672780757917,reports_pairwise
2026-04-07,JSWENERGY,42.9,42.1,36.5,4.3,68.1,,65.2,,,496.7,UNKNOWN,4.529897322327372,15.945238574592308,reports_pairwise
2026-04-07,HINDZINC,43.0,78.1,37.1,7.5,67.7,,43.6,,,526.05,UNKNOWN,12.707917498336666,21.00560783195514,reports_pairwise
2026-04-07,PREMIERENE,42.6,78.5,53.0,24.1,76.9,,43.1,,,925.95,UNKNOWN,7.284410605324254,9.99514012635671,reports_pairwise
2026-04-07,MOTHERSON,42.5,66.8,35.2,25.2,69.4,,50.0,,,108.26,UNKNOWN,13.070386107518928,20.478477738777016,reports_pairwise
2026-04-07,NTPCGREEN,41.8,32.6,43.5,0.0,76.9,,54.4,,,98.05,UNKNOWN,8.964813870474254,11.432942376338612,reports_pairwise
2026-04-07,PHOENIXLTD,41.4,51.9,42.3,9.2,66.4,,58.2,,,1554.7,UNKNOWN,13.784009776805812,17.675435775390746,reports_pairwise
2026-04-07,ESCORTS,42.0,79.6,35.9,2.8,68.3,,48.8,,,2893.3,UNKNOWN,11.060035253862372,15.64303736218159,reports_pairwise
2026-04-07,PAYTM,42.0,49.1,44.4,21.0,75.4,,48.4,,,1029.1,UNKNOWN,10.178797007093578,16.354095811874473,reports_pairwise
2026-04-07,BHARTIHEXA,41.6,64.6,42.4,7.4,68.6,,47.9,,,1517.6,UNKNOWN,1.8713758566157153,-0.13178703215603585,reports_pairwise
2026-04-07,BHARATFORG,41.2,47.5,35.7,5.8,69.5,,62.8,,,1670.6,UNKNOWN,9.846761642523646,19.29246977133965,reports_pairwise
2026-04-07,DLF,40.5,76.9,39.1,25.3,69.6,,43.9,,,529.2,UNKNOWN,9.221466364323499,16.940665154950864,reports_pairwise
2026-04-07,IDFCFIRSTB,41.3,66.9,39.2,8.2,69.5,,43.5,,,61.08,UNKNOWN,9.692206941715785,15.2423051735429,reports_pairwise
2026-04-07,ETERNAL,41.1,49.9,46.3,7.5,71.2,,40.7,,,232.2,UNKNOWN,4.177433247200697,10.861326442721804,reports_pairwise
2026-04-07,BHEL,40.9,44.1,37.8,12.9,73.6,,54.7,,,245.64,UNKNOWN,19.133691581175704,65.46572219508224,reports_pairwise
2026-04-07,TMPV,39.8,82.4,24.4,9.3,84.4,,51.5,,,307.4,UNKNOWN,14.183474300585564,16.86727391021471,reports_pairwise
2026-04-07,DIXON,40.4,80.1,39.1,30.8,75.1,,33.3,,,10008.0,UNKNOWN,7.803756994404476,10.391686650679457,reports_pairwise
2026-04-07,LODHA,39.8,82.1,35.0,16.9,70.2,,34.2,,,710.25,UNKNOWN,18.43013023583245,36.19852164730729,reports_pairwise
2026-04-07,COCHINSHIP,39.3,60.0,38.8,58.2,75.1,,26.2,,,1333.9,UNKNOWN,10.030736936801855,36.0446810105705,reports_pairwise
2026-04-07,BDL,38.4,60.8,35.3,29.3,71.7,,32.0,,,1224.6,UNKNOWN,10.191082802547786,19.786052588600374,reports_pairwise
2026-04-07,OLAELEC,38.0,35.4,53.8,75.8,74.0,,6.0,,,29.19,UNKNOWN,38.54059609455292,20.212401507365545,reports_pairwise
2026-04-07,GODREJPROP,37.8,57.7,38.2,26.3,76.9,,41.1,,,1584.7,UNKNOWN,9.547548431879846,18.546097053069975,reports_pairwise
2026-04-07,IDEA,36.0,79.8,36.2,13.1,68.5,,32.7,,,8.76,UNKNOWN,6.621004566210047,28.196347031963477,reports_pairwise
2026-04-07,RVNL,35.5,55.5,40.3,9.6,69.5,,29.8,,,261.55,UNKNOWN,7.375262856050455,18.027145861211995,reports_pairwise
2026-04-07,SWIGGY,35.4,49.5,42.2,17.9,78.1,,28.7,,,271.8,UNKNOWN,0.25754231052243876,2.832965415746868,reports_pairwise
2026-04-07,ATGL,35.3,56.1,36.9,0.0,70.3,,33.4,,,523.45,UNKNOWN,10.994364313688022,23.07765784697678,reports_pairwise
2026-04-07,SJVN,34.7,34.0,37.9,7.8,75.2,,41.5,,,67.69,UNKNOWN,9.055990545132214,18.02334170483085,reports_pairwise
2026-04-07,PRESTIGE,34.2,39.0,37.1,49.8,71.3,,44.5,,,1183.2,UNKNOWN,12.576064908722106,25.380324543610545,reports_pairwise
2026-04-07,ABFRL,30.6,44.6,40.3,4.1,70.8,,12.0,,,58.94,UNKNOWN,8.924329826942664,15.015269765863607,reports_pairwise
2026-04-09,ONGC,66.5,71.6,63.1,15.8,86.9,,79.0,,,288.6,UNKNOWN,-0.8835758835758875,-1.628551628551644,reports_pairwise
2026-04-09,COALINDIA,65.6,91.3,46.0,9.6,80.6,,77.6,,,454.1,UNKNOWN,-4.4703809733538895,2.76370843426557,reports_pairwise
2026-04-09,GICRE,66.0,73.2,62.9,10.3,86.4,,68.3,,,389.05,UNKNOWN,1.9277727798483486,2.6474746176584016,reports_pairwise
2026-04-09,ICICIBANK,59.1,86.6,47.5,12.8,82.2,,72.3,,,1281.3,UNKNOWN,5.728556934363544,-0.1795051900413607,reports_pairwise
2026-04-09,LUPIN,61.1,86.7,43.8,12.5,83.0,,77.7,,,2295.1,UNKNOWN,1.6469870593873985,7.189229227484642,reports_pairwise
2026-04-09,NMDC,66.6,89.2,64.1,15.0,88.1,,71.3,,,84.44,UNKNOWN,3.5765040265277075,6.750355281856943,reports_pairwise
2026-04-09,AUROPHARMA,65.6,79.2,62.6,18.7,89.8,,72.6,,,1340.4,UNKNOWN,1.0146225007460392,10.317815577439566,reports_pairwise
2026-04-09,AXISBANK,62.9,86.2,58.2,9.7,78.1,,71.9,,,1318.5,UNKNOWN,4.065225635191498,-1.9567690557451616,reports_pairwise
2026-04-09,NESTLEIND,57.3,73.2,50.3,9.5,72.3,,76.8,,,1228.7,UNKNOWN,1.1719703751932826,20.126963457312602,reports_pairwise
2026-04-09,NATIONALUM,65.8,96.4,60.2,21.7,94.5,,58.9,,,412.35,UNKNOWN,3.98932945313447,-2.1462349945434758,reports_pairwise
2026-04-09,PIDILITIND,57.1,70.5,41.3,11.3,81.0,,71.3,,,1347.4,UNKNOWN,-0.8831824254119112,7.644352085497996,reports_pairwise
2026-04-09,LICI,60.2,93.2,47.4,23.1,88.1,,62.6,,,793.4,UNKNOWN,4.455507940509204,2.2372069573985383,reports_pairwise
2026-04-09,TITAN,57.6,50.0,64.5,17.6,88.8,,79.2,,,4439.8,UNKNOWN,1.227532771746475,-2.9798639578359425,reports_pairwise
2026-04-09,MARICO,55.2,72.6,38.3,8.1,68.1,,77.8,,,747.35,UNKNOWN,1.9803305011038945,11.346758546865585,reports_pairwise
2026-04-09,FEDERALBNK,60.5,81.0,59.6,5.4,68.9,,71.9,,,283.3,UNKNOWN,3.70631839039887,4.853512177903283,reports_pairwise
2026-04-09,SBILIFE,56.0,63.9,44.7,7.5,71.3,,74.0,,,1904.0,UNKNOWN,2.6628151260504227,-1.6701680672268884,reports_pairwise
2026-04-09,HINDALCO,60.8,77.8,60.0,32.1,76.2,,68.6,,,985.65,UNKNOWN,3.3226804646679855,7.106985238167714,reports_pairwise
2026-04-09,DMART,59.7,61.5,71.0,2.2,88.8,,67.8,,,4415.6,UNKNOWN,1.0938490805326404,-0.6590270857867642,reports_pairwise
2026-04-09,SBIN,56.6,86.9,37.4,10.8,58.5,,69.0,,,1040.95,UNKNOWN,4.356597338969202,4.904174071761367,reports_pairwise
2026-04-09,ALKEM,57.2,83.0,43.0,13.8,69.8,,73.6,,,5370.5,UNKNOWN,0.6144679266362536,4.096452844241691,reports_pairwise
2026-04-09,HDFCBANK,54.8,83.3,37.0,16.0,85.2,,65.7,,,797.7,UNKNOWN,1.0216873511345088,-0.2068446784505567,reports_pairwise
2026-04-09,ZYDUSLIFE,56.7,81.2,46.8,9.0,77.5,,69.6,,,902.25,UNKNOWN,2.543640897755616,4.217234691050147,reports_pairwise
2026-04-09,BHARTIARTL,54.9,65.2,50.7,7.6,84.8,,71.9,,,1859.4,UNKNOWN,1.204689684844566,-1.764009895665278,reports_pairwise
2026-04-09,SUNPHARMA,54.3,74.8,29.3,11.8,61.5,,77.2,,,1717.1,UNKNOWN,-3.150660998194625,6.83128530662164,reports_pairwise
2026-04-09,ITC,54.4,93.0,44.8,19.2,89.2,,58.6,,,303.0,UNKNOWN,-0.19801980198020552,1.4521452145214446,reports_pairwise
2026-04-09,HCLTECH,58.0,93.2,66.5,7.5,91.6,,64.3,,,1464.9,UNKNOWN,0.3003617994402255,-19.216328759642295,reports_pairwise
2026-04-09,TECHM,58.4,82.9,68.9,5.7,74.1,,61.8,,,1461.6,UNKNOWN,0.5268199233716506,-0.9168035030103904,reports_pairwise
2026-04-09,CIPLA,54.0,90.2,26.3,24.5,67.2,,62.7,,,1224.4,UNKNOWN,-0.12250898399215943,11.262659261679179,reports_pairwise
2026-04-09,KOTAKBANK,55.9,80.5,43.3,15.0,83.3,,66.2,,,371.9,UNKNOWN,2.016671148158107,2.016671148158107,reports_pairwise
2026-04-09,NTPC,53.6,67.3,43.9,24.7,69.3,,80.1,,,378.65,UNKNOWN,2.865443021259745,5.73088604251949,reports_pairwise
2026-04-09,CUMMINSIND,59.3,74.9,58.7,5.4,90.7,,74.2,,,4907.4,UNKNOWN,3.2053633288503116,10.09903411174961,reports_pairwise
2026-04-09,ABB,58.9,74.4,65.9,34.1,94.6,,73.1,,,6614.0,UNKNOWN,4.172966434835198,8.678560628968853,reports_pairwise
2026-04-09,ULTRACEMCO,56.0,58.8,52.4,18.1,85.5,,69.6,,,11448.0,UNKNOWN,2.7777777777777777,6.097134870719777,reports_pairwise
2026-04-09,ASIANPAINT,55.8,66.0,51.3,15.9,82.5,,60.8,,,2269.6,UNKNOWN,5.741099753260494,11.499823757490308,reports_pairwise
2026-04-09,LICHSGFIN,57.4,47.5,63.2,3.5,68.3,,63.3,,,532.3,UNKNOWN,-0.4320871688897153,10.154048468908524,reports_pairwise
2026-04-09,PAGEIND,55.7,68.5,75.3,5.0,80.6,,56.0,,,35950.0,UNKNOWN,1.6550764951321282,3.8803894297635604,reports_pairwise
2026-04-09,INFY,57.3,91.4,58.4,13.9,84.7,,59.7,,,1331.6,UNKNOWN,-0.8636227095223792,-12.683989185941716,reports_pairwise
2026-04-09,INDIANB,61.2,86.3,59.7,9.3,77.0,,67.1,,,941.85,UNKNOWN,5.70685353294049,-8.610712958539049,reports_pairwise
2026-04-09,BOSCHLTD,59.6,74.0,75.7,54.4,94.5,,62.1,,,36770.0,UNKNOWN,0.4895295077508839,3.0595594234430243,reports_pairwise
2026-04-09,TCS,54.2,90.0,59.8,10.7,93.0,,58.5,,,2589.0,UNKNOWN,-1.5218230977211313,-7.246040942448818,reports_pairwise
2026-04-09,HINDUNILVR,52.4,72.4,42.1,15.9,82.1,,65.9,,,2133.2,UNKNOWN,1.0500656291018233,6.516032252015752,reports_pairwise
2026-04-09,BAJAJ-AUTO,54.7,78.4,54.7,13.7,77.2,,72.2,,,9517.0,UNKNOWN,4.260796469475675,11.432174004413156,reports_pairwise
2026-04-09,EICHERMOT,56.2,83.5,48.3,13.1,80.8,,67.6,,,7147.5,UNKNOWN,-0.3217908359566282,2.5183630640083945,reports_pairwise
2026-04-09,BSE,60.2,75.0,74.1,34.2,91.1,,56.7,,,3257.4,UNKNOWN,3.5918216982869775,21.679867378891135,reports_pairwise
2026-04-09,APOLLOHOSP,52.7,53.7,39.3,5.4,68.0,,75.6,,,7481.5,UNKNOWN,1.2965314442290983,4.751720911581902,reports_pairwise
2026-04-09,LT,56.1,63.4,57.7,23.9,81.5,,67.1,,,3896.2,UNKNOWN,3.947435963246245,3.254453056824603,reports_pairwise
2026-04-09,GRASIM,53.8,40.8,53.3,2.0,76.9,,73.9,,,2740.5,UNKNOWN,0.4196314541142127,8.031381134829408,reports_pairwise
2026-04-09,OIL,59.3,76.2,40.8,21.6,74.5,,65.8,,,470.75,UNKNOWN,-0.09559214020180322,-3.8024429102495967,reports_pairwise
2026-04-09,RELIANCE,52.7,76.0,26.7,22.8,63.5,,68.9,,,1330.0,UNKNOWN,0.5563909774436159,7.984962406015041,reports_pairwise
2026-04-09,PFC,58.8,56.9,63.2,22.8,81.9,,67.8,,,428.05,UNKNOWN,3.6327531830393673,6.891718257212942,reports_pairwise
2026-04-09,ADANIPORTS,57.9,80.0,55.8,15.8,78.3,,68.1,,,1447.4,UNKNOWN,3.005388973331491,19.718115241122,reports_pairwise
2026-04-09,TATACONSUM,52.3,54.4,44.7,10.1,78.7,,72.8,,,1078.0,UNKNOWN,1.9666048237476852,6.836734693877555,reports_pairwise
2026-04-09,ACC,53.4,76.9,44.0,11.7,84.2,,53.0,,,1391.9,UNKNOWN,2.60794597313025,1.6308642862274458,reports_pairwise
2026-04-09,ICICIGI,53.6,81.9,31.6,3.9,69.0,,68.6,,,1768.6,UNKNOWN,2.1655546760149376,4.61381883976027,reports_pairwise
2026-04-09,MAHABANK,59.2,85.4,64.9,9.9,77.6,,59.9,,,70.03,UNKNOWN,2.22761673568471,21.81922033414251,reports_pairwise
2026-04-09,IOB,59.0,88.6,57.0,10.8,73.5,,57.6,,,34.06,UNKNOWN,3.4938344098649377,3.258954785672341,reports_pairwise
2026-04-09,ADANIPOWER,58.7,78.4,75.8,19.8,96.8,,56.7,,,172.33,UNKNOWN,6.621017814657922,33.575117507108445,reports_pairwise
2026-04-09,TORNTPHARM,51.7,69.4,25.8,8.6,57.5,,75.6,,,4094.5,UNKNOWN,2.2933203077298727,6.550250335816335,reports_pairwise
2026-04-09,SAIL,58.4,64.6,66.2,15.0,77.7,,62.6,,,163.35,UNKNOWN,4.315886134067959,14.649525558616471,reports_pairwise
2026-04-09,WIPRO,53.7,83.4,59.1,11.2,91.0,,58.7,,,202.87,UNKNOWN,2.5385714989895036,-2.716025040666432,reports_pairwise
2026-04-09,BANKBARODA,56.6,77.7,38.3,7.8,73.9,,62.2,,,274.24,UNKNOWN,3.0630105017502833,-1.4184655775962611,reports_pairwise
2026-04-09,POWERGRID,51.3,60.4,44.2,4.5,72.6,,74.4,,,298.1,UNKNOWN,1.6101979201610044,5.266689030526664,reports_pairwise
2026-04-09,HDFCAMC,57.9,85.9,55.4,9.9,85.9,,60.9,,,2515.0,UNKNOWN,4.3737574552683895,12.707753479125245,reports_pairwise
2026-04-09,LTIM,55.6,87.9,61.8,17.1,90.0,,52.0,,,4504.0,UNKNOWN,0.0,,reports_pairwise
2026-04-09,IRCTC,51.8,88.7,47.6,7.5,90.0,,52.9,,,531.55,UNKNOWN,3.245226225190481,6.951368638886285,reports_pairwise
2026-04-09,APLAPOLLO,54.5,66.6,47.0,10.9,72.0,,67.2,,,2040.3,UNKNOWN,-1.8281625251188527,-3.2642258491398275,reports_pairwise
2026-04-09,MARUTI,52.3,83.1,55.9,24.5,90.8,,62.1,,,13589.0,UNKNOWN,-2.4210758701891235,1.3319596732651409,reports_pairwise
2026-04-09,SHREECEM,50.8,50.7,51.0,36.2,85.4,,55.1,,,23990.0,UNKNOWN,3.3972488536890366,6.690287619841601,reports_pairwise
2026-04-09,TATAPOWER,51.0,51.0,48.8,15.0,74.2,,75.2,,,394.7,UNKNOWN,4.041043830757535,11.287053458322779,reports_pairwise
2026-04-09,CENTRALBK,55.6,72.7,46.6,7.5,74.5,,63.0,,,35.02,UNKNOWN,2.055968018275268,6.339234723015416,reports_pairwise
2026-04-09,TATASTEEL,55.2,55.8,63.3,10.2,77.4,,66.7,,,205.2,UNKNOWN,2.680311890838207,5.794346978557512,reports_pairwise
2026-04-09,DRREDDY,50.5,82.3,25.8,10.7,36.5,,72.1,,,1211.9,UNKNOWN,-0.7426355309844046,7.896691146134153,reports_pairwise
2026-04-09,VEDL,56.9,74.6,63.4,22.1,83.7,,66.2,,,737.0,UNKNOWN,3.758480325644511,-58.561736770691994,reports_pairwise
2026-04-09,AMBUJACEM,53.4,75.3,43.2,27.1,84.1,,53.1,,,434.05,UNKNOWN,4.008754751756705,3.824444188457543,reports_pairwise
2026-04-09,JSWSTEEL,53.2,43.8,53.8,25.8,69.4,,70.9,,,1209.7,UNKNOWN,1.6781020087624992,6.092419608167318,reports_pairwise
2026-04-09,PIIND,51.9,79.9,39.8,14.7,75.5,,52.9,,,2880.7,UNKNOWN,2.186968445169577,7.664803693546713,reports_pairwise
2026-04-09,MRF,52.8,75.6,47.8,10.6,77.4,,63.5,,,134020.0,UNKNOWN,2.0108938964333682,-3.0256678107745114,reports_pairwise
2026-04-09,PETRONET,55.4,85.6,39.3,13.0,84.5,,60.8,,,271.37,UNKNOWN,-0.5785458967461374,3.954011128717256,reports_pairwise
2026-04-09,DIVISLAB,51.7,64.5,31.5,5.5,63.7,,67.0,,,5952.5,UNKNOWN,2.9231415371692564,12.5997480050399,reports_pairwise
2026-04-09,BEL,53.8,75.0,42.5,8.7,68.8,,70.2,,,439.75,UNKNOWN,1.273450824332012,-0.06822057987493152,reports_pairwise
2026-04-09,RECLTD,55.1,58.1,62.4,7.5,88.3,,57.1,,,346.8,UNKNOWN,2.292387543252592,3.73414071510957,reports_pairwise
2026-04-09,CONCOR,52.3,73.6,56.5,15.2,94.6,,56.5,,,482.25,UNKNOWN,1.648522550544321,9.217210990150345,reports_pairwise
2026-04-09,HAL,54.2,90.6,52.7,10.6,96.0,,57.2,,,4032.9,UNKNOWN,2.9308934017704447,18.577202509360514,reports_pairwise
2026-04-09,INDUSTOWER,54.0,82.8,47.9,3.5,66.3,,66.7,,,438.45,UNKNOWN,-1.6991675219523297,-8.10810810810811,reports_pairwise
2026-04-09,MPHASIS,54.5,82.7,68.0,11.3,96.4,,57.0,,,2385.3,UNKNOWN,0.113193309017726,-8.05768666415127,reports_pairwise
2026-04-09,CANBK,54.9,81.5,47.6,7.5,83.8,,61.4,,,137.91,UNKNOWN,3.690812848959469,-1.4357189471394314,reports_pairwise
2026-04-09,OBEROIRLTY,54.2,78.8,72.7,23.3,77.5,,60.2,,,1653.5,UNKNOWN,3.193226489265192,1.3002721499848804,reports_pairwise
2026-04-09,HDFCLIFE,48.9,58.4,24.3,15.2,70.7,,58.8,,,591.2,UNKNOWN,7.070365358592684,5.784844384303101,reports_pairwise
2026-04-09,BRITANNIA,48.2,65.3,26.3,20.8,59.1,,71.9,,,5475.0,UNKNOWN,3.2602739726027394,6.191780821917808,reports_pairwise
2026-04-09,IRB,52.2,67.4,47.0,0.0,66.5,,59.3,,,20.89,UNKNOWN,3.494494973671615,3.7338439444710443,reports_pairwise
2026-04-09,MFSL,50.7,52.0,34.8,8.6,73.0,,64.6,,,1607.4,UNKNOWN,5.256936667910912,6.2212268259300725,reports_pairwise
2026-04-09,TVSMOTOR,52.1,50.0,59.6,8.3,79.5,,71.7,,,3727.1,UNKNOWN,1.223471331598291,-0.5473424378202917,reports_pairwise
2026-04-09,DABUR,49.1,71.4,28.3,8.8,77.1,,61.7,,,429.4,UNKNOWN,0.15137401024686403,9.455053563111324,reports_pairwise
2026-04-09,BAJAJFINSV,50.2,54.7,43.2,10.3,91.6,,63.7,,,1767.7,UNKNOWN,3.2641285285964843,3.2132149120325817,reports_pairwise
2026-04-09,PNB,53.4,77.3,39.4,10.0,75.8,,59.0,,,109.59,UNKNOWN,3.859841226389259,-0.4379961675335377,reports_pairwise
2026-04-09,M&M,52.6,67.6,48.4,16.6,88.0,,62.1,,,3166.8,UNKNOWN,2.6588354174561015,6.438676266262461,reports_pairwise
2026-04-09,GLENMARK,54.4,57.9,49.5,4.6,81.7,,67.8,,,2169.1,UNKNOWN,2.6093771610345264,9.335669171545803,reports_pairwise
2026-04-09,ICICIPRULI,48.9,56.8,24.4,2.3,80.3,,61.3,,,541.95,UNKNOWN,4.502260356121409,3.865670264784561,reports_pairwise
2026-04-09,BANDHANBNK,54.2,76.1,43.8,29.8,74.0,,56.0,,,165.94,UNKNOWN,2.500903941183564,25.12353862841991,reports_pairwise
2026-04-09,GAIL,51.1,81.9,55.0,16.8,89.5,,57.6,,,152.22,UNKNOWN,2.3649980291683055,9.880436210747597,reports_pairwise
2026-04-09,MUTHOOTFIN,54.3,72.0,60.0,7.1,85.4,,54.4,,,3475.2,UNKNOWN,5.133517495395951,3.1393876611418152,reports_pairwise
2026-04-09,ABCAPITAL,54.2,56.3,56.3,11.9,88.8,,60.7,,,334.55,UNKNOWN,4.364071140337757,10.297414437303837,reports_pairwise
2026-04-09,APOLLOTYRE,51.6,65.0,57.3,34.8,90.8,,61.4,,,440.35,UNKNOWN,-0.22709208584080842,-6.8808902009764985,reports_pairwise
2026-04-09,CGPOWER,53.7,74.7,54.0,8.0,75.9,,61.5,,,720.6,UNKNOWN,1.540383014154874,19.220094365806272,reports_pairwise
2026-04-09,EXIDEIND,50.4,64.4,51.5,31.9,89.8,,55.6,,,311.25,UNKNOWN,5.815261044176714,17.092369477911642,reports_pairwise
2026-04-09,AUBANK,53.6,77.1,58.0,12.1,85.8,,60.1,,,963.0,UNKNOWN,3.14122533748702,7.206645898234693,reports_pairwise
2026-04-09,CHOLAFIN,53.5,62.7,45.9,8.4,90.8,,57.7,,,1533.1,UNKNOWN,0.6653186354445272,10.181984214989246,reports_pairwise
2026-04-09,PERSISTENT,53.5,74.9,74.4,7.5,81.9,,57.7,,,5471.1,UNKNOWN,2.0160479611047,-8.90314561971085,reports_pairwise
2026-04-09,HAVELLS,48.1,66.3,33.3,5.8,74.7,,60.8,,,1257.0,UNKNOWN,2.4661893396976926,0.9466984884646056,reports_pairwise
2026-04-09,NHPC,49.9,41.4,53.4,13.1,85.1,,65.6,,,77.11,UNKNOWN,2.243548177927641,5.796913500194526,reports_pairwise
2026-04-09,UNIONBANK,53.4,80.7,54.9,3.9,75.4,,55.4,,,184.69,UNKNOWN,3.4002923818290114,-9.42660674643998,reports_pairwise
2026-04-09,HEROMOTOCO,51.5,89.0,39.4,12.6,75.1,,61.1,,,5284.0,UNKNOWN,0.5015140045420136,1.1165783497350492,reports_pairwise
2026-04-09,INDUSINDBK,52.9,73.2,36.9,2.3,78.1,,61.3,,,814.55,UNKNOWN,3.744398747774845,16.254373580504584,reports_pairwise
2026-04-09,JINDALSTEL,52.8,49.6,57.5,8.0,75.5,,67.3,,,1199.6,UNKNOWN,3.3844614871623993,4.884961653884639,reports_pairwise
2026-04-09,SIEMENS,51.6,61.8,49.2,5.6,67.0,,69.8,,,3222.5,UNKNOWN,5.613653995345231,20.139643134212566,reports_pairwise
2026-04-09,GODREJCP,48.2,59.8,49.5,31.7,88.3,,64.8,,,1063.35,UNKNOWN,1.6598485917148722,-2.5156345511825835,reports_pairwise
2026-04-09,OFSS,52.9,93.6,66.2,5.0,78.2,,51.2,,,7217.5,UNKNOWN,3.3113959127121584,31.603740907516453,reports_pairwise
2026-04-09,BAJFINANCE,52.3,58.2,47.5,7.5,87.9,,59.4,,,903.25,UNKNOWN,2.097979518405762,7.694436756158317,reports_pairwise
2026-04-09,UCOBANK,51.7,77.2,49.0,8.0,93.3,,50.0,,,25.69,UNKNOWN,2.7637212923316357,6.228104320747364,reports_pairwise
2026-04-09,NYKAA,51.5,37.6,57.9,7.5,74.7,,66.5,,,254.93,UNKNOWN,2.428117522457144,5.852586984662462,reports_pairwise
2026-04-09,MOTILALOFS,52.4,72.1,68.2,17.4,95.2,,38.1,,,761.15,UNKNOWN,2.1283584050450037,17.099126322012744,reports_pairwise
2026-04-09,SUZLON,52.4,90.2,69.5,9.4,93.8,,39.1,,,44.23,UNKNOWN,7.347953877458739,25.81957947094733,reports_pairwise
2026-04-09,YESBANK,52.5,72.5,46.0,4.9,83.1,,55.9,,,18.93,UNKNOWN,2.165874273639726,18.91178024300054,reports_pairwise
2026-04-09,UPL,52.0,53.8,56.1,9.7,97.2,,54.7,,,642.0,UNKNOWN,1.8769470404984352,1.3161993769470475,reports_pairwise
2026-04-09,ADANIENSOL,51.7,54.1,66.8,34.2,88.7,,63.2,,,1078.75,UNKNOWN,9.705677867902669,28.584009269988403,reports_pairwise
2026-04-09,JIOFIN,49.8,50.0,51.6,9.4,84.5,,51.5,,,238.84,UNKNOWN,1.7250041869033683,5.099648300117236,reports_pairwise
2026-04-09,HUDCO,51.6,60.1,60.1,15.0,94.5,,44.7,,,181.93,UNKNOWN,4.985433958115755,25.328423019842788,reports_pairwise
2026-04-09,POLYCAB,50.4,80.7,44.4,18.2,76.8,,63.9,,,7607.0,UNKNOWN,1.6760878138556594,18.351518338372554,reports_pairwise
2026-04-09,SONACOMS,51.5,56.3,57.4,10.9,82.9,,63.7,,,523.05,UNKNOWN,10.505687792754049,10.629958894943128,reports_pairwise
2026-04-09,NAUKRI,49.8,53.5,56.8,15.0,77.6,,48.1,,,1002.4,UNKNOWN,1.9602952913008755,-2.0500798084596923,reports_pairwise
2026-04-09,TRENT,51.5,68.7,59.1,7.5,93.2,,40.6,,,3850.7,UNKNOWN,2.51382865453035,11.514789518788806,reports_pairwise
2026-04-09,BAJAJHFL,46.2,52.9,54.0,0.3,94.9,,44.2,,,83.89,UNKNOWN,3.5522708308499276,4.863511741566335,reports_pairwise
2026-04-09,INDHOTEL,49.2,67.9,53.3,3.0,90.1,,55.3,,,629.1,UNKNOWN,3.266571292322358,6.358289620092195,reports_pairwise
2026-04-09,COLPAL,46.9,81.7,32.1,17.8,78.2,,55.4,,,1906.7,UNKNOWN,1.6573136833272095,13.651859233230185,reports_pairwise
2026-04-09,GMRAIRPORT,51.1,65.7,56.0,3.6,78.0,,60.9,,,94.53,UNKNOWN,4.284354173278322,6.484713847455829,reports_pairwise
2026-04-09,MAZDOCK,51.1,83.3,53.5,5.5,87.9,,37.0,,,2435.5,UNKNOWN,3.6378567029357387,10.17450215561487,reports_pairwise
2026-04-09,ADANIENT,50.9,80.8,53.8,11.7,92.6,,49.7,,,2040.5,UNKNOWN,6.199460916442049,23.190394511149222,reports_pairwise
2026-04-09,KALYANKJIL,51.0,53.9,75.6,36.5,81.4,,43.1,,,446.1,UNKNOWN,0.5043712172158709,-7.834566240753205,reports_pairwise
2026-04-09,POLICYBZR,50.9,53.3,51.8,4.9,85.8,,51.6,,,1493.3,UNKNOWN,-0.2879528560905347,12.777070916761533,reports_pairwise
2026-04-09,VBL,50.1,68.0,48.9,15.0,90.9,,54.4,,,422.9,UNKNOWN,4.291794750532049,20.73776306455428,reports_pairwise
2026-04-09,IGL,49.7,84.1,46.1,11.1,83.6,,50.0,,,155.1,UNKNOWN,5.673758865248234,9.503546099290787,reports_pairwise
2026-04-09,WAAREEENER,50.8,83.5,74.0,11.0,92.2,,37.4,,,3232.3,UNKNOWN,4.974785756272614,-0.17634501747982156,reports_pairwise
2026-04-09,BAJAJHLDNG,50.4,83.2,47.1,9.0,93.5,,45.2,,,9912.5,UNKNOWN,2.2950819672131146,6.905422446406052,reports_pairwise
2026-04-09,BPCL,49.0,68.7,34.2,11.3,79.7,,49.8,,,297.35,UNKNOWN,2.135530519589697,3.447116193038507,reports_pairwise
2026-04-09,SOLARINDS,50.3,72.3,38.7,7.5,80.2,,53.6,,,13928.0,UNKNOWN,5.427914991384262,14.065192418150488,reports_pairwise
2026-04-09,IOC,46.6,57.4,29.1,11.5,71.0,,53.6,,,141.67,UNKNOWN,2.4564127902873003,3.6846191854309303,reports_pairwise
2026-04-09,MANKIND,47.3,57.2,38.3,2.1,64.4,,58.1,,,2054.2,UNKNOWN,2.1955018985493315,15.626521273488464,reports_pairwise
2026-04-09,PATANJALI,45.8,71.7,28.1,14.3,66.1,,55.6,,,459.7,UNKNOWN,1.3704589949967394,0.14139656297586123,reports_pairwise
2026-04-09,ASHOKLEY,50.0,66.7,34.0,31.7,87.2,,54.1,,,170.38,UNKNOWN,4.472355910318115,0.2347693391243137,reports_pairwise
2026-04-09,TATATECH,47.9,69.2,52.3,2.8,82.2,,51.7,,,558.9,UNKNOWN,2.746466273036326,12.587224906065492,reports_pairwise
2026-04-09,COFORGE,49.8,68.5,66.9,12.0,98.3,,41.6,,,1264.9,UNKNOWN,0.3083247687564126,1.6127757134951273,reports_pairwise
2026-04-09,TORNTPOWER,49.5,79.5,48.7,3.0,68.3,,62.0,,,1446.0,UNKNOWN,3.4578146611341634,18.430152143845092,reports_pairwise
2026-04-09,INDIGO,49.7,50.0,57.6,13.1,90.4,,47.6,,,4449.1,UNKNOWN,3.166932638061622,1.2991391517385373,reports_pairwise
2026-04-09,LTF,49.7,55.5,54.3,8.3,84.8,,55.1,,,272.18,UNKNOWN,3.4646190021309455,11.562201484311842,reports_pairwise
2026-04-09,KPITTECH,49.4,85.6,61.8,14.0,94.1,,34.0,,,716.05,UNKNOWN,2.374135884365617,0.9217233433419486,reports_pairwise
2026-04-09,TATACOMM,49.3,66.1,49.2,11.1,91.3,,52.3,,,1471.0,UNKNOWN,4.779061862678447,8.327668252889191,reports_pairwise
2026-04-09,ADANIGREEN,49.2,51.5,75.9,35.0,77.9,,47.6,,,1044.55,UNKNOWN,5.595711071753391,30.67828251400125,reports_pairwise
2026-04-09,IRFC,49.1,56.3,53.7,8.7,94.2,,46.1,,,98.49,UNKNOWN,3.431820489389796,8.40694486749924,reports_pairwise
2026-04-09,TIINDIA,49.0,55.3,62.3,8.4,75.6,,52.5,,,2743.3,UNKNOWN,0.5467867167280283,9.922356286224613,reports_pairwise
2026-04-09,MAXHEALTH,46.7,55.8,29.3,12.9,63.0,,55.7,,,954.95,UNKNOWN,2.1205298706738573,6.319702602230473,reports_pairwise
2026-04-09,SHRIRAMFIN,48.9,66.5,49.6,19.1,82.3,,57.5,,,996.3,UNKNOWN,4.571916089531261,1.9421860885275544,reports_pairwise
2026-04-09,SRF,47.1,62.0,31.5,21.0,72.6,,55.0,,,2399.8,UNKNOWN,3.1877656471372613,15.480456704725393,reports_pairwise
2026-04-09,BANKINDIA,48.6,74.6,35.1,18.3,62.1,,52.2,,,144.29,UNKNOWN,3.4097997089195484,-2.7167509875944194,reports_pairwise
2026-04-09,HINDPETRO,48.6,55.1,41.9,33.6,91.9,,41.1,,,358.0,UNKNOWN,1.634078212290509,10.754189944134078,reports_pairwise
2026-04-09,TATAELXSI,48.6,72.1,60.3,9.2,97.7,,45.5,,,4452.0,UNKNOWN,1.6846361185983827,-3.4725965858041414,reports_pairwise
2026-04-09,IREDA,48.3,56.7,64.7,7.7,92.6,,38.6,,,123.13,UNKNOWN,2.355234305205885,10.095021521968658,reports_pairwise
2026-04-09,UNITDSPR,43.6,68.4,27.3,0.9,62.3,,62.0,,,1249.7,UNKNOWN,-0.24005761382731855,2.408578058734089,reports_pairwise
2026-04-09,VMM,48.1,53.0,58.9,19.7,81.7,,42.0,,,112.07,UNKNOWN,4.122423485321678,11.91219773355939,reports_pairwise
2026-04-09,HINDZINC,48.0,85.3,47.8,7.5,86.8,,46.3,,,558.5,UNKNOWN,6.159355416293639,13.974932855863914,reports_pairwise
2026-04-09,SUPREMEIND,47.0,63.4,38.6,12.0,59.5,,57.7,,,3771.9,UNKNOWN,1.9008987512924471,-2.836766616294175,reports_pairwise
2026-04-09,PREMIERENE,47.6,77.8,74.6,15.0,97.1,,44.9,,,956.45,UNKNOWN,3.8632442887761966,6.487532019446908,reports_pairwise
2026-04-09,MOTHERSON,47.3,64.7,47.6,9.7,81.7,,53.1,,,116.9,UNKNOWN,4.713430282292549,11.573994867408041,reports_pairwise
2026-04-09,ESCORTS,47.0,78.3,47.7,15.8,93.0,,51.8,,,3127.2,UNKNOWN,2.7532617037605642,6.9934765924789035,reports_pairwise
2026-04-09,PAYTM,47.0,48.6,60.8,15.3,94.2,,50.8,,,1097.95,UNKNOWN,3.269729951272814,9.057789516826817,reports_pairwise
2026-04-09,PHOENIXLTD,46.4,52.0,65.4,32.1,86.5,,62.3,,,1709.9,UNKNOWN,3.4563424761681913,6.994561085443587,reports_pairwise
2026-04-09,SBICARD,45.0,53.9,32.4,9.6,76.6,,48.8,,,668.9,UNKNOWN,3.4833308416803814,-3.102107938406339,reports_pairwise
2026-04-09,ASTRAL,46.6,60.2,32.4,10.5,57.5,,64.1,,,1563.7,UNKNOWN,5.339898957600562,0.34533478288673425,reports_pairwise
2026-04-09,IDFCFIRSTB,46.3,65.3,48.4,7.5,92.4,,45.7,,,65.28,UNKNOWN,2.6348039215686256,7.827818627450979,reports_pairwise
2026-04-09,BHEL,45.9,44.5,64.7,22.0,84.3,,60.4,,,277.2,UNKNOWN,5.569985569985569,46.62698412698413,reports_pairwise
2026-04-09,DLF,45.5,75.4,49.1,14.1,93.8,,45.4,,,562.95,UNKNOWN,2.673416822097869,9.929833910649254,reports_pairwise
2026-04-09,NTPCGREEN,44.9,32.5,58.3,17.9,73.1,,53.5,,,96.15,UNKNOWN,11.118044721788868,13.634945397815912,reports_pairwise
2026-04-09,DIXON,45.4,78.5,61.1,10.5,92.8,,35.8,,,10625.5,UNKNOWN,1.5387511175944661,3.9762834690132225,reports_pairwise
2026-04-09,BHARATFORG,45.3,47.6,36.0,12.2,76.4,,64.5,,,1739.4,UNKNOWN,5.50189720593307,14.573991031390134,reports_pairwise
2026-04-09,ETERNAL,45.1,49.9,54.4,9.1,77.4,,41.4,,,237.89,UNKNOWN,1.6856530329143804,8.209676741351057,reports_pairwise
2026-04-09,BHARTIHEXA,44.6,64.4,40.3,18.8,71.3,,48.7,,,1530.6,UNKNOWN,1.006141382464399,-0.9800078400627206,reports_pairwise
2026-04-09,TMPV,44.8,80.6,52.9,13.2,98.7,,53.3,,,333.25,UNKNOWN,5.326331582895724,7.801950487621906,reports_pairwise
2026-04-09,HYUNDAI,44.4,95.4,21.6,15.5,75.0,,38.1,,,1768.3,UNKNOWN,0.37323983486965656,3.817225583894136,reports_pairwise
2026-04-09,COCHINSHIP,44.3,57.9,49.6,15.6,97.6,,28.3,,,1423.9,UNKNOWN,3.0760587119881984,27.44574759463445,reports_pairwise
2026-04-09,JSWENERGY,43.7,42.6,43.1,6.7,51.1,,64.3,,,489.15,UNKNOWN,6.143309823162643,17.73484616170909,reports_pairwise
2026-04-09,VOLTAS,43.1,55.2,21.8,16.9,61.1,,60.1,,,1283.9,UNKNOWN,7.7965573642807,6.231014876548017,reports_pairwise
2026-04-09,BDL,43.4,61.1,50.3,15.0,96.0,,34.6,,,1325.5,UNKNOWN,1.803093172387785,10.667672576386277,reports_pairwise
2026-04-09,M&MFIN,43.5,53.2,24.9,40.0,62.7,,48.3,,,296.1,UNKNOWN,3.2083755488010803,10.925363053022615,reports_pairwise
2026-04-09,BIOCON,41.1,44.2,19.5,45.2,53.3,,62.3,,,345.7,UNKNOWN,1.0558287532542767,10.572750940121496,reports_pairwise
2026-04-09,GODREJPROP,42.8,56.2,58.2,7.5,94.5,,43.0,,,1695.5,UNKNOWN,2.38867590681215,10.799174284871714,reports_pairwise
2026-04-09,JUBLFOOD,40.4,55.0,24.0,68.6,71.6,,43.5,,,427.85,UNKNOWN,4.732967161388337,11.95512445950683,reports_pairwise
2026-04-09,RVNL,40.5,54.0,48.9,8.3,84.0,,31.1,,,272.83,UNKNOWN,2.935894146538134,13.147381153099003,reports_pairwise
2026-04-09,ATGL,40.3,56.3,68.7,35.9,79.5,,34.9,,,549.9,UNKNOWN,5.655573740680128,17.15766503000546,reports_pairwise
2026-04-09,IDEA,40.3,80.0,36.3,8.5,76.3,,34.1,,,9.12,UNKNOWN,2.4122807017543932,23.13596491228072,reports_pairwise
2026-04-09,OLAELEC,39.6,36.2,75.3,42.9,85.6,,6.6,,,36.32,UNKNOWN,11.343612334801755,-3.386563876651974,reports_pairwise
2026-04-09,SJVN,39.5,32.7,53.4,8.4,77.4,,43.0,,,70.68,UNKNOWN,4.442558007923013,13.030560271646848,reports_pairwise
2026-04-09,LODHA,39.3,80.6,30.4,2.6,83.2,,34.2,,,789.55,UNKNOWN,6.535368247736055,22.51915648154013,reports_pairwise
2026-04-09,PRESTIGE,39.2,39.4,53.5,26.3,98.9,,48.2,,,1319.4,UNKNOWN,0.9549795361527897,12.437471577989987,reports_pairwise
2026-04-09,SWIGGY,35.0,49.5,26.2,9.3,74.5,,28.7,,,271.9,UNKNOWN,0.22066936373667628,2.795145273997802,reports_pairwise
2026-04-09,ABFRL,34.1,44.5,42.2,15.0,78.1,,12.0,,,58.43,UNKNOWN,9.875064179359923,16.019168235495478,reports_pairwise
2026-04-10,GICRE,69.1,73.7,67.4,43.5,91.0,,69.5,,,398.35,UNKNOWN,-0.4518639387473356,0.25103552152629593,reports_pairwise
2026-04-10,ONGC,66.9,71.4,62.7,10.3,76.7,,78.6,,,286.2,UNKNOWN,-0.052410901467497294,-0.8036338225017511,reports_pairwise
2026-04-10,NMDC,70.5,89.2,62.7,15.0,87.9,,71.2,,,84.28,UNKNOWN,3.773137161841472,6.953013763644993,reports_pairwise
2026-04-10,ICICIBANK,62.3,85.8,52.9,8.8,84.3,,73.7,,,1320.7,UNKNOWN,2.574392367683804,-3.1574165215416103,reports_pairwise
2026-04-10,COALINDIA,63.8,90.2,31.9,12.8,69.7,,74.4,,,432.25,UNKNOWN,0.35858877964141384,7.9583574320416375,reports_pairwise
2026-04-10,AUROPHARMA,67.6,79.1,60.4,15.0,90.3,,73.1,,,1350.9,UNKNOWN,0.22947664519948988,9.46035976015989,reports_pairwise
2026-04-10,AXISBANK,64.9,85.3,58.7,7.5,81.9,,73.1,,,1348.7,UNKNOWN,1.7350040780010278,-4.152146511455475,reports_pairwise
2026-04-10,LUPIN,62.5,86.5,46.8,14.5,65.6,,78.5,,,2329.0,UNKNOWN,0.16745384285101292,5.629025332760838,reports_pairwise
2026-04-10,TITAN,62.2,50.0,65.0,17.2,88.9,,79.8,,,4512.7,UNKNOWN,-0.4077381611895237,-4.547166884570209,reports_pairwise
2026-04-10,HINDALCO,65.7,77.8,59.2,9.1,88.8,,68.7,,,987.5,UNKNOWN,3.1291139240506305,6.906329113924055,reports_pairwise
2026-04-10,NESTLEIND,59.6,73.2,52.2,7.5,70.9,,77.3,,,1239.3,UNKNOWN,0.30662470749616355,19.09949164851126,reports_pairwise
2026-04-10,NATIONALUM,68.9,96.3,59.8,17.6,95.2,,58.6,,,409.45,UNKNOWN,4.72585175235072,-1.4531688850897517,reports_pairwise
2026-04-10,PIDILITIND,58.9,70.5,39.5,13.8,81.0,,71.7,,,1356.7,UNKNOWN,-1.562615169160466,6.906464214638463,reports_pairwise
2026-04-10,CUMMINSIND,64.3,74.9,64.5,15.0,91.8,,75.0,,,5085.4,UNKNOWN,-0.4070476265387151,6.245329767569913,reports_pairwise
2026-04-10,LICI,62.6,93.3,48.0,25.6,87.2,,63.1,,,801.0,UNKNOWN,3.464419475655431,1.2671660424469384,reports_pairwise
2026-04-10,ABB,63.9,73.1,68.3,38.7,95.3,,72.7,,,6845.0,UNKNOWN,0.6574141709276844,5.010956902848795,reports_pairwise
2026-04-10,BHARTIARTL,57.8,65.1,50.8,4.3,83.1,,72.1,,,1864.9,UNKNOWN,0.9062148104455929,-2.0537294224891514,reports_pairwise
2026-04-10,HDFCBANK,57.6,82.9,41.1,15.0,92.6,,66.5,,,810.55,UNKNOWN,-0.5798531861081898,-1.7889087656529519,reports_pairwise
2026-04-10,FEDERALBNK,62.8,80.4,61.7,3.6,69.4,,73.3,,,290.2,UNKNOWN,1.240523776705728,2.3604410751206144,reports_pairwise
2026-04-10,DMART,62.1,61.5,70.7,0.0,79.1,,67.4,,,4378.4,UNKNOWN,1.9527681344783485,0.1849990864242729,reports_pairwise
2026-04-10,ZYDUSLIFE,59.3,80.9,48.7,7.5,72.9,,70.3,,,914.8,UNKNOWN,1.1368605159597827,2.7874945343244426,reports_pairwise
2026-04-10,ITC,57.3,92.8,46.8,15.0,87.7,,58.9,,,304.6,UNKNOWN,-0.722258699934355,0.9192383453709633,reports_pairwise
2026-04-10,ALKEM,59.4,82.7,44.9,8.9,68.9,,74.2,,,5437.0,UNKNOWN,-0.6161486113665624,2.823248114769174,reports_pairwise
2026-04-10,ULTRACEMCO,59.6,58.4,50.8,20.0,85.6,,70.2,,,11555.0,UNKNOWN,1.8260493292946778,5.114668974469926,reports_pairwise
2026-04-10,ASIANPAINT,60.2,66.0,58.4,16.1,86.2,,62.5,,,2370.4,UNKNOWN,1.2445156935538306,6.758353020587235,reports_pairwise
2026-04-10,BAJAJ-AUTO,59.7,77.6,57.2,31.8,78.0,,73.8,,,9804.0,UNKNOWN,1.2086903304773562,8.170134638922889,reports_pairwise
2026-04-10,MARICO,56.5,72.7,40.7,15.0,66.4,,78.6,,,758.65,UNKNOWN,0.46134581163909577,9.68826204442101,reports_pairwise
2026-04-10,SBILIFE,57.5,63.9,45.5,5.0,78.8,,74.9,,,1934.2,UNKNOWN,1.0598697135766726,-3.205459621548961,reports_pairwise
2026-04-10,SBIN,58.3,87.2,40.7,11.7,67.9,,69.9,,,1060.0,UNKNOWN,2.481132075471694,3.018867924528302,reports_pairwise
2026-04-10,HCLTECH,60.6,93.5,64.3,4.8,76.5,,63.6,,,1442.6,UNKNOWN,1.8508248994870407,-17.967558574795497,reports_pairwise
2026-04-10,KOTAKBANK,57.8,80.1,44.9,10.1,83.7,,66.8,,,376.55,UNKNOWN,0.7568715973974149,0.7568715973974149,reports_pairwise
2026-04-10,BSE,64.5,75.0,74.3,37.3,92.2,,56.6,,,3293.9,UNKNOWN,2.443911472722305,20.3315219041258,reports_pairwise
2026-04-10,NTPC,55.3,67.4,43.3,21.8,72.6,,79.5,,,374.45,UNKNOWN,4.019228201362001,6.916811323274144,reports_pairwise
2026-04-10,ACC,58.1,77.0,46.8,15.0,92.7,,53.9,,,1427.0,UNKNOWN,0.08409250175193031,-0.8689558514365866,reports_pairwise
2026-04-10,BOSCHLTD,62.8,73.4,75.7,51.9,90.4,,63.0,,,37370.0,UNKNOWN,-1.123896173401124,1.4048702167514049,reports_pairwise
2026-04-10,HINDUNILVR,55.5,71.9,48.0,12.7,80.9,,66.5,,,2158.6,UNKNOWN,-0.13897896784953212,5.262670249235612,reports_pairwise
2026-04-10,LT,59.7,63.0,58.1,23.9,79.1,,67.8,,,3948.0,UNKNOWN,2.5835866261398177,1.8996960486322187,reports_pairwise
2026-04-10,ADANIPORTS,62.2,88.5,56.8,17.8,77.7,,68.8,,,1466.5,UNKNOWN,1.663825434708496,18.158881691101257,reports_pairwise
2026-04-10,INDIANB,63.9,86.6,57.9,8.3,77.4,,68.1,,,957.85,UNKNOWN,3.941118129143394,-10.137286631518506,reports_pairwise
2026-04-10,TECHM,59.2,83.2,63.7,7.5,70.7,,61.2,,,1442.4,UNKNOWN,1.8649473100388145,0.4021075984470295,reports_pairwise
2026-04-10,EICHERMOT,59.2,82.5,51.3,8.2,81.4,,69.3,,,7409.0,UNKNOWN,-3.8399244162505064,-1.100013497098124,reports_pairwise
2026-04-10,PAGEIND,57.6,68.6,75.4,3.9,81.4,,56.4,,,36335.0,UNKNOWN,0.5779551396724921,2.7796890050915097,reports_pairwise
2026-04-10,TCS,56.6,90.6,55.1,13.3,81.3,,57.4,,,2530.4,UNKNOWN,0.7587733164716969,-5.098008220044262,reports_pairwise
2026-04-10,CIPLA,54.4,90.1,31.3,19.0,70.5,,63.1,,,1234.5,UNKNOWN,-0.9396516808424391,10.352369380315913,reports_pairwise
2026-04-10,MARUTI,57.3,82.9,54.5,25.9,88.2,,62.6,,,13752.0,UNKNOWN,-3.5776614310645725,0.13089005235602094,reports_pairwise
2026-04-10,GRASIM,56.4,40.9,49.5,2.2,75.9,,73.8,,,2733.9,UNKNOWN,0.6620578660521566,8.292183327846658,reports_pairwise
2026-04-10,TATACONSUM,54.9,54.4,50.2,8.7,72.1,,73.5,,,1092.2,UNKNOWN,0.6409082585607031,5.447720197765977,reports_pairwise
2026-04-10,WIPRO,57.3,83.3,56.9,12.8,95.0,,58.9,,,203.79,UNKNOWN,2.0756661268953422,-3.1552087933657087,reports_pairwise
2026-04-10,PFC,61.2,57.0,56.9,27.7,82.1,,68.4,,,432.2,UNKNOWN,2.6376677464137055,5.865340120314674,reports_pairwise
2026-04-10,LICHSGFIN,57.8,47.5,59.3,3.6,68.2,,63.3,,,532.0,UNKNOWN,-0.37593984962406013,10.216165413533838,reports_pairwise
2026-04-10,APOLLOHOSP,54.2,53.7,43.1,7.5,60.3,,76.0,,,7536.5,UNKNOWN,0.5572878657201619,3.987261991640682,reports_pairwise
2026-04-10,IOB,61.9,88.5,57.7,11.7,81.8,,58.5,,,34.7,UNKNOWN,1.5850144092218938,1.354466858789622,reports_pairwise
2026-04-10,SHREECEM,54.7,50.0,53.9,29.1,86.5,,55.9,,,24445.0,UNKNOWN,1.4726938024135816,4.70443853548783,reports_pairwise
2026-04-10,IRCTC,55.4,88.3,48.7,7.5,92.6,,53.6,,,541.5,UNKNOWN,1.3481071098799546,4.986149584487535,reports_pairwise
2026-04-10,MAHABANK,61.8,85.5,58.2,11.2,77.6,,60.1,,,70.21,UNKNOWN,1.9655319755020793,21.506907847884932,reports_pairwise
2026-04-10,SAIL,61.7,64.5,66.4,9.0,77.8,,63.0,,,164.05,UNKNOWN,3.870771106370005,14.160316976531536,reports_pairwise
2026-04-10,SUNPHARMA,53.1,75.9,22.4,15.9,61.8,,74.8,,,1651.9,UNKNOWN,0.6719535080815975,11.047884254494823,reports_pairwise
2026-04-10,CONCOR,57.3,73.6,55.8,17.0,93.3,,56.5,,,481.75,UNKNOWN,1.7540217955371018,9.330565646082002,reports_pairwise
2026-04-10,HDFCAMC,61.1,84.7,57.4,7.9,89.3,,62.7,,,2615.8,UNKNOWN,0.35170884624206045,8.364553864974376,reports_pairwise
2026-04-10,OIL,60.5,76.3,42.4,18.2,71.7,,66.0,,,472.5,UNKNOWN,-0.46560846560846325,-4.158730158730154,reports_pairwise
2026-04-10,APLAPOLLO,57.6,66.9,49.1,8.6,71.6,,67.9,,,2064.1,UNKNOWN,-2.9601279007799968,-4.379632769730142,reports_pairwise
2026-04-10,LTIM,58.5,87.9,63.4,21.0,90.1,,52.0,,,4504.0,UNKNOWN,0.0,,reports_pairwise
2026-04-10,TATASTEEL,59.0,55.9,61.2,8.4,77.4,,66.8,,,205.59,UNKNOWN,2.4855294518215794,5.593657279050538,reports_pairwise
2026-04-10,HAL,59.2,90.3,54.7,10.0,93.3,,58.0,,,4101.0,UNKNOWN,1.2216532553035933,16.608144355035368,reports_pairwise
2026-04-10,ICICIGI,55.1,81.7,36.6,1.9,78.1,,69.2,,,1786.6,UNKNOWN,1.136236426732351,3.5598343221762088,reports_pairwise
2026-04-10,INFY,57.1,92.1,50.8,13.0,74.2,,58.3,,,1294.0,UNKNOWN,2.017001545595047,-10.1468315301391,reports_pairwise
2026-04-10,POWERGRID,53.8,60.2,46.8,5.5,80.7,,75.0,,,301.2,UNKNOWN,0.564409030544485,4.183266932270923,reports_pairwise
2026-04-10,RELIANCE,53.4,75.5,31.9,7.5,56.8,,69.6,,,1348.0,UNKNOWN,-0.7863501483679458,6.543026706231457,reports_pairwise
2026-04-10,ADANIPOWER,60.4,78.1,75.5,20.1,97.8,,57.5,,,174.67,UNKNOWN,5.192648995248195,31.78565294555448,reports_pairwise
2026-04-10,AMBUJACEM,56.9,74.7,45.0,28.6,92.6,,54.1,,,445.6,UNKNOWN,1.3128366247755758,1.133303411131049,reports_pairwise
2026-04-10,MRF,56.6,75.2,51.6,10.9,84.4,,64.5,,,136850.0,UNKNOWN,-0.09864815491413957,-5.031055900621118,reports_pairwise
2026-04-10,MPHASIS,58.7,83.0,64.8,15.8,94.5,,56.1,,,2338.0,UNKNOWN,2.1385799828913603,-6.197604790419166,reports_pairwise
2026-04-10,TVSMOTOR,56.5,50.0,57.7,9.7,82.4,,73.1,,,3823.0,UNKNOWN,-1.3157206382422229,-3.0421135234109387,reports_pairwise
2026-04-10,VEDL,59.9,74.6,61.8,15.0,83.7,,66.4,,,738.8,UNKNOWN,3.505684894423402,-58.66269626421223,reports_pairwise
2026-04-10,PIIND,54.7,79.3,44.2,8.9,77.8,,53.8,,,2955.0,UNKNOWN,-0.3824027072758099,4.957698815566836,reports_pairwise
2026-04-10,CENTRALBK,57.9,72.9,46.5,7.7,82.8,,63.8,,,35.56,UNKNOWN,0.5061867266591668,4.724409448818897,reports_pairwise
2026-04-10,JSWSTEEL,55.6,43.9,50.7,7.5,67.4,,70.9,,,1208.0,UNKNOWN,1.8211920529801324,6.241721854304643,reports_pairwise
2026-04-10,TORNTPHARM,52.3,69.4,29.7,5.1,57.0,,76.3,,,4145.4,UNKNOWN,1.037294350364259,5.241954938003575,reports_pairwise
2026-04-10,CANBK,58.4,81.6,49.0,7.5,83.1,,62.2,,,139.98,UNKNOWN,2.1574510644377844,-2.8932704672095895,reports_pairwise
2026-04-10,GAIL,55.6,82.0,53.3,15.0,88.2,,57.8,,,152.74,UNKNOWN,2.016498625114563,9.506350661254407,reports_pairwise
2026-04-10,OBEROIRLTY,57.6,78.4,73.2,19.1,79.4,,61.3,,,1688.7,UNKNOWN,1.0422218274412216,-0.8112749452241396,reports_pairwise
2026-04-10,RECLTD,57.7,58.2,58.1,4.2,86.0,,57.5,,,349.45,UNKNOWN,1.5166690513664363,2.94748891114609,reports_pairwise
2026-04-10,TATAPOWER,52.5,50.3,48.0,16.3,68.9,,75.5,,,396.3,UNKNOWN,3.620994196315914,10.837749179914203,reports_pairwise
2026-04-10,APOLLOTYRE,56.2,65.2,54.2,40.2,88.5,,61.1,,,437.25,UNKNOWN,0.4802744425385987,-6.220697541452256,reports_pairwise
2026-04-10,BEL,56.2,75.0,42.7,7.8,71.7,,70.5,,,442.0,UNKNOWN,0.7579185520362042,-0.5769230769230794,reports_pairwise
2026-04-10,EXIDEIND,55.3,63.5,56.5,39.8,89.9,,57.2,,,324.3,UNKNOWN,1.5572001233425874,12.380511871723705,reports_pairwise
2026-04-10,PETRONET,57.1,85.5,34.7,13.6,72.8,,60.7,,,270.51,UNKNOWN,-0.2624671916010423,4.284499648811516,reports_pairwise
2026-04-10,BAJAJFINSV,53.3,53.9,46.3,4.2,90.8,,64.7,,,1805.5,UNKNOWN,1.102187759623378,1.0523400720022156,reports_pairwise
2026-04-10,GODREJCP,52.9,59.8,48.1,15.0,87.4,,65.4,,,1076.7,UNKNOWN,0.3993684406055497,-3.724342899600644,reports_pairwise
2026-04-10,IRB,55.0,67.2,49.8,4.8,77.1,,60.6,,,21.52,UNKNOWN,0.4646840148698951,0.6970260223048426,reports_pairwise
2026-04-10,SIEMENS,56.6,61.8,57.1,10.1,71.3,,72.2,,,3377.5,UNKNOWN,0.7668393782383447,14.626202812731309,reports_pairwise
2026-04-10,BANKBARODA,56.5,77.9,39.3,7.5,72.7,,62.6,,,276.09,UNKNOWN,2.3724147922778847,-2.0790321996450265,reports_pairwise
2026-04-10,DIVISLAB,53.2,64.5,40.1,3.4,67.7,,68.3,,,6119.0,UNKNOWN,0.12256904722993953,9.535871874489295,reports_pairwise
2026-04-10,M&M,55.7,67.1,49.6,17.1,87.1,,63.5,,,3259.0,UNKNOWN,-0.245474071801166,3.427431727523775,reports_pairwise
2026-04-10,AUBANK,57.4,76.8,58.2,9.9,84.8,,61.0,,,976.85,UNKNOWN,1.6788657419255746,5.6866458514613365,reports_pairwise
2026-04-10,INDUSTOWER,55.7,82.7,45.9,3.8,64.9,,66.7,,,438.5,UNKNOWN,-1.7103762827822122,-8.118586088939573,reports_pairwise
2026-04-10,MUTHOOTFIN,57.5,71.6,61.1,9.6,84.1,,55.2,,,3526.3,UNKNOWN,3.6100161642514736,1.6447834841051525,reports_pairwise
2026-04-10,SUZLON,57.4,89.7,66.4,10.3,91.8,,39.8,,,45.2,UNKNOWN,5.044247787610606,23.11946902654866,reports_pairwise
2026-04-10,HEROMOTOCO,55.5,97.1,43.4,14.3,79.0,,62.7,,,5463.5,UNKNOWN,-2.800402672279674,-2.2055458954882403,reports_pairwise
2026-04-10,DRREDDY,50.6,81.9,26.8,8.9,42.6,,72.9,,,1228.4,UNKNOWN,-2.075871051774666,6.44741126668836,reports_pairwise
2026-04-10,MFSL,52.4,52.1,42.8,10.0,80.0,,66.1,,,1658.4,UNKNOWN,2.0200192957067054,2.9546550892426433,reports_pairwise
2026-04-10,ADANIENSOL,56.7,44.4,73.1,48.0,82.8,,63.1,,,1149.95,UNKNOWN,2.9131701378320796,20.622635766772458,reports_pairwise
2026-04-10,CGPOWER,56.7,74.7,50.0,7.5,80.0,,61.8,,,724.15,UNKNOWN,1.0426016709245418,18.635641786922605,reports_pairwise
2026-04-10,JINDALSTEL,56.2,49.6,51.8,5.0,77.7,,67.4,,,1200.5,UNKNOWN,3.3069554352353223,4.806330695543528,reports_pairwise
2026-04-10,POLYCAB,55.4,79.9,55.0,10.9,76.2,,65.0,,,7774.5,UNKNOWN,-0.514502540356293,15.80165927069265,reports_pairwise
2026-04-10,SONACOMS,56.5,56.5,66.7,16.6,88.3,,66.9,,,557.0,UNKNOWN,3.7701974865350087,3.886894075403945,reports_pairwise
2026-04-10,PNB,55.0,77.5,41.7,7.8,74.9,,59.8,,,111.44,UNKNOWN,2.1356783919597953,-2.0908111988513984,reports_pairwise
2026-04-10,UCOBANK,55.3,77.6,48.3,8.6,92.5,,50.9,,,26.22,UNKNOWN,0.6864988558352392,4.080854309687263,reports_pairwise
2026-04-10,ABCAPITAL,56.3,56.1,54.5,12.9,85.5,,61.5,,,339.6,UNKNOWN,2.8121319199057577,8.65724381625441,reports_pairwise
2026-04-10,OFSS,56.2,93.6,64.1,2.5,78.1,,51.2,,,7207.5,UNKNOWN,3.4547346514047867,31.78633368019424,reports_pairwise
2026-04-10,UNIONBANK,56.3,81.0,54.6,2.2,76.1,,56.6,,,188.67,UNKNOWN,1.2190597339269684,-11.337255525520744,reports_pairwise
2026-04-10,UPL,56.2,53.7,54.4,10.9,96.0,,54.9,,,644.95,UNKNOWN,1.4109620900844884,0.8527792852159082,reports_pairwise
2026-04-10,BRITANNIA,48.9,65.3,26.0,24.0,63.0,,72.4,,,5525.0,UNKNOWN,2.32579185520362,5.230769230769231,reports_pairwise
2026-04-10,ADANIENT,55.9,81.0,58.7,22.3,94.7,,50.8,,,2092.4,UNKNOWN,3.5652838845345016,20.134773465876492,reports_pairwise
2026-04-10,HAVELLS,50.2,66.3,34.1,0.4,78.6,,61.5,,,1277.7,UNKNOWN,0.8061360256711243,-0.6887375753306687,reports_pairwise
2026-04-10,IGL,54.7,85.1,55.5,28.1,92.3,,51.5,,,161.54,UNKNOWN,1.4609384672527013,5.138046304320919,reports_pairwise
2026-04-10,DABUR,49.5,71.2,29.2,7.6,77.4,,62.1,,,432.95,UNKNOWN,-0.6698233052315458,8.557570158216887,reports_pairwise
2026-04-10,GLENMARK,55.5,57.9,42.2,5.3,81.7,,67.8,,,2168.4,UNKNOWN,2.642501383508565,9.37096476664821,reports_pairwise
2026-04-10,MOTILALOFS,55.6,71.9,65.0,18.4,92.1,,38.7,,,771.05,UNKNOWN,0.817067635043132,15.595616367291356,reports_pairwise
2026-04-10,INDHOTEL,53.3,67.2,52.8,1.4,89.9,,56.1,,,640.95,UNKNOWN,1.3573601684998722,4.391918246353066,reports_pairwise
2026-04-10,PERSISTENT,55.4,76.0,71.5,8.6,81.7,,57.2,,,5411.8,UNKNOWN,3.1338926050482176,-7.904948445988398,reports_pairwise
2026-04-10,CHOLAFIN,55.3,62.0,48.6,8.3,90.6,,59.2,,,1579.9,UNKNOWN,-2.3166023166023253,6.918159377175767,reports_pairwise
2026-04-10,KALYANKJIL,55.2,53.5,75.5,18.9,83.4,,43.6,,,450.2,UNKNOWN,-0.41092847623277784,-8.67392270102177,reports_pairwise
2026-04-10,WAAREEENER,55.1,83.2,71.5,31.5,92.6,,38.2,,,3281.9,UNKNOWN,3.38828117858557,-1.684999542947688,reports_pairwise
2026-04-10,BAJFINANCE,54.4,57.9,49.5,5.7,88.1,,60.2,,,917.9,UNKNOWN,0.4684606166249121,5.975596470203729,reports_pairwise
2026-04-10,VBL,53.9,67.1,52.9,15.0,89.5,,55.5,,,433.7,UNKNOWN,1.6947198524325624,17.731150564906624,reports_pairwise
2026-04-10,BAJAJHFL,49.4,52.5,54.2,2.5,93.9,,45.0,,,85.75,UNKNOWN,1.306122448979597,2.5889212827988324,reports_pairwise
2026-04-10,HDFCLIFE,48.4,58.4,28.5,15.0,76.9,,59.5,,,601.15,UNKNOWN,5.298178491225156,4.033934957997172,reports_pairwise
2026-04-10,HUDCO,54.8,60.4,56.9,8.3,93.5,,45.4,,,184.68,UNKNOWN,3.422135585878272,23.462204894953423,reports_pairwise
2026-04-10,NYKAA,53.5,37.7,56.9,1.5,74.5,,67.4,,,259.2,UNKNOWN,0.7407407407407469,4.10879629629631,reports_pairwise
2026-04-10,NHPC,50.7,41.5,52.4,15.9,70.5,,65.5,,,76.83,UNKNOWN,2.6161655603280036,6.182480801770142,reports_pairwise
2026-04-10,YESBANK,54.4,72.0,45.6,5.2,89.2,,56.5,,,19.12,UNKNOWN,1.1506276150627555,17.730125523012553,reports_pairwise
2026-04-10,GMRAIRPORT,54.1,65.7,52.1,3.4,77.4,,61.4,,,95.44,UNKNOWN,3.29002514668902,5.469404861693209,reports_pairwise
2026-04-10,TRENT,54.3,68.7,63.3,1.6,91.5,,41.6,,,3961.7,UNKNOWN,-0.35843198626851647,8.390337481384268,reports_pairwise
2026-04-10,BAJAJHLDNG,54.1,83.3,46.7,7.8,93.5,,45.4,,,9965.0,UNKNOWN,1.7561465127947817,6.342197691921727,reports_pairwise
2026-04-10,BANDHANBNK,54.1,75.9,42.0,29.2,70.0,,56.8,,,168.46,UNKNOWN,0.9675887451026922,23.251810518817514,reports_pairwise
2026-04-10,INDUSINDBK,53.8,72.7,39.5,3.9,80.3,,62.4,,,833.0,UNKNOWN,1.4465786314525755,13.679471788715492,reports_pairwise
2026-04-10,JIOFIN,51.9,50.0,52.0,8.2,87.8,,52.3,,,243.5,UNKNOWN,-0.22176591375769691,3.0882956878850143,reports_pairwise
2026-04-10,ICICIPRULI,48.3,56.8,27.8,2.3,79.1,,61.7,,,545.95,UNKNOWN,3.7366059162926963,3.1046799157431875,reports_pairwise
2026-04-10,SOLARINDS,53.5,72.3,45.6,7.5,75.7,,54.1,,,14057.0,UNKNOWN,4.4604111830404785,13.01842498399374,reports_pairwise
2026-04-10,BPCL,51.7,68.8,39.1,10.6,78.7,,50.3,,,300.4,UNKNOWN,1.0985352862849573,2.3968042609853684,reports_pairwise
2026-04-10,TATACOMM,53.1,65.8,51.4,11.7,90.1,,53.0,,,1493.9,UNKNOWN,3.172903139433688,6.667112925898648,reports_pairwise
2026-04-10,TATATECH,50.9,68.7,52.5,1.4,89.6,,52.4,,,568.3,UNKNOWN,1.0469822276966472,10.724969206405078,reports_pairwise
2026-04-10,TIINDIA,53.1,55.3,60.4,7.9,75.8,,52.6,,,2749.1,UNKNOWN,0.3346549779928076,9.690444145356667,reports_pairwise
2026-04-10,HINDZINC,53.0,85.2,46.5,5.1,85.4,,46.5,,,560.8,UNKNOWN,5.72396576319544,13.507489300998573,reports_pairwise
2026-04-10,LTF,53.0,55.3,52.9,7.5,88.9,,56.0,,,276.81,UNKNOWN,1.7340414002384348,9.696181496333216,reports_pairwise
2026-04-10,INDIGO,52.8,50.0,56.0,12.5,89.5,,48.4,,,4536.0,UNKNOWN,1.1904761904761905,-0.6415343915343995,reports_pairwise
2026-04-10,MAZDOCK,52.9,82.8,50.2,5.8,85.7,,37.7,,,2477.6,UNKNOWN,1.8768162738133678,8.302389409105597,reports_pairwise
2026-04-10,TORNTPOWER,52.2,79.4,48.7,2.5,75.0,,62.4,,,1454.2,UNKNOWN,2.8744326777609652,17.762343556594686,reports_pairwise
2026-04-10,ASHOKLEY,52.5,65.8,38.9,31.9,86.6,,55.9,,,177.3,UNKNOWN,0.3948110547095254,-3.6773829667230737,reports_pairwise
2026-04-10,COLPAL,48.2,81.3,36.0,18.0,80.2,,56.0,,,1935.5,UNKNOWN,0.14466546112115497,11.96073366055283,reports_pairwise
2026-04-10,IOC,48.5,57.4,32.2,10.3,72.8,,54.0,,,142.94,UNKNOWN,1.5461032601091422,2.76339722960682,reports_pairwise
2026-04-10,COFORGE,52.1,69.5,65.2,12.0,84.0,,40.2,,,1223.0,UNKNOWN,3.744889615699097,5.094031071136546,reports_pairwise
2026-04-10,NAUKRI,50.6,54.0,48.8,15.9,81.2,,47.5,,,987.1,UNKNOWN,3.540674703677432,-0.5318610069901732,reports_pairwise
2026-04-10,PREMIERENE,52.1,77.4,74.7,10.0,97.5,,45.8,,,974.2,UNKNOWN,1.9708478751796277,4.547320878669673,reports_pairwise
2026-04-10,ESCORTS,52.0,77.9,47.2,18.1,93.3,,52.9,,,3204.8,UNKNOWN,0.26522715926110835,4.4027708437343955,reports_pairwise
2026-04-10,IRFC,51.9,55.7,52.2,8.9,97.8,,46.8,,,100.31,UNKNOWN,1.5551789452696663,6.440035888744884,reports_pairwise
2026-04-10,PHOENIXLTD,51.4,52.1,68.0,30.0,84.8,,63.8,,,1763.0,UNKNOWN,0.3403289846851957,3.771979580260919,reports_pairwise
2026-04-10,POLICYBZR,51.9,53.4,48.7,5.7,86.9,,52.0,,,1504.5,UNKNOWN,-1.030242605516783,11.937520771020267,reports_pairwise
2026-04-10,TATAELXSI,51.8,72.1,57.1,3.8,96.3,,45.6,,,4447.7,UNKNOWN,1.7829439935247473,-3.3792746812959553,reports_pairwise
2026-04-10,KPITTECH,51.8,85.5,58.6,11.5,93.8,,34.1,,,718.85,UNKNOWN,1.9753773388050264,0.528622104750637,reports_pairwise
2026-04-10,MANKIND,48.9,56.8,36.4,3.2,73.6,,58.6,,,2077.8,UNKNOWN,1.0347482914621233,14.313215901434189,reports_pairwise
2026-04-10,ADANIGREEN,51.3,51.5,75.8,34.9,77.1,,49.4,,,1080.75,UNKNOWN,2.0587554938699975,26.301179736294237,reports_pairwise
2026-04-10,SHRIRAMFIN,51.3,66.2,44.5,10.8,74.5,,58.7,,,1018.3,UNKNOWN,2.312677992732982,-0.2602376509869368,reports_pairwise
2026-04-10,HINDPETRO,51.2,55.2,43.0,30.0,90.7,,41.4,,,360.6,UNKNOWN,0.9012756516916249,9.955629506378251,reports_pairwise
2026-04-10,IREDA,51.1,56.5,62.5,8.6,90.3,,39.0,,,124.25,UNKNOWN,1.4325955734406448,9.102615694164992,reports_pairwise
2026-04-10,BHEL,50.9,44.6,67.2,18.7,77.7,,61.5,,,283.01,UNKNOWN,3.4027066181407,43.61683332744426,reports_pairwise
2026-04-10,PAYTM,51.0,48.6,62.4,14.8,91.0,,51.9,,,1122.9,UNKNOWN,0.97515362009082,6.634606821622584,reports_pairwise
2026-04-10,PATANJALI,46.3,71.3,29.9,13.8,64.0,,56.4,,,468.4,UNKNOWN,-0.5123825789923094,-1.7186165670367113,reports_pairwise
2026-04-10,SRF,49.0,61.1,34.3,15.9,80.4,,56.1,,,2468.0,UNKNOWN,0.33630470016208197,12.28930307941654,reports_pairwise
2026-04-10,MOTHERSON,50.5,63.7,49.9,11.8,82.4,,54.9,,,121.13,UNKNOWN,1.056715925039215,7.67770164286305,reports_pairwise
2026-04-10,VMM,50.5,53.1,57.7,20.8,90.2,,43.0,,,114.6,UNKNOWN,1.823734729493895,9.441535776614318,reports_pairwise
2026-04-10,DLF,49.6,75.2,46.9,12.6,93.2,,45.8,,,567.65,UNKNOWN,1.8233066149916364,9.019642385272624,reports_pairwise
2026-04-10,BANKINDIA,49.7,74.8,37.3,8.1,68.3,,53.2,,,147.32,UNKNOWN,1.2829215313603142,-4.717621504208518,reports_pairwise
2026-04-10,TMPV,49.8,79.9,52.2,12.6,98.2,,54.4,,,341.6,UNKNOWN,2.7517564402810235,5.166861826697885,reports_pairwise
2026-04-10,BHARATFORG,49.6,47.7,44.6,22.7,78.6,,66.2,,,1798.7,UNKNOWN,2.0236837716128235,10.796686495802527,reports_pairwise
2026-04-10,IDFCFIRSTB,49.6,65.0,49.2,5.0,92.5,,46.4,,,66.27,UNKNOWN,1.1015542477742628,6.21699109702732,reports_pairwise
2026-04-10,ASTRAL,49.4,60.3,36.1,9.6,67.6,,65.7,,,1611.7,UNKNOWN,2.202643171806167,-2.6431718061674094,reports_pairwise
2026-04-10,ETERNAL,48.4,49.9,57.4,8.9,84.4,,42.0,,,241.27,UNKNOWN,0.26111824926430777,6.693745596220005,reports_pairwise
2026-04-10,UNITDSPR,43.9,68.4,25.7,6.8,69.9,,62.6,,,1265.5,UNKNOWN,-1.4855788225997595,1.1299881469774757,reports_pairwise
2026-04-10,MAXHEALTH,45.9,55.8,28.5,9.3,63.1,,55.5,,,950.35,UNKNOWN,2.6148261166938522,6.834324196348707,reports_pairwise
2026-04-10,SUPREMEIND,47.3,63.4,33.1,7.7,56.3,,57.9,,,3781.1,UNKNOWN,1.6529581338763852,-3.0731797625029706,reports_pairwise
2026-04-10,NTPCGREEN,47.3,32.5,58.1,19.9,81.9,,54.0,,,96.98,UNKNOWN,10.167044751495153,12.662404619509177,reports_pairwise
2026-04-10,COCHINSHIP,47.8,58.0,51.4,20.1,97.1,,29.3,,,1467.3,UNKNOWN,0.02726095549649635,23.676139848701705,reports_pairwise
2026-04-10,GODREJPROP,47.8,55.8,56.9,9.2,95.3,,43.7,,,1722.9,UNKNOWN,0.760345928376569,9.037088629636068,reports_pairwise
2026-04-10,DIXON,47.5,78.2,47.7,10.2,92.4,,36.2,,,10730.5,UNKNOWN,0.545174968547598,2.9588555985275615,reports_pairwise
2026-04-10,BDL,47.4,61.2,48.3,11.6,92.9,,35.4,,,1351.9,UNKNOWN,-0.18492492048228418,8.506546342185073,reports_pairwise
2026-04-10,SBICARD,45.8,53.5,36.0,4.2,80.0,,49.3,,,678.6,UNKNOWN,2.0041261420571796,-4.487179487179493,reports_pairwise
2026-04-10,ATGL,45.3,56.5,74.6,47.3,88.9,,37.0,,,580.0,UNKNOWN,0.1724137931034483,11.077586206896552,reports_pairwise
2026-04-10,BHARTIHEXA,44.9,64.4,34.2,7.6,71.6,,48.6,,,1527.1,UNKNOWN,1.2376399711872237,-0.7530613581297885,reports_pairwise
2026-04-10,VOLTAS,43.6,55.3,25.5,16.3,63.5,,60.9,,,1304.8,UNKNOWN,6.069895769466589,4.529429797670152,reports_pairwise
2026-04-10,PRESTIGE,44.2,39.4,51.9,20.5,98.8,,48.5,,,1325.0,UNKNOWN,0.5283018867924528,11.962264150943398,reports_pairwise
2026-04-10,JSWENERGY,43.6,42.5,40.4,2.3,50.0,,64.4,,,490.35,UNKNOWN,5.883552564494753,17.446721729376964,reports_pairwise
2026-04-10,LODHA,43.8,79.8,38.3,15.0,94.1,,35.6,,,834.65,UNKNOWN,0.77876954412029,15.898879769963465,reports_pairwise
2026-04-10,RVNL,43.9,53.6,47.1,7.9,91.0,,31.7,,,276.47,UNKNOWN,1.580641660939685,11.657684378051853,reports_pairwise
2026-04-10,IDEA,43.3,80.0,39.0,7.5,77.6,,34.8,,,9.26,UNKNOWN,0.8639308855291584,21.274298056155516,reports_pairwise
2026-04-10,SJVN,43.3,32.0,55.9,7.8,88.2,,43.9,,,72.18,UNKNOWN,2.2720975339429015,10.681629260182866,reports_pairwise
2026-04-10,HYUNDAI,42.2,94.9,23.7,5.0,80.7,,38.8,,,1804.3,UNKNOWN,-1.6294407803580262,1.7458294075264644,reports_pairwise
2026-04-10,JUBLFOOD,41.1,55.1,30.1,17.7,69.6,,44.7,,,444.95,UNKNOWN,0.7079447128890964,7.652545229801104,reports_pairwise
2026-04-10,OLAELEC,41.3,36.5,75.2,53.7,86.0,,9.0,,,39.22,UNKNOWN,3.110657827638957,-10.530341662417122,reports_pairwise
2026-04-10,M&MFIN,40.8,53.0,27.7,25.7,67.3,,48.7,,,298.45,UNKNOWN,2.3957111744010837,10.051934997487017,reports_pairwise
2026-04-10,BIOCON,38.9,44.3,20.1,8.1,44.5,,62.9,,,349.8,UNKNOWN,-0.12864493996569143,9.276729559748425,reports_pairwise
2026-04-10,ABFRL,37.4,45.1,46.6,12.7,86.6,,12.0,,,60.55,UNKNOWN,6.0280759702725115,11.957060280759718,reports_pairwise
2026-04-10,SWIGGY,36.3,49.6,31.1,4.3,83.4,,29.3,,,276.0,UNKNOWN,-1.2681159420289856,1.2681159420289856,reports_pairwise
2026-04-15,ICICIBANK,78.9,85.0,65.8,7.5,85.9,,75.1,,,1354.7,UNKNOWN,2.4876356388868417,-8.444674097586189,reports_pairwise
2026-04-15,ZYDUSLIFE,74.0,80.6,54.7,2.2,73.2,,71.9,,,925.2,UNKNOWN,0.3674881106787697,0.5890618244703774,reports_pairwise
2026-04-15,BHARTIARTL,72.6,64.8,58.1,2.3,81.7,,72.7,,,1881.8,UNKNOWN,-1.4241683494526494,-6.642576256775428,reports_pairwise
2026-04-15,LICI,78.2,93.8,59.8,18.9,89.8,,64.7,,,828.75,UNKNOWN,-0.5610859728506761,-5.791855203619909,reports_pairwise
2026-04-15,LUPIN,74.4,86.4,46.4,1.3,65.4,,79.0,,,2332.9,UNKNOWN,-0.9173132153114189,-3.750696557932187,reports_pairwise
2026-04-15,NMDC,81.1,89.9,67.2,10.7,89.6,,72.7,,,87.46,UNKNOWN,1.1548136290875888,-0.9604390578550072,reports_pairwise
2026-04-15,ONGC,74.4,71.4,61.2,1.6,80.7,,78.8,,,286.05,UNKNOWN,-1.0312882363223173,2.9540290159063063,reports_pairwise
2026-04-15,SBIN,73.9,87.7,51.7,3.1,71.9,,71.1,,,1086.3,UNKNOWN,2.3520206204547507,-10.282610696860898,reports_pairwise
2026-04-15,TITAN,74.2,50.0,68.1,2.8,89.8,,79.5,,,4494.3,UNKNOWN,-0.3248559286207054,-9.76792826469083,reports_pairwise
2026-04-15,MARICO,71.3,72.7,51.0,3.5,66.5,,78.8,,,762.15,UNKNOWN,0.04592271862494558,8.902447024863875,reports_pairwise
2026-04-15,HDFCBANK,71.4,83.0,48.1,2.8,91.5,,66.3,,,805.85,UNKNOWN,0.7321461810510612,-6.87472854749643,reports_pairwise
2026-04-15,ABB,78.6,72.4,66.2,20.0,95.9,,72.8,,,6890.0,UNKNOWN,5.297532656023222,-8.149492017416545,reports_pairwise
2026-04-15,CUMMINSIND,78.3,74.9,64.8,17.1,92.5,,73.9,,,5064.7,UNKNOWN,1.0207909649140092,1.88165143048947,reports_pairwise
2026-04-15,APOLLOHOSP,71.7,53.7,51.5,3.6,76.0,,76.4,,,7578.5,UNKNOWN,2.183809460975127,5.858679158144751,reports_pairwise
2026-04-15,ALKEM,73.3,82.9,50.6,5.1,67.8,,73.9,,,5403.5,UNKNOWN,5.422411400018507,1.7211066901082632,reports_pairwise
2026-04-15,NESTLEIND,70.4,73.2,56.6,3.6,69.0,,77.3,,,1243.1,UNKNOWN,11.004746199018598,18.14013353712493,reports_pairwise
2026-04-15,BAJAJ-AUTO,73.5,77.3,67.3,19.6,72.0,,74.6,,,9922.5,UNKNOWN,-1.305114638447972,4.782060972537163,reports_pairwise
2026-04-15,SBILIFE,70.5,63.9,54.2,0.0,77.4,,75.5,,,1954.7,UNKNOWN,-2.2049419348237653,-6.179976466977028,reports_pairwise
2026-04-15,ASIANPAINT,73.5,66.0,67.0,15.8,87.3,,63.2,,,2399.9,UNKNOWN,5.9877494895620575,4.400183340972537,reports_pairwise
2026-04-15,AXISBANK,73.9,85.2,70.8,4.7,72.2,,74.7,,,1372.1,UNKNOWN,0.40813351796517283,-8.162670359303258,reports_pairwise
2026-04-15,ITC,69.6,93.0,48.4,6.5,85.5,,58.5,,,302.4,UNKNOWN,2.3974867724867726,-0.5621693121693085,reports_pairwise
2026-04-15,PIDILITIND,70.0,70.5,41.3,7.5,68.7,,70.8,,,1335.5,UNKNOWN,5.413702733058776,8.798202920254585,reports_pairwise
2026-04-15,FEDERALBNK,75.6,80.2,68.1,5.5,88.4,,73.9,,,293.8,UNKNOWN,0.6637168141592881,-3.063308373042886,reports_pairwise
2026-04-15,ICICIGI,71.8,81.4,47.4,0.0,72.9,,70.4,,,1806.9,UNKNOWN,1.8318667330787484,-1.3337760805800065,reports_pairwise
2026-04-15,KOTAKBANK,71.5,89.0,54.5,7.5,78.3,,67.1,,,379.4,UNKNOWN,0.7248286768581972,-0.8961518186610378,reports_pairwise
2026-04-15,HINDUNILVR,69.4,71.8,54.2,3.6,79.3,,66.4,,,2155.6,UNKNOWN,7.195212469845978,4.935980701428841,reports_pairwise
2026-04-15,NTPC,68.5,66.8,50.9,4.5,78.6,,81.7,,,389.5,UNKNOWN,1.7201540436456966,0.8215661103979431,reports_pairwise
2026-04-15,GICRE,72.4,73.7,64.9,50.7,78.6,,69.4,,,396.55,UNKNOWN,0.1639137561467601,-3.5682763838103733,reports_pairwise
2026-04-15,ADANIPORTS,75.6,88.1,65.9,7.5,78.1,,69.9,,,1490.9,UNKNOWN,6.921993426789175,13.233617278154131,reports_pairwise
2026-04-15,NATIONALUM,78.0,97.3,62.0,4.6,97.6,,61.5,,,428.8,UNKNOWN,-1.3642723880597067,-8.10401119402985,reports_pairwise
2026-04-15,BRITANNIA,67.8,65.3,43.9,2.9,72.4,,73.5,,,5653.5,UNKNOWN,3.2546210312195982,-5.651366410188379,reports_pairwise
2026-04-15,CIPLA,66.9,90.2,31.6,4.6,74.3,,62.6,,,1222.9,UNKNOWN,0.7850192166162326,5.675034753454891,reports_pairwise
2026-04-15,VEDL,77.6,74.0,66.3,8.2,93.4,,68.6,,,764.7,UNKNOWN,0.27461749705765776,-60.10853929645613,reports_pairwise
2026-04-15,TORNTPHARM,68.0,69.4,35.1,5.8,60.2,,77.0,,,4188.4,UNKNOWN,-1.2582370356221904,4.6199025881004685,reports_pairwise
2026-04-15,INDIANB,77.2,87.2,69.1,4.3,82.8,,70.4,,,995.6,UNKNOWN,-7.487946966653281,-17.496986741663324,reports_pairwise
2026-04-15,POWERGRID,68.1,60.1,49.5,4.7,80.7,,75.3,,,302.9,UNKNOWN,5.430835259161455,1.1224826675470565,reports_pairwise
2026-04-15,ULTRACEMCO,69.4,57.8,63.1,4.6,78.6,,71.1,,,11766.0,UNKNOWN,2.320244773074962,-2.124766275709672,reports_pairwise
2026-04-15,LT,71.3,62.4,67.8,8.7,74.8,,69.4,,,4050.0,UNKNOWN,0.6271604938271627,-4.777777777777778,reports_pairwise
2026-04-15,AUROPHARMA,73.2,79.1,57.9,0.0,90.1,,73.4,,,1354.0,UNKNOWN,2.784342688330875,9.911373707533238,reports_pairwise
2026-04-15,HINDALCO,72.5,78.2,62.5,4.6,81.7,,69.9,,,1018.4,UNKNOWN,0.3191280439905735,2.2584446190102234,reports_pairwise
2026-04-15,ACC,68.4,77.4,51.8,15.0,91.9,,54.0,,,1428.2,UNKNOWN,0.6861784063856571,-5.685478224338332,reports_pairwise
2026-04-15,BEL,72.6,75.0,51.9,1.4,86.5,,71.1,,,445.35,UNKNOWN,1.3809363422027567,-6.478050971146295,reports_pairwise
2026-04-15,IRCTC,68.0,88.0,57.6,2.7,91.2,,54.3,,,548.8,UNKNOWN,2.259475218658909,-2.696793002915444,reports_pairwise
2026-04-15,PFC,74.1,57.2,66.4,11.7,90.8,,70.2,,,443.6,UNKNOWN,6.1992786293958515,-0.6537421100090247,reports_pairwise
2026-04-15,MARUTI,68.8,83.7,56.4,23.8,81.5,,60.6,,,13260.0,UNKNOWN,1.5158371040723981,-0.6636500754147813,reports_pairwise
2026-04-15,TATACONSUM,66.1,54.4,60.6,3.4,79.6,,73.8,,,1099.2,UNKNOWN,3.8937409024745224,13.991994177583692,reports_pairwise
2026-04-15,HCLTECH,69.5,93.2,66.9,2.0,77.6,,64.4,,,1469.3,UNKNOWN,-1.9124753283876614,-22.01728714353774,reports_pairwise
2026-04-15,PAGEIND,68.1,68.6,75.3,5.5,83.1,,56.7,,,36545.0,UNKNOWN,3.8719387057052947,-3.9950745656040496,reports_pairwise
2026-04-15,COALINDIA,66.8,90.3,22.1,12.8,57.9,,74.7,,,433.8,UNKNOWN,2.1553711387736203,6.742738589211618,reports_pairwise
2026-04-15,HDFCLIFE,66.3,58.4,48.6,8.1,91.5,,61.8,,,633.0,UNKNOWN,-2.969984202211683,-4.928909952606642,reports_pairwise
2026-04-15,BSE,74.5,75.0,75.7,15.0,95.5,,57.2,,,3374.4,UNKNOWN,4.19037458511143,14.150663821716453,reports_pairwise
2026-04-15,TATAPOWER,66.5,49.4,53.5,13.2,84.9,,77.7,,,410.65,UNKNOWN,6.185315962498486,1.8872519176914646,reports_pairwise
2026-04-15,HAVELLS,66.7,66.4,43.7,6.2,78.2,,62.1,,,1288.0,UNKNOWN,3.167701863354034,-7.538819875776391,reports_pairwise
2026-04-15,TCS,66.6,91.1,61.0,11.0,82.6,,57.5,,,2549.6,UNKNOWN,2.388609978035774,-9.778004392845926,reports_pairwise
2026-04-15,HAL,72.2,89.9,61.2,1.3,88.7,,58.6,,,4151.1,UNKNOWN,4.993857049938553,10.151526101515252,reports_pairwise
2026-04-15,PIIND,68.2,79.5,49.9,0.0,81.0,,53.7,,,2943.7,UNKNOWN,2.6361381934300496,1.8310289771376191,reports_pairwise
2026-04-15,SHREECEM,65.5,49.4,61.3,11.0,84.5,,56.8,,,24805.0,UNKNOWN,2.9631122757508566,0.22172949002217296,reports_pairwise
2026-04-15,EICHERMOT,69.4,83.7,54.2,7.5,68.3,,67.0,,,7124.5,UNKNOWN,1.628184433995368,0.02105410906028493,reports_pairwise
2026-04-15,TVSMOTOR,69.9,50.0,70.6,8.5,78.7,,72.3,,,3772.7,UNKNOWN,-0.5301243141516686,-5.611365865295407,reports_pairwise
2026-04-15,GODREJCP,67.3,59.8,59.0,0.0,85.5,,65.6,,,1081.0,UNKNOWN,4.07493061979648,-4.699352451433853,reports_pairwise
2026-04-15,GRASIM,66.3,40.7,58.4,7.5,73.9,,74.2,,,2752.0,UNKNOWN,0.9338662790697609,5.486918604651163,reports_pairwise
2026-04-15,ICICIPRULI,66.1,57.0,45.7,7.5,91.0,,63.5,,,566.35,UNKNOWN,-2.8692504634943052,-4.387746093405142,reports_pairwise
2026-04-15,WIPRO,67.9,82.8,60.1,13.6,91.0,,59.8,,,208.02,UNKNOWN,-1.4469762522834435,-8.869339486587837,reports_pairwise
2026-04-15,CANBK,72.6,81.8,55.2,2.8,81.9,,63.3,,,143.0,UNKNOWN,0.8811188811188747,-9.08391608391609,reports_pairwise
2026-04-15,HDFCAMC,73.5,84.6,65.3,1.9,85.6,,62.8,,,2625.0,UNKNOWN,6.438095238095238,0.2971428571428641,reports_pairwise
2026-04-15,M&M,70.4,67.1,63.7,3.7,84.5,,63.4,,,3251.0,UNKNOWN,-0.11381113503536815,-2.3069824669332513,reports_pairwise
2026-04-15,DMART,67.6,61.5,72.5,0.0,81.2,,68.5,,,4463.9,UNKNOWN,2.8114429086673094,-2.961535876699743,reports_pairwise
2026-04-15,AMBUJACEM,68.3,74.3,55.0,3.8,91.8,,54.7,,,451.45,UNKNOWN,1.06324066895559,-5.426957581127478,reports_pairwise
2026-04-15,MAHABANK,72.4,85.8,64.5,5.0,82.4,,61.3,,,71.59,UNKNOWN,11.998882525492391,9.47059645201844,reports_pairwise
2026-04-15,IOB,72.3,88.4,59.0,5.6,78.8,,59.3,,,35.25,UNKNOWN,-1.0496453900709146,-4.5390070921985854,reports_pairwise
2026-04-15,SIEMENS,70.3,61.8,59.5,10.6,86.4,,72.8,,,3403.4,UNKNOWN,9.352412293588756,5.024387377328553,reports_pairwise
2026-04-15,BAJAJFINSV,66.2,53.9,59.3,0.0,89.3,,65.1,,,1825.4,UNKNOWN,1.4243453489646105,-4.4154705817902995,reports_pairwise
2026-04-15,DABUR,64.1,71.4,40.2,4.5,75.8,,61.9,,,430.05,UNKNOWN,5.104057667713054,10.045343564701776,reports_pairwise
2026-04-15,POLYCAB,70.3,80.0,60.4,7.5,73.8,,64.7,,,7734.5,UNKNOWN,2.8573275583424915,16.639731075053334,reports_pairwise
2026-04-15,COLPAL,65.8,81.3,49.6,4.0,79.2,,56.0,,,1938.3,UNKNOWN,8.6828664293453,9.642470205850481,reports_pairwise
2026-04-15,ADANIPOWER,71.6,76.9,75.2,16.6,99.4,,59.1,,,183.74,UNKNOWN,10.471318166975061,14.090562751714373,reports_pairwise
2026-04-15,INDHOTEL,68.2,66.8,58.6,0.2,91.8,,57.2,,,649.65,UNKNOWN,2.5398291387670286,-2.347417840375587,reports_pairwise
2026-04-15,INFY,67.2,91.6,57.3,7.5,86.5,,59.1,,,1320.1,UNKNOWN,-0.5226876751761127,-13.620180289372014,reports_pairwise
2026-04-15,PETRONET,70.0,85.4,41.4,1.1,79.7,,60.6,,,269.8,UNKNOWN,2.9577464788732253,0.5003706449221519,reports_pairwise
2026-04-15,MFSL,65.6,52.1,52.3,1.8,79.8,,67.2,,,1691.9,UNKNOWN,-2.5474318813168706,-2.2578166558307253,reports_pairwise
2026-04-15,SAIL,71.5,63.9,70.4,1.5,91.4,,64.3,,,170.4,UNKNOWN,2.7347417840375567,3.339201877934271,reports_pairwise
2026-04-15,IRB,67.4,66.6,50.9,11.6,75.5,,60.8,,,21.62,UNKNOWN,0.9250693802035119,-3.7002775208140637,reports_pairwise
2026-04-15,SUNPHARMA,61.5,75.7,20.7,11.4,49.7,,75.2,,,1663.0,UNKNOWN,0.13229104028863772,10.986169573060737,reports_pairwise
2026-04-15,TATASTEEL,68.9,55.2,68.2,5.8,78.5,,68.2,,,210.7,UNKNOWN,0.6217370669197922,0.6169909824394928,reports_pairwise
2026-04-15,CONCOR,66.6,73.3,63.2,3.7,88.6,,57.2,,,490.2,UNKNOWN,2.8559771521827826,5.263157894736844,reports_pairwise
2026-04-15,APLAPOLLO,67.1,67.9,49.4,12.3,56.2,,66.1,,,2003.0,UNKNOWN,5.17224163754368,-6.080878681977032,reports_pairwise
2026-04-15,DIVISLAB,65.1,64.5,46.0,1.3,72.1,,68.5,,,6126.5,UNKNOWN,2.603444054517261,8.446910960581082,reports_pairwise
2026-04-15,OBEROIRLTY,67.6,78.2,75.4,4.0,81.2,,62.2,,,1706.3,UNKNOWN,1.0314716052276935,-4.665064760007027,reports_pairwise
2026-04-15,UNIONBANK,69.9,81.1,60.2,4.1,78.2,,57.4,,,190.97,UNKNOWN,0.21469340734146547,-15.07042991045714,reports_pairwise
2026-04-15,MPHASIS,68.0,82.7,68.4,5.4,90.1,,57.3,,,2388.0,UNKNOWN,1.2981574539363483,-10.113065326633166,reports_pairwise
2026-04-15,MRF,65.1,75.2,55.7,4.6,81.8,,64.8,,,136715.0,UNKNOWN,2.1577734703580442,-7.468090553340892,reports_pairwise
2026-04-15,TMPV,69.7,79.2,67.2,5.6,93.1,,55.8,,,351.0,UNKNOWN,1.3960113960113896,-4.031339031339025,reports_pairwise
2026-04-15,APOLLOTYRE,66.5,65.1,60.8,11.5,86.0,,61.4,,,439.35,UNKNOWN,0.5917833162626529,-9.240924092409246,reports_pairwise
2026-04-15,MUTHOOTFIN,69.6,70.8,71.9,5.8,80.8,,56.9,,,3653.6,UNKNOWN,-1.1878694985767486,-8.216553536238226,reports_pairwise
2026-04-15,INDUSINDBK,67.8,72.0,54.0,0.0,80.2,,64.4,,,845.05,UNKNOWN,1.3431157919649752,5.6564700313591,reports_pairwise
2026-04-15,JINDALSTEL,68.6,49.6,55.4,0.7,82.8,,69.5,,,1240.2,UNKNOWN,3.918722786647307,-2.0883728430898314,reports_pairwise
2026-04-15,BANKBARODA,67.5,78.1,47.7,2.4,81.1,,63.8,,,282.64,UNKNOWN,0.4988678177186616,-8.027879988678176,reports_pairwise
2026-04-15,CENTRALBK,67.3,73.0,50.0,2.4,81.0,,64.2,,,35.74,UNKNOWN,1.5388919977616036,-3.3855623950755476,reports_pairwise
2026-04-15,HEROMOTOCO,67.0,88.8,46.8,8.7,71.0,,61.2,,,5310.5,UNKNOWN,-0.969776857169758,-4.293381037567084,reports_pairwise
2026-04-15,IGL,67.7,85.4,56.0,33.0,92.4,,52.2,,,163.9,UNKNOWN,2.013422818791936,-4.325808419768153,reports_pairwise
2026-04-15,BAJFINANCE,68.3,57.7,64.6,2.5,85.5,,60.2,,,922.2,UNKNOWN,1.805465191932333,-1.9518542615484709,reports_pairwise
2026-04-15,CHOLAFIN,68.8,62.5,54.9,5.4,87.4,,58.2,,,1543.3,UNKNOWN,2.9741463098555103,1.1468930214475503,reports_pairwise
2026-04-15,EXIDEIND,64.8,63.1,64.2,25.1,88.9,,58.0,,,329.35,UNKNOWN,1.1386063458327007,5.146500683163803,reports_pairwise
2026-04-15,JSWSTEEL,64.6,43.3,61.2,0.0,67.3,,71.9,,,1230.0,UNKNOWN,4.032520325203245,1.813008130081297,reports_pairwise
2026-04-15,LTIM,66.1,87.9,60.5,10.7,83.8,,52.0,,,4504.0,UNKNOWN,0.0,,reports_pairwise
2026-04-15,AUBANK,68.7,76.4,68.9,0.0,81.2,,62.0,,,993.25,UNKNOWN,4.495343569091376,0.6393153788069492,reports_pairwise
2026-04-15,RELIANCE,60.6,75.9,30.9,5.9,57.4,,69.0,,,1337.4,UNKNOWN,1.1888739344997654,1.9889337520562216,reports_pairwise
2026-04-15,SONACOMS,68.7,56.6,73.8,36.3,82.6,,67.2,,,578.0,UNKNOWN,0.5709342560553554,1.055363321799312,reports_pairwise
2026-04-15,TECHM,63.9,82.8,66.6,2.7,62.3,,62.0,,,1469.3,UNKNOWN,2.143878037160553,-5.199754985367173,reports_pairwise
2026-04-15,HINDZINC,68.5,84.3,58.8,2.6,88.0,,49.2,,,592.9,UNKNOWN,-0.7421150278293097,8.264462809917356,reports_pairwise
2026-04-15,CGPOWER,68.3,74.7,53.7,2.5,80.3,,62.3,,,731.7,UNKNOWN,10.051933852671853,13.940139401394013,reports_pairwise
2026-04-15,PNB,66.7,77.7,48.2,2.6,82.6,,60.8,,,113.82,UNKNOWN,0.2547882621683415,-9.699525566684231,reports_pairwise
2026-04-15,VBL,67.3,66.5,66.4,5.2,90.4,,56.2,,,441.05,UNKNOWN,9.987529758530782,10.724407663530213,reports_pairwise
2026-04-15,BOSCHLTD,66.7,73.8,75.6,3.9,75.6,,62.5,,,36950.0,UNKNOWN,3.1123139377537212,-1.1907983761840324,reports_pairwise
2026-04-15,RECLTD,66.3,58.4,61.0,1.3,82.6,,58.5,,,354.75,UNKNOWN,8.062015503875976,-2.9316420014094366,reports_pairwise
2026-04-15,LICHSGFIN,62.9,47.5,64.2,2.2,75.1,,63.5,,,530.0,UNKNOWN,6.632075471698109,7.103773584905657,reports_pairwise
2026-04-15,GAIL,63.2,82.3,59.7,9.6,85.3,,59.1,,,155.82,UNKNOWN,3.176742395071247,2.9072006160954955,reports_pairwise
2026-04-15,SOLARINDS,67.7,72.3,58.1,5.5,78.3,,56.5,,,14684.0,UNKNOWN,1.804685371833288,6.1359302642331786,reports_pairwise
2026-04-15,ADANIENT,67.6,80.0,67.5,6.0,90.4,,52.7,,,2167.0,UNKNOWN,2.722658052607291,10.99215505306875,reports_pairwise
2026-04-15,GMRAIRPORT,67.5,65.7,62.6,3.7,79.2,,62.9,,,98.58,UNKNOWN,-1.3593020896733652,-3.9460336782308794,reports_pairwise
2026-04-15,INDUSTOWER,65.5,83.2,43.9,4.8,60.0,,65.8,,,431.0,UNKNOWN,-3.7703016241299308,-7.006960556844545,reports_pairwise
2026-04-15,SUZLON,67.2,97.5,72.0,9.7,79.5,,41.6,,,47.48,UNKNOWN,11.836562763268756,8.508845829823098,reports_pairwise
2026-04-15,TORNTPOWER,66.5,79.0,51.7,3.0,78.9,,64.2,,,1496.0,UNKNOWN,8.38903743315508,6.791443850267373,reports_pairwise
2026-04-15,ASHOKLEY,67.1,65.7,52.2,0.5,86.3,,55.9,,,178.0,UNKNOWN,-0.7808988764044867,-12.387640449438209,reports_pairwise
2026-04-15,TATACOMM,67.2,65.2,65.1,7.9,93.0,,54.4,,,1541.3,UNKNOWN,-1.810160254330751,-0.09083241419579988,reports_pairwise
2026-04-15,BHEL,66.8,44.7,68.8,26.0,87.1,,63.6,,,292.64,UNKNOWN,13.658419901585575,33.867550574084206,reports_pairwise
2026-04-15,GLENMARK,66.8,58.0,48.5,4.2,80.3,,69.3,,,2225.7,UNKNOWN,0.3324796693175222,1.4107921103473107,reports_pairwise
2026-04-15,PERSISTENT,66.9,74.2,75.2,3.6,81.8,,58.7,,,5581.4,UNKNOWN,-4.506037911635074,-12.618697817751807,reports_pairwise
2026-04-15,UNITDSPR,60.7,68.4,27.5,15.0,71.3,,61.7,,,1246.7,UNKNOWN,9.328627576802754,0.06416940723509702,reports_pairwise
2026-04-15,DRREDDY,58.9,82.5,23.8,3.4,37.2,,71.9,,,1202.9,UNKNOWN,1.471444010308406,5.578186050378245,reports_pairwise
2026-04-15,OIL,65.7,76.2,39.7,1.0,71.0,,65.9,,,470.3,UNKNOWN,-1.0950457155007514,4.39081437380395,reports_pairwise
2026-04-15,UCOBANK,65.2,77.8,52.8,2.3,90.0,,51.2,,,26.4,UNKNOWN,0.9090909090909167,-3.484848484848478,reports_pairwise
2026-04-15,UPL,66.6,53.4,58.5,2.5,94.1,,55.7,,,654.05,UNKNOWN,0.03822337741762862,-4.265728919807351,reports_pairwise
2026-04-15,YESBANK,66.5,72.0,53.3,2.0,88.8,,57.0,,,19.34,UNKNOWN,2.2233712512926562,14.064115822130294,reports_pairwise
2026-04-15,PHOENIXLTD,65.2,52.2,73.7,4.9,85.6,,64.5,,,1769.0,UNKNOWN,2.1481062747314867,-2.1481062747314867,reports_pairwise
2026-04-15,OFSS,66.1,93.0,70.9,3.8,80.3,,52.6,,,7456.5,UNKNOWN,6.363575404009925,20.840877087105213,reports_pairwise
2026-04-15,SHRIRAMFIN,66.1,65.8,56.0,3.8,77.1,,60.0,,,1041.85,UNKNOWN,0.33114171905745027,-10.69251811681143,reports_pairwise
2026-04-15,ESCORTS,66.0,77.8,52.6,0.0,92.0,,53.0,,,3213.3,UNKNOWN,4.562287990539318,-7.8610773970684455,reports_pairwise
2026-04-15,ABCAPITAL,65.9,55.6,67.7,2.1,81.7,,63.1,,,349.15,UNKNOWN,-1.3031648288701003,-2.2769583273664584,reports_pairwise
2026-04-15,BAJAJHFL,58.7,52.3,59.7,5.9,88.7,,46.1,,,86.87,UNKNOWN,4.788764820996888,-3.453436168988143,reports_pairwise
2026-04-15,PREMIERENE,65.8,76.8,74.2,5.6,98.6,,47.0,,,993.4,UNKNOWN,0.2315280853634053,-2.6776726394201757,reports_pairwise
2026-04-15,HUDCO,65.7,61.2,68.2,10.7,90.8,,46.9,,,191.0,UNKNOWN,3.8534031413612633,14.623036649214663,reports_pairwise
2026-04-15,BAJAJHLDNG,65.6,83.7,59.0,0.3,91.3,,46.4,,,10140.0,UNKNOWN,1.863905325443787,-0.4240631163708087,reports_pairwise
2026-04-15,TATATECH,62.7,68.3,60.2,2.1,92.1,,52.9,,,574.25,UNKNOWN,1.6020896821941744,7.252938615585543,reports_pairwise
2026-04-15,INDIGO,65.2,50.0,64.2,0.0,91.0,,48.7,,,4590.0,UNKNOWN,2.2461873638344305,-8.459694989106756,reports_pairwise
2026-04-15,ADANIENSOL,65.1,44.4,75.9,40.1,93.6,,62.2,,,1183.45,UNKNOWN,6.916219527652196,8.521695044150569,reports_pairwise
2026-04-15,BPCL,63.5,68.9,45.8,4.1,84.1,,50.6,,,303.7,UNKNOWN,4.725057622653942,-5.218966084952244,reports_pairwise
2026-04-15,IOC,60.5,57.6,38.0,1.1,83.6,,54.6,,,145.15,UNKNOWN,1.4881157423355127,-5.1670685497760935,reports_pairwise
2026-04-15,LTF,64.9,55.0,61.9,2.2,85.5,,56.8,,,281.61,UNKNOWN,3.6539895600298156,-0.3408969851923001,reports_pairwise
2026-04-15,NHPC,60.2,40.6,58.7,7.5,78.2,,66.8,,,78.84,UNKNOWN,4.807204464738701,-2.6255707762557168,reports_pairwise
2026-04-15,WAAREEENER,64.6,82.5,75.5,26.5,95.7,,40.0,,,3393.1,UNKNOWN,2.3488845008988912,-7.895434853084203,reports_pairwise
2026-04-15,NTPCGREEN,63.4,32.9,65.1,67.6,93.9,,59.0,,,106.84,UNKNOWN,4.539498315237733,0.3088730812429785,reports_pairwise
2026-04-15,NYKAA,62.6,37.7,65.4,0.0,82.5,,68.0,,,261.12,UNKNOWN,1.4629289215686248,-0.17999387254903004,reports_pairwise
2026-04-15,ASTRAL,63.7,60.4,44.8,11.2,71.0,,66.9,,,1647.2,UNKNOWN,-3.9278776104905324,-7.260806216610013,reports_pairwise
2026-04-15,MANKIND,59.7,56.5,49.4,3.7,74.6,,59.5,,,2099.3,UNKNOWN,4.796837040918392,13.318725289382169,reports_pairwise
2026-04-15,BANDHANBNK,63.3,75.7,48.3,0.0,74.7,,57.5,,,170.09,UNKNOWN,3.5510612028925816,15.274266564759827,reports_pairwise
2026-04-15,IDFCFIRSTB,63.1,64.7,58.7,0.0,92.4,,47.0,,,67.0,UNKNOWN,1.4029850746268624,1.0149253731343386,reports_pairwise
2026-04-15,VOLTAS,62.2,55.5,46.8,15.0,80.2,,63.7,,,1384.0,UNKNOWN,5.289017341040466,-8.265895953757232,reports_pairwise
2026-04-15,IRFC,62.7,55.4,58.4,5.1,95.6,,47.5,,,101.87,UNKNOWN,1.7080592912535533,-2.4639246097968046,reports_pairwise
2026-04-15,MAXHEALTH,59.9,55.8,42.4,3.9,79.1,,56.6,,,975.2,UNKNOWN,4.619565217391299,4.358080393765381,reports_pairwise
2026-04-15,PATANJALI,57.0,71.4,34.5,0.0,73.2,,56.5,,,466.0,UNKNOWN,0.45064377682403917,-5.354077253218882,reports_pairwise
2026-04-15,SUPREMEIND,60.8,63.4,41.0,3.0,60.0,,59.3,,,3843.6,UNKNOWN,-4.6050577583515455,-8.052346758247477,reports_pairwise
2026-04-15,BHARATFORG,62.4,47.8,58.6,3.9,79.8,,68.0,,,1835.1,UNKNOWN,3.307721650046322,4.245000272464721,reports_pairwise
2026-04-15,MOTILALOFS,62.2,71.7,71.6,4.0,79.3,,39.1,,,777.35,UNKNOWN,5.6409596706760174,8.278124396989774,reports_pairwise
2026-04-15,TIINDIA,62.0,55.3,66.5,0.0,85.1,,52.9,,,2758.3,UNKNOWN,4.600659826704841,7.094949787912838,reports_pairwise
2026-04-15,JIOFIN,59.5,50.0,50.1,2.3,82.6,,52.3,,,242.96,UNKNOWN,-3.379157062891014,-5.140763911755025,reports_pairwise
2026-04-15,TATAELXSI,61.3,71.5,62.2,0.7,94.1,,46.4,,,4527.0,UNKNOWN,2.732493925336864,-9.825491495471619,reports_pairwise
2026-04-15,DLF,59.8,74.7,59.6,1.6,91.4,,47.0,,,578.0,UNKNOWN,5.112456747404837,-1.5224913494809609,reports_pairwise
2026-04-15,NAUKRI,59.0,52.8,61.7,15.0,88.8,,48.9,,,1022.05,UNKNOWN,5.444939092999373,-8.918350374247835,reports_pairwise
2026-04-15,BANKINDIA,60.5,75.0,43.5,1.6,72.6,,54.0,,,149.21,UNKNOWN,0.41552174787212953,-6.078681053548704,reports_pairwise
2026-04-15,JSWENERGY,60.0,41.0,49.0,13.1,83.4,,67.4,,,519.2,UNKNOWN,5.286979969183346,-0.24075500770416022,reports_pairwise
2026-04-15,LODHA,60.5,79.6,49.2,15.0,93.7,,36.8,,,841.15,UNKNOWN,4.10747191345183,4.54140165249956,reports_pairwise
2026-04-15,SRF,58.6,61.0,38.2,3.4,74.6,,56.3,,,2476.3,UNKNOWN,-0.21402899487138802,9.889754876226613,reports_pairwise
2026-04-15,MAZDOCK,60.4,82.1,59.3,2.4,75.4,,39.5,,,2524.1,UNKNOWN,5.24939582425419,-3.181331959906491,reports_pairwise
2026-04-15,SBICARD,58.2,53.2,45.7,0.1,83.2,,50.2,,,692.2,UNKNOWN,-1.798613117596077,-9.693730135798905,reports_pairwise
2026-04-15,BHARTIHEXA,60.1,64.1,43.7,0.0,70.2,,55.1,,,1546.0,UNKNOWN,0.7244501940491621,-5.252263906856407,reports_pairwise
2026-04-15,KPITTECH,60.0,85.1,68.5,2.5,94.1,,34.7,,,733.05,UNKNOWN,1.5892503921969978,-2.864743196234909,reports_pairwise
2026-04-15,MOTHERSON,60.1,63.3,58.4,7.5,80.0,,56.0,,,122.41,UNKNOWN,1.8707621926313263,1.511314435095179,reports_pairwise
2026-04-15,TRENT,60.1,68.7,71.6,0.0,77.9,,41.7,,,3947.5,UNKNOWN,11.222292590246992,2.6117796073464197,reports_pairwise
2026-04-15,PRESTIGE,59.7,39.4,62.3,9.5,98.2,,49.2,,,1332.0,UNKNOWN,5.307807807807811,3.6636636636636606,reports_pairwise
2026-04-15,PAYTM,59.6,48.7,69.7,2.1,88.2,,52.3,,,1133.85,UNKNOWN,2.9060281342329275,1.8300480663227061,reports_pairwise
2026-04-15,IREDA,59.3,56.2,66.1,4.6,78.1,,41.0,,,126.03,UNKNOWN,2.245497103864169,-1.0632389113703113,reports_pairwise
2026-04-15,COFORGE,58.4,68.5,75.0,3.7,93.0,,41.6,,,1268.8,UNKNOWN,1.8915510718789406,4.066834804539734,reports_pairwise
2026-04-15,ADANIGREEN,57.5,51.5,75.3,6.7,82.0,,50.7,,,1103.0,UNKNOWN,4.2611060743427025,18.5856754306437,reports_pairwise
2026-04-15,DIXON,57.5,78.0,52.3,3.7,88.9,,36.6,,,10789.0,UNKNOWN,4.411901010288257,-6.033923440541292,reports_pairwise
2026-04-15,ETERNAL,57.5,49.9,63.6,4.4,90.3,,42.1,,,241.9,UNKNOWN,7.267465894997938,-0.7937164117403951,reports_pairwise
2026-04-15,GODREJPROP,57.4,55.7,66.3,7.9,91.1,,44.1,,,1736.0,UNKNOWN,3.9746543778801846,-1.3594470046082896,reports_pairwise
2026-04-15,KALYANKJIL,57.3,53.7,75.8,0.0,82.7,,43.4,,,448.35,UNKNOWN,-7.41608118657299,-19.304115088658417,reports_pairwise
2026-04-15,VMM,57.1,53.2,69.5,0.0,87.4,,43.9,,,116.69,UNKNOWN,5.656011654811902,2.5366355300368566,reports_pairwise
2026-04-15,POLICYBZR,56.5,53.3,48.9,8.8,66.1,,51.7,,,1489.0,UNKNOWN,9.012760241773005,7.676292813969103,reports_pairwise
2026-04-15,HINDPETRO,56.5,55.3,48.0,2.6,90.7,,41.6,,,363.85,UNKNOWN,5.647931840043961,1.6627731207915224,reports_pairwise
2026-04-15,BDL,54.4,61.2,54.5,0.0,79.2,,35.7,,,1349.4,UNKNOWN,1.897139469393798,-1.1264265599525747,reports_pairwise
2026-04-15,RVNL,54.3,53.1,54.4,4.2,90.6,,32.4,,,280.84,UNKNOWN,6.416464891041176,0.8759435977781073,reports_pairwise
2026-04-15,IDEA,54.2,80.0,47.1,3.0,78.0,,35.2,,,9.34,UNKNOWN,2.2483940042826642,27.30192719486082,reports_pairwise
2026-04-15,HYUNDAI,53.8,95.3,24.3,0.0,81.0,,38.1,,,1774.9,UNKNOWN,6.242605217195332,5.803143839089526,reports_pairwise
2026-04-15,M&MFIN,54.0,52.5,34.6,0.0,74.8,,49.7,,,305.6,UNKNOWN,0.24541884816753926,6.986256544502606,reports_pairwise
2026-04-15,JUBLFOOD,52.3,55.2,42.0,0.0,77.2,,44.9,,,448.1,UNKNOWN,5.311314438741342,-1.3278286096853482,reports_pairwise
2026-04-15,ATGL,53.0,56.5,47.9,23.7,81.0,,37.1,,,581.0,UNKNOWN,5.791738382099823,1.772805507745259,reports_pairwise
2026-04-15,COCHINSHIP,52.6,58.0,56.8,5.2,91.8,,29.4,,,1467.7,UNKNOWN,6.077536281256391,10.111058118144026,reports_pairwise
2026-04-15,BIOCON,49.0,44.3,20.0,0.0,53.6,,63.0,,,349.35,UNKNOWN,3.4778875053671032,15.199656504937732,reports_pairwise
2026-04-15,SJVN,51.1,31.3,56.9,5.8,85.5,,44.9,,,73.82,UNKNOWN,4.050392847466823,0.5824979680303534,reports_pairwise
2026-04-15,ABFRL,46.4,46.2,58.2,29.8,96.8,,12.0,,,64.2,UNKNOWN,0.3894080996884735,-2.803738317757016,reports_pairwise
2026-04-15,SWIGGY,44.1,49.5,38.1,0.8,84.4,,28.6,,,272.5,UNKNOWN,4.1467889908256925,-6.110091743119268,reports_pairwise
2026-04-15,OLAELEC,42.4,36.6,75.3,32.3,87.8,,10.1,,,40.44,UNKNOWN,-7.34421364985163,-13.130563798219574,reports_pairwise
2026-04-16,ICICIBANK,78.6,85.2,65.9,13.1,81.1,,75.1,,,1345.5,UNKNOWN,3.188405797101456,,reports_pairwise
2026-04-16,ZYDUSLIFE,75.4,80.3,60.5,7.5,86.3,,72.7,,,939.1,UNKNOWN,-1.1180917900117133,,reports_pairwise
2026-04-16,LUPIN,75.2,86.5,50.5,4.0,66.4,,78.8,,,2327.0,UNKNOWN,-0.6660936828534594,,reports_pairwise
2026-04-16,NMDC,81.9,91.7,70.0,22.8,90.3,,72.0,,,87.16,UNKNOWN,1.5029830197338256,,reports_pairwise
2026-04-16,LICI,78.5,94.1,68.0,34.4,88.9,,65.3,,,841.65,UNKNOWN,-2.085189805738722,,reports_pairwise
2026-04-16,BHARTIARTL,71.7,65.5,55.3,13.8,74.7,,71.8,,,1840.6,UNKNOWN,0.7823535803542373,,reports_pairwise
2026-04-16,ABB,78.7,72.2,65.6,20.4,96.5,,72.6,,,6883.5,UNKNOWN,5.396963753904264,,reports_pairwise
2026-04-16,SBIN,73.7,87.4,54.9,7.9,67.2,,70.4,,,1067.15,UNKNOWN,4.188726983085772,,reports_pairwise
2026-04-16,BAJAJ-AUTO,75.2,77.6,69.9,10.6,87.4,,74.1,,,9825.0,UNKNOWN,-0.32569974554707376,,reports_pairwise
2026-04-16,ALKEM,74.6,82.3,61.2,15.5,72.0,,75.3,,,5570.0,UNKNOWN,2.2710951526032317,,reports_pairwise
2026-04-16,AXISBANK,75.9,85.6,72.5,15.0,87.2,,73.9,,,1349.6,UNKNOWN,2.082098399525796,,reports_pairwise
2026-04-16,CUMMINSIND,78.6,74.9,66.9,18.0,92.8,,73.6,,,5038.2,UNKNOWN,1.5521416378865431,,reports_pairwise
2026-04-16,ONGC,73.6,71.3,62.5,7.5,72.7,,78.1,,,282.75,UNKNOWN,0.12378426171530425,,reports_pairwise
2026-04-16,ICICIGI,74.3,80.4,59.8,27.6,82.9,,72.4,,,1886.7,UNKNOWN,-2.4752212858430087,,reports_pairwise
2026-04-16,TITAN,73.1,50.0,68.5,6.8,80.0,,78.7,,,4461.4,UNKNOWN,0.41018514367687686,,reports_pairwise
2026-04-16,NESTLEIND,71.1,73.2,61.9,7.6,67.4,,77.9,,,1257.4,UNKNOWN,9.74232543343407,,reports_pairwise
2026-04-16,HDFCBANK,70.4,83.4,51.3,17.8,86.2,,65.6,,,795.45,UNKNOWN,2.0491545665975175,,reports_pairwise
2026-04-16,PIDILITIND,71.2,70.5,45.9,20.0,72.2,,70.7,,,1331.0,UNKNOWN,5.770097670924114,,reports_pairwise
2026-04-16,APOLLOHOSP,71.5,54.7,54.8,9.4,76.7,,76.2,,,7553.0,UNKNOWN,2.528796504700119,,reports_pairwise
2026-04-16,MARICO,69.9,72.6,47.1,8.0,59.1,,77.5,,,744.4,UNKNOWN,2.4314884470714704,,reports_pairwise
2026-04-16,SBILIFE,70.4,63.9,61.4,5.7,76.1,,76.1,,,1974.7,UNKNOWN,-3.195422089431313,,reports_pairwise
2026-04-16,ITC,69.7,92.9,56.0,16.1,86.0,,58.6,,,303.4,UNKNOWN,2.0599868160843773,,reports_pairwise
2026-04-16,ADANIPORTS,78.2,87.3,73.6,29.8,84.1,,72.0,,,1549.8,UNKNOWN,2.8584333462382214,,reports_pairwise
2026-04-16,KOTAKBANK,71.8,89.0,60.4,18.3,82.1,,67.2,,,379.15,UNKNOWN,0.7912435711459844,,reports_pairwise
2026-04-16,ASIANPAINT,73.0,66.0,70.6,10.6,79.0,,63.9,,,2440.3,UNKNOWN,4.233086095971796,,reports_pairwise
2026-04-16,HINDALCO,75.4,77.8,74.3,22.9,90.8,,70.5,,,1039.9,UNKNOWN,-1.7549764400423224,,reports_pairwise
2026-04-16,NATIONALUM,79.4,97.5,70.6,16.3,98.4,,61.3,,,432.7,UNKNOWN,-2.253293274786226,,reports_pairwise
2026-04-16,NTPC,68.1,66.7,57.5,5.4,78.6,,81.5,,,390.8,UNKNOWN,1.3817809621289603,,reports_pairwise
2026-04-16,VEDL,79.1,73.6,75.2,21.1,95.1,,68.6,,,782.85,UNKNOWN,-2.050201187967052,,reports_pairwise
2026-04-16,CIPLA,68.0,90.1,39.5,4.6,73.4,,62.9,,,1230.5,UNKNOWN,0.16253555465258024,,reports_pairwise
2026-04-16,LT,73.4,62.0,75.2,24.3,80.1,,70.3,,,4119.8,UNKNOWN,-1.0777222195252218,,reports_pairwise
2026-04-16,FEDERALBNK,74.2,80.9,66.9,12.2,78.2,,72.0,,,284.4,UNKNOWN,3.990857946554158,,reports_pairwise
2026-04-16,GICRE,71.7,73.8,69.6,39.1,69.0,,69.9,,,400.05,UNKNOWN,-0.7124109486314267,,reports_pairwise
2026-04-16,POWERGRID,69.5,68.2,58.6,15.4,82.6,,76.7,,,312.25,UNKNOWN,2.2738190552442026,,reports_pairwise
2026-04-16,TORNTPHARM,68.5,69.4,36.3,11.4,61.3,,76.6,,,4155.9,UNKNOWN,-0.4860559686229173,,reports_pairwise
2026-04-16,ULTRACEMCO,70.3,57.7,71.0,5.0,78.4,,71.4,,,11826.0,UNKNOWN,1.8011161846778285,,reports_pairwise
2026-04-16,BEL,74.1,75.0,60.4,5.8,87.1,,72.3,,,455.65,UNKNOWN,-0.9107867881049001,,reports_pairwise
2026-04-16,AUROPHARMA,74.1,78.7,62.5,20.2,85.7,,73.8,,,1386.5,UNKNOWN,0.37504507753336064,,reports_pairwise
2026-04-16,BRITANNIA,67.1,65.3,44.2,12.9,64.1,,72.9,,,5586.0,UNKNOWN,4.502327246688149,,reports_pairwise
2026-04-16,HINDUNILVR,66.6,72.1,52.5,7.5,65.0,,66.0,,,2139.1,UNKNOWN,8.022065354588374,,reports_pairwise
2026-04-16,IRCTC,69.0,87.9,63.2,12.2,90.9,,54.6,,,553.8,UNKNOWN,1.336222462983043,,reports_pairwise
2026-04-16,PFC,75.2,57.5,74.1,16.6,92.9,,69.3,,,458.9,UNKNOWN,2.6585312704292976,,reports_pairwise
2026-04-16,PIIND,70.6,78.2,66.3,12.8,90.5,,55.5,,,3112.2,UNKNOWN,-2.9207634470792248,,reports_pairwise
2026-04-16,ACC,68.5,77.6,62.0,14.5,91.3,,54.4,,,1442.8,UNKNOWN,-0.3326864430274435,,reports_pairwise
2026-04-16,TATAPOWER,67.9,48.3,65.9,49.1,86.5,,78.2,,,426.6,UNKNOWN,2.2151898734177187,,reports_pairwise
2026-04-16,HAVELLS,67.9,66.4,53.4,12.1,86.5,,62.3,,,1291.1,UNKNOWN,2.9199907055998797,,reports_pairwise
2026-04-16,MARUTI,69.1,83.6,63.0,34.4,73.9,,60.9,,,13335.0,UNKNOWN,0.9448818897637795,,reports_pairwise
2026-04-16,PAGEIND,68.7,68.6,75.2,19.6,84.1,,57.2,,,36980.0,UNKNOWN,2.650081124932396,,reports_pairwise
2026-04-16,EICHERMOT,70.8,83.7,60.3,11.4,73.5,,67.0,,,7131.0,UNKNOWN,1.5355490113588557,,reports_pairwise
2026-04-16,INDIANB,75.5,86.2,66.2,13.7,74.5,,67.1,,,940.05,UNKNOWN,-2.021169086750705,,reports_pairwise
2026-04-16,HDFCAMC,75.3,84.1,71.8,33.0,86.2,,63.5,,,2662.2,UNKNOWN,4.950792577567433,,reports_pairwise
2026-04-16,HAL,73.1,88.7,70.7,9.4,80.7,,60.8,,,4363.4,UNKNOWN,-0.11458954026676445,,reports_pairwise
2026-04-16,HDFCLIFE,66.4,58.4,56.7,16.6,92.3,,61.5,,,631.5,UNKNOWN,-2.7395091053048226,,reports_pairwise
2026-04-16,ICICIPRULI,66.9,57.8,49.0,64.0,91.1,,62.9,,,557.95,UNKNOWN,-1.4069361053857912,,reports_pairwise
2026-04-16,TCS,67.0,90.8,64.9,7.5,82.6,,57.9,,,2576.9,UNKNOWN,1.3038922736621485,,reports_pairwise
2026-04-16,WIPRO,68.6,82.6,64.2,12.9,91.4,,60.5,,,210.26,UNKNOWN,-2.4969085893655474,,reports_pairwise
2026-04-16,BSE,74.5,75.0,75.2,7.5,97.4,,57.3,,,3446.7,UNKNOWN,2.0048162010038695,,reports_pairwise
2026-04-16,TATACONSUM,65.5,54.4,58.3,7.5,74.9,,74.0,,,1102.6,UNKNOWN,3.5733720297478775,,reports_pairwise
2026-04-16,GODREJCP,67.8,59.8,63.6,4.1,84.2,,65.6,,,1081.15,UNKNOWN,4.060491143689577,,reports_pairwise
2026-04-16,GRASIM,66.7,41.1,63.2,14.3,72.4,,73.6,,,2717.3,UNKNOWN,2.2227946859014325,,reports_pairwise
2026-04-16,SHREECEM,65.7,49.1,68.7,19.0,85.6,,57.3,,,25110.0,UNKNOWN,1.7124651533253685,,reports_pairwise
2026-04-16,HCLTECH,68.6,93.4,68.6,10.8,66.3,,63.9,,,1450.2,UNKNOWN,-0.6206040546131568,,reports_pairwise
2026-04-16,TVSMOTOR,69.9,50.0,74.0,8.1,75.1,,72.1,,,3757.2,UNKNOWN,-0.11977004152028106,,reports_pairwise
2026-04-16,MAHABANK,74.0,85.7,70.9,8.5,90.0,,61.0,,,71.25,UNKNOWN,12.533333333333344,,reports_pairwise
2026-04-16,COALINDIA,65.9,90.2,22.7,8.6,50.1,,74.6,,,432.75,UNKNOWN,2.4032351242056564,,reports_pairwise
2026-04-16,DABUR,65.3,71.6,43.9,17.5,80.6,,61.5,,,427.55,UNKNOWN,5.7186294000701645,,reports_pairwise
2026-04-16,BAJAJFINSV,66.7,53.8,63.7,3.9,87.7,,65.4,,,1829.9,UNKNOWN,1.174927591671676,,reports_pairwise
2026-04-16,CANBK,72.0,81.7,61.7,8.8,80.1,,62.6,,,141.03,UNKNOWN,2.2902928454938594,,reports_pairwise
2026-04-16,IRB,69.2,66.5,62.1,15.0,86.5,,61.8,,,22.1,UNKNOWN,-1.2669683257918603,,reports_pairwise
2026-04-16,COLPAL,66.8,80.7,58.1,9.1,87.5,,56.8,,,1977.4,UNKNOWN,6.533832305047022,,reports_pairwise
2026-04-16,DMART,67.6,61.5,74.3,5.1,78.8,,68.2,,,4428.3,UNKNOWN,3.637964907526578,,reports_pairwise
2026-04-16,AMBUJACEM,68.6,74.0,66.5,7.5,91.1,,55.2,,,458.05,UNKNOWN,-0.39297019975985403,,reports_pairwise
2026-04-16,APLAPOLLO,69.0,67.0,62.9,17.8,67.4,,67.1,,,2045.3,UNKNOWN,2.9971153376032835,,reports_pairwise
2026-04-16,POLYCAB,71.2,79.3,68.9,18.3,68.0,,65.8,,,7903.5,UNKNOWN,0.6579363573100525,,reports_pairwise
2026-04-16,SAIL,72.5,63.8,74.3,21.9,92.1,,64.4,,,171.32,UNKNOWN,2.18304926453421,,reports_pairwise
2026-04-16,SIEMENS,71.2,61.8,70.4,29.5,80.1,,71.8,,,3563.8,UNKNOWN,4.430663898086302,,reports_pairwise
2026-04-16,ADANIPOWER,72.3,80.2,75.2,24.1,99.8,,59.6,,,193.19,UNKNOWN,5.067550080231892,,reports_pairwise
2026-04-16,CONCOR,67.9,72.8,69.8,10.0,89.7,,58.2,,,502.25,UNKNOWN,0.3882528621204557,,reports_pairwise
2026-04-16,DIVISLAB,66.5,64.5,60.6,5.8,73.9,,69.9,,,6293.5,UNKNOWN,-0.11917057281322,,reports_pairwise
2026-04-16,TATASTEEL,69.7,55.2,74.7,8.0,78.4,,68.3,,,210.69,UNKNOWN,0.6265128862309522,,reports_pairwise
2026-04-16,INDHOTEL,68.4,66.6,65.8,16.9,91.4,,57.5,,,652.75,UNKNOWN,2.0528533129069286,,reports_pairwise
2026-04-16,SUNPHARMA,61.8,75.2,27.6,9.3,42.3,,76.3,,,1693.1,UNKNOWN,-1.6478648632685529,,reports_pairwise
2026-04-16,IOB,71.3,88.6,65.9,16.1,70.9,,59.0,,,34.93,UNKNOWN,-0.14314342971656788,,reports_pairwise
2026-04-16,M&M,68.8,67.3,69.5,8.7,72.7,,63.0,,,3222.3,UNKNOWN,0.7758433417124413,,reports_pairwise
2026-04-16,MFSL,65.7,52.2,62.2,5.7,79.6,,67.3,,,1695.2,UNKNOWN,-2.737140160453049,,reports_pairwise
2026-04-16,CGPOWER,71.3,74.7,64.5,14.5,89.3,,64.1,,,755.9,UNKNOWN,6.528641354676548,,reports_pairwise
2026-04-16,JSWSTEEL,66.4,43.7,67.1,5.2,76.8,,71.2,,,1214.9,UNKNOWN,5.325541196806307,,reports_pairwise
2026-04-16,OBEROIRLTY,68.5,78.2,75.2,23.7,82.3,,62.3,,,1710.4,UNKNOWN,0.789289055191768,,reports_pairwise
2026-04-16,DRREDDY,62.5,82.1,32.4,12.6,45.4,,72.8,,,1221.4,UNKNOWN,-0.0654986081545916,,reports_pairwise
2026-04-16,MRF,65.9,75.0,59.9,4.8,83.1,,65.5,,,138740.0,UNKNOWN,0.6667147181778867,,reports_pairwise
2026-04-16,INFY,65.9,92.2,58.7,9.8,72.6,,59.1,,,1319.2,UNKNOWN,-0.4548211036992116,,reports_pairwise
2026-04-16,TMPV,70.3,78.8,73.5,10.0,90.2,,56.3,,,356.3,UNKNOWN,-0.11226494527084875,-5.458881250767439,reports_pairwise
2026-04-16,PETRONET,68.6,85.6,49.4,3.4,67.8,,60.9,,,271.49,UNKNOWN,2.3168440826549648,,reports_pairwise
2026-04-16,INDUSINDBK,67.9,71.9,61.0,11.5,80.9,,64.6,,,847.9,UNKNOWN,1.0024767071588632,,reports_pairwise
2026-04-16,RELIANCE,61.4,75.8,33.8,11.6,59.5,,69.4,,,1343.3,UNKNOWN,0.7444353457902181,,reports_pairwise
2026-04-16,SONACOMS,69.7,56.7,75.5,36.6,91.3,,66.6,,,580.85,UNKNOWN,0.07747266936385155,,reports_pairwise
2026-04-16,APOLLOTYRE,66.5,64.9,70.2,11.0,86.1,,61.9,,,443.65,UNKNOWN,-0.38318494308576323,,reports_pairwise
2026-04-16,BANKBARODA,67.9,77.9,53.4,7.5,78.3,,63.3,,,279.39,UNKNOWN,1.6679193958266312,,reports_pairwise
2026-04-16,EXIDEIND,65.5,63.1,71.5,20.0,88.5,,58.3,,,331.4,UNKNOWN,0.5129752564876421,,reports_pairwise
2026-04-16,MPHASIS,68.1,82.3,75.3,5.5,82.1,,58.2,,,2441.8,UNKNOWN,-0.9337374068310337,,reports_pairwise
2026-04-16,TECHM,64.8,82.5,71.4,7.5,63.6,,62.6,,,1491.0,UNKNOWN,0.6572769953051613,,reports_pairwise
2026-04-16,UNIONBANK,69.6,81.0,67.6,8.7,77.7,,56.7,,,188.49,UNKNOWN,1.5332378375510565,,reports_pairwise
2026-04-16,HINDZINC,69.5,84.3,65.4,12.6,87.8,,49.3,,,592.5,UNKNOWN,-0.6751054852320675,,reports_pairwise
2026-04-16,VBL,68.7,64.7,75.0,14.0,89.9,,58.0,,,460.4,UNKNOWN,5.364900086880983,,reports_pairwise
2026-04-16,CENTRALBK,67.3,73.0,58.2,7.5,80.5,,64.3,,,35.83,UNKNOWN,1.2838403572425365,,reports_pairwise
2026-04-16,JINDALSTEL,68.1,49.6,65.1,3.4,78.4,,69.1,,,1228.3,UNKNOWN,4.925506798013514,,reports_pairwise
2026-04-16,MUTHOOTFIN,69.1,71.3,66.1,16.5,81.0,,55.9,,,3578.0,UNKNOWN,0.8999441028507495,,reports_pairwise
2026-04-16,AUBANK,69.0,76.6,70.9,7.5,81.0,,61.5,,,983.95,UNKNOWN,5.483002185070384,,reports_pairwise
2026-04-16,GAIL,64.5,82.7,65.6,16.2,88.1,,60.0,,,158.92,UNKNOWN,1.164107727158333,,reports_pairwise
2026-04-16,ADANIENT,68.9,80.0,72.1,10.6,89.2,,53.4,,,2203.7,UNKNOWN,1.0119344738394602,,reports_pairwise
2026-04-16,BOSCHLTD,67.4,73.4,75.2,6.5,80.2,,63.1,,,37440.0,UNKNOWN,1.7628205128205128,,reports_pairwise
2026-04-16,LICHSGFIN,63.8,47.6,65.2,19.3,76.5,,63.9,,,534.85,UNKNOWN,5.665139758810873,,reports_pairwise
2026-04-16,RECLTD,67.4,58.7,70.4,15.9,76.4,,59.6,,,364.2,UNKNOWN,5.258099945085128,,reports_pairwise
2026-04-16,SOLARINDS,68.8,72.3,62.6,14.0,79.6,,57.4,,,14990.0,UNKNOWN,-0.2735156771180787,,reports_pairwise
2026-04-16,CHOLAFIN,68.7,62.2,61.5,9.5,87.7,,59.0,,,1569.9,UNKNOWN,1.2293776673673453,,reports_pairwise
2026-04-16,SUZLON,68.7,96.8,75.2,24.5,82.7,,43.3,,,50.25,UNKNOWN,5.671641791044779,,reports_pairwise
2026-04-16,GLENMARK,68.6,58.1,59.4,8.1,91.1,,69.9,,,2249.5,UNKNOWN,-0.7290509002000485,,reports_pairwise
2026-04-16,IGL,67.3,85.7,63.9,23.8,91.7,,52.7,,,166.05,UNKNOWN,0.6925624811803536,,reports_pairwise
2026-04-16,LTIM,65.9,87.9,64.2,15.9,87.7,,51.9,,,4504.0,UNKNOWN,0.0,,reports_pairwise
2026-04-16,PNB,66.7,77.7,57.3,7.5,82.2,,60.7,,,113.56,UNKNOWN,0.4843254667136291,,reports_pairwise
2026-04-16,GMRAIRPORT,68.2,65.7,67.5,11.8,79.7,,61.8,,,96.75,UNKNOWN,0.5064599483204081,,reports_pairwise
2026-04-16,UNITDSPR,61.9,68.4,34.9,22.9,72.1,,62.0,,,1254.5,UNKNOWN,8.648864089278598,-0.5579912315663611,reports_pairwise
2026-04-16,BAJFINANCE,67.4,63.8,63.9,7.5,73.5,,59.4,,,905.9,UNKNOWN,3.6372668064907874,,reports_pairwise
2026-04-16,BHEL,68.0,44.7,75.4,35.9,85.0,,65.2,,,309.26,UNKNOWN,7.550281316691465,,reports_pairwise
2026-04-16,HEROMOTOCO,65.9,89.7,46.2,12.7,63.0,,59.7,,,5159.5,UNKNOWN,1.9284814420001937,,reports_pairwise
2026-04-16,TATACOMM,68.0,65.0,71.5,8.6,92.4,,54.9,,,1561.4,UNKNOWN,-3.0741642116049697,,reports_pairwise
2026-04-16,TORNTPOWER,67.2,78.7,61.7,9.2,81.2,,65.7,,,1521.6,UNKNOWN,6.565457413249217,,reports_pairwise
2026-04-16,ASHOKLEY,67.9,65.9,59.1,0.0,86.0,,55.7,,,176.73,UNKNOWN,-0.0679001867255,,reports_pairwise
2026-04-16,YESBANK,67.7,71.2,64.4,10.9,94.1,,58.4,,,19.95,UNKNOWN,-0.902255639097743,,reports_pairwise
2026-04-16,OFSS,67.5,92.2,75.2,22.1,81.6,,54.2,,,7776.0,UNKNOWN,1.993312757201646,,reports_pairwise
2026-04-16,ESCORTS,67.0,77.5,63.2,7.2,95.9,,54.0,,,3282.2,UNKNOWN,2.3673146060569215,,reports_pairwise
2026-04-16,ABCAPITAL,66.9,70.8,68.1,7.5,80.7,,61.3,,,337.95,UNKNOWN,1.9677467080929232,,reports_pairwise
2026-04-16,BAJAJHFL,59.9,51.7,67.6,22.6,86.7,,46.8,,,89.2,UNKNOWN,2.0515695067264557,,reports_pairwise
2026-04-16,SHRIRAMFIN,66.9,66.1,59.3,7.5,80.8,,59.1,,,1022.75,UNKNOWN,2.20483989244683,,reports_pairwise
2026-04-16,UCOBANK,65.5,77.9,63.0,7.5,90.1,,51.5,,,26.55,UNKNOWN,0.3389830508474571,,reports_pairwise
2026-04-16,TATATECH,63.9,67.7,67.5,15.9,91.5,,53.7,,,586.7,UNKNOWN,-0.5539457985341741,4.976994105004679,reports_pairwise
2026-04-16,UPL,66.7,53.2,67.5,9.4,93.2,,56.1,,,659.95,UNKNOWN,-0.8561254640503205,,reports_pairwise
2026-04-16,INDUSTOWER,64.6,84.2,39.9,41.0,50.1,,63.5,,,413.15,UNKNOWN,0.38726854653274184,,reports_pairwise
2026-04-16,PHOENIXLTD,65.4,52.2,73.7,0.0,85.5,,64.8,,,1782.3,UNKNOWN,1.3858497447118918,,reports_pairwise
2026-04-16,HUDCO,66.1,61.6,73.0,31.7,82.7,,47.5,,,193.67,UNKNOWN,2.4216450663499907,,reports_pairwise
2026-04-16,PREMIERENE,66.2,76.6,74.1,15.0,98.6,,47.5,,,1003.1,UNKNOWN,-0.737713089422787,,reports_pairwise
2026-04-16,BAJAJHLDNG,66.0,83.8,66.3,19.2,91.5,,46.8,,,10205.0,UNKNOWN,1.215090641842234,,reports_pairwise
2026-04-16,PERSISTENT,65.9,74.8,75.2,5.5,72.4,,58.2,,,5500.5,UNKNOWN,-3.101536223979645,,reports_pairwise
2026-04-16,ADANIENSOL,65.7,54.6,75.2,20.5,95.6,,62.8,,,1222.6,UNKNOWN,3.4925568460657654,5.046625947008432,reports_pairwise
2026-04-16,BPCL,64.5,69.0,51.8,11.2,85.5,,50.9,,,307.95,UNKNOWN,3.279753206689405,,reports_pairwise
2026-04-16,NHPC,61.4,40.1,66.6,14.8,86.7,,68.2,,,81.38,UNKNOWN,1.5360039321700665,,reports_pairwise
2026-04-16,OIL,64.5,75.8,38.5,8.3,62.1,,64.9,,,462.4,UNKNOWN,0.5947231833910035,,reports_pairwise
2026-04-16,NYKAA,63.7,37.8,69.6,1.7,87.1,,68.3,,,262.61,UNKNOWN,0.8872472487719372,,reports_pairwise
2026-04-16,INDIGO,64.8,50.0,70.6,3.6,89.0,,48.8,,,4608.7,UNKNOWN,1.8313190270575337,,reports_pairwise
2026-04-16,LTF,64.6,55.1,68.0,7.5,84.6,,56.7,,,280.41,UNKNOWN,4.097571413287668,,reports_pairwise
2026-04-16,NTPCGREEN,63.5,33.0,70.4,74.5,95.5,,60.0,,,108.79,UNKNOWN,2.6656861843919395,,reports_pairwise
2026-04-16,WAAREEENER,64.4,82.2,75.0,14.0,96.5,,40.8,,,3438.8,UNKNOWN,0.9887169943003373,,reports_pairwise
2026-04-16,BHARATFORG,64.3,47.8,69.9,19.8,80.0,,68.7,,,1855.8,UNKNOWN,2.1554046772281494,,reports_pairwise
2026-04-16,IOC,59.3,57.5,44.8,5.0,75.2,,54.3,,,144.19,UNKNOWN,2.163811637422848,,reports_pairwise
2026-04-16,MANKIND,59.7,56.3,52.9,12.3,66.4,,59.6,,,2104.4,UNKNOWN,4.542862573655194,,reports_pairwise
2026-04-16,BANDHANBNK,63.4,75.3,55.7,15.0,72.4,,58.6,,,174.18,UNKNOWN,1.119531519118147,,reports_pairwise
2026-04-16,IDFCFIRSTB,63.5,64.4,67.5,7.6,93.9,,47.5,,,67.82,UNKNOWN,0.17693895606016596,,reports_pairwise
2026-04-16,MOTILALOFS,63.2,71.6,75.6,16.9,80.3,,39.3,,,782.8,UNKNOWN,4.9054675523760976,,reports_pairwise
2026-04-16,VOLTAS,62.7,55.6,56.4,20.6,81.5,,64.5,,,1408.8,UNKNOWN,3.43554798409995,,reports_pairwise
2026-04-16,SRF,61.0,60.7,49.6,3.3,83.9,,56.7,,,2504.0,UNKNOWN,-1.317891373801917,,reports_pairwise
2026-04-16,JIOFIN,60.4,50.0,56.2,12.3,82.8,,52.0,,,241.27,UNKNOWN,-2.702366643179844,-4.476312338582038,reports_pairwise
2026-04-16,PATANJALI,57.0,71.4,38.7,15.0,64.0,,56.7,,,464.95,UNKNOWN,0.6774922034627453,,reports_pairwise
2026-04-16,MAXHEALTH,60.1,55.9,53.9,7.5,75.3,,57.1,,,990.65,UNKNOWN,2.987937212941001,,reports_pairwise
2026-04-16,IRFC,62.5,55.0,64.6,9.7,94.7,,48.0,,,103.24,UNKNOWN,0.3583882216195317,,reports_pairwise
2026-04-16,MAZDOCK,62.4,81.6,69.6,4.9,80.9,,40.1,,,2564.6,UNKNOWN,3.587304063011776,,reports_pairwise
2026-04-16,DLF,61.4,74.2,67.5,4.9,94.1,,47.8,,,589.7,UNKNOWN,3.026962862472428,,reports_pairwise
2026-04-16,TATAELXSI,62.3,70.9,66.7,16.8,94.3,,46.9,,,4593.6,UNKNOWN,1.2430337861372225,,reports_pairwise
2026-04-16,ASTRAL,62.2,60.2,44.9,15.1,59.6,,64.5,,,1578.7,UNKNOWN,0.24070437701906341,,reports_pairwise
2026-04-16,TIINDIA,62.2,55.3,71.0,9.7,79.0,,52.8,,,2752.9,UNKNOWN,4.805841113008091,,reports_pairwise
2026-04-16,NAUKRI,59.9,51.9,69.3,3.0,91.3,,49.8,,,1047.7,UNKNOWN,2.8634150997422925,,reports_pairwise
2026-04-16,BANKINDIA,61.4,75.0,50.0,5.1,72.6,,53.9,,,148.86,UNKNOWN,0.6516189708450885,,reports_pairwise
2026-04-16,BHARTIHEXA,60.9,64.3,46.7,8.5,71.9,,55.0,,,1533.0,UNKNOWN,1.578604044357472,,reports_pairwise
2026-04-16,JSWENERGY,61.0,40.1,61.8,24.6,84.5,,69.1,,,535.95,UNKNOWN,1.996454893180321,,reports_pairwise
2026-04-16,MOTHERSON,61.2,64.3,67.3,10.6,79.4,,56.1,,,122.82,UNKNOWN,1.5306953264940641,,reports_pairwise
2026-04-16,KPITTECH,61.2,84.8,73.2,9.6,97.3,,35.2,,,746.25,UNKNOWN,-0.20770519262980966,,reports_pairwise
2026-04-16,LODHA,61.2,79.0,57.3,9.5,99.3,,37.8,,,873.5,UNKNOWN,0.25186033199771557,,reports_pairwise
2026-04-16,SBICARD,58.7,53.4,49.3,15.0,80.7,,50.0,,,685.6,UNKNOWN,-0.8532672112018703,,reports_pairwise
2026-04-16,TRENT,61.0,68.7,75.3,1.0,79.2,,42.9,,,4083.3,UNKNOWN,7.5233267210344525,,reports_pairwise
2026-04-16,IREDA,60.9,55.5,73.4,14.0,81.1,,42.0,,,129.43,UNKNOWN,-0.4403924901491101,,reports_pairwise
2026-04-16,SUPREMEIND,59.3,63.3,36.7,27.5,48.3,,56.7,,,3663.8,UNKNOWN,0.07642338555597268,,reports_pairwise
2026-04-16,POLICYBZR,59.6,53.5,63.9,21.1,81.9,,53.3,,,1550.5,UNKNOWN,4.688810061270561,,reports_pairwise
2026-04-16,ETERNAL,58.9,49.9,76.1,11.5,94.1,,43.8,,,252.7,UNKNOWN,2.6830233478433043,-5.0336384141119614,reports_pairwise
2026-04-16,PRESTIGE,58.9,39.4,64.9,9.1,96.1,,49.4,,,1337.9,UNKNOWN,4.843411316241868,,reports_pairwise
2026-04-16,COFORGE,58.6,67.6,75.4,5.7,92.1,,42.8,,,1313.2,UNKNOWN,-1.5534572037770402,,reports_pairwise
2026-04-16,ADANIGREEN,58.5,61.2,75.2,1.5,83.7,,51.5,,,1118.9,UNKNOWN,2.7795155956743143,,reports_pairwise
2026-04-16,PAYTM,58.4,48.7,76.0,6.0,79.0,,53.0,,,1148.85,UNKNOWN,1.56243199721461,,reports_pairwise
2026-04-16,HINDPETRO,58.0,55.5,57.1,15.0,90.9,,42.2,,,370.25,UNKNOWN,3.8217420661715,,reports_pairwise
2026-04-16,DIXON,57.7,76.8,68.6,10.3,81.1,,37.9,,,11287.0,UNKNOWN,-0.1949145034110038,,reports_pairwise
2026-04-16,HYUNDAI,57.6,94.4,35.3,8.6,90.3,,39.5,,,1852.5,UNKNOWN,1.7921727395411629,,reports_pairwise
2026-04-16,VMM,57.6,53.2,74.7,1.9,85.6,,44.2,,,117.55,UNKNOWN,4.88302849851128,,reports_pairwise
2026-04-16,GODREJPROP,57.0,56.0,70.0,5.2,81.8,,44.4,,,1747.4,UNKNOWN,3.296325970012585,,reports_pairwise
2026-04-16,KALYANKJIL,56.2,54.2,75.4,5.4,73.0,,42.6,,,440.3,UNKNOWN,-5.72337042925278,,reports_pairwise
2026-04-16,IDEA,56.1,80.0,60.4,7.5,88.9,,36.1,,,9.53,UNKNOWN,0.2098635886673804,,reports_pairwise
2026-04-16,RVNL,56.1,52.9,67.2,35.2,91.9,,33.8,,,293.89,UNKNOWN,1.6911089183027757,,reports_pairwise
2026-04-16,JUBLFOOD,54.0,55.3,51.2,0.0,81.9,,45.7,,,459.65,UNKNOWN,2.665071249864027,,reports_pairwise
2026-04-16,BDL,54.6,61.2,61.1,11.7,80.2,,36.0,,,1359.4,UNKNOWN,1.1475651022509863,,reports_pairwise
2026-04-16,COCHINSHIP,53.8,58.1,67.1,4.3,90.2,,30.0,,,1498.1,UNKNOWN,3.9249716307322733,,reports_pairwise
2026-04-16,ATGL,53.8,56.6,63.5,15.3,82.1,,38.3,,,597.6,UNKNOWN,2.853078982597047,,reports_pairwise
2026-04-16,M&MFIN,53.7,53.2,35.3,7.6,70.2,,48.5,,,297.3,UNKNOWN,3.0440632357887694,,reports_pairwise
2026-04-16,BIOCON,51.2,44.3,25.5,7.4,54.1,,63.2,,,350.75,UNKNOWN,3.0648610121168924,,reports_pairwise
2026-04-16,SJVN,50.8,30.2,68.1,15.2,77.2,,46.1,,,76.33,UNKNOWN,0.6288484213284475,,reports_pairwise
2026-04-16,SWIGGY,46.5,49.6,47.5,7.5,93.2,,29.5,,,280.4,UNKNOWN,1.2125534950071448,,reports_pairwise
2026-04-16,ABFRL,46.1,47.3,66.7,23.4,95.9,,12.0,,,63.78,UNKNOWN,1.0504860457823795,,reports_pairwise
2026-04-16,OLAELEC,41.3,36.4,75.2,8.0,86.5,,8.6,,,38.68,UNKNOWN,-3.1282316442606017,,reports_pairwise
2026-04-18,ICICIBANK,74.0,85.2,53.8,20.1,51.6,,75.1,,,1346.8,UNKNOWN,-1.5295515295515227,-7.907629282140998,reports_pairwise
2026-04-18,LUPIN,75.6,86.5,43.5,7.5,72.4,,79.1,,,2326.1,UNKNOWN,-1.2897123941361077,-3.469330538508659,reports_pairwise
2026-04-18,ZYDUSLIFE,73.8,80.2,52.6,15.0,70.8,,73.0,,,943.95,UNKNOWN,-1.7532708300227837,-1.4089703465159749,reports_pairwise
2026-04-18,SBIN,73.3,87.6,49.0,7.6,68.9,,71.2,,,1080.25,UNKNOWN,1.9301087711177884,-9.780145745342514,reports_pairwise
2026-04-18,MARICO,70.8,72.7,45.4,8.4,73.5,,78.6,,,757.3,UNKNOWN,3.433249702891853,9.59989436154761,reports_pairwise
2026-04-18,PIDILITIND,70.9,70.5,45.1,28.5,58.1,,73.1,,,1393.4,UNKNOWN,0.06459021099467946,4.277307305870526,reports_pairwise
2026-04-18,BHARTIARTL,69.6,65.4,49.3,25.1,62.4,,72.0,,,1846.9,UNKNOWN,-1.7542909740646535,-4.878442318039693,reports_pairwise
2026-04-18,NMDC,78.3,92.3,52.7,26.2,69.1,,72.9,,,89.78,UNKNOWN,-0.5457785698373746,-3.519711799307162,reports_pairwise
2026-04-18,NESTLEIND,70.0,73.2,52.6,10.4,61.8,,79.2,,,1285.6,UNKNOWN,10.55538270068451,14.234596731949098,reports_pairwise
2026-04-18,ONGC,71.9,71.3,51.0,10.5,69.7,,78.5,,,284.05,UNKNOWN,0.2640380214750924,3.678929765886284,reports_pairwise
2026-04-18,APOLLOHOSP,70.5,56.2,48.1,11.4,62.5,,77.3,,,7699.0,UNKNOWN,0.4351214443434212,4.201844395376023,reports_pairwise
2026-04-18,ALKEM,72.2,82.2,52.3,13.3,54.2,,75.4,,,5582.0,UNKNOWN,-6.216409888928699,-1.5317090648513079,reports_pairwise
2026-04-18,ICICIGI,72.0,80.4,53.0,32.7,57.1,,72.7,,,1891.6,UNKNOWN,-6.317403256502432,-5.751741973560738,reports_pairwise
2026-04-18,AXISBANK,72.7,85.4,53.4,7.3,70.9,,74.4,,,1359.1,UNKNOWN,0.5003311014642177,-7.284234008833964,reports_pairwise
2026-04-18,ABB,74.9,72.2,52.3,25.3,72.1,,73.1,,,7029.5,UNKNOWN,4.253503094103421,-9.972259762429761,reports_pairwise
2026-04-18,HDFCBANK,68.2,83.2,49.8,18.2,62.0,,65.9,,,799.9,UNKNOWN,-1.8814851856482004,-6.182021226774438,reports_pairwise
2026-04-18,TORNTPHARM,69.6,69.4,40.1,7.5,66.2,,76.9,,,4179.5,UNKNOWN,-1.4906089245125058,4.842682195089125,reports_pairwise
2026-04-18,BAJAJ-AUTO,71.5,77.7,53.3,19.6,63.4,,73.9,,,9773.5,UNKNOWN,-2.0207704507085484,6.379495574768507,reports_pairwise
2026-04-18,CIPLA,68.0,90.0,46.7,7.5,61.6,,63.3,,,1240.8,UNKNOWN,4.368149580915542,4.150551968739929,reports_pairwise
2026-04-18,LICI,73.6,94.1,53.8,28.7,59.4,,65.4,,,842.2,UNKNOWN,-3.6986464022797536,-7.2963666587508955,reports_pairwise
2026-04-18,ADANIPORTS,76.2,86.9,53.3,34.4,72.1,,73.0,,,1573.4,UNKNOWN,0.7436125587898702,7.296297900843708,reports_pairwise
2026-04-18,COALINDIA,70.1,90.4,38.9,5.4,65.4,,75.4,,,438.75,UNKNOWN,3.9316239316239314,5.538458756232194,reports_pairwise
2026-04-18,CUMMINSIND,74.8,74.9,52.8,7.5,70.6,,74.5,,,5140.9,UNKNOWN,1.7720632574062978,0.3715302767997892,reports_pairwise
2026-04-18,TITAN,70.0,50.0,52.9,15.0,68.7,,79.5,,,4525.9,UNKNOWN,-2.5608166331558286,-10.397930824186895,reports_pairwise
2026-04-18,SBILIFE,67.7,63.9,53.3,5.9,60.7,,76.1,,,1970.9,UNKNOWN,-10.249124765335633,-6.951137834793119,reports_pairwise
2026-04-18,KOTAKBANK,69.1,88.8,50.2,8.1,58.4,,67.9,,,383.6,UNKNOWN,-3.323774765380605,-1.981230448383739,reports_pairwise
2026-04-18,ITC,67.0,92.6,52.4,25.1,62.8,,59.1,,,306.8,UNKNOWN,-1.6949152542372843,-1.9882619924930771,reports_pairwise
2026-04-18,POWERGRID,68.7,67.9,51.9,30.6,70.1,,78.1,,,318.1,UNKNOWN,-0.5344231373781972,-3.7095291439897116,reports_pairwise
2026-04-18,NTPC,66.4,66.6,51.4,5.5,69.9,,81.9,,,393.6,UNKNOWN,2.0960365853658534,-0.22865543520548087,reports_pairwise
2026-04-18,BRITANNIA,67.3,65.3,46.7,12.3,65.1,,74.3,,,5735.5,UNKNOWN,-0.0871763577717723,-7.000261529073315,reports_pairwise
2026-04-18,FEDERALBNK,71.9,80.2,53.1,13.7,73.0,,74.1,,,293.75,UNKNOWN,-0.2553191489361702,-3.0468126662234045,reports_pairwise
2026-04-18,GICRE,70.0,73.8,52.2,37.3,74.7,,70.0,,,400.4,UNKNOWN,-0.6243756243756244,-4.495506019859042,reports_pairwise
2026-04-18,DRREDDY,67.1,81.8,39.8,15.3,63.7,,73.5,,,1235.7,UNKNOWN,6.5873593914380395,2.775754633001534,reports_pairwise
2026-04-18,ASIANPAINT,69.1,66.0,53.7,7.4,62.1,,64.4,,,2464.0,UNKNOWN,0.8563311688311651,1.6842532467532467,reports_pairwise
2026-04-18,BEL,72.2,75.0,52.2,15.0,66.7,,73.2,,,462.75,UNKNOWN,-3.9546191247974094,-9.994597514856835,reports_pairwise
2026-04-18,HINDALCO,71.6,77.8,53.0,12.0,68.8,,70.5,,,1039.0,UNKNOWN,0.8999037536092309,0.23099368759023098,reports_pairwise
2026-04-18,HINDUNILVR,65.4,71.0,49.5,12.5,55.2,,68.2,,,2240.8,UNKNOWN,3.860228489825062,0.9460906818993136,reports_pairwise
2026-04-18,LT,70.0,62.1,53.2,19.0,63.4,,70.0,,,4096.1,UNKNOWN,-1.9970215570908956,-5.84946656575768,reports_pairwise
2026-04-18,SUNPHARMA,64.9,75.6,37.9,16.8,58.1,,75.7,,,1675.5,UNKNOWN,-3.288570575947473,10.158158828521337,reports_pairwise
2026-04-18,NATIONALUM,75.0,97.9,52.0,7.5,72.2,,62.1,,,438.75,UNKNOWN,-0.3874643874643849,-10.188036970263532,reports_pairwise
2026-04-18,AUROPHARMA,71.6,78.7,50.5,24.4,71.0,,73.6,,,1386.0,UNKNOWN,2.0057720057720023,7.373733850784632,reports_pairwise
2026-04-18,ULTRACEMCO,67.3,57.5,53.7,5.1,64.5,,71.6,,,11886.0,UNKNOWN,0.9422850412249705,-3.1129059397610637,reports_pairwise
2026-04-18,VEDL,74.4,73.5,53.0,10.3,71.4,,68.8,,,787.5,UNKNOWN,-8.450793650793646,-61.263493613591265,reports_pairwise
2026-04-18,EICHERMOT,68.9,83.4,49.0,15.0,61.4,,67.6,,,7189.5,UNKNOWN,-1.0849155017734196,-0.8832324918283608,reports_pairwise
2026-04-18,IRCTC,66.2,87.5,53.9,31.7,66.1,,55.4,,,564.9,UNKNOWN,-4.195432819968124,-5.4699946893255404,reports_pairwise
2026-04-18,PIIND,68.1,78.0,53.7,36.6,63.3,,55.9,,,3139.7,UNKNOWN,-1.8632353409561424,-4.525907008432329,reports_pairwise
2026-04-18,APLAPOLLO,69.7,66.1,49.2,8.0,69.1,,68.7,,,2105.7,UNKNOWN,-4.806002754428448,-10.661540049775601,reports_pairwise
2026-04-18,HAVELLS,65.5,66.4,51.5,11.2,59.8,,62.9,,,1306.4,UNKNOWN,-5.189834660134736,-8.841088149566563,reports_pairwise
2026-04-18,ICICIPRULI,65.1,59.2,51.3,73.5,55.8,,63.3,,,562.0,UNKNOWN,-8.505338078291807,-3.6476868327402134,reports_pairwise
2026-04-18,PAGEIND,66.0,68.7,52.9,29.1,75.5,,58.4,,,37975.0,UNKNOWN,-0.8163265306122449,-7.61026991441738,reports_pairwise
2026-04-18,PFC,71.0,57.7,53.0,17.4,70.8,,70.1,,,464.85,UNKNOWN,0.9680542110358179,-5.195221639877116,reports_pairwise
2026-04-18,POLYCAB,71.0,78.0,53.5,21.6,73.8,,67.8,,,8182.5,UNKNOWN,-1.8270699663916896,10.253589978612894,reports_pairwise
2026-04-18,MARUTI,66.0,83.4,53.7,17.3,60.1,,61.3,,,13453.0,UNKNOWN,-3.010480933620754,-2.0887534378948933,reports_pairwise
2026-04-18,TATAPOWER,64.7,48.2,52.0,31.0,69.6,,78.1,,,427.6,UNKNOWN,1.7305893358278712,-2.1515449259858856,reports_pairwise
2026-04-18,HCLTECH,66.4,93.5,53.1,24.4,62.7,,63.8,,,1442.3,UNKNOWN,-16.577688414338205,-20.557439587594466,reports_pairwise
2026-04-18,INDIANB,71.7,86.2,51.1,15.3,62.1,,67.1,,,939.45,UNKNOWN,-3.1454574485071123,-12.565860406188465,reports_pairwise
2026-04-18,ACC,64.4,77.5,52.6,16.2,64.2,,54.1,,,1432.2,UNKNOWN,-1.3615416841223293,-5.948889819857564,reports_pairwise
2026-04-18,DABUR,63.8,70.5,47.7,23.1,55.6,,63.1,,,442.85,UNKNOWN,1.8629332731173083,6.864626848820136,reports_pairwise
2026-04-18,HAL,69.9,88.5,53.0,21.5,61.5,,61.2,,,4388.1,UNKNOWN,-2.7870832478749383,4.202274332854758,reports_pairwise
2026-04-18,RELIANCE,62.7,75.6,38.7,15.0,60.9,,70.2,,,1365.0,UNKNOWN,-2.7252747252747285,-0.07326007326007326,reports_pairwise
2026-04-18,CANBK,69.7,81.8,51.2,8.1,61.5,,63.3,,,142.37,UNKNOWN,-1.0676406546323034,-8.681608128934514,reports_pairwise
2026-04-18,MAHABANK,70.8,86.0,53.4,7.9,69.6,,62.5,,,72.73,UNKNOWN,7.108483431871307,7.7547129748137325,reports_pairwise
2026-04-18,TCS,63.4,90.8,53.6,15.0,57.7,,58.0,,,2581.5,UNKNOWN,-7.1508812705791165,-10.89288983815127,reports_pairwise
2026-04-18,GODREJCP,64.4,59.8,53.7,4.2,59.3,,66.9,,,1109.4,UNKNOWN,-1.7577068685776094,-7.138998452147565,reports_pairwise
2026-04-18,GRASIM,63.4,41.0,52.8,7.5,52.0,,73.7,,,2720.5,UNKNOWN,0.6910494394412858,6.708325675427311,reports_pairwise
2026-04-18,SIEMENS,69.6,61.8,53.2,64.1,67.6,,72.6,,,3707.9,UNKNOWN,2.723913805658189,-3.6004233570552087,reports_pairwise
2026-04-18,TATACONSUM,62.0,54.4,52.9,11.1,50.6,,74.6,,,1113.2,UNKNOWN,5.461731943945378,12.55839022637441,reports_pairwise
2026-04-18,UNITDSPR,64.5,68.5,41.7,40.6,77.7,,63.5,,,1302.9,UNKNOWN,6.830915649704505,-4.25205311228798,reports_pairwise
2026-04-18,TMPV,70.4,78.5,75.0,7.5,87.6,,57.0,,,360.1,UNKNOWN,-2.665926131630109,-6.456538155091474,reports_pairwise
2026-04-18,DMART,65.1,61.5,51.7,15.4,72.0,,70.7,,,4628.5,UNKNOWN,-3.996975261963919,-6.412440416711678,reports_pairwise
2026-04-18,HDFCAMC,69.9,82.6,53.9,22.3,58.0,,60.6,,,2792.4,UNKNOWN,-2.0555794298811088,-5.715511788134762,reports_pairwise
2026-04-18,WIPRO,64.1,83.4,53.1,40.5,66.8,,53.2,,,204.32,UNKNOWN,-2.4275646045418853,-7.219064543745714,reports_pairwise
2026-04-18,COLPAL,63.9,78.9,52.2,23.2,55.9,,59.7,,,2106.0,UNKNOWN,3.1006647673314425,0.9116785931564577,reports_pairwise
2026-04-18,DIVISLAB,63.8,64.5,52.5,7.5,52.0,,69.7,,,6229.0,UNKNOWN,2.1271472146411945,6.662385615668646,reports_pairwise
2026-04-18,IRB,66.0,65.9,51.9,15.0,59.3,,62.3,,,22.26,UNKNOWN,-2.8301886792452944,-6.469004066378179,reports_pairwise
2026-04-18,CGPOWER,69.6,74.7,52.7,17.8,68.6,,65.9,,,774.8,UNKNOWN,6.240320082601966,7.601963372100064,reports_pairwise
2026-04-18,HDFCLIFE,61.5,58.4,51.3,12.4,56.9,,55.5,,,616.45,UNKNOWN,-4.582691215832589,-2.376512646123983,reports_pairwise
2026-04-18,BSE,69.3,75.0,53.1,7.5,71.6,,57.5,,,3531.5,UNKNOWN,-2.4210675350417667,9.0726292607603,reports_pairwise
2026-04-18,PETRONET,67.6,85.7,52.9,1.6,59.6,,61.4,,,273.22,UNKNOWN,0.0841812458824249,-0.7576334468617423,reports_pairwise
2026-04-18,TATASTEEL,66.9,55.0,52.2,16.2,69.7,,68.7,,,212.12,UNKNOWN,-0.9664340939091134,-0.056571751838584074,reports_pairwise
2026-04-18,TVSMOTOR,65.3,50.0,53.9,9.5,54.8,,71.9,,,3735.8,UNKNOWN,-6.627763798918582,-4.67905134107822,reports_pairwise
2026-04-18,JSWSTEEL,64.7,43.1,52.8,15.8,64.6,,72.5,,,1240.3,UNKNOWN,1.2416350882850997,0.9675117978009389,reports_pairwise
2026-04-18,LTIM,66.5,87.9,72.4,18.9,84.6,,51.9,,,4504.0,UNKNOWN,0.0,,reports_pairwise
2026-04-18,BAJAJFINSV,62.8,53.7,53.6,1.7,59.8,,65.9,,,1838.9,UNKNOWN,-3.708738920006528,-5.117186968942035,reports_pairwise
2026-04-18,INFY,64.5,91.7,49.7,20.2,61.9,,59.2,,,1318.7,UNKNOWN,-12.4440737089558,-13.528471310523624,reports_pairwise
2026-04-18,SHREECEM,60.7,48.8,53.7,17.2,55.2,,57.6,,,25290.0,UNKNOWN,-1.3444049031237644,-1.7002767892447608,reports_pairwise
2026-04-18,CONCOR,64.2,72.8,53.1,26.5,62.3,,58.4,,,503.1,UNKNOWN,-0.05963029218843398,2.5641025641025594,reports_pairwise
2026-04-18,TATATECH,64.9,67.5,71.5,18.1,89.9,,54.3,,,589.3,UNKNOWN,-3.4193110470049173,4.513834110650357,reports_pairwise
2026-04-18,TECHM,62.8,82.1,51.4,8.8,60.0,,63.8,,,1511.4,UNKNOWN,-10.11644832605532,-7.840411246919253,reports_pairwise
2026-04-18,INDUSINDBK,66.0,71.8,51.2,14.5,61.1,,65.2,,,853.9,UNKNOWN,-0.6968029043213412,4.561421195214606,reports_pairwise
2026-04-18,SAIL,67.8,63.6,52.7,10.9,70.1,,64.2,,,173.33,UNKNOWN,2.9596723013904085,1.5923362014023033,reports_pairwise
2026-04-18,OBEROIRLTY,65.6,78.2,53.0,23.4,72.2,,62.3,,,1710.6,UNKNOWN,-1.3796328773529705,-4.904714651474624,reports_pairwise
2026-04-18,IOB,67.4,88.6,53.4,15.8,51.9,,59.2,,,34.96,UNKNOWN,0.1430205949656669,-3.7471352234585087,reports_pairwise
2026-04-18,MFSL,62.1,52.1,53.6,9.3,55.3,,66.9,,,1683.2,UNKNOWN,-5.697480988593162,-1.7526169693515354,reports_pairwise
2026-04-18,AMBUJACEM,63.5,74.0,53.9,3.6,57.6,,55.4,,,459.0,UNKNOWN,-1.6993464052287608,-6.982568146616286,reports_pairwise
2026-04-18,PNB,65.6,77.8,51.2,11.5,66.7,,61.2,,,114.48,UNKNOWN,-1.2141858839972053,-10.220126852466045,reports_pairwise
2026-04-18,INDHOTEL,63.9,66.3,53.5,11.6,63.7,,58.0,,,659.3,UNKNOWN,-3.6326406795085595,-3.776729195500903,reports_pairwise
2026-04-18,JINDALSTEL,66.0,49.6,52.2,8.6,70.1,,70.7,,,1270.0,UNKNOWN,-1.1023622047244095,-4.385822926919292,reports_pairwise
2026-04-18,HEROMOTOCO,64.8,89.3,43.4,10.8,60.2,,60.6,,,5230.5,UNKNOWN,-5.142911767517446,-2.8295574036898956,reports_pairwise
2026-04-18,BANKBARODA,65.0,78.0,49.6,4.8,55.4,,63.6,,,280.44,UNKNOWN,-2.2500356582513206,-7.306371342522018,reports_pairwise
2026-04-18,M&M,64.3,67.4,52.2,7.5,58.6,,62.8,,,3200.2,UNKNOWN,-5.055934004124734,-0.7562027373289113,reports_pairwise
2026-04-18,RECLTD,65.1,59.0,53.5,42.6,59.3,,61.0,,,373.3,UNKNOWN,0.18751674256629752,-7.7551550754043355,reports_pairwise
2026-04-18,SUZLON,66.7,96.1,53.0,55.3,64.7,,46.6,,,52.93,UNKNOWN,1.8515019837521196,-2.6638948464695407,reports_pairwise
2026-04-18,HINDZINC,66.6,84.3,53.0,28.7,65.3,,49.4,,,592.3,UNKNOWN,-0.6415667735944547,8.374138850930702,reports_pairwise
2026-04-18,MRF,62.1,74.8,53.2,8.1,51.9,,65.9,,,139855.0,UNKNOWN,-5.512852597332952,-9.54560080082943,reports_pairwise
2026-04-18,INDUSTOWER,64.4,84.3,38.4,53.4,61.1,,63.5,,,412.25,UNKNOWN,-2.4378411158277773,-2.7774438343314127,reports_pairwise
2026-04-18,SOLARINDS,66.4,72.3,53.0,10.5,62.8,,57.8,,,15089.0,UNKNOWN,-0.21870236596195905,3.287162833852475,reports_pairwise
2026-04-18,LICHSGFIN,61.4,47.7,52.1,20.4,64.2,,64.4,,,540.0,UNKNOWN,0.1388888888888889,5.120374891493055,reports_pairwise
2026-04-18,TORNTPOWER,65.6,78.3,53.1,12.1,68.7,,67.3,,,1565.0,UNKNOWN,8.594249201277956,2.0830655326477636,reports_pairwise
2026-04-18,ADANIENSOL,66.1,54.6,75.2,19.7,97.6,,62.8,,,1259.8,UNKNOWN,12.07731385934276,1.9447570112815564,reports_pairwise
2026-04-18,MPHASIS,64.3,82.1,53.3,16.5,65.6,,58.9,,,2462.2,UNKNOWN,-11.631873933880255,-12.821866623344969,reports_pairwise
2026-04-18,CENTRALBK,64.1,73.1,53.1,7.5,55.9,,64.8,,,36.06,UNKNOWN,-0.13865779256795413,-4.242931837779055,reports_pairwise
2026-04-18,GLENMARK,66.0,58.1,51.5,6.0,69.5,,69.9,,,2249.5,UNKNOWN,2.222716159146477,0.3378571974327628,reports_pairwise
2026-04-18,MUTHOOTFIN,65.8,71.3,53.7,18.9,64.6,,56.0,,,3571.3,UNKNOWN,-2.178478425223313,-6.101422385580886,reports_pairwise
2026-04-18,UNIONBANK,65.7,81.0,52.0,4.9,61.3,,56.9,,,188.91,UNKNOWN,-6.304589487057327,-14.144300226877215,reports_pairwise
2026-04-18,OIL,64.6,76.2,39.6,4.6,64.6,,65.9,,,470.1,UNKNOWN,0.7657945118059915,4.4352291442312755,reports_pairwise
2026-04-18,SHRIRAMFIN,65.6,65.8,53.9,5.2,72.0,,59.9,,,1036.95,UNKNOWN,-2.4736004628960018,-10.270503668737046,reports_pairwise
2026-04-18,AUBANK,65.4,76.4,53.7,7.5,63.3,,62.4,,,990.6,UNKNOWN,7.576216434484158,0.908537814045778,reports_pairwise
2026-04-18,VBL,64.6,64.7,53.0,19.0,64.1,,60.2,,,473.9,UNKNOWN,3.4922979531546763,3.0491677787540934,reports_pairwise
2026-04-18,ADANIENT,65.1,88.9,53.2,7.5,62.7,,53.7,,,2218.3,UNKNOWN,3.1240138845061405,8.425368578275021,reports_pairwise
2026-04-18,ASHOKLEY,65.1,78.5,50.2,3.4,56.1,,55.1,,,174.78,UNKNOWN,-2.792081473852841,-10.773545629796208,reports_pairwise
2026-04-18,SONACOMS,65.1,56.7,53.4,24.2,69.9,,67.6,,,593.85,UNKNOWN,-4.883388060958154,-1.6418328557821877,reports_pairwise
2026-04-18,BAJFINANCE,64.5,58.1,51.3,5.8,58.7,,59.6,,,908.25,UNKNOWN,1.464354527938338,-0.4459111250172034,reports_pairwise
2026-04-18,GMRAIRPORT,65.0,65.7,53.4,11.1,61.9,,61.8,,,96.85,UNKNOWN,-2.4367578729994834,-2.2302504476961738,reports_pairwise
2026-04-18,GAIL,60.1,82.6,53.0,15.0,55.1,,60.0,,,157.82,UNKNOWN,4.936003041439628,1.603095997665462,reports_pairwise
2026-04-18,IGL,63.4,85.4,53.2,27.1,66.0,,53.7,,,169.27,UNKNOWN,-2.7529981686063665,-7.361022296571313,reports_pairwise
2026-04-18,BHEL,64.6,44.7,53.2,22.1,72.7,,65.6,,,316.79,UNKNOWN,6.502730515483432,23.662363079642656,reports_pairwise
2026-04-18,JIOFIN,62.0,50.0,57.9,20.4,89.0,,52.5,,,243.86,UNKNOWN,0.7668334290166391,-5.490854908265763,reports_pairwise
2026-04-18,NHPC,60.1,40.2,52.4,45.1,73.1,,69.8,,,83.56,UNKNOWN,-3.470560076591677,-8.125901576033504,reports_pairwise
2026-04-18,APOLLOTYRE,61.5,64.8,53.4,21.5,55.3,,62.1,,,445.4,UNKNOWN,-4.838347552761553,-10.47373147732375,reports_pairwise
2026-04-18,EXIDEIND,60.4,63.1,53.7,10.7,61.8,,58.2,,,330.0,UNKNOWN,3.8787878787878824,4.9393902402935606,reports_pairwise
2026-04-18,BOSCHLTD,62.9,73.4,53.0,3.3,60.6,,63.2,,,37505.0,UNKNOWN,-2.1730435941874418,-2.6529796027196375,reports_pairwise
2026-04-18,BPCL,62.8,69.1,53.6,10.9,62.1,,51.6,,,312.1,UNKNOWN,-1.2816404998397948,-7.769943574650559,reports_pairwise
2026-04-18,YESBANK,64.0,70.9,53.8,14.4,64.0,,59.2,,,20.19,UNKNOWN,-1.733531451213479,9.262008251324326,reports_pairwise
2026-04-18,ABCAPITAL,63.9,70.7,53.7,7.5,63.2,,61.8,,,340.4,UNKNOWN,0.0587544065805069,0.23502121240636686,reports_pairwise
2026-04-18,CHOLAFIN,63.9,62.0,52.7,4.4,53.7,,59.6,,,1579.0,UNKNOWN,-0.6839772007599718,-1.1399620012666245,reports_pairwise
2026-04-18,OFSS,63.9,91.7,53.0,30.9,60.2,,55.6,,,7992.5,UNKNOWN,11.967469502658743,12.736940882076947,reports_pairwise
2026-04-18,BAJAJHFL,56.7,51.1,53.6,26.0,64.0,,48.0,,,91.8,UNKNOWN,-2.6252723311546804,-8.638341234660093,reports_pairwise
2026-04-18,ASTRAL,63.1,60.3,43.3,36.4,68.3,,65.4,,,1605.0,UNKNOWN,-2.604361370716508,-4.822431427667445,reports_pairwise
2026-04-18,ESCORTS,63.1,77.4,53.7,11.3,63.9,,54.3,,,3295.0,UNKNOWN,-1.933232169954471,-10.145676747439301,reports_pairwise
2026-04-18,BANDHANBNK,62.9,75.2,53.7,11.8,69.7,,59.1,,,174.47,UNKNOWN,0.11463288817561107,12.380356120948445,reports_pairwise
2026-04-18,PATANJALI,57.2,71.3,42.4,20.8,61.4,,57.2,,,468.3,UNKNOWN,-1.1424300661968871,-5.818922102718612,reports_pairwise
2026-04-18,IOC,58.4,57.6,51.4,2.8,54.9,,55.0,,,145.88,UNKNOWN,-1.6520427748834638,-5.6416274359169325,reports_pairwise
2026-04-18,NYKAA,61.2,37.9,53.2,7.7,72.4,,69.8,,,269.66,UNKNOWN,-2.54765259956983,-3.3412467935606505,reports_pairwise
2026-04-18,PHOENIXLTD,61.6,52.2,53.0,0.0,68.8,,65.1,,,1792.2,UNKNOWN,-0.9094967079566987,-3.414797455641114,reports_pairwise
2026-04-18,TATACOMM,62.6,65.4,53.6,12.8,59.3,,53.7,,,1521.1,UNKNOWN,-0.0328709486555782,1.2359492744765361,reports_pairwise
2026-04-18,HUDCO,62.5,61.4,53.5,31.7,66.7,,48.4,,,196.91,UNKNOWN,7.34345640140166,11.182770136499546,reports_pairwise
2026-04-18,MANKIND,58.5,56.0,51.9,12.9,56.5,,60.1,,,2125.0,UNKNOWN,6.70117647058824,11.948230698529413,reports_pairwise
2026-04-18,PERSISTENT,62.4,75.1,53.0,17.7,65.1,,57.8,,,5446.5,UNKNOWN,-12.83760212980813,-10.454418476888828,reports_pairwise
2026-04-18,UCOBANK,60.9,78.1,53.9,5.9,56.3,,52.0,,,26.77,UNKNOWN,-1.120657452372061,-4.8188287551874165,reports_pairwise
2026-04-18,ADANIPOWER,62.1,79.4,53.0,10.9,72.5,,59.6,,,198.5,UNKNOWN,7.254408060453403,5.607055356580604,reports_pairwise
2026-04-18,UPL,62.1,53.0,52.8,16.2,63.5,,56.5,,,664.7,UNKNOWN,-5.009778847600431,-5.799605173151428,reports_pairwise
2026-04-18,BAJAJHLDNG,61.7,84.1,54.0,11.4,64.4,,47.5,,,10355.5,UNKNOWN,-0.9270436000193134,-2.4962580271353385,reports_pairwise
2026-04-18,BHARATFORG,61.6,47.9,52.9,18.6,65.8,,68.9,,,1860.5,UNKNOWN,-0.2418704649287826,2.8218220908357967,reports_pairwise
2026-04-18,SUPREMEIND,60.0,63.3,40.7,44.0,51.6,,57.5,,,3709.0,UNKNOWN,-1.2132650310056619,-4.715554120888379,reports_pairwise
2026-04-18,PREMIERENE,61.4,75.8,51.6,37.8,67.4,,49.4,,,1034.6,UNKNOWN,-2.6145370191378268,-6.553258477385576,reports_pairwise
2026-04-18,MAZDOCK,61.3,81.0,53.7,16.9,73.7,,41.0,,,2616.4,UNKNOWN,2.4461091576211587,-6.596848768226383,reports_pairwise
2026-04-18,SRF,59.2,60.8,46.4,0.2,60.5,,56.6,,,2494.5,UNKNOWN,-0.036079374624176826,9.087991628457607,reports_pairwise
2026-04-18,MAXHEALTH,58.2,56.0,49.1,7.5,50.6,,57.9,,,1007.65,UNKNOWN,-0.8187366645164491,0.99737133002841,reports_pairwise
2026-04-18,LTF,60.7,54.7,53.3,5.6,64.4,,58.1,,,287.14,UNKNOWN,1.013442919830057,-2.260223620364844,reports_pairwise
2026-04-18,BHARTIHEXA,60.0,64.2,40.3,15.0,64.9,,55.4,,,1538.2,UNKNOWN,-0.325055259394097,-4.771808033537579,reports_pairwise
2026-04-18,MOTILALOFS,60.2,71.0,53.6,31.8,65.4,,41.3,,,815.45,UNKNOWN,-4.218529646207626,3.2190829857172365,reports_pairwise
2026-04-18,VOLTAS,59.7,55.7,52.7,15.0,56.1,,65.8,,,1440.1,UNKNOWN,1.6596069717380801,-11.839457288664844,reports_pairwise
2026-04-18,INDIGO,60.2,50.0,52.6,6.0,63.9,,49.2,,,4638.4,UNKNOWN,-2.4857709555018817,-9.41488023213823,reports_pairwise
2026-04-18,BANKINDIA,59.3,74.9,47.1,4.1,54.5,,53.7,,,148.1,UNKNOWN,-0.4456448345712334,-5.3747472048288705,reports_pairwise
2026-04-18,TIINDIA,59.2,55.3,52.5,28.7,62.9,,53.7,,,2790.2,UNKNOWN,6.397390868038134,5.870546914199705,reports_pairwise
2026-04-18,JSWENERGY,58.5,39.9,52.6,15.9,68.6,,69.4,,,538.05,UNKNOWN,1.282408698076404,-3.735710025642358,reports_pairwise
2026-04-18,POLICYBZR,58.8,53.6,51.8,50.4,65.3,,54.9,,,1600.6,UNKNOWN,6.003998500562298,0.16868979308541115,reports_pairwise
2026-04-18,SBICARD,56.5,53.1,48.1,7.8,61.1,,50.5,,,695.2,UNKNOWN,-3.581703107019576,-10.083432740803012,reports_pairwise
2026-04-18,TATAELXSI,58.8,71.0,53.6,28.0,66.1,,48.0,,,4592.5,UNKNOWN,-8.698965704953729,-11.111596055048993,reports_pairwise
2026-04-18,ETERNAL,58.7,49.9,72.5,10.2,93.1,,43.8,,,252.61,UNKNOWN,1.654724674399274,-4.999803757753434,reports_pairwise
2026-04-18,IRFC,58.7,54.6,53.9,28.0,67.2,,48.7,,,104.84,UNKNOWN,-0.8775276611980177,-5.227012008439947,reports_pairwise
2026-04-18,DLF,57.8,73.6,53.5,5.4,65.4,,48.6,,,601.75,UNKNOWN,-2.442874948068142,-5.409221070705235,reports_pairwise
2026-04-18,MOTHERSON,58.5,62.7,54.0,5.5,64.4,,57.1,,,125.03,UNKNOWN,0.5358713908661935,-0.6158504868987702,reports_pairwise
2026-04-18,IDFCFIRSTB,58.3,64.1,54.0,15.8,55.9,,48.4,,,68.53,UNKNOWN,-1.8969794250693086,-1.2403322556898,reports_pairwise
2026-04-18,HYUNDAI,58.1,93.8,45.6,21.0,65.2,,40.6,,,1902.8,UNKNOWN,-6.264452385957539,-1.30859657273163,reports_pairwise
2026-04-18,IREDA,57.8,54.8,53.6,17.2,64.3,,43.2,,,133.01,UNKNOWN,2.1652507330275887,-6.255166948796137,reports_pairwise
2026-04-18,NAUKRI,55.7,51.6,53.4,7.0,63.9,,50.2,,,1054.55,UNKNOWN,-6.5999715518467506,-11.725378178932953,reports_pairwise
2026-04-18,LODHA,57.4,79.0,53.2,10.1,64.3,,38.1,,,872.55,UNKNOWN,-3.650220617729633,0.7793221690375962,reports_pairwise
2026-04-18,TRENT,57.3,68.7,53.2,9.8,62.5,,43.4,,,4107.7,UNKNOWN,4.615721693405077,-1.3900699258404903,reports_pairwise
2026-04-18,KPITTECH,56.1,84.8,53.5,11.1,65.3,,35.4,,,747.8,UNKNOWN,-5.108317732013899,-4.780691656463119,reports_pairwise
2026-04-18,ADANIGREEN,55.3,61.2,53.0,0.9,72.0,,52.0,,,1127.3,UNKNOWN,9.624767142730418,16.02945090038145,reports_pairwise
2026-04-18,BIOCON,52.9,44.4,38.6,4.4,56.5,,64.3,,,358.1,UNKNOWN,-2.303825746998045,12.384812121483169,reports_pairwise
2026-04-18,HINDPETRO,54.4,55.5,53.9,11.2,55.2,,42.4,,,370.85,UNKNOWN,0.7145746258595057,-0.25616990791847044,reports_pairwise
2026-04-18,DIXON,54.3,76.5,54.0,11.5,63.4,,38.3,,,11371.5,UNKNOWN,-4.889416523765554,-10.847293672778436,reports_pairwise
2026-04-18,PRESTIGE,54.1,39.5,53.8,6.4,64.2,,50.2,,,1356.8,UNKNOWN,1.2087264150943462,1.7688715232993104,reports_pairwise
2026-04-18,WAAREEENER,54.2,82.1,52.3,13.7,67.2,,41.4,,,3466.2,UNKNOWN,-4.6304310195603255,-9.837864197914858,reports_pairwise
2026-04-18,PAYTM,53.8,48.8,53.8,11.2,61.0,,53.7,,,1161.65,UNKNOWN,-1.2310076184737384,-0.6068974660235519,reports_pairwise
2026-04-18,IDEA,53.8,80.0,53.9,7.5,64.4,,37.3,,,9.61,UNKNOWN,-0.9365244536940672,23.72528973280702,reports_pairwise
2026-04-18,VMM,53.7,53.2,53.7,9.1,66.9,,44.9,,,118.95,UNKNOWN,3.690626313577133,0.5884838384858373,reports_pairwise
2026-04-18,RVNL,53.6,53.0,53.7,58.6,67.3,,35.1,,,303.06,UNKNOWN,0.12538771200422208,-6.520165052145203,reports_pairwise
2026-04-18,COFORGE,53.5,67.5,53.3,7.5,65.6,,43.3,,,1316.8,UNKNOWN,-12.598724179829881,0.27339189049685186,reports_pairwise
2026-04-18,M&MFIN,53.4,53.0,44.1,9.2,60.6,,48.8,,,299.35,UNKNOWN,-1.6535827626524287,9.219980693847077,reports_pairwise
2026-04-18,GODREJPROP,53.3,55.4,53.4,4.4,64.0,,44.7,,,1758.8,UNKNOWN,0.6026836479417863,-2.6381609953341743,reports_pairwise
2026-04-18,BDL,52.4,61.2,53.5,16.9,63.5,,36.7,,,1380.7,UNKNOWN,1.4268124864199352,-3.367860420665245,reports_pairwise
2026-04-18,KALYANKJIL,52.5,55.0,53.3,25.5,63.2,,41.3,,,426.85,UNKNOWN,-5.048611924563667,-15.239548367583758,reports_pairwise
2026-04-18,NTPCGREEN,51.7,33.1,52.7,13.2,66.1,,61.6,,,111.96,UNKNOWN,-1.473740621650582,-4.27831531891272,reports_pairwise
2026-04-18,JUBLFOOD,51.1,55.2,47.3,0.0,54.0,,45.7,,,458.95,UNKNOWN,7.190325743545049,-3.6605307993279474,reports_pairwise
2026-04-18,ATGL,51.7,56.8,53.3,10.6,65.9,,41.0,,,632.9,UNKNOWN,-0.9559172065097101,-6.572920241275278,reports_pairwise
2026-04-18,COCHINSHIP,51.1,58.2,53.8,21.1,65.8,,31.6,,,1561.1,UNKNOWN,6.636346166164893,3.523155184545359,reports_pairwise
2026-04-18,SJVN,48.0,29.2,53.3,32.6,62.1,,47.4,,,78.62,UNKNOWN,-0.9793945560926103,-5.55838209107098,reports_pairwise
2026-04-18,SWIGGY,45.1,49.6,47.2,7.5,72.6,,29.1,,,277.45,UNKNOWN,3.478104162912249,-7.785184320232245,reports_pairwise
2026-04-18,ABFRL,40.6,46.2,53.3,15.0,65.2,,12.0,,,64.11,UNKNOWN,-3.618780221494307,-2.6672882141960588,reports_pairwise
2026-04-18,OLAELEC,37.4,36.6,53.0,6.5,75.9,,10.4,,,40.82,UNKNOWN,-12.322390984811369,-13.939242851261064,reports_pairwise
2026-04-21,NESTLEIND,80.8,73.2,74.6,28.4,87.3,,79.7,,,1379.9,UNKNOWN,4.355388071599385,,reports_pairwise
2026-04-21,ICICIBANK,75.1,83.9,66.0,8.0,73.6,,76.7,,,1388.4,UNKNOWN,-6.943244021895713,,reports_pairwise
2026-04-21,LUPIN,75.4,86.6,44.5,3.9,70.7,,78.8,,,2311.5,UNKNOWN,-0.380705169803166,,reports_pairwise
2026-04-21,ZYDUSLIFE,74.4,80.5,58.9,5.0,81.4,,72.2,,,928.6,UNKNOWN,-1.863019599396949,,reports_pairwise
2026-04-21,ALKEM,76.0,81.8,64.7,7.5,86.3,,76.6,,,5696.5,UNKNOWN,-4.880189590099183,,reports_pairwise
2026-04-21,MARICO,71.7,72.7,52.5,4.7,66.3,,79.0,,,762.5,UNKNOWN,2.4065573770491833,,reports_pairwise
2026-04-21,ONGC,74.2,71.3,53.7,5.1,87.1,,78.3,,,283.1,UNKNOWN,6.428823737195333,,reports_pairwise
2026-04-21,PIDILITIND,73.1,70.5,59.1,18.6,78.8,,73.1,,,1407.8,UNKNOWN,-1.0796988208552385,,reports_pairwise
2026-04-21,SBIN,73.6,88.1,61.7,11.1,71.3,,72.6,,,1111.85,UNKNOWN,-1.8482708998515947,,reports_pairwise
2026-04-21,APOLLOHOSP,72.7,54.9,57.5,7.9,78.3,,77.5,,,7744.0,UNKNOWN,0.11621900826446281,,reports_pairwise
2026-04-21,ABB,78.2,72.2,74.5,16.6,99.0,,72.9,,,7255.0,UNKNOWN,0.4548587181254307,,reports_pairwise
2026-04-21,NMDC,80.0,92.0,70.5,26.9,82.8,,71.9,,,88.47,UNKNOWN,2.74669379450662,,reports_pairwise
2026-04-21,COALINDIA,72.4,90.6,37.4,1.9,70.8,,75.9,,,443.15,UNKNOWN,5.381924856143523,,reports_pairwise
2026-04-21,POWERGRID,71.4,67.8,63.9,5.3,91.6,,78.5,,,319.35,UNKNOWN,-0.10959762016596922,,reports_pairwise
2026-04-21,ADANIPORTS,78.2,86.7,73.5,19.0,82.6,,72.7,,,1594.1,UNKNOWN,2.7288124960792923,,reports_pairwise
2026-04-21,BHARTIARTL,69.0,65.3,48.5,7.7,70.6,,72.3,,,1855.0,UNKNOWN,-0.6037735849056629,,reports_pairwise
2026-04-21,TITAN,71.7,50.0,65.8,18.0,79.5,,78.9,,,4479.7,UNKNOWN,-1.3996472978101173,,reports_pairwise
2026-04-21,BAJAJ-AUTO,72.5,77.6,63.2,3.6,75.3,,74.1,,,9793.0,UNKNOWN,-3.0378842030021445,,reports_pairwise
2026-04-21,CIPLA,68.8,90.1,42.9,7.5,73.3,,63.0,,,1232.5,UNKNOWN,6.004056795131846,,reports_pairwise
2026-04-21,HINDUNILVR,69.9,71.0,66.6,14.4,85.9,,69.1,,,2310.7,UNKNOWN,-0.9174708962651932,,reports_pairwise
2026-04-21,AXISBANK,72.9,85.1,68.9,6.4,73.4,,75.2,,,1377.7,UNKNOWN,-6.438266676344635,,reports_pairwise
2026-04-21,CUMMINSIND,75.9,74.9,66.9,10.4,84.4,,73.1,,,5116.4,UNKNOWN,2.767570948323047,,reports_pairwise
2026-04-21,NTPC,68.1,66.5,61.7,15.0,80.5,,81.6,,,396.2,UNKNOWN,2.68803634528017,,reports_pairwise
2026-04-21,ICICIGI,71.3,81.6,57.4,5.9,69.6,,71.1,,,1840.0,UNKNOWN,-3.7065217391304377,,reports_pairwise
2026-04-21,ITC,68.2,92.4,58.3,13.2,75.4,,59.6,,,309.65,UNKNOWN,-1.6793153560471465,,reports_pairwise
2026-04-21,BRITANNIA,68.9,65.3,55.1,9.4,74.4,,75.1,,,5837.5,UNKNOWN,-3.006423982869379,,reports_pairwise
2026-04-21,HDFCBANK,67.6,82.6,51.3,17.1,76.9,,66.6,,,811.75,UNKNOWN,-3.59716661533724,,reports_pairwise
2026-04-21,ASIANPAINT,71.7,66.0,72.0,10.4,79.4,,65.9,,,2543.6,UNKNOWN,-3.184462965875138,,reports_pairwise
2026-04-21,KOTAKBANK,69.0,88.9,56.9,2.6,77.7,,67.7,,,382.15,UNKNOWN,-1.099044877665835,,reports_pairwise
2026-04-21,AUROPHARMA,74.0,78.7,66.4,11.1,91.7,,73.6,,,1391.7,UNKNOWN,2.220306100452674,,reports_pairwise
2026-04-21,TORNTPHARM,68.1,69.4,36.4,3.8,64.0,,76.3,,,4135.7,UNKNOWN,1.141282007882579,,reports_pairwise
2026-04-21,FEDERALBNK,72.5,80.0,68.0,12.7,78.6,,74.4,,,295.75,UNKNOWN,-1.7413355874894259,,reports_pairwise
2026-04-21,SBILIFE,67.4,63.9,50.5,23.2,66.3,,74.1,,,1911.6,UNKNOWN,-5.403850177861475,,reports_pairwise
2026-04-21,HINDALCO,72.6,78.1,68.2,0.9,82.9,,69.5,,,1021.65,UNKNOWN,5.153428277785933,,reports_pairwise
2026-04-21,PAGEIND,69.6,68.7,75.2,29.7,91.8,,58.2,,,37960.0,UNKNOWN,-1.1986301369863013,,reports_pairwise
2026-04-21,LICI,71.2,93.8,63.0,4.1,61.3,,64.3,,,824.1,UNKNOWN,-0.7766047809731801,,reports_pairwise
2026-04-21,VEDL,76.3,74.0,75.0,20.0,86.5,,66.9,,,766.8,UNKNOWN,-3.5863328116849247,,reports_pairwise
2026-04-21,MAHABANK,76.2,87.7,75.2,65.2,95.3,,64.3,,,80.18,UNKNOWN,-3.043152905961601,,reports_pairwise
2026-04-21,ULTRACEMCO,68.6,57.1,65.6,7.5,74.2,,72.3,,,12039.0,UNKNOWN,-1.8440069773236982,,reports_pairwise
2026-04-21,LT,70.1,62.3,72.9,4.3,63.5,,69.7,,,4075.4,UNKNOWN,-0.9250625705452292,,reports_pairwise
2026-04-21,DABUR,67.5,69.8,56.9,29.2,87.8,,63.8,,,452.0,UNKNOWN,-0.4092920353982351,,reports_pairwise
2026-04-21,NATIONALUM,75.5,97.0,66.5,5.2,85.6,,59.9,,,422.95,UNKNOWN,4.38586121290933,,reports_pairwise
2026-04-21,TATACONSUM,66.2,54.4,64.1,5.5,84.3,,75.9,,,1142.0,UNKNOWN,0.49912434325744703,,reports_pairwise
2026-04-21,UNITDSPR,68.8,68.7,61.0,35.8,89.0,,65.5,,,1363.0,UNKNOWN,0.8363903154805643,,reports_pairwise
2026-04-21,HAVELLS,67.4,66.5,55.1,7.5,83.5,,63.6,,,1328.8,UNKNOWN,-4.259482239614684,,reports_pairwise
2026-04-21,BEL,71.7,75.0,58.1,8.3,68.9,,71.8,,,451.5,UNKNOWN,-3.488372093023256,,reports_pairwise
2026-04-21,IRCTC,67.1,87.6,61.4,12.7,78.7,,55.1,,,561.2,UNKNOWN,-3.091589451176055,,reports_pairwise
2026-04-21,RELIANCE,65.7,75.7,41.5,7.5,73.0,,69.8,,,1353.3,UNKNOWN,2.630606665188808,,reports_pairwise
2026-04-21,TATAPOWER,66.4,47.7,67.4,8.2,89.0,,78.3,,,436.05,UNKNOWN,5.905286091044605,,reports_pairwise
2026-04-21,PFC,72.7,57.8,68.6,5.6,96.1,,69.4,,,471.1,UNKNOWN,2.186372320101879,,reports_pairwise
2026-04-21,CGPOWER,74.1,74.7,73.8,16.9,93.9,,66.4,,,805.25,UNKNOWN,3.2226016764979875,,reports_pairwise
2026-04-21,EICHERMOT,69.3,83.2,58.3,4.0,70.1,,68.0,,,7240.5,UNKNOWN,-2.3340929493819487,,reports_pairwise
2026-04-21,GICRE,67.7,73.7,63.0,1.7,64.4,,69.6,,,397.2,UNKNOWN,0.5916414904330369,,reports_pairwise
2026-04-21,GODREJCP,67.3,59.8,65.1,8.0,81.7,,67.5,,,1125.05,UNKNOWN,-2.9376472156792994,,reports_pairwise
2026-04-21,POLYCAB,72.5,79.0,66.8,22.9,77.3,,66.0,,,7955.5,UNKNOWN,3.752121174030545,,reports_pairwise
2026-04-21,HAL,71.8,88.7,68.8,2.3,81.3,,60.9,,,4358.4,UNKNOWN,-0.3900513950073422,,reports_pairwise
2026-04-21,SUNPHARMA,63.5,75.8,25.9,4.6,49.1,,75.4,,,1665.2,UNKNOWN,4.930338698054283,,reports_pairwise
2026-04-21,COLPAL,67.7,78.8,67.3,24.5,82.4,,59.3,,,2106.6,UNKNOWN,0.8829393335232085,,reports_pairwise
2026-04-21,SIEMENS,72.4,61.8,75.2,9.6,93.4,,71.6,,,3721.7,UNKNOWN,2.837413010183528,,reports_pairwise
2026-04-21,DMART,68.2,61.5,74.2,23.5,82.6,,70.0,,,4589.4,UNKNOWN,-0.9805203294548308,,reports_pairwise
2026-04-21,HDFCAMC,73.1,82.6,73.3,10.6,86.5,,66.3,,,2794.0,UNKNOWN,-1.2097351467430273,,reports_pairwise
2026-04-21,MARUTI,66.7,83.4,60.5,2.9,69.2,,61.4,,,13461.0,UNKNOWN,-4.2270262239060985,,reports_pairwise
2026-04-21,PIIND,67.5,78.9,59.6,8.9,72.1,,54.1,,,3021.3,UNKNOWN,2.525402972230488,,reports_pairwise
2026-04-21,DRREDDY,64.3,82.1,29.6,5.9,44.0,,72.8,,,1220.6,UNKNOWN,10.978207438964445,,reports_pairwise
2026-04-21,JSWSTEEL,68.2,42.0,66.8,14.3,87.8,,73.7,,,1279.6,UNKNOWN,0.15629884338855893,,reports_pairwise
2026-04-21,APLAPOLLO,69.0,67.9,60.6,10.8,57.7,,68.6,,,2106.6,UNKNOWN,-6.199563277318899,,reports_pairwise
2026-04-21,GRASIM,65.1,40.4,58.7,7.5,72.8,,74.8,,,2777.7,UNKNOWN,0.19080534254959794,,reports_pairwise
2026-04-21,ADANIPOWER,72.4,78.8,75.2,28.7,99.6,,58.8,,,202.98,UNKNOWN,10.035471475022174,,reports_pairwise
2026-04-21,ACC,65.0,77.5,59.9,25.5,75.3,,54.3,,,1438.0,UNKNOWN,0.09040333796939878,,reports_pairwise
2026-04-21,BSE,71.7,75.0,75.2,9.4,99.1,,56.9,,,3515.8,UNKNOWN,3.1372660560896444,,reports_pairwise
2026-04-21,DIVISLAB,65.6,64.5,59.3,5.6,72.9,,70.2,,,6286.0,UNKNOWN,2.330575882914413,,reports_pairwise
2026-04-21,TCS,64.2,90.5,65.5,1.2,70.1,,58.5,,,2610.5,UNKNOWN,-6.351273702355878,,reports_pairwise
2026-04-21,CANBK,70.0,81.9,63.0,5.4,75.2,,64.0,,,144.26,UNKNOWN,-4.963260779148757,,reports_pairwise
2026-04-21,INDIANB,71.2,85.9,54.5,12.3,68.1,,66.0,,,921.05,UNKNOWN,-2.7088648824710857,,reports_pairwise
2026-04-21,IRB,67.2,66.8,58.4,8.9,79.9,,61.3,,,21.82,UNKNOWN,0.1833180568285937,,reports_pairwise
2026-04-21,TORNTPOWER,70.5,77.7,70.7,45.2,91.4,,68.7,,,1621.5,UNKNOWN,8.226950354609935,,reports_pairwise
2026-04-21,JINDALSTEL,69.7,49.6,67.9,28.3,92.0,,70.4,,,1288.8,UNKNOWN,-1.807883302296707,,reports_pairwise
2026-04-21,SAIL,70.7,63.5,73.1,17.3,94.3,,63.9,,,175.06,UNKNOWN,6.0379298526219545,,reports_pairwise
2026-04-21,TATASTEEL,68.3,55.1,66.2,10.7,80.7,,68.7,,,212.01,UNKNOWN,1.4338946276119149,,reports_pairwise
2026-04-21,HCLTECH,65.0,93.6,62.6,7.5,53.5,,63.8,,,1441.2,UNKNOWN,-17.013599777962813,,reports_pairwise
2026-04-21,ICICIPRULI,62.9,59.9,44.7,19.5,69.5,,62.3,,,550.1,UNKNOWN,-5.3717505908016845,,reports_pairwise
2026-04-21,OBEROIRLTY,67.9,78.0,75.2,10.2,78.8,,62.8,,,1723.9,UNKNOWN,-0.7889088694239883,,reports_pairwise
2026-04-21,TECHM,64.9,82.3,66.5,9.1,72.7,,63.4,,,1500.8,UNKNOWN,-6.176705756929641,,reports_pairwise
2026-04-21,SUZLON,69.9,96.0,75.2,37.7,86.3,,46.4,,,53.1,UNKNOWN,7.947269303201504,,reports_pairwise
2026-04-21,TVSMOTOR,65.7,50.0,63.2,4.5,63.9,,72.2,,,3752.7,UNKNOWN,-6.8430729874490295,,reports_pairwise
2026-04-21,BAJAJFINSV,63.4,53.5,60.9,1.9,79.0,,66.3,,,1851.4,UNKNOWN,-3.9105541752187585,,reports_pairwise
2026-04-21,CONCOR,65.2,72.8,68.7,7.5,75.6,,58.5,,,504.2,UNKNOWN,1.2495041650138856,,reports_pairwise
2026-04-21,TMPV,69.5,78.8,68.3,3.1,82.6,,56.5,,,355.9,UNKNOWN,-1.4329867940432612,,reports_pairwise
2026-04-21,LICHSGFIN,64.8,48.2,71.8,42.2,79.6,,66.3,,,565.15,UNKNOWN,-2.6807042378129657,,reports_pairwise
2026-04-21,SHREECEM,61.3,48.6,65.4,0.0,71.9,,58.1,,,25540.0,UNKNOWN,-2.5450274079874706,,reports_pairwise
2026-04-21,SOLARINDS,69.3,72.3,67.7,4.7,86.9,,57.5,,,14949.0,UNKNOWN,2.3747407853368117,,reports_pairwise
2026-04-21,PETRONET,67.5,86.0,50.0,0.4,64.4,,62.2,,,277.78,UNKNOWN,-0.021599827201362744,,reports_pairwise
2026-04-21,IOB,68.4,88.6,65.0,16.8,70.5,,59.1,,,34.88,UNKNOWN,0.2580275229357692,,reports_pairwise
2026-04-21,LTIM,66.1,87.9,73.0,15.8,79.0,,51.9,,,4504.0,UNKNOWN,0.0,,reports_pairwise
2026-04-21,RECLTD,67.3,59.3,70.3,14.5,80.5,,62.3,,,383.35,UNKNOWN,-1.9694795878440097,,reports_pairwise
2026-04-21,WIPRO,63.1,83.2,61.9,32.7,56.4,,59.3,,,205.01,UNKNOWN,-1.673089117604009,,reports_pairwise
2026-04-21,HDFCLIFE,60.8,58.4,42.9,27.8,70.2,,60.2,,,614.2,UNKNOWN,-3.91566265060242,,reports_pairwise
2026-04-21,INDHOTEL,65.1,66.0,62.2,17.5,77.5,,58.6,,,666.15,UNKNOWN,-2.0565938602416773,,reports_pairwise
2026-04-21,INFY,64.0,91.6,54.9,4.4,61.4,,59.1,,,1313.2,UNKNOWN,-12.267742918062757,,reports_pairwise
2026-04-21,BHEL,68.3,44.7,75.2,29.3,96.9,,65.4,,,332.61,UNKNOWN,6.6444183879017364,,reports_pairwise
2026-04-21,AUBANK,68.1,75.4,70.9,10.0,85.0,,64.9,,,1037.9,UNKNOWN,-1.4548607765680832,,reports_pairwise
2026-04-21,M&M,65.5,67.2,57.6,7.5,74.8,,63.6,,,3247.3,UNKNOWN,-4.902534413204824,,reports_pairwise
2026-04-21,VBL,67.6,64.7,75.2,15.5,79.6,,61.5,,,485.1,UNKNOWN,6.895485466914024,,reports_pairwise
2026-04-21,AMBUJACEM,63.9,74.1,61.1,0.7,75.3,,55.1,,,456.25,UNKNOWN,0.5589041095890436,,reports_pairwise
2026-04-21,BOSCHLTD,66.4,72.8,75.2,0.0,83.2,,64.1,,,38100.0,UNKNOWN,-2.047244094488189,,reports_pairwise
2026-04-21,SONACOMS,67.9,56.7,73.6,9.1,94.7,,66.2,,,581.3,UNKNOWN,3.0104937209702394,,reports_pairwise
2026-04-21,HEROMOTOCO,65.4,89.2,44.4,5.2,64.5,,60.9,,,5259.0,UNKNOWN,-3.631869176649553,,reports_pairwise
2026-04-21,MRF,63.1,74.9,62.1,1.0,64.0,,65.9,,,139665.0,UNKNOWN,-6.834210432105395,,reports_pairwise
2026-04-21,ADANIENT,67.2,88.8,70.0,7.5,79.8,,54.0,,,2226.0,UNKNOWN,8.3737646001797,,reports_pairwise
2026-04-21,CENTRALBK,65.1,73.2,60.8,11.7,73.3,,65.3,,,36.29,UNKNOWN,-0.6337834114080928,,reports_pairwise
2026-04-21,GLENMARK,67.0,58.0,55.7,3.7,86.6,,69.5,,,2233.1,UNKNOWN,7.6396041377457315,,reports_pairwise
2026-04-21,INDUSINDBK,64.4,71.6,58.6,5.5,64.0,,65.8,,,856.4,UNKNOWN,3.4037832788416598,,reports_pairwise
2026-04-21,MPHASIS,65.0,82.4,74.3,0.0,72.0,,58.1,,,2419.0,UNKNOWN,-6.1471682513435235,,reports_pairwise
2026-04-21,MUTHOOTFIN,66.8,71.1,64.6,8.6,83.1,,56.7,,,3610.2,UNKNOWN,-3.1632596532048036,,reports_pairwise
2026-04-21,OFSS,66.9,91.9,75.5,15.3,85.2,,55.1,,,7931.0,UNKNOWN,20.665742024965326,,reports_pairwise
2026-04-21,UNIONBANK,66.9,81.1,66.3,7.5,75.7,,57.7,,,191.38,UNKNOWN,-10.920681366913996,,reports_pairwise
2026-04-21,BPCL,65.4,69.3,62.3,4.5,83.5,,52.5,,,318.05,UNKNOWN,-3.2384845150133663,,reports_pairwise
2026-04-21,HINDZINC,66.6,84.4,68.1,4.5,69.0,,49.1,,,588.5,UNKNOWN,4.689889549702637,,reports_pairwise
2026-04-21,GAIL,61.8,82.9,64.3,7.5,76.9,,60.9,,,160.77,UNKNOWN,3.0540523729551508,,reports_pairwise
2026-04-21,ADANIENSOL,66.2,54.6,75.2,15.0,99.4,,61.9,,,1265.3,UNKNOWN,13.447403777760222,,reports_pairwise
2026-04-21,BAJFINANCE,65.7,57.3,65.4,3.8,79.7,,61.2,,,938.85,UNKNOWN,-1.619001970495824,,reports_pairwise
2026-04-21,BANKBARODA,64.4,78.1,57.1,7.5,66.0,,64.3,,,284.05,UNKNOWN,-5.710262277768008,,reports_pairwise
2026-04-21,IGL,64.7,85.7,64.2,37.2,80.8,,53.3,,,167.2,UNKNOWN,-0.4485645933014354,,reports_pairwise
2026-04-21,MANKIND,62.1,54.7,61.7,9.8,83.3,,61.6,,,2200.0,UNKNOWN,2.9272727272727317,,reports_pairwise
2026-04-21,ESCORTS,65.9,77.0,67.1,15.2,89.4,,55.3,,,3359.9,UNKNOWN,-1.5268311556891627,,reports_pairwise
2026-04-21,PHOENIXLTD,64.5,52.2,70.1,17.5,80.1,,65.8,,,1807.0,UNKNOWN,-2.4958494742667354,,reports_pairwise
2026-04-21,PNB,64.1,77.8,58.1,7.5,67.1,,61.1,,,114.11,UNKNOWN,-2.383664884760318,,reports_pairwise
2026-04-21,SHRIRAMFIN,65.8,65.7,59.5,5.8,76.8,,60.4,,,1045.3,UNKNOWN,-8.806084377690611,,reports_pairwise
2026-04-21,EXIDEIND,61.8,62.9,66.6,5.9,76.3,,58.6,,,333.1,UNKNOWN,6.949864905433796,,reports_pairwise
2026-04-21,GMRAIRPORT,65.7,65.7,64.1,7.6,71.1,,62.1,,,97.24,UNKNOWN,0.6375976964212305,,reports_pairwise
2026-04-21,NHPC,61.2,40.2,65.0,15.9,84.7,,69.2,,,82.63,UNKNOWN,3.3280890717657026,,reports_pairwise
2026-04-21,INDUSTOWER,63.3,84.2,29.1,36.4,54.8,,63.7,,,414.75,UNKNOWN,-0.19288728149487916,,reports_pairwise
2026-04-21,MFSL,60.1,52.1,53.6,9.1,59.2,,65.8,,,1648.8,UNKNOWN,-2.3047064531780688,,reports_pairwise
2026-04-21,APOLLOTYRE,62.2,64.9,63.3,4.1,72.2,,61.8,,,441.95,UNKNOWN,-4.140739902703928,,reports_pairwise
2026-04-21,BHARATFORG,65.0,47.9,63.1,7.3,92.8,,70.0,,,1895.8,UNKNOWN,-0.05274818018778352,,reports_pairwise
2026-04-21,PATANJALI,59.2,71.3,36.1,37.2,75.6,,57.3,,,468.1,UNKNOWN,-0.9079256569109165,,reports_pairwise
2026-04-21,TATATECH,61.7,67.9,65.1,7.5,66.0,,54.0,,,583.45,UNKNOWN,-2.339532093581299,,reports_pairwise
2026-04-21,YESBANK,64.9,72.0,62.5,44.9,77.2,,58.2,,,19.77,UNKNOWN,1.0116337885685345,,reports_pairwise
2026-04-21,CHOLAFIN,64.6,61.9,62.4,0.0,74.6,,60.4,,,1589.2,UNKNOWN,-3.3224263780518473,,reports_pairwise
2026-04-21,BANDHANBNK,64.5,75.1,66.2,1.9,79.1,,59.7,,,176.13,UNKNOWN,1.4307613694430308,,reports_pairwise
2026-04-21,BAJAJHFL,57.8,51.3,68.4,19.8,80.7,,47.3,,,91.03,UNKNOWN,-1.823574645721187,,reports_pairwise
2026-04-21,ASHOKLEY,64.2,71.5,53.6,0.2,71.1,,55.7,,,176.61,UNKNOWN,-5.1469339222014625,,reports_pairwise
2026-04-21,OIL,63.1,75.9,37.5,0.1,55.7,,65.4,,,465.15,UNKNOWN,6.890250456841882,,reports_pairwise
2026-04-21,IOC,59.5,57.7,56.0,2.4,72.1,,55.4,,,147.31,UNKNOWN,-1.3033738374855854,,reports_pairwise
2026-04-21,MAXHEALTH,60.9,56.0,62.2,2.1,80.1,,58.9,,,1020.25,UNKNOWN,-1.5192354814996323,,reports_pairwise
2026-04-21,HUDCO,63.9,61.3,71.0,28.3,81.7,,48.7,,,198.36,UNKNOWN,8.413994757007458,,reports_pairwise
2026-04-21,NYKAA,62.4,37.8,67.6,9.4,76.0,,68.8,,,264.94,UNKNOWN,1.9513852192949408,,reports_pairwise
2026-04-21,PREMIERENE,63.7,76.8,72.8,38.8,89.5,,47.3,,,995.7,UNKNOWN,4.182986843426721,,reports_pairwise
2026-04-21,ABCAPITAL,63.5,70.4,63.1,5.9,66.8,,62.5,,,344.6,UNKNOWN,-1.8282066163668054,,reports_pairwise
2026-04-21,MAZDOCK,63.3,80.4,66.4,12.5,83.8,,41.6,,,2656.6,UNKNOWN,1.0050440412557509,,reports_pairwise
2026-04-21,NTPCGREEN,62.1,33.1,74.3,7.5,98.2,,61.4,,,111.69,UNKNOWN,3.688781448652525,,reports_pairwise
2026-04-21,UCOBANK,61.7,78.0,61.4,8.7,79.0,,51.8,,,26.64,UNKNOWN,-1.4264264264264228,,reports_pairwise
2026-04-21,MOTILALOFS,62.9,70.9,75.6,35.7,82.2,,41.8,,,821.2,UNKNOWN,-4.688261081344374,,reports_pairwise
2026-04-21,TIINDIA,62.9,55.4,71.9,19.4,88.0,,55.3,,,2885.2,UNKNOWN,4.013586579786503,,reports_pairwise
2026-04-21,VOLTAS,62.0,55.7,59.9,15.2,76.1,,66.5,,,1457.2,UNKNOWN,3.6988745539390515,,reports_pairwise
2026-04-21,HYUNDAI,62.4,94.0,46.7,15.5,98.2,,40.2,,,1885.7,UNKNOWN,-3.2083576390730237,,reports_pairwise
2026-04-21,LTF,62.1,54.4,67.5,7.5,81.1,,59.0,,,291.9,UNKNOWN,-2.096608427543681,,reports_pairwise
2026-04-21,PERSISTENT,62.1,75.9,71.3,15.8,60.2,,56.7,,,5329.9,UNKNOWN,-9.876357905401596,,reports_pairwise
2026-04-21,BHARTIHEXA,61.3,63.8,50.2,21.5,78.1,,56.0,,,1557.2,UNKNOWN,-3.0567685589519735,,reports_pairwise
2026-04-21,JSWENERGY,61.1,39.4,65.9,21.6,86.4,,70.2,,,546.65,UNKNOWN,6.2654349217963965,,reports_pairwise
2026-04-21,SRF,59.7,61.1,40.1,2.1,79.7,,56.2,,,2471.0,UNKNOWN,2.5010117361392226,,reports_pairwise
2026-04-21,TRENT,61.7,68.7,75.2,18.5,82.8,,45.9,,,4390.5,UNKNOWN,-3.111262954105463,,reports_pairwise
2026-04-21,ASTRAL,61.5,60.3,36.6,9.7,65.0,,64.7,,,1582.5,UNKNOWN,-2.1232227488151603,,reports_pairwise
2026-04-21,MOTHERSON,61.6,62.8,64.6,7.5,88.4,,56.9,,,124.7,UNKNOWN,0.41700080192461586,,reports_pairwise
2026-04-21,BAJAJHLDNG,61.0,84.0,62.5,3.5,74.6,,47.4,,,10329.0,UNKNOWN,-0.7987220447284344,,reports_pairwise
2026-04-21,DLF,60.0,73.4,66.3,3.2,80.6,,48.9,,,607.55,UNKNOWN,-3.234301703563489,,reports_pairwise
2026-04-21,LODHA,60.8,78.9,59.2,3.8,97.9,,38.2,,,875.7,UNKNOWN,0.8221993833504547,,reports_pairwise
2026-04-21,TATACOMM,60.7,65.6,58.0,29.3,56.2,,53.5,,,1513.4,UNKNOWN,5.629707942381381,,reports_pairwise
2026-04-21,UPL,60.7,53.4,61.2,2.0,65.5,,55.8,,,654.3,UNKNOWN,-1.3449488002445293,,reports_pairwise
2026-04-21,BANKINDIA,60.5,75.1,49.9,3.8,74.8,,54.4,,,149.83,UNKNOWN,-3.724220783554703,,reports_pairwise
2026-04-21,POLICYBZR,60.6,53.6,63.6,31.0,80.8,,55.5,,,1623.2,UNKNOWN,2.7230162641695443,,reports_pairwise
2026-04-21,TATAELXSI,60.4,70.5,69.9,14.5,82.1,,48.5,,,4650.7,UNKNOWN,-11.161760595179208,,reports_pairwise
2026-04-21,JIOFIN,57.7,48.5,40.1,48.5,64.3,,50.8,,,234.75,UNKNOWN,6.841320553780619,,reports_pairwise
2026-04-21,SUPREMEIND,58.3,63.3,29.6,35.0,46.7,,56.9,,,3666.6,UNKNOWN,-0.9463808432880548,,reports_pairwise
2026-04-21,INDIGO,59.5,50.0,66.6,0.0,64.1,,49.8,,,4693.1,UNKNOWN,-5.34188489484564,,reports_pairwise
2026-04-21,WAAREEENER,59.3,82.0,67.0,12.2,98.5,,42.0,,,3472.8,UNKNOWN,-0.5528680027643478,,reports_pairwise
2026-04-21,NAUKRI,57.2,51.4,67.3,0.9,80.5,,51.1,,,1077.7,UNKNOWN,-6.782963719031272,,reports_pairwise
2026-04-21,ADANIGREEN,58.9,61.2,75.2,15.1,91.3,,52.3,,,1150.0,UNKNOWN,8.691304347826092,,reports_pairwise
2026-04-21,IDFCFIRSTB,59.0,64.4,62.1,3.0,83.1,,48.1,,,67.94,UNKNOWN,1.133352958492782,,reports_pairwise
2026-04-21,HINDPETRO,58.5,55.9,69.5,9.9,89.0,,43.9,,,384.4,UNKNOWN,-1.1316337148803242,,reports_pairwise
2026-04-21,ETERNAL,58.1,49.9,65.6,7.5,87.4,,45.0,,,259.48,UNKNOWN,-2.470325265916458,,reports_pairwise
2026-04-21,BIOCON,55.4,44.4,36.2,0.3,65.4,,64.7,,,361.5,UNKNOWN,0.35961272475795614,,reports_pairwise
2026-04-21,IREDA,57.8,55.6,69.1,11.0,70.3,,41.7,,,128.86,UNKNOWN,7.131770914170415,,reports_pairwise
2026-04-21,SBICARD,55.4,53.6,44.0,15.0,68.6,,49.5,,,679.75,UNKNOWN,-4.751746965796242,,reports_pairwise
2026-04-21,PRESTIGE,57.2,39.6,63.9,7.2,91.2,,51.8,,,1402.7,UNKNOWN,-0.007129108148580339,,reports_pairwise
2026-04-21,VMM,57.2,53.4,74.5,16.4,84.1,,46.4,,,123.29,UNKNOWN,2.1899586341146797,,reports_pairwise
2026-04-21,IRFC,57.0,54.9,63.7,10.1,67.1,,48.2,,,103.61,UNKNOWN,1.4766914390502859,,reports_pairwise
2026-04-21,KPITTECH,56.6,84.9,67.0,5.4,78.7,,35.3,,,744.7,UNKNOWN,-1.3763931784611252,,reports_pairwise
2026-04-21,GODREJPROP,56.1,54.8,68.6,8.1,80.0,,45.9,,,1805.0,UNKNOWN,1.0858725761772803,,reports_pairwise
2026-04-21,JUBLFOOD,55.0,55.3,50.5,0.0,90.4,,46.6,,,471.9,UNKNOWN,2.225047679593134,,reports_pairwise
2026-04-21,ATGL,55.5,56.7,75.8,8.7,90.9,,39.3,,,614.65,UNKNOWN,6.377613275848051,,reports_pairwise
2026-04-21,M&MFIN,55.4,52.5,44.5,15.0,81.3,,49.9,,,306.35,UNKNOWN,2.056471356291808,,reports_pairwise
2026-04-21,DIXON,55.2,76.9,63.4,7.5,76.4,,38.3,,,11265.0,UNKNOWN,0.9320905459387484,,reports_pairwise
2026-04-21,PAYTM,55.1,48.8,67.1,1.7,79.9,,54.0,,,1166.8,UNKNOWN,-3.2267740829619354,,reports_pairwise
2026-04-21,RVNL,54.8,53.0,67.8,39.1,79.9,,34.4,,,298.86,UNKNOWN,3.2690892056481236,,reports_pairwise
2026-04-21,IDEA,54.3,80.0,58.5,7.5,74.4,,37.1,,,9.55,UNKNOWN,4.188481675392655,,reports_pairwise
2026-04-21,COFORGE,53.5,68.0,74.8,4.2,67.0,,42.6,,,1292.8,UNKNOWN,-7.1086014851485055,,reports_pairwise
2026-04-21,COCHINSHIP,53.2,58.2,69.4,22.7,80.4,,31.4,,,1556.9,UNKNOWN,8.908728884321397,,reports_pairwise
2026-04-21,BDL,53.0,61.2,61.3,10.3,71.8,,36.6,,,1375.0,UNKNOWN,1.5781818181818217,,reports_pairwise
2026-04-21,KALYANKJIL,50.6,55.8,58.4,29.1,52.7,,40.1,,,415.1,UNKNOWN,-0.5902192242833161,,reports_pairwise
2026-04-21,SJVN,49.7,30.0,67.8,11.7,80.9,,46.4,,,76.81,UNKNOWN,6.483530790261689,,reports_pairwise
2026-04-21,SWIGGY,46.9,49.7,47.7,7.5,87.2,,29.9,,,283.8,UNKNOWN,-0.5285412262156448,,reports_pairwise
2026-04-21,ABFRL,43.2,47.7,68.0,9.9,90.7,,12.0,,,64.45,UNKNOWN,-1.3498836307214965,,reports_pairwise
2026-04-21,OLAELEC,38.7,36.3,75.7,2.9,82.4,,7.6,,,37.47,UNKNOWN,-4.430210835334926,,reports_pairwise
2026-04-22,NESTLEIND,82.1,73.6,75.2,63.1,87.7,,79.9,,,1415.8,UNKNOWN,1.709280971888688,,reports_pairwise
2026-04-22,ICICIBANK,74.3,84.9,68.3,7.5,59.3,,75.9,,,1370.2,UNKNOWN,-5.707196029776678,,reports_pairwise
2026-04-22,MARICO,74.2,72.7,61.0,0.8,82.4,,79.9,,,775.45,UNKNOWN,0.6963698497646498,,reports_pairwise
2026-04-22,ALKEM,77.3,81.8,67.3,3.3,81.4,,76.9,,,5692.5,UNKNOWN,-4.813350900307422,,reports_pairwise
2026-04-22,LUPIN,75.6,86.6,48.3,0.2,70.6,,78.7,,,2305.8,UNKNOWN,-0.13444357706654367,,reports_pairwise
2026-04-22,PIDILITIND,74.4,70.5,66.1,1.5,77.7,,73.1,,,1407.0,UNKNOWN,-1.0234541577825225,,reports_pairwise
2026-04-22,ONGC,74.4,71.3,48.6,1.3,85.6,,78.4,,,283.05,UNKNOWN,6.447624094682918,,reports_pairwise
2026-04-22,ABB,80.2,72.2,75.2,23.9,99.8,,72.5,,,7817.0,UNKNOWN,-6.7673020340284,,reports_pairwise
2026-04-22,APOLLOHOSP,73.0,53.7,64.6,4.8,77.3,,77.8,,,7783.0,UNKNOWN,-0.38545547989207246,,reports_pairwise
2026-04-22,NMDC,80.6,90.2,73.2,15.0,83.2,,72.0,,,88.63,UNKNOWN,2.5612095227349774,,reports_pairwise
2026-04-22,ZYDUSLIFE,72.5,80.5,62.7,2.0,59.6,,72.3,,,930.4,UNKNOWN,-2.05288048151333,,reports_pairwise
2026-04-22,COALINDIA,73.4,90.6,36.8,0.0,70.9,,75.9,,,443.5,UNKNOWN,5.2987598647125145,,reports_pairwise
2026-04-22,POWERGRID,72.8,67.8,65.6,1.1,92.1,,78.7,,,320.5,UNKNOWN,-0.46801872074883,,reports_pairwise
2026-04-22,HINDUNILVR,72.2,71.0,75.2,9.1,75.5,,70.8,,,2405.5,UNKNOWN,-4.822282269798379,,reports_pairwise
2026-04-22,NTPC,70.6,66.1,66.2,9.3,91.9,,82.4,,,405.9,UNKNOWN,0.23404779502341602,,reports_pairwise
2026-04-22,SBIN,72.4,87.9,62.6,8.6,58.5,,72.2,,,1103.3,UNKNOWN,-1.0876461524517358,,reports_pairwise
2026-04-22,ADANIPORTS,79.1,87.6,75.2,4.4,83.6,,72.7,,,1594.8,UNKNOWN,2.6837220968146447,,reports_pairwise
2026-04-22,TITAN,72.5,50.0,68.2,3.6,79.5,,78.6,,,4459.2,UNKNOWN,-0.9463580911374198,,reports_pairwise
2026-04-22,CUMMINSIND,77.5,74.9,74.5,6.4,85.3,,74.0,,,5191.3,UNKNOWN,1.2848419471038046,,reports_pairwise
2026-04-22,CIPLA,69.5,90.1,49.1,4.4,71.7,,63.1,,,1234.4,UNKNOWN,5.840894361633174,,reports_pairwise
2026-04-22,AXISBANK,73.8,85.0,74.9,2.6,74.0,,75.5,,,1385.0,UNKNOWN,-6.931407942238267,,reports_pairwise
2026-04-22,ASIANPAINT,73.2,66.0,75.2,6.5,80.4,,66.3,,,2559.6,UNKNOWN,-3.78965463353649,,reports_pairwise
2026-04-22,BAJAJ-AUTO,72.2,77.8,68.1,2.4,62.7,,73.9,,,9750.5,UNKNOWN,-2.61525049997436,,reports_pairwise
2026-04-22,TATACONSUM,69.9,54.4,73.5,9.2,84.4,,77.9,,,1187.8,UNKNOWN,-3.375989223775039,,reports_pairwise
2026-04-22,BRITANNIA,68.9,65.3,58.6,7.8,63.1,,74.6,,,5783.5,UNKNOWN,-2.1008040114117748,,reports_pairwise
2026-04-22,AUROPHARMA,74.7,78.5,70.0,5.4,86.4,,74.0,,,1405.5,UNKNOWN,1.2166488794023413,,reports_pairwise
2026-04-22,MAHABANK,78.5,89.4,75.2,66.4,96.7,,61.2,,,81.29,UNKNOWN,-4.3670808217493065,,reports_pairwise
2026-04-22,BHARTIARTL,67.2,65.6,54.4,5.7,60.6,,71.9,,,1839.4,UNKNOWN,0.23920843753397103,,reports_pairwise
2026-04-22,HDFCBANK,67.3,82.9,57.4,7.5,73.1,,66.2,,,803.95,UNKNOWN,-2.6618570806642317,,reports_pairwise
2026-04-22,HINDALCO,74.0,77.9,75.1,0.3,83.7,,70.1,,,1033.2,UNKNOWN,3.977932636469213,,reports_pairwise
2026-04-22,FEDERALBNK,73.3,79.9,70.8,8.4,79.1,,74.6,,,297.0,UNKNOWN,-2.1548821548821473,,reports_pairwise
2026-04-22,ITC,67.2,92.6,59.1,15.0,58.6,,59.2,,,306.8,UNKNOWN,-0.7659713168187818,,reports_pairwise
2026-04-22,DABUR,69.6,69.2,65.7,5.3,86.2,,64.8,,,462.1,UNKNOWN,-2.5860203419173438,,reports_pairwise
2026-04-22,UNITDSPR,71.1,68.7,66.9,18.6,85.6,,66.7,,,1398.0,UNKNOWN,-1.6881258941344714,,reports_pairwise
2026-04-22,HAVELLS,69.0,66.5,59.5,5.5,81.3,,65.2,,,1330.0,UNKNOWN,-4.345864661654132,,reports_pairwise
2026-04-22,ICICIGI,69.4,81.8,58.2,4.0,53.7,,70.7,,,1822.5,UNKNOWN,-2.7818930041152288,,reports_pairwise
2026-04-22,NATIONALUM,77.1,97.5,73.7,4.6,88.1,,61.2,,,432.8,UNKNOWN,2.010166358595191,,reports_pairwise
2026-04-22,ULTRACEMCO,69.6,56.8,71.2,7.5,72.8,,72.6,,,12100.0,UNKNOWN,-2.3388429752066116,,reports_pairwise
2026-04-22,PAGEIND,69.9,68.7,75.2,15.0,81.7,,58.3,,,37955.0,UNKNOWN,-1.1856145435384007,,reports_pairwise
2026-04-22,VEDL,76.8,74.2,74.5,22.3,84.5,,66.3,,,759.0,UNKNOWN,-2.595520421607384,,reports_pairwise
2026-04-22,TORNTPHARM,67.3,69.4,36.2,2.8,65.8,,75.8,,,4086.2,UNKNOWN,2.3665018843913614,,reports_pairwise
2026-04-22,CGPOWER,76.6,74.7,75.2,13.9,95.9,,67.2,,,831.4,UNKNOWN,-0.02405580947798073,,reports_pairwise
2026-04-22,PFC,74.4,57.8,75.2,1.4,96.9,,69.6,,,471.05,UNKNOWN,2.1972189788769696,,reports_pairwise
2026-04-22,RELIANCE,66.6,75.6,46.4,5.5,64.0,,70.1,,,1362.3,UNKNOWN,1.9525801952580295,,reports_pairwise
2026-04-22,COLPAL,69.7,78.7,71.5,3.3,84.0,,59.6,,,2118.6,UNKNOWN,0.3115264797507746,,reports_pairwise
2026-04-22,TATAPOWER,67.4,47.5,68.9,5.6,89.7,,78.5,,,438.85,UNKNOWN,5.229577304318101,,reports_pairwise
2026-04-22,GODREJCP,68.7,59.8,71.3,7.5,70.7,,68.5,,,1144.2,UNKNOWN,-4.562139486103832,,reports_pairwise
2026-04-22,HAL,73.6,88.4,75.2,0.0,82.3,,61.3,,,4396.6,UNKNOWN,-1.255515625710793,,reports_pairwise
2026-04-22,IRCTC,67.6,87.8,63.7,7.5,75.6,,54.9,,,557.65,UNKNOWN,-2.4746704922442313,,reports_pairwise
2026-04-22,KOTAKBANK,66.9,80.1,59.8,2.4,61.4,,67.8,,,378.3,UNKNOWN,-0.09251916468411914,,reports_pairwise
2026-04-22,LT,69.9,62.6,75.4,2.1,58.8,,69.1,,,4028.7,UNKNOWN,0.22339712562365033,,reports_pairwise
2026-04-22,SBILIFE,65.7,63.9,54.0,27.6,57.5,,73.4,,,1886.5,UNKNOWN,-4.145242512589454,,reports_pairwise
2026-04-22,APLAPOLLO,71.5,64.4,69.6,7.5,76.6,,68.9,,,2120.7,UNKNOWN,-6.823218748526422,,reports_pairwise
2026-04-22,LICI,70.1,93.7,65.3,0.1,58.5,,64.2,,,823.65,UNKNOWN,-0.722394220846225,,reports_pairwise
2026-04-22,POLYCAB,73.5,78.6,71.8,11.2,76.2,,66.7,,,8058.0,UNKNOWN,2.4323653512037726,,reports_pairwise
2026-04-22,BEL,71.5,75.0,60.4,5.4,66.9,,71.5,,,448.95,UNKNOWN,-2.9401937854994964,,reports_pairwise
2026-04-22,GICRE,68.4,73.8,67.2,0.0,74.2,,69.9,,,399.85,UNKNOWN,-0.0750281355508344,,reports_pairwise
2026-04-22,SIEMENS,74.0,61.8,75.2,5.0,96.0,,72.3,,,3880.0,UNKNOWN,-1.3582474226804075,,reports_pairwise
2026-04-22,DMART,69.3,61.5,73.9,1.6,82.6,,70.2,,,4608.5,UNKNOWN,-1.3909081045893537,,reports_pairwise
2026-04-22,HDFCAMC,74.0,82.5,75.2,4.3,79.1,,66.4,,,2797.0,UNKNOWN,-1.3156953879156303,,reports_pairwise
2026-04-22,MARUTI,67.4,83.5,64.3,0.0,68.2,,61.2,,,13416.0,UNKNOWN,-3.905784138342278,,reports_pairwise
2026-04-22,GRASIM,66.1,40.4,63.5,7.5,71.2,,74.9,,,2774.4,UNKNOWN,0.30997693194924697,,reports_pairwise
2026-04-22,JSWSTEEL,68.8,42.4,71.1,14.4,75.7,,72.9,,,1264.0,UNKNOWN,1.392405063291132,,reports_pairwise
2026-04-22,TORNTPOWER,72.9,77.4,74.0,32.9,92.6,,68.8,,,1650.0,UNKNOWN,6.357575757575764,,reports_pairwise
2026-04-22,EICHERMOT,68.3,83.4,63.4,2.2,53.2,,67.5,,,7176.0,UNKNOWN,-1.4562430323299889,,reports_pairwise
2026-04-22,DRREDDY,64.4,82.1,33.7,1.2,43.7,,72.8,,,1220.1,UNKNOWN,11.023686583066961,,reports_pairwise
2026-04-22,BSE,72.8,75.0,75.2,0.0,98.9,,57.0,,,3517.9,UNKNOWN,3.075698570169698,,reports_pairwise
2026-04-22,DIVISLAB,66.5,64.5,62.6,5.8,71.3,,70.2,,,6288.5,UNKNOWN,2.2898942514113063,,reports_pairwise
2026-04-22,IRB,68.7,66.7,53.8,4.1,82.4,,61.7,,,21.99,UNKNOWN,-0.591177808094584,,reports_pairwise
2026-04-22,JINDALSTEL,71.5,49.6,72.5,15.0,92.5,,70.2,,,1284.6,UNKNOWN,-1.4868441538221944,,reports_pairwise
2026-04-22,CANBK,71.1,82.0,68.4,5.3,75.4,,64.6,,,145.83,UNKNOWN,-5.986422546801082,,reports_pairwise
2026-04-22,SAIL,72.3,63.4,75.2,15.0,94.9,,63.9,,,175.98,UNKNOWN,5.48357767928174,,reports_pairwise
2026-04-22,SUNPHARMA,62.2,75.8,27.6,1.2,43.6,,75.3,,,1660.1,UNKNOWN,5.252695620745741,,reports_pairwise
2026-04-22,ACC,64.6,77.1,63.8,2.2,72.6,,54.3,,,1433.8,UNKNOWN,0.38359603849909335,,reports_pairwise
2026-04-22,OBEROIRLTY,69.6,77.9,75.2,9.1,79.5,,63.3,,,1740.6,UNKNOWN,-1.7407790417097526,,reports_pairwise
2026-04-22,ADANIPOWER,71.9,74.9,75.2,21.5,99.8,,58.9,,,211.0,UNKNOWN,5.853080568720377,,reports_pairwise
2026-04-22,SOLARINDS,71.5,72.3,74.7,1.8,87.7,,58.0,,,15080.0,UNKNOWN,1.4854111405835544,,reports_pairwise
2026-04-22,TATASTEEL,69.0,55.1,69.3,3.7,80.7,,68.7,,,211.73,UNKNOWN,1.568034761252549,,reports_pairwise
2026-04-22,LICHSGFIN,66.7,48.1,75.1,40.8,80.0,,65.8,,,560.3,UNKNOWN,-1.838300910226656,,reports_pairwise
2026-04-22,AUBANK,70.3,75.2,75.2,10.8,86.3,,65.8,,,1049.35,UNKNOWN,-2.53013770429313,,reports_pairwise
2026-04-22,SUZLON,71.2,95.7,75.2,15.0,87.4,,47.2,,,54.08,UNKNOWN,5.991124260355033,,reports_pairwise
2026-04-22,INDIANB,70.7,86.0,61.8,9.3,66.0,,66.4,,,927.1,UNKNOWN,-3.3437601121777587,,reports_pairwise
2026-04-22,PIIND,65.5,78.9,61.0,1.8,57.1,,54.2,,,3023.6,UNKNOWN,2.4474136790580765,,reports_pairwise
2026-04-22,BAJAJFINSV,64.3,53.6,66.1,4.1,76.0,,66.3,,,1850.0,UNKNOWN,-3.8378378378378377,,reports_pairwise
2026-04-22,RECLTD,68.9,59.3,75.2,7.5,81.5,,62.3,,,383.6,UNKNOWN,-2.033368091762255,,reports_pairwise
2026-04-22,TVSMOTOR,66.3,50.0,65.5,1.9,64.6,,71.6,,,3711.3,UNKNOWN,-5.8038962088755985,,reports_pairwise
2026-04-22,UNIONBANK,70.6,81.4,74.1,9.0,90.8,,59.1,,,196.56,UNKNOWN,-13.268213268213275,,reports_pairwise
2026-04-22,TMPV,70.4,78.1,75.2,2.8,82.7,,57.8,,,365.6,UNKNOWN,-4.048140043763679,,reports_pairwise
2026-04-22,PETRONET,68.5,86.2,60.4,0.0,63.2,,62.6,,,280.02,UNKNOWN,-0.8213699021498303,,reports_pairwise
2026-04-22,CONCOR,65.7,72.7,75.1,2.1,69.0,,58.7,,,506.3,UNKNOWN,0.8295476989926899,,reports_pairwise
2026-04-22,SONACOMS,69.8,56.7,75.2,0.0,96.2,,67.8,,,593.0,UNKNOWN,0.9780775716694695,,reports_pairwise
2026-04-22,BHEL,69.7,44.7,75.2,22.0,96.8,,65.0,,,333.16,UNKNOWN,6.46836354904549,,reports_pairwise
2026-04-22,VBL,69.4,64.7,75.2,9.3,80.9,,62.6,,,496.2,UNKNOWN,4.504232164449812,,reports_pairwise
2026-04-22,SHREECEM,61.3,48.6,68.5,0.0,66.8,,58.3,,,25605.0,UNKNOWN,-2.792423354813513,,reports_pairwise
2026-04-22,AMBUJACEM,65.4,74.0,68.0,0.0,80.3,,55.3,,,457.75,UNKNOWN,0.2293828509011494,,reports_pairwise
2026-04-22,IOB,69.1,88.4,70.3,15.0,64.4,,59.8,,,35.38,UNKNOWN,-1.1588468061051544,,reports_pairwise
2026-04-22,TCS,62.1,91.6,63.9,1.4,51.7,,56.8,,,2512.8,UNKNOWN,-2.7101241642789065,,reports_pairwise
2026-04-22,HEROMOTOCO,66.7,89.1,52.7,1.5,63.9,,61.1,,,5271.5,UNKNOWN,-3.8603812956464005,,reports_pairwise
2026-04-22,MANKIND,65.0,54.6,70.6,4.4,87.3,,62.3,,,2229.0,UNKNOWN,1.588156123822346,,reports_pairwise
2026-04-22,BOSCHLTD,67.3,72.6,75.2,0.0,73.8,,64.4,,,38300.0,UNKNOWN,-2.5587467362924285,,reports_pairwise
2026-04-22,GAIL,64.0,83.5,75.2,5.1,76.6,,62.3,,,166.44,UNKNOWN,-0.4566210045662046,,reports_pairwise
2026-04-22,OFSS,68.5,91.7,75.2,16.9,85.9,,55.8,,,7987.0,UNKNOWN,19.81970702391386,,reports_pairwise
2026-04-22,WIPRO,62.5,83.5,63.7,6.1,60.4,,59.1,,,202.9,UNKNOWN,-0.6505667816658418,,reports_pairwise
2026-04-22,BHARATFORG,67.8,48.0,71.2,3.9,93.7,,70.7,,,1915.5,UNKNOWN,-1.0806577916992977,,reports_pairwise
2026-04-22,EXIDEIND,64.9,61.2,75.2,22.9,80.5,,61.1,,,357.15,UNKNOWN,-0.25199496010079164,,reports_pairwise
2026-04-22,INDUSINDBK,65.8,71.2,64.4,3.0,74.6,,66.5,,,868.8,UNKNOWN,1.9279465930018416,,reports_pairwise
2026-04-22,INDHOTEL,64.5,66.3,65.8,4.9,64.2,,58.4,,,660.55,UNKNOWN,-1.2262508515630777,,reports_pairwise
2026-04-22,CENTRALBK,65.7,73.4,68.3,11.4,63.8,,66.0,,,36.83,UNKNOWN,-2.090686939994559,,reports_pairwise
2026-04-22,ICICIPRULI,60.4,60.4,50.9,5.1,62.0,,61.7,,,543.9,UNKNOWN,-4.293068578782869,,reports_pairwise
2026-04-22,HINDZINC,67.4,84.3,75.2,5.4,67.8,,49.5,,,593.55,UNKNOWN,3.7991744587650693,,reports_pairwise
2026-04-22,LTIM,64.5,87.9,70.1,5.0,70.2,,52.3,,,4504.0,UNKNOWN,0.0,,reports_pairwise
2026-04-22,M&M,64.6,67.4,62.5,7.5,56.0,,63.0,,,3199.1,UNKNOWN,-3.4697258603982375,,reports_pairwise
2026-04-22,PATANJALI,61.3,71.1,49.5,28.5,72.0,,57.9,,,474.05,UNKNOWN,-2.151671764581793,,reports_pairwise
2026-04-22,MRF,62.7,75.1,63.5,0.1,54.7,,65.0,,,137580.0,UNKNOWN,-5.422299752871057,,reports_pairwise
2026-04-22,PHOENIXLTD,65.8,52.3,75.2,15.0,70.6,,66.2,,,1818.1,UNKNOWN,-3.091139101259547,,reports_pairwise
2026-04-22,TECHM,62.4,83.7,54.0,13.7,48.0,,60.1,,,1407.7,UNKNOWN,0.028415145272420513,,reports_pairwise
2026-04-22,BPCL,65.8,69.2,69.6,2.7,70.7,,52.2,,,315.9,UNKNOWN,-2.5799303577081285,,reports_pairwise
2026-04-22,GLENMARK,66.9,58.0,61.9,1.7,77.8,,69.1,,,2216.2,UNKNOWN,8.460427759227507,,reports_pairwise
2026-04-22,HDFCLIFE,59.3,58.4,44.2,15.0,61.2,,59.6,,,606.2,UNKNOWN,-2.647641042560222,,reports_pairwise
2026-04-22,ADANIENT,66.8,64.0,75.2,4.5,80.9,,54.1,,,2231.7,UNKNOWN,8.09696643814134,,reports_pairwise
2026-04-22,ESCORTS,66.7,77.0,75.2,4.9,78.3,,55.2,,,3350.0,UNKNOWN,-1.2358208955223908,,reports_pairwise
2026-04-22,MUTHOOTFIN,66.8,71.1,69.0,2.8,73.3,,56.7,,,3602.4,UNKNOWN,-2.953586497890298,,reports_pairwise
2026-04-22,SHRIRAMFIN,66.7,65.8,68.2,1.8,74.6,,60.1,,,1039.45,UNKNOWN,-8.292847178796483,,reports_pairwise
2026-04-22,GMRAIRPORT,66.6,65.7,69.1,5.4,69.9,,62.4,,,97.75,UNKNOWN,0.11253196930946234,,reports_pairwise
2026-04-22,BANKBARODA,64.2,78.1,60.8,5.0,62.9,,64.1,,,282.82,UNKNOWN,-5.3001909341630755,,reports_pairwise
2026-04-22,NHPC,61.5,40.2,65.9,1.5,85.2,,69.2,,,82.66,UNKNOWN,3.2905879506411795,,reports_pairwise
2026-04-22,BAJFINANCE,65.4,57.3,72.2,2.6,64.2,,61.1,,,937.4,UNKNOWN,-1.4668231278002988,,reports_pairwise
2026-04-22,MPHASIS,63.8,82.9,75.5,0.0,59.2,,57.1,,,2359.2,UNKNOWN,-3.768226517463532,,reports_pairwise
2026-04-22,VOLTAS,64.9,55.8,69.8,9.6,79.0,,67.9,,,1492.0,UNKNOWN,1.2801608579088413,,reports_pairwise
2026-04-22,ADANIENSOL,65.6,47.3,75.2,3.9,99.6,,62.8,,,1319.45,UNKNOWN,8.791541930349766,,reports_pairwise
2026-04-22,HCLTECH,61.3,96.4,36.8,49.5,53.9,,51.3,,,1286.3,UNKNOWN,-7.0201352717095515,,reports_pairwise
2026-04-22,PNB,63.9,77.8,62.4,7.5,64.5,,61.5,,,114.88,UNKNOWN,-3.03795264623955,,reports_pairwise
2026-04-22,TIINDIA,65.6,55.6,75.2,19.4,89.3,,57.0,,,2990.9,UNKNOWN,0.33769099602126146,,reports_pairwise
2026-04-22,MAXHEALTH,62.2,56.0,65.3,1.4,79.0,,58.8,,,1018.6,UNKNOWN,-1.3597094050657788,,reports_pairwise
2026-04-22,MAZDOCK,65.2,79.9,74.1,8.5,84.9,,42.2,,,2695.7,UNKNOWN,-0.4599918388544585,,reports_pairwise
2026-04-22,ABCAPITAL,65.1,67.9,71.6,5.3,72.9,,63.4,,,350.05,UNKNOWN,-3.356663333809456,,reports_pairwise
2026-04-22,BAJAJHFL,58.7,51.3,70.8,8.6,81.8,,47.4,,,91.18,UNKNOWN,-1.9850844483439374,,reports_pairwise
2026-04-22,BANDHANBNK,65.2,75.3,69.1,2.5,75.7,,59.1,,,174.26,UNKNOWN,2.5192241478250974,,reports_pairwise
2026-04-22,IGL,63.7,85.6,68.3,20.4,66.3,,53.6,,,168.44,UNKNOWN,-1.1814295891712236,,reports_pairwise
2026-04-22,INFY,61.0,92.8,47.3,10.1,45.4,,57.0,,,1256.2,UNKNOWN,-8.286896990925023,,reports_pairwise
2026-04-22,HUDCO,65.0,61.2,75.2,15.8,82.7,,49.0,,,199.59,UNKNOWN,7.74587905205672,,reports_pairwise
2026-04-22,MOTHERSON,65.0,61.1,75.2,7.5,89.0,,59.6,,,131.57,UNKNOWN,-4.8263281903169375,,reports_pairwise
2026-04-22,ASHOKLEY,64.9,65.4,65.2,0.0,70.5,,56.8,,,180.08,UNKNOWN,-6.974677920924035,,reports_pairwise
2026-04-22,IOC,60.1,57.7,60.4,0.7,70.2,,55.4,,,147.2,UNKNOWN,-1.229619565217393,,reports_pairwise
2026-04-22,INDUSTOWER,62.5,84.5,32.0,20.9,54.0,,63.0,,,409.25,UNKNOWN,1.1484422724496002,,reports_pairwise
2026-04-22,YESBANK,64.4,71.7,67.0,37.3,63.9,,58.8,,,20.02,UNKNOWN,-0.2497502497502533,,reports_pairwise
2026-04-22,TRENT,64.2,68.7,75.2,21.3,83.8,,46.2,,,4428.4,UNKNOWN,-3.9404751151657487,,reports_pairwise
2026-04-22,LTF,64.0,54.3,74.1,5.2,83.8,,59.4,,,293.0,UNKNOWN,-2.4641638225256064,,reports_pairwise
2026-04-22,MOTILALOFS,64.0,70.9,75.2,20.8,83.2,,41.9,,,817.4,UNKNOWN,-4.245167604599943,,reports_pairwise
2026-04-22,APOLLOTYRE,60.8,65.1,61.6,0.5,57.5,,61.2,,,437.0,UNKNOWN,-3.0549199084668244,,reports_pairwise
2026-04-22,MFSL,58.4,52.0,55.8,5.1,50.5,,64.9,,,1623.2,UNKNOWN,-0.7639231148348996,,reports_pairwise
2026-04-22,NYKAA,61.9,37.7,67.8,10.4,64.5,,68.3,,,262.23,UNKNOWN,3.004995614536855,,reports_pairwise
2026-04-22,SRF,61.4,60.7,49.7,2.9,81.1,,56.7,,,2502.5,UNKNOWN,1.210789210789218,,reports_pairwise
2026-04-22,LODHA,63.3,78.7,66.9,1.5,95.1,,38.8,,,887.9,UNKNOWN,-0.5631264782070053,,reports_pairwise
2026-04-22,PREMIERENE,63.4,76.8,71.9,1.7,87.2,,47.4,,,994.1,UNKNOWN,4.350668946786026,,reports_pairwise
2026-04-22,UCOBANK,61.9,78.4,67.4,7.9,68.7,,52.5,,,27.05,UNKNOWN,-2.920517560073934,,reports_pairwise
2026-04-22,JSWENERGY,62.6,38.7,69.6,8.4,87.6,,71.5,,,559.5,UNKNOWN,3.8248436103663943,,reports_pairwise
2026-04-22,OIL,62.2,75.9,35.5,0.0,55.7,,65.4,,,464.55,UNKNOWN,7.028306963728334,,reports_pairwise
2026-04-22,DLF,62.1,73.1,72.8,1.2,79.4,,49.3,,,613.4,UNKNOWN,-4.157156830779264,,reports_pairwise
2026-04-22,CHOLAFIN,62.9,62.2,66.7,0.0,51.0,,59.7,,,1570.4,UNKNOWN,-2.1650534895568008,,reports_pairwise
2026-04-22,HYUNDAI,62.9,94.2,49.7,1.3,93.1,,39.9,,,1872.2,UNKNOWN,-2.510415553893815,,reports_pairwise
2026-04-22,NTPCGREEN,62.0,33.1,74.4,0.0,98.3,,62.1,,,113.1,UNKNOWN,2.396109637488955,,reports_pairwise
2026-04-22,TATATECH,59.2,68.4,68.6,7.5,54.2,,53.3,,,573.9,UNKNOWN,-0.7144101759888521,,reports_pairwise
2026-04-22,BANKINDIA,62.3,75.4,63.4,5.8,78.3,,55.5,,,153.42,UNKNOWN,-5.9770564463564,,reports_pairwise
2026-04-22,WAAREEENER,62.0,81.9,68.6,2.3,98.4,,44.3,,,3488.6,UNKNOWN,-1.0032677865046151,,reports_pairwise
2026-04-22,PERSISTENT,61.8,80.1,59.6,17.8,61.6,,54.0,,,5054.3,UNKNOWN,-4.962111469441865,,reports_pairwise
2026-04-22,POLICYBZR,61.6,53.7,67.9,10.8,81.4,,55.6,,,1625.0,UNKNOWN,2.609230769230775,,reports_pairwise
2026-04-22,ASTRAL,61.2,60.3,40.8,1.5,65.2,,65.1,,,1589.1,UNKNOWN,-2.5297338115914556,,reports_pairwise
2026-04-22,BHARTIHEXA,60.6,63.9,49.1,16.4,68.7,,55.7,,,1549.2,UNKNOWN,-2.556158017041062,,reports_pairwise
2026-04-22,HINDPETRO,60.7,55.9,75.6,3.4,86.8,,44.1,,,384.8,UNKNOWN,-1.2344074844074844,,reports_pairwise
2026-04-22,ADANIGREEN,60.2,54.4,75.2,8.4,92.2,,53.5,,,1174.55,UNKNOWN,6.419479800774773,,reports_pairwise
2026-04-22,BAJAJHLDNG,60.1,84.1,65.3,0.0,64.9,,47.6,,,10379.5,UNKNOWN,-1.2813719350643094,,reports_pairwise
2026-04-22,INDIGO,60.1,50.0,73.1,0.0,63.7,,49.8,,,4700.9,UNKNOWN,-5.498947010146994,,reports_pairwise
2026-04-22,IREDA,60.1,54.5,75.2,7.8,82.1,,43.3,,,134.78,UNKNOWN,2.4261759905030496,,reports_pairwise
2026-04-22,TATACOMM,60.0,65.7,60.4,15.0,59.1,,53.0,,,1498.5,UNKNOWN,6.680013346680007,,reports_pairwise
2026-04-22,UPL,60.0,53.5,64.3,2.8,62.9,,55.6,,,651.9,UNKNOWN,-0.9817456665132654,,reports_pairwise
2026-04-22,IDFCFIRSTB,59.8,64.3,67.4,1.3,81.0,,48.3,,,68.19,UNKNOWN,0.7625751576477431,,reports_pairwise
2026-04-22,JIOFIN,57.2,48.5,50.8,32.5,76.3,,51.7,,,239.33,UNKNOWN,4.796724188359165,,reports_pairwise
2026-04-22,SUPREMEIND,57.6,63.3,37.2,0.0,46.9,,57.3,,,3699.0,UNKNOWN,-1.814003784806702,,reports_pairwise
2026-04-22,BIOCON,56.5,44.4,41.2,6.2,60.9,,64.1,,,357.3,UNKNOWN,1.5393226980128742,,reports_pairwise
2026-04-22,PRESTIGE,58.9,39.7,71.4,6.1,81.0,,52.4,,,1420.6,UNKNOWN,-1.2670702520061947,,reports_pairwise
2026-04-22,GODREJPROP,58.9,54.5,75.2,7.7,81.6,,46.4,,,1824.5,UNKNOWN,0.005480953685936369,,reports_pairwise
2026-04-22,VMM,58.7,53.4,75.2,5.8,81.9,,46.7,,,123.96,UNKNOWN,1.637625040335593,,reports_pairwise
2026-04-22,JUBLFOOD,57.8,55.4,65.0,4.4,89.6,,47.6,,,484.9,UNKNOWN,-0.5155702206640544,,reports_pairwise
2026-04-22,TATAELXSI,58.2,72.6,67.0,49.8,52.5,,46.1,,,4401.8,UNKNOWN,-6.13839792812031,,reports_pairwise
2026-04-22,ETERNAL,57.9,49.9,74.2,4.1,78.4,,45.2,,,260.73,UNKNOWN,-2.937905112568567,,reports_pairwise
2026-04-22,NAUKRI,56.2,51.9,67.2,0.8,66.7,,50.0,,,1049.95,UNKNOWN,-4.319253297776086,,reports_pairwise
2026-04-22,SBICARD,54.9,53.4,54.5,7.9,67.9,,49.9,,,686.3,UNKNOWN,-5.660789742095281,,reports_pairwise
2026-04-22,ATGL,56.8,56.8,71.1,0.0,91.8,,39.9,,,621.9,UNKNOWN,5.137481910274971,,reports_pairwise
2026-04-22,IRFC,56.7,54.7,68.4,2.1,66.8,,48.5,,,104.24,UNKNOWN,0.8633921719109803,,reports_pairwise
2026-04-22,KPITTECH,55.9,85.4,68.4,4.3,70.8,,34.6,,,722.4,UNKNOWN,1.668050941306765,,reports_pairwise
2026-04-22,DIXON,55.5,76.8,70.0,2.5,69.8,,38.5,,,11296.5,UNKNOWN,0.6506440047802418,,reports_pairwise
2026-04-22,RVNL,55.3,53.0,75.2,0.0,79.9,,34.9,,,302.4,UNKNOWN,2.0601851851851913,,reports_pairwise
2026-04-22,PAYTM,55.0,48.8,71.4,0.0,70.4,,54.0,,,1167.5,UNKNOWN,-3.284796573875795,,reports_pairwise
2026-04-22,IDEA,54.7,80.0,64.5,5.5,71.0,,37.0,,,9.52,UNKNOWN,4.516806722689073,,reports_pairwise
2026-04-22,COCHINSHIP,54.6,58.2,75.2,5.7,81.5,,31.7,,,1570.8,UNKNOWN,7.944996180290295,,reports_pairwise
2026-04-22,BDL,54.2,61.3,69.1,5.6,72.5,,36.9,,,1386.5,UNKNOWN,0.7356653443923581,,reports_pairwise
2026-04-22,M&MFIN,54.2,52.9,51.1,11.2,65.6,,49.2,,,301.4,UNKNOWN,3.732581287325813,,reports_pairwise
2026-04-22,SJVN,50.9,29.7,72.3,4.0,81.9,,46.8,,,77.49,UNKNOWN,5.549103110078734,,reports_pairwise
2026-04-22,COFORGE,50.5,69.5,69.8,5.2,48.0,,40.5,,,1220.0,UNKNOWN,-1.5655737704917956,,reports_pairwise
2026-04-22,KALYANKJIL,50.0,56.0,64.3,3.5,52.5,,40.0,,,413.05,UNKNOWN,-0.09684057620143666,,reports_pairwise
2026-04-22,SWIGGY,49.2,49.8,60.3,7.5,93.6,,30.8,,,291.25,UNKNOWN,-3.072961373390554,,reports_pairwise
2026-04-22,ABFRL,44.8,46.5,74.8,1.7,89.1,,12.0,,,65.19,UNKNOWN,-2.4697039423224414,,reports_pairwise
2026-04-22,OLAELEC,39.3,36.4,75.4,0.0,80.4,,7.8,,,37.76,UNKNOWN,-5.164194915254226,,reports_pairwise
2026-04-25,NESTLEIND,82.0,73.6,75.2,38.9,85.2,,80.0,,,1421.3,UNKNOWN,2.6243562644014315,,reports_pairwise
2026-04-25,MARICO,76.3,72.7,64.1,23.6,85.1,,80.5,,,783.3,UNKNOWN,-1.05961955827907,,reports_pairwise
2026-04-25,LUPIN,75.0,86.7,47.5,13.7,58.4,,79.0,,,2296.1,UNKNOWN,0.3963220753397104,,reports_pairwise
2026-04-25,DRREDDY,77.0,80.0,61.7,60.5,82.0,,75.4,,,1317.1,UNKNOWN,0.44036325366810347,,reports_pairwise
2026-04-25,ICICIBANK,72.6,85.8,66.2,10.7,52.7,,74.1,,,1326.2,UNKNOWN,-4.735332196194959,,reports_pairwise
2026-04-25,COALINDIA,75.4,90.9,47.6,15.0,71.6,,77.5,,,456.0,UNKNOWN,5.58114302785773,,reports_pairwise
2026-04-25,APOLLOHOSP,73.8,54.9,65.4,12.4,77.4,,77.6,,,7732.5,UNKNOWN,-1.241513094083414,,reports_pairwise
2026-04-25,CIPLA,73.0,89.3,63.8,44.4,86.1,,64.7,,,1295.0,UNKNOWN,1.127411242157336,,reports_pairwise
2026-04-25,NMDC,81.2,92.2,73.8,16.1,83.8,,72.7,,,89.29,UNKNOWN,1.2095450180110034,,reports_pairwise
2026-04-25,ONGC,74.7,71.4,51.6,5.3,82.8,,78.8,,,284.8,UNKNOWN,5.179068747531158,,reports_pairwise
2026-04-25,HINDUNILVR,73.1,71.0,73.3,27.0,74.2,,69.6,,,2327.3,UNKNOWN,-3.2827782261096625,,reports_pairwise
2026-04-25,ABB,79.3,72.2,75.2,34.5,88.5,,69.3,,,7328.5,UNKNOWN,-1.3440676809715495,,reports_pairwise
2026-04-25,ZYDUSLIFE,72.9,80.6,64.4,18.6,61.3,,72.4,,,927.4,UNKNOWN,-3.8279033411621177,,reports_pairwise
2026-04-25,CUMMINSIND,78.4,74.9,74.3,8.5,85.7,,74.6,,,5232.0,UNKNOWN,0.6574904882215215,,reports_pairwise
2026-04-25,NTPC,70.2,66.3,64.9,8.6,81.7,,81.8,,,401.85,UNKNOWN,-0.6718940160546591,,reports_pairwise
2026-04-25,SBIN,72.1,87.9,64.5,5.0,57.9,,72.2,,,1101.1,UNKNOWN,-2.9652210360661986,,reports_pairwise
2026-04-25,PIDILITIND,71.5,70.5,63.9,0.0,56.7,,72.7,,,1394.3,UNKNOWN,-1.3340062273631899,,reports_pairwise
2026-04-25,TITAN,72.5,50.0,72.6,6.4,70.7,,77.9,,,4410.0,UNKNOWN,-0.5623538477891157,,reports_pairwise
2026-04-25,AXISBANK,74.2,85.3,74.4,7.5,71.8,,75.0,,,1365.9,UNKNOWN,-7.145468275267229,,reports_pairwise
2026-04-25,TATACONSUM,71.6,54.4,74.8,18.4,84.2,,77.3,,,1174.0,UNKNOWN,-2.5042610233443354,,reports_pairwise
2026-04-25,ADANIPORTS,78.4,87.7,75.2,2.4,74.2,,72.3,,,1585.1,UNKNOWN,4.55492075125387,,reports_pairwise
2026-04-25,POWERGRID,71.0,68.0,60.5,2.5,79.8,,78.2,,,316.4,UNKNOWN,0.6163103993412288,,reports_pairwise
2026-04-25,BAJAJ-AUTO,72.0,78.2,64.6,5.7,64.8,,72.8,,,9576.0,UNKNOWN,4.365079365079365,,reports_pairwise
2026-04-25,AUROPHARMA,75.4,78.4,68.0,23.8,86.7,,72.7,,,1413.8,UNKNOWN,-1.718772103550711,,reports_pairwise
2026-04-25,ALKEM,71.4,83.4,46.8,15.3,48.7,,71.8,,,5235.0,UNKNOWN,3.151862464183381,,reports_pairwise
2026-04-25,ASIANPAINT,72.1,66.0,75.2,7.0,69.1,,64.7,,,2485.1,UNKNOWN,-1.633737072954807,,reports_pairwise
2026-04-25,HINDALCO,74.9,77.6,74.6,10.9,84.7,,70.7,,,1048.35,UNKNOWN,-0.9872657032479524,,reports_pairwise
2026-04-25,TORNTPHARM,68.7,69.4,48.3,10.1,65.0,,76.4,,,4117.2,UNKNOWN,1.6491814256351447,,reports_pairwise
2026-04-25,BRITANNIA,68.6,65.3,58.8,11.9,59.1,,74.0,,,5730.5,UNKNOWN,-0.07852717912922083,,reports_pairwise
2026-04-25,HDFCBANK,67.4,83.5,58.1,4.3,64.8,,65.0,,,784.85,UNKNOWN,-1.675477835633404,,reports_pairwise
2026-04-25,MAHABANK,78.3,87.6,75.2,15.0,96.5,,62.0,,,77.9,UNKNOWN,0.6033411381027285,,reports_pairwise
2026-04-25,FEDERALBNK,73.4,80.2,74.2,4.4,72.4,,74.0,,,293.0,UNKNOWN,-2.064842250159983,,reports_pairwise
2026-04-25,NATIONALUM,78.1,97.8,74.1,21.9,87.9,,61.4,,,437.05,UNKNOWN,-9.090302871793131,,reports_pairwise
2026-04-25,ITC,67.1,93.1,57.0,7.9,65.4,,58.4,,,301.6,UNKNOWN,4.409812299895342,,reports_pairwise
2026-04-25,CGPOWER,77.5,74.7,75.2,12.3,96.8,,65.8,,,823.15,UNKNOWN,-1.1905514686342071,,reports_pairwise
2026-04-25,UNITDSPR,71.0,68.7,67.7,10.9,75.6,,66.5,,,1391.9,UNKNOWN,-4.763274977660938,,reports_pairwise
2026-04-25,DABUR,69.1,69.9,67.2,6.9,72.0,,63.6,,,451.1,UNKNOWN,-2.128131234759482,,reports_pairwise
2026-04-25,PAGEIND,69.7,68.7,73.9,15.0,79.1,,58.0,,,37665.0,UNKNOWN,-2.336386565777247,,reports_pairwise
2026-04-25,COLPAL,70.6,77.9,75.2,8.7,75.9,,60.8,,,2171.3,UNKNOWN,-3.4587596752233765,,reports_pairwise
2026-04-25,ULTRACEMCO,69.1,57.1,75.2,10.2,61.4,,72.1,,,11998.0,UNKNOWN,-3.4339056509418238,,reports_pairwise
2026-04-25,PFC,74.4,57.7,74.9,6.0,87.3,,69.7,,,469.35,UNKNOWN,-4.463621200280313,,reports_pairwise
2026-04-25,POLYCAB,74.7,78.6,75.2,23.1,77.3,,66.6,,,8033.0,UNKNOWN,0.9647703224200175,,reports_pairwise
2026-04-25,BHARTIARTL,64.9,65.9,49.0,4.5,50.7,,71.2,,,1814.5,UNKNOWN,3.98457144271838,,reports_pairwise
2026-04-25,DIVISLAB,68.6,64.5,62.6,13.3,81.8,,71.4,,,6361.5,UNKNOWN,2.2164583824569677,,reports_pairwise
2026-04-25,KOTAKBANK,67.4,80.6,55.9,25.3,61.3,,67.2,,,370.85,UNKNOWN,3.357149195892875,,reports_pairwise
2026-04-25,SIEMENS,74.7,61.8,75.2,10.9,96.1,,71.2,,,3808.9,UNKNOWN,-0.018379291347241748,,reports_pairwise
2026-04-25,HAL,73.1,89.3,75.2,3.7,70.3,,60.2,,,4265.8,UNKNOWN,1.7112805262201654,,reports_pairwise
2026-04-25,BEL,71.8,75.0,65.8,10.6,63.8,,71.0,,,444.45,UNKNOWN,-2.958715762634996,,reports_pairwise
2026-04-25,LT,69.9,62.6,74.8,3.4,59.2,,68.9,,,4014.3,UNKNOWN,-0.007473283013232242,,reports_pairwise
2026-04-25,TATAPOWER,66.7,47.8,70.9,2.7,79.8,,78.0,,,435.0,UNKNOWN,2.1953994926364944,,reports_pairwise
2026-04-25,RELIANCE,65.3,75.5,36.4,7.0,62.0,,69.3,,,1327.8,UNKNOWN,7.757196025615684,,reports_pairwise
2026-04-25,HAVELLS,67.7,71.9,50.6,69.3,51.8,,61.1,,,1238.6,UNKNOWN,0.16147065928771123,,reports_pairwise
2026-04-25,TORNTPOWER,74.1,76.8,75.2,45.6,95.1,,68.0,,,1699.5,UNKNOWN,2.1476904972050606,,reports_pairwise
2026-04-25,GICRE,68.0,73.7,67.0,0.0,66.2,,69.6,,,397.9,UNKNOWN,-1.130938955394723,,reports_pairwise
2026-04-25,SBILIFE,64.5,63.7,36.6,56.3,60.5,,70.3,,,1768.9,UNKNOWN,2.8322686415286285,,reports_pairwise
2026-04-25,GRASIM,66.2,40.8,65.3,14.0,65.7,,74.1,,,2739.3,UNKNOWN,2.015113350125938,,reports_pairwise
2026-04-25,LICI,68.8,93.5,66.1,0.0,52.8,,63.6,,,811.05,UNKNOWN,-1.6213520234187109,,reports_pairwise
2026-04-25,MARUTI,67.5,84.1,57.3,7.5,61.7,,59.9,,,13048.0,UNKNOWN,2.03862660944206,,reports_pairwise
2026-04-25,JSWSTEEL,69.0,42.6,72.3,19.9,72.8,,72.6,,,1255.7,UNKNOWN,0.7008043322449593,,reports_pairwise
2026-04-25,DMART,68.5,61.5,66.9,0.0,72.7,,68.2,,,4443.5,UNKNOWN,3.2046787969787327,,reports_pairwise
2026-04-25,HDFCAMC,73.3,83.1,75.7,4.8,69.1,,65.2,,,2735.0,UNKNOWN,-0.8190092264625229,,reports_pairwise
2026-04-25,ICICIGI,66.0,82.8,55.4,15.6,38.8,,69.1,,,1772.1,UNKNOWN,-0.5022317492311331,,reports_pairwise
2026-04-25,SAIL,73.0,63.1,74.7,15.0,96.0,,64.6,,,178.46,UNKNOWN,3.4517511583478044,,reports_pairwise
2026-04-25,EICHERMOT,68.1,83.7,62.5,4.4,54.9,,67.0,,,7111.5,UNKNOWN,-0.035154327497714966,,reports_pairwise
2026-04-25,IRCTC,65.1,88.4,63.1,6.7,58.1,,53.8,,,541.2,UNKNOWN,-0.30488030432950763,,reports_pairwise
2026-04-25,APLAPOLLO,69.4,67.6,57.6,3.3,59.8,,65.5,,,2004.5,UNKNOWN,-4.963831379396358,,reports_pairwise
2026-04-25,AUBANK,71.6,74.8,75.2,20.3,87.6,,65.3,,,1065.65,UNKNOWN,-4.663819058130609,,reports_pairwise
2026-04-25,GODREJCP,66.3,59.8,68.0,35.8,50.0,,65.6,,,1089.9,UNKNOWN,-2.5761976801197437,,reports_pairwise
2026-04-25,PIIND,66.7,78.5,70.1,9.9,65.6,,55.0,,,3081.2,UNKNOWN,-0.8568074507294178,,reports_pairwise
2026-04-25,VEDL,72.1,66.0,65.9,20.3,72.4,,63.2,,,720.95,UNKNOWN,-62.334421555868126,,reports_pairwise
2026-04-25,ADANIPOWER,71.9,77.4,75.2,23.0,99.4,,58.7,,,212.9,UNKNOWN,4.203854440354917,,reports_pairwise
2026-04-25,OBEROIRLTY,69.0,78.5,73.5,2.0,72.0,,62.1,,,1687.0,UNKNOWN,-1.0314181632520747,,reports_pairwise
2026-04-25,OFSS,71.8,91.4,75.2,78.8,91.5,,60.7,,,8949.0,UNKNOWN,5.661061553665214,,reports_pairwise
2026-04-25,SUZLON,71.7,95.8,75.2,11.5,87.0,,47.0,,,53.91,UNKNOWN,3.0977589149595457,,reports_pairwise
2026-04-25,ACC,63.7,77.2,64.4,4.7,62.0,,56.5,,,1412.7,UNKNOWN,0.6653907826104236,,reports_pairwise
2026-04-25,SOLARINDS,71.6,72.3,75.4,14.7,76.3,,57.7,,,15056.0,UNKNOWN,2.543836344314559,,reports_pairwise
2026-04-25,BSE,71.4,75.0,74.2,0.5,86.0,,55.9,,,3446.0,UNKNOWN,5.6442251886244925,,reports_pairwise
2026-04-25,SUNPHARMA,61.5,76.5,23.7,25.8,39.2,,74.0,,,1620.4,UNKNOWN,11.595905259696673,,reports_pairwise
2026-04-25,TATASTEEL,68.7,55.2,69.8,7.5,74.7,,68.3,,,210.07,UNKNOWN,0.6140813111589325,,reports_pairwise
2026-04-25,JINDALSTEL,70.2,49.6,72.3,15.0,79.7,,68.9,,,1256.0,UNKNOWN,-2.6194286953871417,,reports_pairwise
2026-04-25,VBL,70.8,64.7,75.2,17.2,82.5,,63.8,,,490.45,UNKNOWN,4.740546886946939,,reports_pairwise
2026-04-25,PETRONET,69.5,85.7,75.5,3.9,56.1,,61.4,,,273.45,UNKNOWN,1.2104625217132974,,reports_pairwise
2026-04-25,CANBK,69.5,81.7,67.0,9.9,62.0,,62.8,,,140.85,UNKNOWN,-4.401850268736684,,reports_pairwise
2026-04-25,MANKIND,66.5,54.7,75.2,12.9,79.7,,63.1,,,2267.4,UNKNOWN,-0.9129420846840033,,reports_pairwise
2026-04-25,AMBUJACEM,66.4,74.4,74.6,23.2,73.5,,54.8,,,451.2,UNKNOWN,-1.5514157342572559,,reports_pairwise
2026-04-25,CONCOR,66.0,72.8,75.1,7.5,68.2,,58.5,,,502.8,UNKNOWN,1.2032629481932404,,reports_pairwise
2026-04-25,IRB,66.6,67.1,55.9,5.9,59.6,,60.9,,,21.63,UNKNOWN,-0.41608453292952036,,reports_pairwise
2026-04-25,RECLTD,68.6,59.0,75.2,2.4,71.9,,62.3,,,374.0,UNKNOWN,-5.267382943056484,,reports_pairwise
2026-04-25,BHEL,70.1,44.7,75.2,6.7,96.7,,65.2,,,337.39,UNKNOWN,4.451822419784045,,reports_pairwise
2026-04-25,GAIL,65.2,83.5,75.2,10.5,79.8,,62.3,,,165.61,UNKNOWN,-1.4371138653830995,,reports_pairwise
2026-04-25,EXIDEIND,66.0,62.2,75.4,61.0,71.0,,59.4,,,342.8,UNKNOWN,5.177942763409783,,reports_pairwise
2026-04-25,ADANIENT,68.9,88.4,75.2,14.1,82.7,,55.4,,,2287.6,UNKNOWN,5.280639200198903,,reports_pairwise
2026-04-25,GLENMARK,68.7,58.1,67.4,20.1,82.4,,69.5,,,2299.5,UNKNOWN,4.644490055582735,,reports_pairwise
2026-04-25,INDIANB,68.5,85.7,58.6,8.5,57.0,,65.4,,,909.9,UNKNOWN,-6.379824641615834,,reports_pairwise
2026-04-25,BAJAJFINSV,62.2,54.6,62.8,8.5,61.9,,64.0,,,1770.7,UNKNOWN,-1.327161508337101,,reports_pairwise
2026-04-25,BOSCHLTD,66.9,74.1,74.6,4.0,69.4,,62.1,,,36690.0,UNKNOWN,-1.8942491142000546,,reports_pairwise
2026-04-25,HINDZINC,68.3,84.5,75.2,19.0,72.1,,49.1,,,588.5,UNKNOWN,1.2659324056127867,,reports_pairwise
2026-04-25,SONACOMS,68.1,56.6,74.4,3.1,80.7,,65.1,,,564.85,UNKNOWN,7.506417632999907,,reports_pairwise
2026-04-25,BHARATFORG,67.3,47.8,71.2,16.4,77.3,,69.0,,,1856.0,UNKNOWN,1.379309029414736,,reports_pairwise
2026-04-25,PATANJALI,61.6,71.5,45.2,10.7,73.6,,57.3,,,462.95,UNKNOWN,-0.756018531800138,,reports_pairwise
2026-04-25,TMPV,67.8,79.2,75.1,12.4,61.0,,55.8,,,350.5,UNKNOWN,-2.5534984898805275,,reports_pairwise
2026-04-25,LICHSGFIN,62.9,47.7,71.4,10.6,58.6,,64.2,,,540.75,UNKNOWN,2.579752604166667,,reports_pairwise
2026-04-25,SHREECEM,59.6,49.3,68.6,0.0,57.0,,56.9,,,24950.0,UNKNOWN,-3.026052104208417,,reports_pairwise
2026-04-25,INDHOTEL,63.8,67.5,66.6,12.0,56.0,,58.7,,,635.35,UNKNOWN,0.07869293868536668,,reports_pairwise
2026-04-25,IOB,66.8,88.6,66.7,9.5,49.9,,59.4,,,35.01,UNKNOWN,-0.028563267637812084,,reports_pairwise
2026-04-25,CENTRALBK,65.0,73.1,69.7,12.0,55.1,,64.9,,,36.01,UNKNOWN,-0.4909469829073032,,reports_pairwise
2026-04-25,PHOENIXLTD,65.6,52.2,74.5,3.1,68.5,,64.9,,,1775.9,UNKNOWN,-0.6137732980460662,,reports_pairwise
2026-04-25,HUDCO,67.0,60.1,75.2,50.3,84.7,,51.8,,,211.37,UNKNOWN,4.494486027907222,,reports_pairwise
2026-04-25,TVSMOTOR,63.4,50.0,47.8,17.6,51.7,,67.9,,,3488.2,UNKNOWN,0.13473718088842904,,reports_pairwise
2026-04-25,BPCL,65.2,69.0,74.0,3.7,62.2,,51.3,,,308.1,UNKNOWN,-2.482956115861335,,reports_pairwise
2026-04-25,WIPRO,61.1,83.9,55.1,11.1,52.1,,58.3,,,199.36,UNKNOWN,0.6470675644484156,,reports_pairwise
2026-04-25,TIINDIA,66.6,55.5,75.3,16.4,89.9,,56.4,,,2968.7,UNKNOWN,-0.7006466687859946,,reports_pairwise
2026-04-25,BANDHANBNK,66.4,75.2,75.2,15.0,74.7,,59.2,,,174.67,UNKNOWN,14.341330062805943,,reports_pairwise
2026-04-25,ICICIPRULI,59.7,62.2,42.1,1.8,69.0,,58.9,,,514.2,UNKNOWN,-0.06807164800905201,,reports_pairwise
2026-04-25,VOLTAS,65.5,55.7,75.2,5.6,68.6,,67.0,,,1464.0,UNKNOWN,-2.2950802995858948,,reports_pairwise
2026-04-25,HDFCLIFE,58.9,58.4,47.1,11.4,62.8,,58.1,,,588.2,UNKNOWN,-0.22100911015599206,,reports_pairwise
2026-04-25,ABCAPITAL,66.1,70.7,75.1,11.7,70.6,,62.0,,,340.6,UNKNOWN,1.4386376981796762,,reports_pairwise
2026-04-25,ADANIENSOL,65.8,58.0,75.2,35.3,99.7,,57.3,,,1411.95,UNKNOWN,-4.93643542618365,,reports_pairwise
2026-04-25,SHRIRAMFIN,65.9,59.5,74.6,9.4,62.2,,59.2,,,1011.3,UNKNOWN,-7.312372630679567,,reports_pairwise
2026-04-25,GMRAIRPORT,65.7,65.7,68.3,7.5,61.7,,60.9,,,94.49,UNKNOWN,2.0531276380313117,,reports_pairwise
2026-04-25,OIL,64.7,76.4,45.0,13.2,72.0,,66.4,,,473.7,UNKNOWN,3.6098770937236146,,reports_pairwise
2026-04-25,TRENT,65.6,69.0,75.3,44.3,84.7,,44.8,,,4297.3,UNKNOWN,-3.5533917190736086,,reports_pairwise
2026-04-25,INDUSINDBK,63.1,52.5,68.1,7.5,59.3,,65.3,,,847.95,UNKNOWN,8.031132471604305,,reports_pairwise
2026-04-25,MAZDOCK,65.4,80.1,75.2,9.6,75.7,,42.2,,,2680.4,UNKNOWN,1.9698534238126737,,reports_pairwise
2026-04-25,MUTHOOTFIN,65.5,71.9,72.0,8.1,61.0,,55.1,,,3493.5,UNKNOWN,-1.9836853822277085,,reports_pairwise
2026-04-25,HEROMOTOCO,63.2,90.8,37.4,5.7,53.0,,57.8,,,4961.5,UNKNOWN,2.7713393127078505,,reports_pairwise
2026-04-25,PNB,63.3,77.7,65.4,9.2,56.7,,60.9,,,113.09,UNKNOWN,-3.298257484877921,,reports_pairwise
2026-04-25,UNIONBANK,65.4,80.1,53.1,53.8,50.3,,53.8,,,177.0,UNKNOWN,-6.248586191295904,,reports_pairwise
2026-04-25,BAJAJHFL,58.1,51.7,74.1,3.9,65.5,,49.6,,,89.39,UNKNOWN,-2.4723119977897072,,reports_pairwise
2026-04-25,IGL,62.9,85.5,70.2,8.8,67.8,,53.0,,,164.61,UNKNOWN,0.8565726702271573,,reports_pairwise
2026-04-25,SRF,62.8,60.8,57.6,12.4,77.3,,56.6,,,2493.6,UNKNOWN,1.0025704866959453,,reports_pairwise
2026-04-25,MOTHERSON,64.6,62.4,75.8,20.6,71.7,,56.8,,,125.7,UNKNOWN,-3.571997546163362,,reports_pairwise
2026-04-25,BAJFINANCE,63.9,57.7,73.3,7.5,51.9,,60.2,,,921.55,UNKNOWN,1.6765232488741844,,reports_pairwise
2026-04-25,BANKBARODA,62.6,77.7,59.2,7.5,54.6,,62.5,,,274.13,UNKNOWN,-3.89231698278987,,reports_pairwise
2026-04-25,LTF,64.1,55.7,75.2,5.3,73.7,,59.1,,,290.05,UNKNOWN,-3.558003452395065,,reports_pairwise
2026-04-25,MRF,60.0,75.8,58.3,19.6,40.2,,63.0,,,132145.0,UNKNOWN,-1.842672821521813,,reports_pairwise
2026-04-25,TCS,57.7,92.8,42.5,9.5,44.7,,54.5,,,2396.9,UNKNOWN,3.212478715997743,,reports_pairwise
2026-04-25,MAXHEALTH,60.2,55.9,61.7,5.4,59.6,,58.3,,,999.4,UNKNOWN,-0.6353824501732267,,reports_pairwise
2026-04-25,NYKAA,62.1,37.8,69.5,18.2,63.6,,68.4,,,262.79,UNKNOWN,0.7496517240477109,,reports_pairwise
2026-04-25,PREMIERENE,63.6,76.5,70.6,17.9,87.4,,48.4,,,1007.55,UNKNOWN,0.9776516887344346,,reports_pairwise
2026-04-25,POLICYBZR,63.5,53.8,75.2,15.0,83.0,,57.8,,,1696.7,UNKNOWN,-1.7976099975319766,,reports_pairwise
2026-04-25,CHOLAFIN,63.4,62.2,73.8,8.5,52.2,,59.6,,,1568.2,UNKNOWN,-0.337965539212954,,reports_pairwise
2026-04-25,M&M,60.9,68.3,47.3,13.2,41.4,,60.3,,,3038.4,UNKNOWN,1.9451026856240097,,reports_pairwise
2026-04-25,ASHOKLEY,62.9,66.8,62.8,22.3,55.0,,53.7,,,169.9,UNKNOWN,-4.596823815249782,,reports_pairwise
2026-04-25,IOC,58.5,57.5,61.8,4.2,56.6,,54.3,,,143.47,UNKNOWN,-0.8503519899630577,,reports_pairwise
2026-04-25,TECHM,58.5,86.3,32.1,62.5,52.8,,58.6,,,1358.5,UNKNOWN,8.465218991534782,,reports_pairwise
2026-04-25,YESBANK,62.8,74.8,71.8,7.3,53.4,,58.5,,,19.84,UNKNOWN,0.4536305704424465,,reports_pairwise
2026-04-25,ESCORTS,62.8,77.8,72.3,8.8,52.3,,53.4,,,3231.3,UNKNOWN,0.3187601787593172,,reports_pairwise
2026-04-25,JSWENERGY,62.0,39.5,72.9,7.5,77.5,,69.2,,,544.95,UNKNOWN,2.972754273614543,,reports_pairwise
2026-04-25,NHPC,58.1,40.1,62.4,3.1,66.9,,68.1,,,80.66,UNKNOWN,3.1490167967297187,,reports_pairwise
2026-04-25,UCOBANK,61.0,77.8,73.1,8.4,56.0,,51.5,,,26.47,UNKNOWN,-0.45334196649139513,,reports_pairwise
2026-04-25,ASTRAL,61.9,60.2,45.7,19.0,64.3,,64.4,,,1563.2,UNKNOWN,-2.1430430417173136,,reports_pairwise
2026-04-25,DLF,61.2,74.3,74.5,4.3,62.9,,47.6,,,587.05,UNKNOWN,-0.008517162081586666,,reports_pairwise
2026-04-25,INDUSTOWER,60.1,84.9,29.4,15.0,56.6,,62.3,,,402.2,UNKNOWN,1.9269050738516313,,reports_pairwise
2026-04-25,MPHASIS,60.6,84.1,48.3,29.1,59.2,,53.1,,,2175.8,UNKNOWN,4.6373725145636,,reports_pairwise
2026-04-25,MOTILALOFS,62.0,71.7,75.0,8.7,68.5,,40.6,,,781.05,UNKNOWN,2.458229306702522,,reports_pairwise
2026-04-25,IREDA,61.8,54.3,75.4,27.9,83.7,,43.0,,,135.89,UNKNOWN,-0.5813480730623014,,reports_pairwise
2026-04-25,TATATECH,58.5,68.7,65.0,15.4,61.3,,53.1,,,569.15,UNKNOWN,2.1435431056729373,,reports_pairwise
2026-04-25,ADANIGREEN,61.6,57.6,75.2,35.0,92.8,,54.0,,,1235.8,UNKNOWN,-0.6999494728869926,,reports_pairwise
2026-04-25,LTIM,59.5,87.9,50.0,36.4,47.4,,51.6,,,4504.0,UNKNOWN,,,reports_pairwise
2026-04-25,BHARTIHEXA,60.8,64.3,47.4,7.5,68.4,,55.4,,,1533.2,UNKNOWN,-1.0305228010655847,,reports_pairwise
2026-04-25,HYUNDAI,61.5,95.1,46.1,15.0,73.5,,38.0,,,1783.6,UNKNOWN,1.906255639489661,,reports_pairwise
2026-04-25,APOLLOTYRE,58.6,65.7,58.2,6.6,41.5,,59.8,,,423.85,UNKNOWN,-3.6451589249771494,,reports_pairwise
2026-04-25,BANKINDIA,61.4,74.9,57.2,16.4,59.2,,53.6,,,147.44,UNKNOWN,-5.134295227083897,,reports_pairwise
2026-04-25,LODHA,61.3,80.1,75.5,7.1,62.5,,36.9,,,840.7,UNKNOWN,6.803856835263762,,reports_pairwise
2026-04-25,JIOFIN,58.8,48.5,64.8,34.9,77.8,,52.6,,,245.73,UNKNOWN,0.2604464726274815,,reports_pairwise
2026-04-25,MFSL,56.2,51.9,54.3,7.9,43.4,,63.7,,,1587.3,UNKNOWN,-0.10080317697504912,,reports_pairwise
2026-04-25,NTPCGREEN,60.1,33.0,73.6,0.0,88.9,,60.6,,,110.31,UNKNOWN,-0.41700800097806956,,reports_pairwise
2026-04-25,TATACOMM,60.9,54.6,68.7,68.0,57.8,,53.4,,,1520.6,UNKNOWN,3.939234512692365,,reports_pairwise
2026-04-25,JUBLFOOD,59.9,55.5,71.6,26.9,87.1,,48.1,,,491.95,UNKNOWN,-2.713689175014608,,reports_pairwise
2026-04-25,SUPREMEIND,58.8,63.3,42.6,20.6,50.9,,57.2,,,3664.0,UNKNOWN,-1.1299099984647927,,reports_pairwise
2026-04-25,BAJAJHLDNG,60.5,83.9,71.3,7.5,62.9,,47.1,,,10259.5,UNKNOWN,0.07310297772795946,,reports_pairwise
2026-04-25,WAAREEENER,60.0,83.1,62.5,7.7,82.5,,42.0,,,3305.7,UNKNOWN,-5.653869110078799,,reports_pairwise
2026-04-25,BIOCON,56.7,44.3,39.0,7.5,56.3,,63.5,,,349.85,UNKNOWN,2.8011987698969136,,reports_pairwise
2026-04-25,HCLTECH,55.5,88.8,19.1,71.8,53.8,,53.5,,,1203.2,UNKNOWN,-0.3407600078176982,,reports_pairwise
2026-04-25,IDFCFIRSTB,59.2,64.6,71.3,8.7,66.9,,47.6,,,67.23,UNKNOWN,3.5847082993432,,reports_pairwise
2026-04-25,INDIGO,59.0,50.0,72.6,7.5,54.7,,48.2,,,4523.1,UNKNOWN,-5.036373180175109,,reports_pairwise
2026-04-25,VMM,59.0,53.4,75.7,11.3,75.5,,46.4,,,123.34,UNKNOWN,-0.8513045925674231,,reports_pairwise
2026-04-25,GODREJPROP,58.6,55.2,75.2,7.5,69.3,,45.1,,,1769.4,UNKNOWN,3.7187719663091956,,reports_pairwise
2026-04-25,HINDPETRO,58.6,55.6,75.7,5.4,66.8,,42.8,,,373.5,UNKNOWN,0.2811212297105087,,reports_pairwise
2026-04-25,PRESTIGE,58.0,39.5,75.2,7.7,64.4,,51.1,,,1373.2,UNKNOWN,3.0002930683121507,,reports_pairwise
2026-04-25,ATGL,57.7,56.8,75.4,2.8,91.8,,40.3,,,626.85,UNKNOWN,1.2522951594530154,,reports_pairwise
2026-04-25,IRFC,57.6,54.8,75.5,14.6,65.7,,48.4,,,103.92,UNKNOWN,0.2790599350198754,,reports_pairwise
2026-04-25,INFY,54.1,96.3,21.8,20.8,64.3,,45.9,,,1154.6,UNKNOWN,2.355798443454451,,reports_pairwise
2026-04-25,SBICARD,54.4,53.9,57.6,12.5,59.7,,49.5,,,670.3,UNKNOWN,-3.9385313420763026,,reports_pairwise
2026-04-25,COCHINSHIP,56.9,58.5,75.2,48.4,83.7,,34.1,,,1664.7,UNKNOWN,4.126871172827684,,reports_pairwise
2026-04-25,UPL,56.8,54.1,60.1,12.7,47.9,,54.2,,,631.4,UNKNOWN,1.6550483981529178,,reports_pairwise
2026-04-25,BDL,56.1,61.3,75.2,29.4,73.1,,37.4,,,1400.4,UNKNOWN,-2.592118281495472,,reports_pairwise
2026-04-25,ETERNAL,56.2,49.9,73.4,8.5,66.2,,44.6,,,256.79,UNKNOWN,-3.8007715334332115,,reports_pairwise
2026-04-25,RVNL,56.2,53.0,75.3,15.0,82.1,,34.9,,,303.44,UNKNOWN,-1.9081222329012728,,reports_pairwise
2026-04-25,PAYTM,55.1,48.7,74.8,3.4,69.0,,53.2,,,1147.35,UNKNOWN,-4.492957787237976,,reports_pairwise
2026-04-25,IDEA,55.0,80.0,68.3,8.1,67.9,,37.2,,,9.52,UNKNOWN,7.352943981395053,,reports_pairwise
2026-04-25,KPITTECH,54.7,85.7,59.9,11.0,62.1,,34.4,,,709.6,UNKNOWN,6.968713048614533,,reports_pairwise
2026-04-25,TATAELXSI,54.5,72.6,42.4,61.3,51.6,,44.6,,,4193.0,UNKNOWN,-1.50489142991295,,reports_pairwise
2026-04-25,PERSISTENT,54.5,81.9,31.9,18.7,57.5,,50.8,,,4747.3,UNKNOWN,1.1101046910875616,,reports_pairwise
2026-04-25,M&MFIN,54.5,57.1,52.3,11.6,58.0,,48.1,,,294.4,UNKNOWN,5.5366889290187755,,reports_pairwise
2026-04-25,DIXON,52.9,78.1,66.4,8.3,56.4,,36.8,,,10815.5,UNKNOWN,3.245342332763164,,reports_pairwise
2026-04-25,NAUKRI,50.4,54.1,45.1,15.1,45.3,,47.2,,,984.95,UNKNOWN,-1.2284912344852577,,reports_pairwise
2026-04-25,SJVN,51.0,29.3,75.5,15.5,72.7,,46.6,,,77.85,UNKNOWN,1.4515136248344245,,reports_pairwise
2026-04-25,KALYANKJIL,50.0,56.4,58.4,5.3,49.2,,39.5,,,405.3,UNKNOWN,1.8381445842585709,,reports_pairwise
2026-04-25,SWIGGY,50.0,49.7,60.3,13.5,81.5,,30.5,,,287.1,UNKNOWN,-5.851623896562616,,reports_pairwise
2026-04-25,COFORGE,47.1,71.0,44.0,18.1,53.1,,38.2,,,1150.9,UNKNOWN,3.909985612482614,,reports_pairwise
2026-04-25,ABFRL,39.9,46.9,65.6,0.0,57.2,,12.0,,,61.79,UNKNOWN,3.900302554203251,,reports_pairwise
2026-04-25,OLAELEC,38.5,36.2,73.3,0.0,76.6,,6.1,,,35.79,UNKNOWN,2.1514427865074506,,reports_pairwise
2026-04-28,NESTLEIND,82.2,73.6,75.2,15.0,92.2,,80.2,,,1440.0,UNKNOWN,2.5,,reports_pairwise
2026-04-28,MARICO,76.6,72.7,60.0,7.5,82.0,,80.4,,,780.85,UNKNOWN,6.569763719024134,,reports_pairwise
2026-04-28,COALINDIA,79.1,91.3,55.7,39.5,82.1,,78.8,,,467.0,UNKNOWN,-0.07494646680942671,,reports_pairwise
2026-04-28,LUPIN,75.8,86.6,41.2,13.8,72.1,,79.3,,,2302.7,UNKNOWN,6.835454032223047,,reports_pairwise
2026-04-28,ONGC,77.4,72.2,68.1,37.0,93.4,,79.8,,,301.3,UNKNOWN,-5.7749751078659255,,reports_pairwise
2026-04-28,DRREDDY,78.3,79.2,61.3,15.0,86.6,,77.1,,,1354.6,UNKNOWN,-3.4696589399084607,,reports_pairwise
2026-04-28,NMDC,81.8,90.7,73.7,24.7,85.8,,72.7,,,90.9,UNKNOWN,-0.8360836083608417,,reports_pairwise
2026-04-28,CIPLA,73.4,89.1,62.7,26.3,72.7,,65.1,,,1306.5,UNKNOWN,4.2709529276693425,,reports_pairwise
2026-04-28,SUNPHARMA,73.7,74.2,44.2,74.0,68.0,,77.1,,,1747.3,UNKNOWN,4.984833743489964,,reports_pairwise
2026-04-28,ADANIPORTS,80.3,87.0,75.2,10.0,92.4,,73.0,,,1637.6,UNKNOWN,5.813385442110409,,reports_pairwise
2026-04-28,CUMMINSIND,78.6,74.9,68.5,7.5,86.0,,74.6,,,5258.0,UNKNOWN,2.7577025484975275,,reports_pairwise
2026-04-28,SBIN,72.4,87.7,59.5,4.7,67.4,,71.7,,,1091.3,UNKNOWN,0.0641436818473422,,reports_pairwise
2026-04-28,APOLLOHOSP,71.3,54.9,57.7,8.3,62.6,,77.7,,,7753.0,UNKNOWN,1.0834515671353024,,reports_pairwise
2026-04-28,NTPC,70.1,66.0,64.3,7.5,82.5,,81.7,,,406.85,UNKNOWN,-1.597640408012781,,reports_pairwise
2026-04-28,ABB,77.4,72.2,73.1,2.2,85.9,,69.0,,,7288.0,UNKNOWN,-1.3721185510428102,,reports_pairwise
2026-04-28,ICICIBANK,69.7,86.4,50.4,7.5,44.4,,72.7,,,1292.0,UNKNOWN,-1.0061919504643964,,reports_pairwise
2026-04-28,POWERGRID,71.4,67.9,64.5,11.8,80.6,,78.4,,,319.0,UNKNOWN,-1.6300940438871439,,reports_pairwise
2026-04-28,HINDALCO,76.7,77.1,74.5,17.4,97.5,,70.7,,,1074.3,UNKNOWN,-1.7313599553197347,,reports_pairwise
2026-04-28,ZYDUSLIFE,70.1,81.0,51.9,19.3,52.0,,71.2,,,911.3,UNKNOWN,3.1822670909689452,,reports_pairwise
2026-04-28,ALKEM,72.0,82.8,45.6,11.8,62.4,,73.6,,,5418.5,UNKNOWN,3.1743102334594444,,reports_pairwise
2026-04-28,AUROPHARMA,75.3,78.3,64.2,5.8,87.0,,73.3,,,1422.6,UNKNOWN,3.943483762125695,,reports_pairwise
2026-04-28,TORNTPHARM,69.7,69.4,49.1,8.0,63.3,,77.2,,,4182.9,UNKNOWN,4.2984532262306105,,reports_pairwise
2026-04-28,BRITANNIA,69.5,65.3,49.1,10.1,69.5,,73.4,,,5662.0,UNKNOWN,2.684563758389262,,reports_pairwise
2026-04-28,PIDILITIND,69.5,70.5,58.4,0.4,54.0,,72.7,,,1392.6,UNKNOWN,4.150509837713642,,reports_pairwise
2026-04-28,TITAN,70.8,50.0,62.0,4.7,68.3,,78.1,,,4417.0,UNKNOWN,-2.4790581842879784,,reports_pairwise
2026-04-28,HINDUNILVR,69.0,71.0,65.2,3.5,55.1,,68.8,,,2289.5,UNKNOWN,-0.7556234985804839,,reports_pairwise
2026-04-28,NATIONALUM,78.7,98.0,73.8,16.2,87.8,,61.9,,,441.5,UNKNOWN,-8.607021517553793,,reports_pairwise
2026-04-28,CGPOWER,78.2,74.7,75.2,4.9,97.7,,66.4,,,831.2,UNKNOWN,3.3565928777670813,,reports_pairwise
2026-04-28,ITC,67.3,92.8,52.9,5.7,59.3,,58.8,,,304.45,UNKNOWN,0.9689604204302805,,reports_pairwise
2026-04-28,TATACONSUM,68.6,54.4,66.5,7.5,65.8,,76.0,,,1147.7,UNKNOWN,0.3485231332229677,,reports_pairwise
2026-04-28,BAJAJ-AUTO,70.0,78.4,58.2,2.1,58.2,,72.3,,,9495.5,UNKNOWN,11.684482123110946,,reports_pairwise
2026-04-28,POLYCAB,75.8,77.7,74.9,17.5,80.2,,68.1,,,8254.0,UNKNOWN,9.074388175430094,,reports_pairwise
2026-04-28,FEDERALBNK,72.3,80.4,63.4,5.8,76.0,,73.6,,,290.6,UNKNOWN,2.2195457673778347,,reports_pairwise
2026-04-28,RELIANCE,67.4,75.4,52.7,15.4,75.5,,71.5,,,1388.9,UNKNOWN,3.405572755417953,,reports_pairwise
2026-04-28,PFC,74.8,58.0,74.3,15.0,87.8,,70.3,,,481.4,UNKNOWN,-4.9542999584545,,reports_pairwise
2026-04-28,TATAPOWER,68.5,46.0,74.9,12.9,96.5,,78.1,,,461.8,UNKNOWN,-4.88306626245128,,reports_pairwise
2026-04-28,BHARTIARTL,65.5,65.5,45.7,7.5,61.7,,72.0,,,1843.8,UNKNOWN,-0.9328560581407987,,reports_pairwise
2026-04-28,MAHABANK,76.5,87.6,75.3,3.9,87.5,,61.8,,,77.74,UNKNOWN,9.73758682788784,,reports_pairwise
2026-04-28,GRASIM,68.3,40.3,60.7,17.9,89.4,,75.0,,,2783.0,UNKNOWN,6.38160258713618,,reports_pairwise
2026-04-28,HDFCBANK,65.7,83.6,45.2,4.1,65.6,,64.9,,,782.55,UNKNOWN,1.7251293847038531,,reports_pairwise
2026-04-28,AXISBANK,69.7,86.3,54.2,17.0,53.2,,71.4,,,1289.0,UNKNOWN,0.2870442203258375,,reports_pairwise
2026-04-28,DIVISLAB,69.1,64.5,64.1,11.4,70.6,,72.0,,,6432.5,UNKNOWN,4.1974349008938985,,reports_pairwise
2026-04-28,PAGEIND,69.1,68.7,72.7,2.6,77.3,,57.8,,,37505.0,UNKNOWN,-0.4266097853619517,,reports_pairwise
2026-04-28,HAL,73.3,88.8,74.0,2.8,71.9,,61.4,,,4341.4,UNKNOWN,10.151103330722826,,reports_pairwise
2026-04-28,ASIANPAINT,69.2,66.0,65.2,0.0,64.8,,64.2,,,2462.6,UNKNOWN,2.761309185413791,,reports_pairwise
2026-04-28,BEL,71.9,75.0,52.2,11.5,67.0,,70.1,,,435.75,UNKNOWN,0.8491107286287982,,reports_pairwise
2026-04-28,LT,70.2,62.5,68.0,3.7,66.1,,69.2,,,4037.7,UNKNOWN,-0.3640686529459796,,reports_pairwise
2026-04-28,KOTAKBANK,67.0,80.1,53.3,9.3,60.8,,68.2,,,377.95,UNKNOWN,0.38364863077126304,,reports_pairwise
2026-04-28,SIEMENS,74.0,61.8,75.2,0.0,86.9,,71.5,,,3827.3,UNKNOWN,1.1548611292556061,,reports_pairwise
2026-04-28,TORNTPOWER,75.0,76.3,75.2,44.9,98.9,,67.0,,,1754.9,UNKNOWN,-2.4160920850190943,,reports_pairwise
2026-04-28,COLPAL,68.7,78.6,69.7,5.3,64.7,,59.9,,,2125.2,UNKNOWN,1.9668737060041495,,reports_pairwise
2026-04-28,DABUR,66.7,70.0,61.6,0.0,61.9,,63.6,,,450.15,UNKNOWN,4.409641230700883,,reports_pairwise
2026-04-28,DMART,69.4,61.5,65.8,9.2,78.1,,69.5,,,4544.4,UNKNOWN,-3.4746061086171913,,reports_pairwise
2026-04-28,JSWSTEEL,69.2,41.9,69.0,7.6,79.3,,73.4,,,1281.6,UNKNOWN,0.14044943820226138,,reports_pairwise
2026-04-28,SAIL,73.7,62.4,75.0,27.2,98.6,,63.7,,,185.63,UNKNOWN,0.8888649463987532,,reports_pairwise
2026-04-28,ULTRACEMCO,66.4,57.7,61.9,18.2,56.6,,71.4,,,11817.0,UNKNOWN,2.784124566302784,,reports_pairwise
2026-04-28,UNITDSPR,67.3,68.7,62.4,0.6,58.7,,65.9,,,1374.4,UNKNOWN,-6.883003492433071,,reports_pairwise
2026-04-28,GICRE,67.3,73.8,62.7,0.0,66.2,,69.9,,,399.55,UNKNOWN,-0.05005631335251874,,reports_pairwise
2026-04-28,HDFCAMC,73.5,82.8,74.8,1.8,73.0,,65.8,,,2760.2,UNKNOWN,2.695456850952833,,reports_pairwise
2026-04-28,LICI,68.3,93.6,58.6,8.0,55.3,,64.0,,,817.7,UNKNOWN,-0.8010272716155151,,reports_pairwise
2026-04-28,VEDL,73.4,74.6,61.1,32.8,77.4,,64.5,,,739.3,UNKNOWN,-58.690653320708776,,reports_pairwise
2026-04-28,HAVELLS,66.5,70.8,46.3,16.7,60.4,,62.2,,,1272.2,UNKNOWN,-0.2593931771733968,,reports_pairwise
2026-04-28,OFSS,73.2,89.9,75.2,23.7,93.6,,64.1,,,9570.0,UNKNOWN,-0.7471264367816092,,reports_pairwise
2026-04-28,SUZLON,73.2,94.9,75.2,15.8,93.6,,49.5,,,57.32,UNKNOWN,-2.9134682484298704,,reports_pairwise
2026-04-28,BSE,72.8,75.0,73.8,7.5,98.9,,57.8,,,3626.1,UNKNOWN,9.307520476545049,,reports_pairwise
2026-04-28,MARUTI,66.2,84.3,45.7,11.5,62.7,,59.3,,,12892.0,UNKNOWN,6.810425069810735,,reports_pairwise
2026-04-28,ACC,64.5,77.5,62.3,15.0,69.6,,57.3,,,1439.3,UNKNOWN,-1.7161119988883515,,reports_pairwise
2026-04-28,OBEROIRLTY,69.6,78.2,71.6,7.5,77.9,,62.8,,,1710.3,UNKNOWN,-2.063965386189555,,reports_pairwise
2026-04-28,VBL,72.5,63.4,75.2,23.3,85.3,,66.4,,,518.55,UNKNOWN,-1.5331212033554975,,reports_pairwise
2026-04-28,TATASTEEL,69.6,54.8,66.0,27.6,82.0,,69.2,,,215.05,UNKNOWN,0.9486166007905101,,reports_pairwise
2026-04-28,ICICIGI,64.7,82.7,46.0,3.5,37.1,,69.2,,,1771.8,UNKNOWN,4.42487865447568,,reports_pairwise
2026-04-28,SOLARINDS,71.9,72.3,73.7,11.2,79.9,,58.7,,,15304.0,UNKNOWN,3.8094615786722428,,reports_pairwise
2026-04-28,ADANIPOWER,71.5,76.0,75.2,11.7,99.5,,59.5,,,223.35,UNKNOWN,3.062458025520485,,reports_pairwise
2026-04-28,GLENMARK,71.6,58.3,68.9,34.5,94.5,,70.7,,,2403.7,UNKNOWN,-1.3354411948246416,,reports_pairwise
2026-04-28,PIIND,66.0,78.3,63.5,13.5,59.2,,55.3,,,3097.6,UNKNOWN,0.12590392561983765,,reports_pairwise
2026-04-28,ADANIENT,71.1,87.5,75.2,12.1,90.5,,58.0,,,2412.4,UNKNOWN,4.1991377880948315,,reports_pairwise
2026-04-28,CONCOR,66.7,72.5,74.1,9.9,71.6,,59.1,,,510.5,UNKNOWN,3.1733594515181283,,reports_pairwise
2026-04-28,EICHERMOT,66.5,83.9,53.6,7.5,51.5,,66.7,,,7071.5,UNKNOWN,3.6201654528742133,,reports_pairwise
2026-04-28,HINDZINC,71.1,86.3,75.5,49.2,85.1,,51.0,,,616.1,UNKNOWN,3.319266352864784,,reports_pairwise
2026-04-28,PETRONET,69.5,86.0,70.4,11.0,52.1,,62.1,,,277.72,UNKNOWN,1.5771280426328658,,reports_pairwise
2026-04-28,AUBANK,70.2,75.8,71.5,32.1,74.7,,62.9,,,1022.8,UNKNOWN,0.9385999217833532,,reports_pairwise
2026-04-28,IRB,67.1,66.4,60.4,10.7,71.1,,61.5,,,21.86,UNKNOWN,-0.8691674290942256,,reports_pairwise
2026-04-28,BHEL,70.8,44.7,75.2,11.1,99.1,,65.6,,,354.71,UNKNOWN,14.586563671731842,,reports_pairwise
2026-04-28,RECLTD,69.0,59.1,73.9,4.5,75.8,,62.7,,,375.8,UNKNOWN,-4.270888770622674,,reports_pairwise
2026-04-28,EXIDEIND,66.9,61.2,75.2,7.7,83.4,,61.2,,,356.25,UNKNOWN,2.3017543859649088,,reports_pairwise
2026-04-28,IRCTC,62.6,88.3,57.0,8.3,49.6,,54.0,,,543.85,UNKNOWN,4.532499770157209,,reports_pairwise
2026-04-28,GAIL,64.9,83.5,75.2,9.2,70.6,,62.3,,,165.68,UNKNOWN,0.9536455818445099,,reports_pairwise
2026-04-28,MANKIND,65.7,54.7,71.2,3.5,70.0,,63.0,,,2264.4,UNKNOWN,4.893128422540175,,reports_pairwise
2026-04-28,SBILIFE,60.8,63.7,34.6,25.2,45.0,,71.3,,,1808.3,UNKNOWN,3.5337056904274786,,reports_pairwise
2026-04-28,SONACOMS,69.8,56.8,74.2,28.2,88.1,,68.1,,,598.8,UNKNOWN,-3.3650634602538374,,reports_pairwise
2026-04-28,JINDALSTEL,68.6,49.6,67.9,5.0,76.3,,69.3,,,1265.5,UNKNOWN,-0.5768470960094788,,reports_pairwise
2026-04-28,BOSCHLTD,67.9,73.5,73.0,15.0,76.2,,63.1,,,37320.0,UNKNOWN,1.5407288317256163,,reports_pairwise
2026-04-28,GODREJCP,63.5,59.8,58.8,27.6,45.1,,65.8,,,1092.0,UNKNOWN,-5.073260073260082,,reports_pairwise
2026-04-28,OIL,68.7,77.5,57.5,30.9,77.9,,68.9,,,497.2,UNKNOWN,-8.919951729686236,,reports_pairwise
2026-04-28,APLAPOLLO,66.4,67.9,43.5,10.6,57.1,,64.8,,,1976.0,UNKNOWN,-0.11639676113360092,,reports_pairwise
2026-04-28,LICHSGFIN,64.0,47.9,66.6,8.5,80.2,,65.1,,,550.0,UNKNOWN,6.609090909090913,,reports_pairwise
2026-04-28,HUDCO,68.6,59.8,75.2,54.3,86.7,,52.7,,,215.05,UNKNOWN,6.0265054638456075,,reports_pairwise
2026-04-28,AMBUJACEM,64.2,74.0,67.3,16.2,60.9,,55.6,,,458.8,UNKNOWN,-1.7763731473408966,,reports_pairwise
2026-04-28,VOLTAS,67.3,55.8,69.3,19.4,83.2,,68.7,,,1511.1,UNKNOWN,-9.74124809741247,,reports_pairwise
2026-04-28,BHARATFORG,67.5,47.9,66.4,7.4,83.1,,70.2,,,1894.8,UNKNOWN,5.1773274224192605,,reports_pairwise
2026-04-28,BANDHANBNK,67.7,74.8,75.0,15.3,78.9,,60.4,,,178.65,UNKNOWN,16.22166246851385,,reports_pairwise
2026-04-28,IOB,67.1,88.6,62.2,5.2,62.5,,59.4,,,34.97,UNKNOWN,0.5719187875321786,,reports_pairwise
2026-04-28,PATANJALI,60.9,71.5,38.7,15.0,70.8,,57.7,,,463.85,UNKNOWN,-0.7545542740109948,,reports_pairwise
2026-04-28,TIINDIA,67.0,55.6,70.0,7.5,91.7,,57.5,,,3001.0,UNKNOWN,0.48317227590803064,,reports_pairwise
2026-04-28,ADANIENSOL,66.7,58.9,75.2,33.4,99.5,,61.5,,,1435.45,UNKNOWN,-3.3682817235013505,,reports_pairwise
2026-04-28,INDIANB,66.8,85.5,36.8,7.5,62.7,,64.6,,,896.1,UNKNOWN,-3.944872224082136,,reports_pairwise
2026-04-28,MAZDOCK,66.2,80.1,74.5,5.6,81.7,,43.2,,,2683.3,UNKNOWN,0.0,,reports_pairwise
2026-04-28,PHOENIXLTD,64.9,52.1,69.8,34.8,60.8,,64.4,,,1761.9,UNKNOWN,3.8367671263976333,,reports_pairwise
2026-04-28,GMRAIRPORT,66.1,65.7,64.3,9.5,65.7,,62.7,,,97.86,UNKNOWN,2.861230329041485,,reports_pairwise
2026-04-28,INDHOTEL,62.8,66.7,61.2,5.2,53.5,,59.9,,,652.45,UNKNOWN,2.551919687332359,,reports_pairwise
2026-04-28,INDUSINDBK,64.2,50.0,67.1,25.6,71.2,,67.1,,,885.55,UNKNOWN,6.933544125119992,,reports_pairwise
2026-04-28,BAJAJHFL,58.7,51.7,72.2,24.7,69.7,,49.5,,,89.37,UNKNOWN,-1.566521203983446,,reports_pairwise
2026-04-28,CENTRALBK,63.3,73.1,62.4,7.5,53.3,,65.0,,,36.06,UNKNOWN,3.272323904603438,,reports_pairwise
2026-04-28,NYKAA,63.8,37.9,68.6,9.1,78.3,,69.9,,,270.11,UNKNOWN,-0.09625708044870271,,reports_pairwise
2026-04-28,TMPV,65.3,79.2,67.7,7.5,55.6,,56.0,,,350.8,UNKNOWN,2.4087799315849456,,reports_pairwise
2026-04-28,HDFCLIFE,58.0,58.4,38.6,17.9,63.5,,58.2,,,590.15,UNKNOWN,5.973057697195629,,reports_pairwise
2026-04-28,WIPRO,59.7,83.6,49.1,21.1,48.9,,58.6,,,201.58,UNKNOWN,-2.0934616529417593,,reports_pairwise
2026-04-28,BAJAJFINSV,59.1,54.5,53.7,14.8,51.7,,64.3,,,1779.0,UNKNOWN,2.5576166385609893,,reports_pairwise
2026-04-28,HEROMOTOCO,62.7,90.2,35.3,9.3,53.4,,58.9,,,5068.0,UNKNOWN,5.426203630623521,,reports_pairwise
2026-04-28,NHPC,60.6,40.3,67.7,9.3,87.5,,70.9,,,85.38,UNKNOWN,-4.450691028343871,,reports_pairwise
2026-04-28,TVSMOTOR,61.1,50.0,38.7,8.1,50.7,,68.2,,,3495.9,UNKNOWN,6.029920764323914,,reports_pairwise
2026-04-28,BPCL,63.0,69.0,66.7,7.5,54.7,,51.3,,,307.75,UNKNOWN,-0.048740861088538506,,reports_pairwise
2026-04-28,CANBK,63.6,81.4,51.5,8.7,44.2,,61.4,,,137.1,UNKNOWN,-0.8533916849015227,,reports_pairwise
2026-04-28,M&M,62.0,68.0,42.4,7.5,63.3,,61.0,,,3088.1,UNKNOWN,9.151258055114793,,reports_pairwise
2026-04-28,TRENT,64.5,69.0,74.3,5.0,77.7,,44.6,,,4253.9,UNKNOWN,0.9450151625567298,,reports_pairwise
2026-04-28,IGL,62.5,85.8,68.7,2.2,67.9,,53.5,,,166.45,UNKNOWN,2.036647641934524,,reports_pairwise
2026-04-28,PREMIERENE,64.4,75.8,69.6,24.7,90.3,,49.9,,,1037.35,UNKNOWN,-1.8171301874969787,,reports_pairwise
2026-04-28,SRF,62.3,60.3,53.4,7.5,78.9,,57.3,,,2532.8,UNKNOWN,9.416456096020214,,reports_pairwise
2026-04-28,ICICIPRULI,57.7,61.9,37.3,0.0,61.1,,59.5,,,520.55,UNKNOWN,8.135625780424556,,reports_pairwise
2026-04-28,JSWENERGY,63.9,37.5,75.2,12.9,94.7,,70.9,,,580.9,UNKNOWN,-0.8607333448097779,,reports_pairwise
2026-04-28,SHREECEM,56.5,49.4,57.1,16.5,47.2,,56.9,,,24890.0,UNKNOWN,2.8324628364805142,,reports_pairwise
2026-04-28,INDUSTOWER,61.8,84.2,34.0,11.7,62.8,,63.7,,,413.95,UNKNOWN,-2.6694045174538017,,reports_pairwise
2026-04-28,ABCAPITAL,63.7,70.8,63.4,10.0,60.8,,61.6,,,338.3,UNKNOWN,9.074785693171737,,reports_pairwise
2026-04-28,LTF,63.7,56.7,66.7,39.3,70.7,,58.4,,,285.78,UNKNOWN,6.253061795786971,,reports_pairwise
2026-04-28,ESCORTS,63.3,77.3,70.4,11.1,62.1,,54.6,,,3308.6,UNKNOWN,1.1273650486610707,,reports_pairwise
2026-04-28,IOC,58.7,57.6,60.6,7.5,60.8,,54.9,,,145.39,UNKNOWN,1.0317078203452783,,reports_pairwise
2026-04-28,MOTHERSON,63.2,62.7,69.6,2.0,72.1,,56.6,,,125.22,UNKNOWN,4.160677208113726,,reports_pairwise
2026-04-28,TCS,56.9,92.3,40.2,15.7,45.7,,55.3,,,2444.7,UNKNOWN,-1.7711784677056381,,reports_pairwise
2026-04-28,IREDA,63.1,63.0,75.4,1.1,86.2,,43.7,,,138.05,UNKNOWN,-1.8036943136544796,,reports_pairwise
2026-04-28,MUTHOOTFIN,63.0,71.9,60.3,5.9,58.3,,55.2,,,3496.0,UNKNOWN,2.5257437070938265,,reports_pairwise
2026-04-28,POLICYBZR,63.0,53.7,73.6,4.3,74.0,,57.0,,,1667.4,UNKNOWN,1.0015593139018721,,reports_pairwise
2026-04-28,LODHA,62.8,78.6,75.4,11.5,78.0,,38.4,,,882.9,UNKNOWN,9.565069656812781,,reports_pairwise
2026-04-28,BAJFINANCE,62.2,57.7,61.0,7.9,54.6,,60.4,,,923.65,UNKNOWN,5.315866399610244,,reports_pairwise
2026-04-28,MRF,58.6,76.1,44.1,12.5,40.6,,62.3,,,130120.0,UNKNOWN,-0.11912081155856134,,reports_pairwise
2026-04-28,PNB,60.9,77.5,56.3,7.5,52.7,,60.1,,,111.39,UNKNOWN,-2.0468623754376525,,reports_pairwise
2026-04-28,ADANIGREEN,62.4,56.0,75.2,36.0,93.7,,54.4,,,1249.95,UNKNOWN,9.204368174726984,,reports_pairwise
2026-04-28,TATACOMM,62.4,53.1,69.0,22.1,77.2,,55.5,,,1598.6,UNKNOWN,-0.3190291505066877,,reports_pairwise
2026-04-28,BIOCON,58.9,44.4,49.3,13.8,72.9,,65.2,,,362.8,UNKNOWN,5.361080485115763,,reports_pairwise
2026-04-28,SHRIRAMFIN,61.5,60.5,43.5,20.3,58.3,,55.9,,,953.25,UNKNOWN,6.546026750590084,,reports_pairwise
2026-04-28,APOLLOTYRE,58.6,65.8,47.0,3.8,55.1,,59.7,,,423.65,UNKNOWN,-3.210197096659971,,reports_pairwise
2026-04-28,MAXHEALTH,57.9,56.0,57.2,7.5,48.8,,58.6,,,1004.75,UNKNOWN,1.0500124409056935,,reports_pairwise
2026-04-28,MFSL,56.4,52.0,53.3,5.5,49.5,,64.5,,,1610.8,UNKNOWN,5.997020114228963,,reports_pairwise
2026-04-28,YESBANK,61.0,74.7,65.0,1.1,51.6,,58.9,,,19.97,UNKNOWN,12.719078617926904,,reports_pairwise
2026-04-28,BANKBARODA,59.2,77.5,46.8,9.5,49.3,,61.3,,,267.83,UNKNOWN,0.9408953440615461,,reports_pairwise
2026-04-28,TECHM,56.6,85.6,34.8,5.7,45.4,,60.1,,,1408.1,UNKNOWN,2.8478091044670224,,reports_pairwise
2026-04-28,WAAREEENER,60.5,82.1,62.3,10.5,87.4,,44.3,,,3453.6,UNKNOWN,-6.572851517257355,,reports_pairwise
2026-04-28,CHOLAFIN,60.5,62.6,58.5,12.1,45.1,,58.7,,,1536.4,UNKNOWN,9.945326737828687,,reports_pairwise
2026-04-28,NTPCGREEN,60.4,33.2,75.0,10.5,90.7,,61.4,,,115.81,UNKNOWN,-5.655815559968913,,reports_pairwise
2026-04-28,ASHOKLEY,60.3,67.2,49.1,15.0,55.8,,53.0,,,167.52,UNKNOWN,1.9460362941738245,,reports_pairwise
2026-04-28,TATATECH,57.1,68.7,55.4,25.5,49.7,,53.2,,,569.8,UNKNOWN,10.433485433485442,,reports_pairwise
2026-04-28,UNIONBANK,60.3,79.8,31.2,27.5,59.4,,50.8,,,170.48,UNKNOWN,-1.877053026747999,,reports_pairwise
2026-04-28,MOTILALOFS,60.1,71.6,71.6,7.1,62.7,,40.7,,,782.7,UNKNOWN,13.87504791107703,,reports_pairwise
2026-04-28,VMM,60.2,53.4,75.6,7.5,84.8,,47.4,,,125.99,UNKNOWN,-0.45241685848082636,,reports_pairwise
2026-04-28,HYUNDAI,60.0,94.7,48.2,21.2,69.3,,38.8,,,1825.2,UNKNOWN,0.5807582730659604,,reports_pairwise
2026-04-28,DLF,58.8,74.3,67.4,1.8,55.5,,47.7,,,587.9,UNKNOWN,5.264500765436306,,reports_pairwise
2026-04-28,MPHASIS,58.5,83.5,47.1,18.2,51.9,,54.8,,,2270.3,UNKNOWN,-3.4004316610139744,,reports_pairwise
2026-04-28,UCOBANK,58.3,77.7,63.3,10.2,48.3,,51.4,,,26.26,UNKNOWN,3.922315308453913,,reports_pairwise
2026-04-28,ASTRAL,59.3,60.2,34.0,22.2,52.4,,63.9,,,1548.9,UNKNOWN,1.3041513332041976,,reports_pairwise
2026-04-28,COCHINSHIP,59.5,58.5,75.2,55.2,91.2,,35.9,,,1695.6,UNKNOWN,7.024062278839358,,reports_pairwise
2026-04-28,LTIM,57.2,87.9,46.8,30.3,44.8,,51.7,,,4504.0,UNKNOWN,,,reports_pairwise
2026-04-28,ATGL,59.2,56.9,75.1,20.3,93.4,,42.4,,,653.85,UNKNOWN,-1.4682266574902534,,reports_pairwise
2026-04-28,BHARTIHEXA,58.5,64.8,34.8,19.7,62.4,,54.6,,,1509.6,UNKNOWN,0.39745627980922105,,reports_pairwise
2026-04-28,GODREJPROP,59.1,54.5,75.0,7.7,72.0,,46.3,,,1824.6,UNKNOWN,2.9595527786912204,,reports_pairwise
2026-04-28,JIOFIN,57.1,48.5,61.5,8.4,64.5,,53.4,,,250.81,UNKNOWN,0.08372871895060323,,reports_pairwise
2026-04-28,BAJAJHLDNG,59.0,83.9,64.6,16.3,55.4,,47.1,,,10246.5,UNKNOWN,3.420680232274435,,reports_pairwise
2026-04-28,PRESTIGE,58.5,39.6,74.2,1.5,70.8,,52.4,,,1402.6,UNKNOWN,5.767859689148731,,reports_pairwise
2026-04-28,SUPREMEIND,56.7,63.1,27.2,39.1,49.9,,56.8,,,3631.9,UNKNOWN,0.9086153253118203,,reports_pairwise
2026-04-28,IDFCFIRSTB,57.5,63.3,67.7,17.3,57.1,,48.4,,,68.71,UNKNOWN,2.4450589433852525,,reports_pairwise
2026-04-28,IRFC,57.6,54.5,69.0,3.8,68.4,,48.9,,,105.14,UNKNOWN,1.5503138672246486,,reports_pairwise
2026-04-28,BANKINDIA,57.5,74.6,45.0,11.2,51.1,,52.5,,,144.25,UNKNOWN,-2.6897746967071026,,reports_pairwise
2026-04-28,IDEA,57.1,80.0,68.9,13.1,83.3,,39.3,,,9.95,UNKNOWN,12.864321608040214,,reports_pairwise
2026-04-28,INFY,54.2,96.4,19.3,38.6,63.8,,51.8,,,1152.1,UNKNOWN,0.9200590226542954,,reports_pairwise
2026-04-28,JUBLFOOD,56.5,55.4,61.7,21.1,62.0,,47.4,,,482.4,UNKNOWN,-0.7048092868988345,,reports_pairwise
2026-04-28,BDL,56.8,61.3,74.1,21.3,71.4,,37.5,,,1396.7,UNKNOWN,5.026133027851367,,reports_pairwise
2026-04-28,HINDPETRO,56.9,55.8,69.9,4.2,63.1,,43.6,,,380.05,UNKNOWN,4.328377845020389,,reports_pairwise
2026-04-28,UPL,56.8,53.6,56.1,9.9,56.1,,55.3,,,645.5,UNKNOWN,0.7668474051123231,,reports_pairwise
2026-04-28,HCLTECH,53.3,89.0,19.1,17.9,62.5,,53.0,,,1196.0,UNKNOWN,-1.0535117056856111,,reports_pairwise
2026-04-28,M&MFIN,56.6,57.4,53.9,70.2,81.7,,44.1,,,312.65,UNKNOWN,5.053574284343519,,reports_pairwise
2026-04-28,INDIGO,56.2,50.0,52.0,7.7,47.6,,47.4,,,4442.4,UNKNOWN,1.4519178822258239,,reports_pairwise
2026-04-28,RVNL,55.4,53.1,75.0,0.8,72.2,,35.7,,,308.63,UNKNOWN,0.022680880018142495,,reports_pairwise
2026-04-28,SBICARD,52.4,55.4,35.4,59.4,61.5,,42.1,,,647.45,UNKNOWN,0.10811645686924576,,reports_pairwise
2026-04-28,DIXON,54.2,76.6,66.6,12.0,71.5,,38.4,,,11370.0,UNKNOWN,-2.832014072119613,,reports_pairwise
2026-04-28,KPITTECH,54.2,85.1,62.3,12.1,57.4,,35.1,,,734.45,UNKNOWN,-1.606644427803127,,reports_pairwise
2026-04-28,ETERNAL,53.6,49.9,60.8,14.8,62.3,,44.1,,,253.07,UNKNOWN,1.7188920061643114,,reports_pairwise
2026-04-28,SJVN,52.7,27.8,75.2,7.5,90.2,,48.7,,,81.79,UNKNOWN,-2.323022374373402,,reports_pairwise
2026-04-28,PAYTM,52.1,48.7,61.3,36.8,54.8,,52.5,,,1129.15,UNKNOWN,6.044369658592746,,reports_pairwise
2026-04-28,PERSISTENT,51.6,81.7,28.4,9.9,54.7,,51.4,,,4803.5,UNKNOWN,3.7576766940772353,,reports_pairwise
2026-04-28,NAUKRI,49.7,53.5,42.2,12.3,52.4,,48.0,,,1004.6,UNKNOWN,-2.264582918574557,,reports_pairwise
2026-04-28,KALYANKJIL,49.9,55.9,45.5,2.3,59.6,,40.3,,,412.65,UNKNOWN,-0.3635041802980734,,reports_pairwise
2026-04-28,TATAELXSI,48.4,73.8,31.8,15.0,49.1,,44.1,,,4131.6,UNKNOWN,4.012973182302238,,reports_pairwise
2026-04-28,SWIGGY,47.9,49.6,54.5,10.3,68.5,,30.0,,,282.3,UNKNOWN,-0.99185263903649,,reports_pairwise
2026-04-28,COFORGE,45.7,69.9,42.7,8.9,51.0,,39.5,,,1200.9,UNKNOWN,7.028062286618357,,reports_pairwise
2026-04-28,ABFRL,39.8,47.4,64.3,5.9,61.9,,12.0,,,63.58,UNKNOWN,6.621579112928607,,reports_pairwise
2026-04-28,OLAELEC,36.6,36.2,68.2,0.0,68.3,,6.2,,,35.81,UNKNOWN,-2.0106115610164723,,reports_pairwise
2026-04-29,NESTLEIND,82.5,73.6,75.2,6.4,93.3,,80.1,,,1450.6,UNKNOWN,1.7509995863780567,,reports_pairwise
2026-04-29,COALINDIA,81.1,92.0,66.4,32.2,82.7,,79.3,,,482.15,UNKNOWN,-3.2147671886342426,,reports_pairwise
2026-04-29,MARICO,77.2,72.7,62.6,0.0,82.4,,80.7,,,785.9,UNKNOWN,5.884972642829877,,reports_pairwise
2026-04-29,ONGC,78.6,72.3,64.7,40.9,93.8,,79.4,,,304.35,UNKNOWN,-6.719237719730588,,reports_pairwise
2026-04-29,LUPIN,76.5,86.4,46.3,7.7,70.4,,79.9,,,2328.0,UNKNOWN,5.674398625429549,,reports_pairwise
2026-04-29,DRREDDY,78.8,79.2,62.9,3.3,86.4,,77.0,,,1350.9,UNKNOWN,-3.205270560367176,,reports_pairwise
2026-04-29,SUNPHARMA,75.3,74.1,48.6,63.6,67.7,,77.5,,,1755.9,UNKNOWN,4.470641836095449,,reports_pairwise
2026-04-29,NMDC,81.9,90.9,73.7,17.3,86.4,,72.7,,,91.88,UNKNOWN,-1.8937744884632075,,reports_pairwise
2026-04-29,CIPLA,73.3,88.9,64.1,2.5,72.8,,65.4,,,1317.6,UNKNOWN,3.3925318761384373,,reports_pairwise
2026-04-29,ADANIPORTS,81.3,85.8,75.1,8.4,93.4,,73.1,,,1662.8,UNKNOWN,4.209766658648063,,reports_pairwise
2026-04-29,CUMMINSIND,79.0,74.9,72.5,8.1,86.2,,74.7,,,5284.2,UNKNOWN,2.248211649824007,,reports_pairwise
2026-04-29,SBIN,72.8,87.8,63.0,1.9,67.5,,72.2,,,1097.0,UNKNOWN,-0.4557885141294439,,reports_pairwise
2026-04-29,NTPC,70.3,66.0,65.2,11.4,82.6,,81.9,,,407.4,UNKNOWN,-1.7304860088365133,,reports_pairwise
2026-04-29,TORNTPHARM,71.6,69.4,54.8,7.5,70.9,,78.2,,,4264.2,UNKNOWN,2.309929177805919,,reports_pairwise
2026-04-29,POWERGRID,71.6,67.7,65.0,4.4,80.9,,78.8,,,321.2,UNKNOWN,-2.303860523038598,,reports_pairwise
2026-04-29,ABB,76.5,72.2,72.2,0.0,85.7,,68.7,,,7247.0,UNKNOWN,-0.8141299848213053,,reports_pairwise
2026-04-29,APOLLOHOSP,70.3,53.7,58.1,4.5,61.3,,77.7,,,7750.0,UNKNOWN,1.1225806451612903,,reports_pairwise
2026-04-29,TITAN,71.7,50.0,56.9,0.6,73.7,,78.4,,,4442.7,UNKNOWN,-3.0431944538231215,,reports_pairwise
2026-04-29,HINDALCO,76.1,77.1,74.2,8.2,87.3,,70.5,,,1070.85,UNKNOWN,-1.4147639725451617,,reports_pairwise
2026-04-29,HINDUNILVR,70.1,71.0,70.3,0.0,65.9,,69.4,,,2320.0,UNKNOWN,-2.060344827586215,,reports_pairwise
2026-04-29,ZYDUSLIFE,70.3,80.8,51.4,16.7,50.5,,71.6,,,918.4,UNKNOWN,2.384581881533099,,reports_pairwise
2026-04-29,ALKEM,72.2,83.0,44.7,7.5,63.4,,73.1,,,5365.0,UNKNOWN,4.203168685927307,,reports_pairwise
2026-04-29,BRITANNIA,69.9,65.3,52.1,7.5,62.7,,73.7,,,5688.5,UNKNOWN,2.2062055023292606,,reports_pairwise
2026-04-29,PIDILITIND,69.3,70.5,61.5,0.0,54.0,,72.8,,,1396.2,UNKNOWN,3.8819653344793044,,reports_pairwise
2026-04-29,ICICIBANK,67.6,86.5,44.9,4.0,43.2,,72.6,,,1289.6,UNKNOWN,-0.8219602977667424,,reports_pairwise
2026-04-29,RELIANCE,68.9,75.0,62.1,15.6,68.1,,72.6,,,1420.9,UNKNOWN,1.076782321064111,,reports_pairwise
2026-04-29,BAJAJ-AUTO,70.9,78.1,59.1,3.0,66.8,,73.1,,,9626.0,UNKNOWN,10.170371909412008,,reports_pairwise
2026-04-29,ITC,68.1,91.9,62.1,4.9,64.9,,59.9,,,314.05,UNKNOWN,-2.1174972138194663,,reports_pairwise
2026-04-29,AUROPHARMA,74.2,78.5,62.1,5.6,82.6,,72.8,,,1409.4,UNKNOWN,4.916985951468707,,reports_pairwise
2026-04-29,CGPOWER,78.5,74.7,75.0,0.3,97.8,,66.7,,,835.65,UNKNOWN,2.80619876742656,,reports_pairwise
2026-04-29,BHARTIARTL,67.1,64.8,50.4,4.6,70.0,,73.1,,,1882.1,UNKNOWN,-2.948833749535094,,reports_pairwise
2026-04-29,TATACONSUM,68.8,54.4,68.1,3.2,67.9,,76.6,,,1160.0,UNKNOWN,-0.7155172413793065,,reports_pairwise
2026-04-29,FEDERALBNK,72.9,79.9,67.3,3.1,79.8,,75.0,,,297.05,UNKNOWN,0.0,,reports_pairwise
2026-04-29,NATIONALUM,77.7,97.8,73.0,7.2,84.0,,61.2,,,436.8,UNKNOWN,-7.623626373626376,,reports_pairwise
2026-04-29,POLYCAB,76.1,78.0,75.1,5.1,79.9,,67.8,,,8205.5,UNKNOWN,9.719090853695691,,reports_pairwise
2026-04-29,TATAPOWER,69.4,46.3,74.8,13.9,96.1,,77.5,,,456.55,UNKNOWN,-3.7892892344759637,,reports_pairwise
2026-04-29,LT,71.9,62.1,70.3,4.4,69.9,,70.1,,,4102.8,UNKNOWN,-1.9450131617432043,,reports_pairwise
2026-04-29,MAHABANK,77.4,88.1,75.3,0.0,98.7,,63.5,,,80.15,UNKNOWN,6.437928883343726,,reports_pairwise
2026-04-29,KOTAKBANK,68.8,88.9,54.1,6.4,74.8,,68.8,,,382.7,UNKNOWN,-0.8622942252417066,,reports_pairwise
2026-04-29,HDFCBANK,65.8,83.5,43.7,1.9,72.3,,65.2,,,787.7,UNKNOWN,1.060048241716378,,reports_pairwise
2026-04-29,DIVISLAB,69.2,64.5,65.6,7.5,67.1,,72.4,,,6489.5,UNKNOWN,3.282225132907004,,reports_pairwise
2026-04-29,GRASIM,68.3,39.9,62.4,12.5,77.9,,75.7,,,2819.6,UNKNOWN,5.000709320470989,,reports_pairwise
2026-04-29,DMART,70.8,61.5,71.9,10.3,87.8,,70.3,,,4603.1,UNKNOWN,-4.705524537811483,,reports_pairwise
2026-04-29,HAL,73.3,88.7,73.8,0.4,72.0,,61.6,,,4355.9,UNKNOWN,9.784430312908945,,reports_pairwise
2026-04-29,PFC,73.8,57.7,73.6,15.0,84.6,,68.3,,,466.0,UNKNOWN,-1.8133047210300406,,reports_pairwise
2026-04-29,DABUR,67.6,69.7,66.6,0.0,67.7,,64.0,,,454.1,UNKNOWN,3.501431402774714,,reports_pairwise
2026-04-29,PAGEIND,68.4,68.7,71.9,1.6,73.1,,57.6,,,37285.0,UNKNOWN,0.1609226230387555,,reports_pairwise
2026-04-29,ASIANPAINT,68.8,66.0,68.2,0.0,64.9,,64.2,,,2461.2,UNKNOWN,2.8197627173736426,,reports_pairwise
2026-04-29,COLPAL,69.3,78.4,73.9,0.0,67.8,,60.2,,,2138.1,UNKNOWN,1.3516673682241287,,reports_pairwise
2026-04-29,BEL,71.3,75.0,54.7,8.1,60.0,,70.6,,,439.1,UNKNOWN,0.07970849464813616,,reports_pairwise
2026-04-29,MARUTI,68.5,83.0,53.8,12.2,77.0,,61.1,,,13450.0,UNKNOWN,2.379182156133829,,reports_pairwise
2026-04-29,VEDL,74.8,74.3,65.6,30.7,80.4,,65.3,,,750.0,UNKNOWN,-59.28,,reports_pairwise
2026-04-29,SIEMENS,73.5,61.8,74.9,0.0,86.6,,71.5,,,3824.0,UNKNOWN,1.242154811715481,,reports_pairwise
2026-04-29,TORNTPOWER,74.5,76.6,75.2,17.0,98.5,,66.3,,,1728.0,UNKNOWN,-0.8969907407407407,,reports_pairwise
2026-04-29,JSWSTEEL,69.5,42.0,72.2,10.4,79.4,,73.4,,,1282.3,UNKNOWN,0.0857833580285531,,reports_pairwise
2026-04-29,SUZLON,74.0,94.7,75.2,16.3,93.6,,50.0,,,57.88,UNKNOWN,-3.8527988942640015,,reports_pairwise
2026-04-29,ULTRACEMCO,66.6,61.6,64.1,14.9,59.3,,72.2,,,11999.0,UNKNOWN,1.2251020918409867,,reports_pairwise
2026-04-29,GICRE,67.3,73.8,64.2,0.0,66.3,,70.3,,,400.0,UNKNOWN,-0.16249999999999432,,reports_pairwise
2026-04-29,OFSS,73.8,89.8,75.2,16.8,93.5,,64.6,,,9643.5,UNKNOWN,-1.5036034634728055,,reports_pairwise
2026-04-29,SAIL,73.9,62.6,74.8,25.2,98.7,,63.4,,,184.73,UNKNOWN,1.380393006008776,,reports_pairwise
2026-04-29,UNITDSPR,67.6,68.7,68.7,0.0,58.3,,65.9,,,1374.8,UNKNOWN,-6.910096013965668,,reports_pairwise
2026-04-29,HDFCAMC,73.7,82.4,75.0,0.0,75.4,,66.5,,,2794.9,UNKNOWN,1.420444380836517,,reports_pairwise
2026-04-29,VBL,73.8,63.4,75.2,19.3,85.2,,67.6,,,529.4,UNKNOWN,-3.551190026445024,,reports_pairwise
2026-04-29,BSE,73.6,75.0,73.9,7.5,98.9,,58.1,,,3669.0,UNKNOWN,8.029435813573178,,reports_pairwise
2026-04-29,LICI,68.4,93.7,61.1,15.0,54.3,,64.2,,,819.5,UNKNOWN,-1.018913971934109,,reports_pairwise
2026-04-29,ACC,65.1,77.7,66.6,5.1,60.4,,57.6,,,1449.0,UNKNOWN,-2.37405106970325,,reports_pairwise
2026-04-29,EICHERMOT,68.3,83.3,54.7,5.5,59.3,,67.8,,,7226.5,UNKNOWN,1.3976337092645126,,reports_pairwise
2026-04-29,GLENMARK,73.1,58.3,70.5,26.5,94.9,,70.1,,,2426.1,UNKNOWN,-2.2464036931701084,,reports_pairwise
2026-04-29,OBEROIRLTY,70.1,78.1,73.0,4.8,78.0,,63.1,,,1718.8,UNKNOWN,-2.548289504305327,,reports_pairwise
2026-04-29,TATASTEEL,70.2,54.7,68.8,27.2,82.2,,69.4,,,215.65,UNKNOWN,0.6677486668212371,,reports_pairwise
2026-04-29,PETRONET,71.2,86.3,72.9,12.8,66.5,,62.7,,,280.8,UNKNOWN,0.462962962962967,,reports_pairwise
2026-04-29,ICICIGI,65.3,82.5,49.0,1.3,44.4,,69.8,,,1794.2,UNKNOWN,3.1211682086723886,,reports_pairwise
2026-04-29,HINDZINC,72.4,86.1,75.7,35.0,85.6,,51.3,,,620.2,UNKNOWN,2.636246372138005,,reports_pairwise
2026-04-29,PIIND,67.0,78.1,69.6,7.8,67.5,,55.7,,,3126.0,UNKNOWN,-0.7837492002559182,,reports_pairwise
2026-04-29,ADANIENT,72.2,87.1,75.2,10.5,91.1,,57.7,,,2398.5,UNKNOWN,4.8030018761726,,reports_pairwise
2026-04-29,SONACOMS,72.2,56.8,74.5,35.3,98.8,,68.4,,,609.3,UNKNOWN,-5.0303627113080545,,reports_pairwise
2026-04-29,SOLARINDS,72.0,72.3,73.9,4.2,80.5,,59.5,,,15547.0,UNKNOWN,2.186917090113848,,reports_pairwise
2026-04-29,CONCOR,67.4,72.1,74.6,9.9,72.6,,60.2,,,521.6,UNKNOWN,0.9777607361963233,,reports_pairwise
2026-04-29,EXIDEIND,67.9,60.5,75.2,7.8,84.3,,62.9,,,366.55,UNKNOWN,-0.5729095621334123,,reports_pairwise
2026-04-29,HAVELLS,65.2,70.8,49.1,11.6,51.8,,62.6,,,1273.5,UNKNOWN,-0.36120926580289825,,reports_pairwise
2026-04-29,IRCTC,64.1,88.2,57.4,8.0,56.3,,54.3,,,547.55,UNKNOWN,3.8261345995799556,,reports_pairwise
2026-04-29,OIL,70.7,77.6,61.1,28.0,82.1,,69.2,,,500.0,UNKNOWN,-9.429999999999996,,reports_pairwise
2026-04-29,IRB,67.2,66.4,59.9,9.2,70.0,,61.6,,,21.84,UNKNOWN,-0.7783882783882698,,reports_pairwise
2026-04-29,AUBANK,70.0,78.8,73.8,17.2,75.1,,63.6,,,1029.6,UNKNOWN,0.27195027195028965,,reports_pairwise
2026-04-29,AXISBANK,65.1,86.2,44.2,17.9,51.0,,71.5,,,1290.6,UNKNOWN,0.16271501627151222,,reports_pairwise
2026-04-29,BANDHANBNK,71.0,72.4,75.2,64.2,93.7,,62.8,,,200.26,UNKNOWN,3.6802157195645684,,reports_pairwise
2026-04-29,BHEL,71.0,44.7,75.2,5.2,98.9,,65.0,,,353.0,UNKNOWN,15.14164305949008,,reports_pairwise
2026-04-29,ADANIPOWER,70.8,73.2,75.2,5.3,99.3,,59.1,,,222.84,UNKNOWN,3.298330640818522,,reports_pairwise
2026-04-29,GODREJCP,64.7,59.8,59.7,0.0,55.3,,66.1,,,1098.4,UNKNOWN,-5.626365622723979,,reports_pairwise
2026-04-29,BHARATFORG,69.7,48.0,71.3,15.0,94.6,,71.3,,,1943.8,UNKNOWN,2.5259800390986795,,reports_pairwise
2026-04-29,MANKIND,65.6,54.7,70.7,1.7,70.5,,63.5,,,2276.1,UNKNOWN,4.353938754887743,,reports_pairwise
2026-04-29,GAIL,64.9,83.6,75.0,7.5,71.1,,62.7,,,167.1,UNKNOWN,0.09575104727707755,,reports_pairwise
2026-04-29,BOSCHLTD,67.9,74.1,66.8,15.0,65.9,,62.0,,,36605.0,UNKNOWN,3.5241087283158037,,reports_pairwise
2026-04-29,IOB,68.9,88.3,67.2,7.5,73.9,,60.2,,,35.53,UNKNOWN,-1.0132282578102996,,reports_pairwise
2026-04-29,INDUSINDBK,67.2,50.2,76.0,55.7,78.6,,69.0,,,920.0,UNKNOWN,2.9293478260869614,,reports_pairwise
2026-04-29,LICHSGFIN,64.1,48.1,67.0,3.4,75.3,,66.0,,,559.7,UNKNOWN,4.761479363944966,,reports_pairwise
2026-04-29,VOLTAS,67.9,55.8,73.5,18.2,73.2,,68.5,,,1503.3,UNKNOWN,-9.272932880995135,,reports_pairwise
2026-04-29,INDHOTEL,65.1,66.5,64.9,2.1,65.0,,60.0,,,654.35,UNKNOWN,2.2541453350653318,,reports_pairwise
2026-04-29,AMBUJACEM,64.2,73.9,69.3,8.9,55.4,,55.7,,,460.3,UNKNOWN,-2.0964588311970527,,reports_pairwise
2026-04-29,HUDCO,68.3,59.6,75.2,7.5,86.9,,53.3,,,217.39,UNKNOWN,4.885229311375871,,reports_pairwise
2026-04-29,JINDALSTEL,67.1,49.6,60.7,4.8,70.9,,68.0,,,1237.9,UNKNOWN,1.6398739801276319,,reports_pairwise
2026-04-29,RECLTD,66.5,58.6,69.8,7.9,63.6,,61.7,,,361.5,UNKNOWN,-0.48409405255878285,,reports_pairwise
2026-04-29,MAZDOCK,67.9,78.7,74.6,7.9,93.1,,44.7,,,2790.7,UNKNOWN,-3.8484967929193266,,reports_pairwise
2026-04-29,PHOENIXLTD,66.5,53.3,74.0,31.9,71.8,,65.9,,,1814.0,UNKNOWN,0.8544652701212789,,reports_pairwise
2026-04-29,PATANJALI,61.1,71.4,43.5,0.1,70.5,,57.9,,,466.65,UNKNOWN,-1.3500482160077047,,reports_pairwise
2026-04-29,NYKAA,65.5,37.8,70.9,4.6,84.1,,69.7,,,269.16,UNKNOWN,0.25635309852875526,,reports_pairwise
2026-04-29,GMRAIRPORT,66.7,65.7,59.7,8.0,67.3,,62.3,,,97.09,UNKNOWN,3.6770007209805264,,reports_pairwise
2026-04-29,ADANIENSOL,66.7,59.5,75.2,15.0,99.3,,61.0,,,1421.6,UNKNOWN,-2.426842993809792,,reports_pairwise
2026-04-29,HDFCLIFE,59.1,58.4,40.4,18.3,74.0,,59.3,,,600.7,UNKNOWN,4.111869485600121,,reports_pairwise
2026-04-29,TMPV,66.6,78.8,73.8,8.9,63.9,,56.8,,,356.7,UNKNOWN,0.714886459209423,,reports_pairwise
2026-04-29,APLAPOLLO,63.7,67.0,35.8,7.5,54.1,,64.7,,,1973.6,UNKNOWN,0.005066882853675335,,reports_pairwise
2026-04-29,CENTRALBK,64.2,73.4,68.1,3.3,60.5,,66.0,,,36.76,UNKNOWN,1.3057671381936997,,reports_pairwise
2026-04-29,INDIANB,66.5,85.8,39.0,3.9,70.7,,65.7,,,913.45,UNKNOWN,-5.769336033718325,,reports_pairwise
2026-04-29,M&M,64.0,67.6,46.6,5.8,70.1,,62.1,,,3164.5,UNKNOWN,6.516037288671191,,reports_pairwise
2026-04-29,ABCAPITAL,66.2,70.1,70.5,8.6,74.1,,63.6,,,350.9,UNKNOWN,5.158164719293253,,reports_pairwise
2026-04-29,TIINDIA,66.2,55.6,74.0,0.0,81.7,,58.0,,,3025.1,UNKNOWN,-0.3173448811609504,,reports_pairwise
2026-04-29,HEROMOTOCO,63.8,89.8,39.1,7.5,60.1,,59.6,,,5151.0,UNKNOWN,3.7274315666860804,,reports_pairwise
2026-04-29,TVSMOTOR,62.2,50.0,40.7,5.9,61.5,,69.2,,,3563.2,UNKNOWN,4.027278850471486,,reports_pairwise
2026-04-29,WIPRO,60.5,83.5,49.2,10.2,61.6,,58.7,,,202.32,UNKNOWN,-2.4515618821668546,,reports_pairwise
2026-04-29,SBILIFE,57.2,63.7,32.7,0.4,45.9,,71.6,,,1816.0,UNKNOWN,3.094713656387668,,reports_pairwise
2026-04-29,NHPC,61.1,40.3,68.9,10.5,77.3,,70.7,,,85.04,UNKNOWN,-4.068673565381006,,reports_pairwise
2026-04-29,IGL,63.3,85.5,72.0,11.6,70.1,,54.4,,,169.0,UNKNOWN,0.49704142011834523,,reports_pairwise
2026-04-29,CANBK,64.1,81.5,50.7,7.5,50.5,,61.9,,,138.56,UNKNOWN,-1.8980946882217058,,reports_pairwise
2026-04-29,BAJAJFINSV,58.6,54.5,48.6,12.3,49.6,,64.8,,,1775.5,UNKNOWN,2.75978597578147,,reports_pairwise
2026-04-29,SHREECEM,57.2,49.1,59.1,25.7,56.0,,57.3,,,25130.0,UNKNOWN,1.8503780342220455,,reports_pairwise
2026-04-29,BPCL,62.9,69.0,62.7,7.5,52.8,,51.1,,,306.55,UNKNOWN,0.34252161148263294,,reports_pairwise
2026-04-29,TRENT,64.5,69.0,73.5,0.0,78.3,,45.1,,,4285.8,UNKNOWN,0.19366279341080267,,reports_pairwise
2026-04-29,BAJAJHFL,57.6,53.8,71.9,13.7,61.7,,49.4,,,89.02,UNKNOWN,-1.1795102224219245,,reports_pairwise
2026-04-29,PREMIERENE,64.5,75.9,72.3,2.4,90.0,,49.8,,,1033.0,UNKNOWN,-1.4036786060019362,,reports_pairwise
2026-04-29,IOC,59.6,57.6,60.5,6.0,59.2,,55.2,,,146.25,UNKNOWN,0.4376068376068283,,reports_pairwise
2026-04-29,LODHA,64.2,78.1,75.6,14.4,81.9,,39.4,,,908.0,UNKNOWN,6.536343612334804,,reports_pairwise
2026-04-29,ESCORTS,64.1,77.3,74.9,7.5,65.5,,54.6,,,3306.1,UNKNOWN,1.2038353346843769,,reports_pairwise
2026-04-29,LTF,64.1,56.5,72.2,38.3,71.0,,58.9,,,288.36,UNKNOWN,5.302399778055196,,reports_pairwise
2026-04-29,MOTHERSON,64.1,62.6,69.7,1.5,72.2,,56.5,,,125.0,UNKNOWN,4.344000000000006,,reports_pairwise
2026-04-29,POLICYBZR,64.2,53.8,75.5,0.9,85.4,,58.0,,,1700.2,UNKNOWN,-0.9469474179508374,,reports_pairwise
2026-04-29,MRF,59.8,75.9,40.7,26.0,52.7,,62.8,,,131510.0,UNKNOWN,-1.174815603376169,,reports_pairwise
2026-04-29,SRF,61.9,59.7,60.5,4.8,69.0,,58.2,,,2582.4,UNKNOWN,7.314900867410164,,reports_pairwise
2026-04-29,INDUSTOWER,61.8,84.0,32.8,11.8,63.9,,64.2,,,417.55,UNKNOWN,-3.5085618488803814,,reports_pairwise
2026-04-29,JSWENERGY,63.4,38.1,75.4,11.3,81.1,,69.8,,,569.9,UNKNOWN,1.052816283558519,,reports_pairwise
2026-04-29,BAJFINANCE,62.8,57.6,62.3,7.5,53.5,,61.0,,,927.35,UNKNOWN,4.89567045883431,,reports_pairwise
2026-04-29,ICICIPRULI,57.2,61.2,38.2,0.8,60.5,,60.2,,,529.65,UNKNOWN,6.277730576795998,,reports_pairwise
2026-04-29,PNB,61.7,77.6,56.2,7.5,56.6,,60.5,,,112.05,UNKNOWN,-2.6238286479250315,,reports_pairwise
2026-04-29,TCS,57.5,92.0,42.7,11.3,51.5,,55.7,,,2475.0,UNKNOWN,-2.9737373737373702,,reports_pairwise
2026-04-29,TATACOMM,63.6,53.2,74.8,4.2,79.9,,55.6,,,1600.1,UNKNOWN,-0.41247422036122183,,reports_pairwise
2026-04-29,BIOCON,60.2,44.4,53.6,14.4,69.6,,65.5,,,365.05,UNKNOWN,4.711683331050538,,reports_pairwise
2026-04-29,YESBANK,62.8,74.1,71.6,0.0,67.2,,60.0,,,20.41,UNKNOWN,10.289073983341506,,reports_pairwise
2026-04-29,TECHM,58.6,84.9,48.5,0.8,56.2,,61.5,,,1458.0,UNKNOWN,-0.672153635116595,,reports_pairwise
2026-04-29,MUTHOOTFIN,62.7,71.9,54.1,3.5,58.2,,55.1,,,3484.8,UNKNOWN,2.855257116620753,,reports_pairwise
2026-04-29,IREDA,62.5,62.9,75.5,0.0,76.0,,43.8,,,138.2,UNKNOWN,-1.91027496382054,,reports_pairwise
2026-04-29,MFSL,57.4,52.0,53.0,0.7,51.0,,65.0,,,1626.6,UNKNOWN,4.9674166974056435,,reports_pairwise
2026-04-29,ADANIGREEN,62.0,56.9,75.2,10.6,93.6,,53.6,,,1244.0,UNKNOWN,9.72668810289389,,reports_pairwise
2026-04-29,MAXHEALTH,58.7,56.0,62.0,1.7,56.9,,59.6,,,1027.85,UNKNOWN,-1.2209952814126532,,reports_pairwise
2026-04-29,CHOLAFIN,61.5,62.4,57.5,9.3,53.7,,59.1,,,1550.5,UNKNOWN,8.945501451144795,,reports_pairwise
2026-04-29,WAAREEENER,61.6,81.9,69.2,3.4,90.0,,45.0,,,3495.1,UNKNOWN,-7.682183628508484,,reports_pairwise
2026-04-29,TATATECH,58.2,68.4,55.8,41.9,59.4,,53.6,,,574.7,UNKNOWN,9.491908821994075,,reports_pairwise
2026-04-29,APOLLOTYRE,58.3,65.7,42.2,19.6,49.9,,60.3,,,426.55,UNKNOWN,-3.868245223303247,,reports_pairwise
2026-04-29,DLF,60.2,73.7,72.1,1.9,67.6,,48.6,,,599.9,UNKNOWN,3.1588598099683356,,reports_pairwise
2026-04-29,JIOFIN,59.2,48.5,65.8,1.6,77.3,,54.3,,,256.05,UNKNOWN,-1.964460066393283,,reports_pairwise
2026-04-29,UCOBANK,59.5,78.1,69.6,16.7,57.5,,52.4,,,26.77,UNKNOWN,1.9424729174448996,,reports_pairwise
2026-04-29,GODREJPROP,60.6,54.0,75.2,5.6,83.3,,47.3,,,1860.4,UNKNOWN,0.9782842399483883,,reports_pairwise
2026-04-29,HYUNDAI,60.6,94.7,49.4,15.0,66.1,,38.7,,,1822.8,UNKNOWN,0.7131885012069344,,reports_pairwise
2026-04-29,BANKBARODA,58.8,77.6,43.6,7.6,45.9,,61.8,,,270.65,UNKNOWN,-0.11084426380933107,,reports_pairwise
2026-04-29,COCHINSHIP,60.3,58.7,75.2,17.1,92.3,,37.3,,,1755.6,UNKNOWN,3.3663704716336373,,reports_pairwise
2026-04-29,VMM,60.3,53.4,75.7,3.8,74.9,,48.5,,,125.51,UNKNOWN,-0.07170743367062657,,reports_pairwise
2026-04-29,ATGL,60.1,57.0,75.3,21.0,93.4,,42.9,,,661.0,UNKNOWN,-2.5340393343419065,,reports_pairwise
2026-04-29,MOTILALOFS,60.2,71.6,66.7,8.8,61.6,,40.8,,,782.8,UNKNOWN,13.860500766479305,,reports_pairwise
2026-04-29,SUPREMEIND,58.3,63.1,34.2,27.1,56.5,,57.5,,,3685.8,UNKNOWN,-0.5670410765641134,,reports_pairwise
2026-04-29,IDFCFIRSTB,60.0,62.5,75.0,16.8,79.3,,49.7,,,70.62,UNKNOWN,-0.3256867742849107,,reports_pairwise
2026-04-29,MPHASIS,58.6,83.3,50.6,7.6,54.8,,55.3,,,2292.7,UNKNOWN,-4.344222968552359,,reports_pairwise
2026-04-29,NTPCGREEN,59.8,33.1,74.4,11.6,87.3,,59.9,,,112.8,UNKNOWN,-3.1382978723404182,,reports_pairwise
2026-04-29,BAJAJHLDNG,59.7,84.0,71.2,15.0,59.8,,47.5,,,10326.0,UNKNOWN,2.6244431532055006,,reports_pairwise
2026-04-29,BHARTIHEXA,58.6,64.7,40.6,18.8,60.9,,55.3,,,1517.2,UNKNOWN,-0.1054574215660517,,reports_pairwise
2026-04-29,ASHOKLEY,59.6,67.3,41.7,11.8,54.7,,52.7,,,166.4,UNKNOWN,2.6322115384615357,,reports_pairwise
2026-04-29,IDEA,59.3,80.0,75.2,13.7,83.9,,41.2,,,10.39,UNKNOWN,8.084696823869104,,reports_pairwise
2026-04-29,PRESTIGE,59.2,39.7,75.6,0.0,71.9,,53.2,,,1428.0,UNKNOWN,3.8865546218487395,,reports_pairwise
2026-04-29,ASTRAL,58.5,60.2,39.3,0.0,51.9,,64.4,,,1562.8,UNKNOWN,0.40312260046070864,,reports_pairwise
2026-04-29,M&MFIN,58.7,56.8,64.1,72.0,81.5,,45.2,,,320.85,UNKNOWN,2.3687081190587396,,reports_pairwise
2026-04-29,IRFC,58.2,54.3,74.2,1.3,71.1,,49.2,,,105.71,UNKNOWN,1.0027433544603181,,reports_pairwise
2026-04-29,LTIM,55.8,87.9,41.8,28.6,45.1,,51.7,,,4504.0,UNKNOWN,,,reports_pairwise
2026-04-29,UPL,57.7,53.5,59.2,7.5,54.1,,55.5,,,648.75,UNKNOWN,0.26204238921002626,,reports_pairwise
2026-04-29,SHRIRAMFIN,57.6,60.1,42.8,16.0,51.0,,56.6,,,966.1,UNKNOWN,5.128868647137972,,reports_pairwise
2026-04-29,BDL,57.0,61.3,73.8,4.8,73.6,,37.8,,,1410.0,UNKNOWN,4.035460992907808,,reports_pairwise
2026-04-29,INFY,53.7,96.0,22.0,5.0,63.7,,52.5,,,1173.5,UNKNOWN,-0.9203238176395359,,reports_pairwise
2026-04-29,JUBLFOOD,55.6,55.4,63.6,15.5,59.3,,47.1,,,479.45,UNKNOWN,-0.09385754510376236,,reports_pairwise
2026-04-29,BANKINDIA,56.0,74.7,44.4,5.2,49.5,,53.1,,,145.96,UNKNOWN,-3.8298163880515235,,reports_pairwise
2026-04-29,DIXON,55.7,76.2,74.2,10.4,72.1,,38.8,,,11480.0,UNKNOWN,-3.7630662020905925,,reports_pairwise
2026-04-29,HCLTECH,52.4,88.7,19.4,4.8,62.9,,53.4,,,1207.3,UNKNOWN,-1.97962395427813,,reports_pairwise
2026-04-29,UNIONBANK,55.6,79.7,27.4,8.3,56.5,,50.9,,,170.36,UNKNOWN,-1.8079361352430219,,reports_pairwise
2026-04-29,ETERNAL,55.4,49.9,67.4,44.7,68.5,,44.8,,,257.75,UNKNOWN,-0.1280310378273459,,reports_pairwise
2026-04-29,RVNL,55.1,53.1,75.6,0.0,72.3,,35.5,,,306.8,UNKNOWN,0.6192959582790017,,reports_pairwise
2026-04-29,HINDPETRO,55.0,55.8,69.6,1.9,54.0,,43.7,,,379.95,UNKNOWN,4.355836294249246,,reports_pairwise
2026-04-29,KPITTECH,54.5,84.9,67.8,7.5,56.6,,35.4,,,743.8,UNKNOWN,-2.843506318902928,,reports_pairwise
2026-04-29,SBICARD,51.3,55.3,33.1,58.6,60.1,,42.3,,,650.55,UNKNOWN,-0.36891860733225385,,reports_pairwise
2026-04-29,SJVN,53.8,27.8,75.4,7.5,90.7,,48.8,,,81.8,UNKNOWN,-2.33496332518337,,reports_pairwise
2026-04-29,INDIGO,53.3,50.0,47.6,9.0,39.2,,47.1,,,4407.7,UNKNOWN,2.2506068924836042,,reports_pairwise
2026-04-29,PAYTM,52.3,48.6,60.7,38.2,52.9,,52.1,,,1120.75,UNKNOWN,6.83917019852778,,reports_pairwise
2026-04-29,NAUKRI,49.6,53.2,42.8,7.8,52.8,,48.2,,,1011.7,UNKNOWN,-2.950479391123853,,reports_pairwise
2026-04-29,PERSISTENT,49.7,81.5,29.3,3.7,47.7,,51.5,,,4810.0,UNKNOWN,3.617463617463618,,reports_pairwise
2026-04-29,KALYANKJIL,49.2,55.7,42.7,0.1,65.5,,40.7,,,416.95,UNKNOWN,-1.3910540832234108,,reports_pairwise
2026-04-29,TATAELXSI,46.8,73.5,32.8,8.4,49.4,,44.4,,,4162.0,UNKNOWN,3.253243632868804,,reports_pairwise
2026-04-29,COFORGE,45.9,69.7,45.1,0.0,55.4,,39.9,,,1211.2,UNKNOWN,6.117899603698803,,reports_pairwise
2026-04-29,SWIGGY,44.3,49.5,47.2,8.2,54.7,,28.8,,,274.05,UNKNOWN,1.988688195584743,,reports_pairwise
2026-04-29,ABFRL,40.7,47.6,70.5,10.9,63.2,,12.0,,,64.13,UNKNOWN,5.707157336659926,,reports_pairwise
2026-04-29,OLAELEC,36.7,36.2,66.9,0.0,70.2,,6.7,,,36.5,UNKNOWN,-3.863013698630128,,reports_pairwise
2026-05-07,MARICO,83.5,72.9,69.6,62.4,88.6,50.0,82.2,,,832.15,SIDEWAYS,-0.25836688097097604,,reports_pairwise
2026-05-07,LUPIN,83.2,85.4,64.5,42.0,82.0,50.0,80.6,,,2460.1,SIDEWAYS,-8.727287508637852,,reports_pairwise
2026-05-07,NESTLEIND,80.8,73.6,73.8,20.1,85.8,50.0,79.8,,,1476.0,SIDEWAYS,-0.5013550135501417,,reports_pairwise
2026-05-07,SUNPHARMA,79.1,72.8,65.3,0.0,82.1,50.0,80.0,,,1834.4,SIDEWAYS,0.6160052333187939,,reports_pairwise
2026-05-07,PIDILITIND,78.6,70.5,63.9,26.5,87.0,50.0,74.6,,,1450.4,SIDEWAYS,0.17926089354660155,,reports_pairwise
2026-05-07,COALINDIA,79.8,90.9,57.8,20.0,80.5,50.0,76.9,,,466.65,SIDEWAYS,-0.7714561234329725,,reports_pairwise
2026-05-07,TORNTPHARM,77.7,69.4,66.2,8.9,74.6,50.0,79.9,,,4362.7,SIDEWAYS,0.440094436931254,,reports_pairwise
2026-05-07,BAJAJ-AUTO,80.8,84.6,72.7,37.7,91.1,50.0,71.5,,,10605.0,SIDEWAYS,-1.9613389910419614,,reports_pairwise
2026-05-07,APOLLOHOSP,76.1,54.9,58.0,12.9,77.9,50.0,78.4,,,7837.0,SIDEWAYS,2.3669771596274085,,reports_pairwise
2026-05-07,CIPLA,75.3,88.3,71.1,16.3,70.0,50.0,67.2,,,1362.3,SIDEWAYS,-5.138368934889525,,reports_pairwise
2026-05-07,ALKEM,78.5,82.2,56.3,4.6,79.3,50.0,75.3,,,5590.5,SIDEWAYS,-1.6814238440211071,,reports_pairwise
2026-05-07,ADANIPORTS,81.9,81.4,74.4,20.5,97.1,50.0,73.0,,,1732.8,SIDEWAYS,-2.5738688827331435,,reports_pairwise
2026-05-07,ZYDUSLIFE,74.9,80.2,51.1,21.1,69.1,50.0,72.7,,,940.3,SIDEWAYS,-1.0262682122726765,,reports_pairwise
2026-05-07,BRITANNIA,73.9,65.3,59.5,14.9,82.6,50.0,75.2,,,5814.0,SIDEWAYS,-8.25593395252838,,reports_pairwise
2026-05-07,AUROPHARMA,80.0,77.7,68.8,33.4,97.2,50.0,74.3,,,1478.7,SIDEWAYS,0.642456211537161,,reports_pairwise
2026-05-07,SBIN,74.4,87.8,49.2,14.7,72.4,50.0,71.8,,,1092.0,SIDEWAYS,-10.750915750915748,,reports_pairwise
2026-05-07,CUMMINSIND,78.8,74.9,69.8,20.7,86.2,50.0,75.2,,,5403.0,SIDEWAYS,-4.497501388117713,,reports_pairwise
2026-05-07,DRREDDY,75.2,80.2,62.7,16.8,65.8,50.0,74.7,,,1307.6,SIDEWAYS,-2.8754970939125046,,reports_pairwise
2026-05-07,POLYCAB,81.1,74.5,75.0,58.2,94.0,50.0,70.1,,,9003.0,SIDEWAYS,0.2054870598689326,,reports_pairwise
2026-05-07,ICICIGI,73.6,81.7,49.6,19.4,71.3,50.0,71.7,,,1850.2,SIDEWAYS,-3.6428494216841476,,reports_pairwise
2026-05-07,NMDC,78.6,90.5,54.8,8.3,82.1,50.0,71.2,,,90.14,SIDEWAYS,-3.905036609718212,,reports_pairwise
2026-05-07,NTPC,70.0,66.3,53.9,25.7,79.2,50.0,81.1,,,400.35,SIDEWAYS,-1.9108280254777152,,reports_pairwise
2026-05-07,DABUR,72.6,68.6,68.9,28.3,80.5,50.0,65.4,,,470.0,SIDEWAYS,0.6914893617021276,,reports_pairwise
2026-05-07,DIVISLAB,73.2,64.5,73.7,7.5,75.0,50.0,74.3,,,6702.5,SIDEWAYS,-0.8728086534875047,,reports_pairwise
2026-05-07,HAL,78.4,86.2,74.8,16.3,90.9,50.0,65.7,,,4782.1,SIDEWAYS,-4.383011647602525,,reports_pairwise
2026-05-07,RELIANCE,70.9,74.8,64.5,7.5,67.4,50.0,73.0,,,1436.2,SIDEWAYS,-5.027154992340903,,reports_pairwise
2026-05-07,ASIANPAINT,73.7,66.0,62.9,19.7,76.2,50.0,65.7,,,2530.6,SIDEWAYS,-0.991859638030503,,reports_pairwise
2026-05-07,HDFCLIFE,71.4,58.4,54.5,69.6,94.9,50.0,61.9,,,625.4,SIDEWAYS,-3.7735849056603814,,reports_pairwise
2026-05-07,MAHABANK,80.5,89.2,74.3,33.2,99.1,50.0,63.3,,,85.31,SIDEWAYS,-8.135036924158946,,reports_pairwise
2026-05-07,EICHERMOT,74.9,82.9,55.3,23.8,79.5,50.0,68.6,,,7327.5,SIDEWAYS,-2.749914704878881,,reports_pairwise
2026-05-07,CGPOWER,79.9,69.3,72.9,64.7,98.7,50.0,66.9,,,859.1,SIDEWAYS,-2.9565824700267695,,reports_pairwise
2026-05-07,HINDALCO,75.1,77.4,60.7,24.9,83.2,50.0,69.4,,,1055.7,SIDEWAYS,-1.354551482428716,,reports_pairwise
2026-05-07,ULTRACEMCO,71.4,61.6,56.9,5.9,78.5,50.0,72.8,,,12146.0,SIDEWAYS,-5.18689280421538,,reports_pairwise
2026-05-07,ICICIBANK,67.9,86.7,29.7,39.3,63.4,50.0,72.0,,,1279.0,SIDEWAYS,-3.0258014073494954,,reports_pairwise
2026-05-07,ABB,74.7,72.2,57.3,24.2,84.8,50.0,67.5,,,7188.0,SIDEWAYS,-11.957429048414022,,reports_pairwise
2026-05-07,ONGC,70.2,71.3,38.7,8.3,77.4,50.0,75.3,,,283.9,SIDEWAYS,3.733709052483277,,reports_pairwise
2026-05-07,FEDERALBNK,72.7,81.1,53.9,8.2,85.5,50.0,69.5,,,297.05,SIDEWAYS,-4.123884867867362,,reports_pairwise
2026-05-07,GRASIM,70.0,38.2,64.5,4.7,80.1,50.0,78.5,,,2960.6,SIDEWAYS,-1.9455515773829601,,reports_pairwise
2026-05-07,HDFCBANK,67.1,83.2,41.0,16.4,74.6,50.0,65.4,,,796.05,SIDEWAYS,-5.728283399283954,,reports_pairwise
2026-05-07,COLPAL,70.9,77.9,70.1,4.0,70.0,50.0,60.3,,,2167.0,SIDEWAYS,-1.9289340101522927,,reports_pairwise
2026-05-07,GICRE,70.3,73.8,45.4,33.5,77.9,50.0,71.0,,,399.35,SIDEWAYS,-4.244397145361223,,reports_pairwise
2026-05-07,HINDUNILVR,67.6,71.9,53.9,15.6,55.7,50.0,68.1,,,2272.2,SIDEWAYS,-0.44890414576180876,,reports_pairwise
2026-05-07,ICICIPRULI,69.6,59.1,53.8,15.5,96.2,50.0,63.7,,,562.9,SIDEWAYS,-3.801740984189017,,reports_pairwise
2026-05-07,POWERGRID,67.6,68.1,45.3,9.2,70.3,50.0,77.7,,,313.8,SIDEWAYS,-2.390057361376673,,reports_pairwise
2026-05-07,ITC,66.5,92.5,47.1,16.9,59.3,50.0,59.0,,,307.4,SIDEWAYS,-2.179570592062456,,reports_pairwise
2026-05-07,MANKIND,71.6,54.8,74.3,18.0,87.6,50.0,65.9,,,2375.2,SIDEWAYS,0.15577635567532305,,reports_pairwise
2026-05-07,HEROMOTOCO,73.8,92.5,50.8,61.7,73.7,50.0,62.5,,,5343.0,SIDEWAYS,-4.87553808721692,,reports_pairwise
2026-05-07,LICHSGFIN,70.9,48.7,68.8,44.6,88.0,50.0,68.7,,,586.35,SIDEWAYS,-3.1892214547625217,,reports_pairwise
2026-05-07,BSE,76.4,75.0,73.9,33.6,99.3,50.0,58.3,,,3963.6,SIDEWAYS,-2.818145120597432,,reports_pairwise
2026-05-07,IRCTC,68.0,87.3,56.8,22.4,65.6,50.0,55.9,,,568.5,SIDEWAYS,-6.068601583113456,,reports_pairwise
2026-05-07,HDFCAMC,75.5,81.9,64.8,12.9,77.8,50.0,66.3,,,2834.6,SIDEWAYS,-7.119170253298517,,reports_pairwise
2026-05-07,PAGEIND,68.2,68.7,53.3,8.1,84.0,50.0,57.8,,,37345.0,SIDEWAYS,-6.051680278484403,,reports_pairwise
2026-05-07,JSWSTEEL,69.5,41.9,61.2,7.9,85.2,50.0,74.7,,,1283.4,SIDEWAYS,-2.4232507402212975,,reports_pairwise
2026-05-07,YESBANK,74.9,80.8,75.4,64.5,81.4,50.0,64.2,,,22.51,SIDEWAYS,-1.999111505997347,,reports_pairwise
2026-05-07,SOLARINDS,74.5,72.3,73.6,18.9,85.1,50.0,60.7,,,15887.0,SIDEWAYS,-1.90092528482407,,reports_pairwise
2026-05-07,INDHOTEL,69.7,65.8,56.3,13.6,80.2,50.0,62.3,,,669.1,SIDEWAYS,-5.1860708414287915,,reports_pairwise
2026-05-07,HINDZINC,74.0,85.3,75.0,16.2,88.9,50.0,52.2,,,636.55,SIDEWAYS,0.840468148613624,,reports_pairwise
2026-05-07,TATACONSUM,65.2,54.4,59.6,12.6,60.3,50.0,76.2,,,1151.7,SIDEWAYS,8.795693322913948,,reports_pairwise
2026-05-07,CENTRALBK,71.0,74.5,58.0,14.4,81.0,50.0,67.1,,,37.24,SIDEWAYS,-7.277121374865738,,reports_pairwise
2026-05-07,SIEMENS,72.4,61.8,72.4,16.5,87.1,50.0,70.5,,,3871.5,SIDEWAYS,-7.674028154462093,,reports_pairwise
2026-05-07,TATAPOWER,65.5,47.5,60.7,9.6,79.0,50.0,75.5,,,439.25,SIDEWAYS,-4.746727376209453,,reports_pairwise
2026-05-07,BIOCON,69.4,44.6,68.1,21.3,84.4,50.0,68.5,,,382.25,SIDEWAYS,5.284499672988878,,reports_pairwise
2026-05-07,M&M,70.6,71.2,61.2,23.8,77.2,50.0,65.4,,,3370.7,SIDEWAYS,-5.776248257038592,,reports_pairwise
2026-05-07,ABCAPITAL,73.2,73.9,67.1,42.1,90.6,50.0,65.0,,,369.0,SIDEWAYS,-7.53387533875339,,reports_pairwise
2026-05-07,HAVELLS,66.4,71.0,40.4,9.9,74.6,50.0,62.6,,,1268.9,SIDEWAYS,-6.147056505634802,,reports_pairwise
2026-05-07,LICI,67.5,93.5,36.7,11.8,72.5,50.0,63.8,,,811.15,SIDEWAYS,-3.7477655180915956,,reports_pairwise
2026-05-07,PFC,71.0,57.5,50.9,11.8,87.1,50.0,66.7,,,457.55,SIDEWAYS,-3.682657633045574,,reports_pairwise
2026-05-07,PHOENIXLTD,70.3,53.3,69.2,5.9,86.5,50.0,67.6,,,1829.5,SIDEWAYS,-5.383984695271932,,reports_pairwise
2026-05-07,KOTAKBANK,64.7,78.0,42.7,13.5,59.3,50.0,68.6,,,379.4,SIDEWAYS,-0.8961518186610378,,reports_pairwise
2026-05-07,LT,67.9,62.8,40.7,27.9,71.2,50.0,68.9,,,4023.0,SIDEWAYS,-4.138702460850112,,reports_pairwise
2026-05-07,MARUTI,66.6,81.8,52.9,9.9,72.0,50.0,62.4,,,13770.0,SIDEWAYS,-4.3427741466957155,,reports_pairwise
2026-05-07,SBILIFE,63.4,63.7,34.4,7.9,73.6,50.0,73.3,,,1872.2,SIDEWAYS,-2.0457216109389997,,reports_pairwise
2026-05-07,TATASTEEL,70.2,54.5,58.2,17.1,88.3,50.0,70.3,,,217.09,SIDEWAYS,-2.344649684462667,,reports_pairwise
2026-05-07,BHARATFORG,72.3,48.1,66.9,56.8,94.4,50.0,70.3,,,1992.9,SIDEWAYS,-4.009232776356068,,reports_pairwise
2026-05-07,BHARTIARTL,62.6,65.7,36.7,11.4,52.7,50.0,71.4,,,1826.6,SIDEWAYS,-3.821307346983464,,reports_pairwise
2026-05-07,EXIDEIND,68.6,61.6,71.9,46.6,80.1,50.0,61.9,,,364.45,SIDEWAYS,-4.980107010563857,,reports_pairwise
2026-05-07,PETRONET,71.0,83.9,59.0,30.8,66.0,50.0,63.0,,,282.1,SIDEWAYS,-3.881602268699059,,reports_pairwise
2026-05-07,TVSMOTOR,68.3,50.0,44.4,11.1,79.5,50.0,71.5,,,3706.7,SIDEWAYS,-3.9307200474815827,,reports_pairwise
2026-05-07,VBL,71.6,63.4,72.5,0.0,78.2,50.0,67.7,,,510.6,SIDEWAYS,-4.35761848805327,,reports_pairwise
2026-05-07,OFSS,72.4,90.1,74.2,6.8,87.1,50.0,64.0,,,9498.5,SIDEWAYS,-5.137653313681108,,reports_pairwise
2026-05-07,ADANIENT,72.1,76.6,74.5,3.9,92.2,50.0,58.3,,,2513.7,SIDEWAYS,-4.31634642160958,,reports_pairwise
2026-05-07,TITAN,64.2,50.0,28.0,20.0,72.9,50.0,76.6,,,4307.5,SIDEWAYS,-5.854904236796282,,reports_pairwise
2026-05-07,BAJAJFINSV,65.0,56.2,57.2,7.5,69.1,50.0,66.1,,,1824.5,SIDEWAYS,-4.3683200876952615,,reports_pairwise
2026-05-07,CONCOR,67.0,71.8,69.0,7.5,77.3,50.0,61.0,,,526.7,SIDEWAYS,-2.0315169925954137,,reports_pairwise
2026-05-07,MFSL,66.5,52.2,58.0,14.1,73.7,50.0,67.8,,,1707.4,SIDEWAYS,-3.145132950685255,,reports_pairwise
2026-05-07,INDUSINDBK,70.0,50.3,73.1,6.9,84.8,50.0,70.0,,,946.95,SIDEWAYS,-5.713078832039709,,reports_pairwise
2026-05-07,SHREECEM,63.5,48.6,54.1,46.2,70.9,50.0,57.9,,,25595.0,SIDEWAYS,-2.8716546200429773,,reports_pairwise
2026-05-07,PIIND,66.1,78.3,55.7,7.8,60.2,50.0,55.3,,,3101.5,SIDEWAYS,-3.349991939384172,,reports_pairwise
2026-05-07,BOSCHLTD,69.8,73.0,61.3,28.3,82.5,50.0,62.1,,,37895.0,SIDEWAYS,-3.6548357303074286,,reports_pairwise
2026-05-07,ADANIPOWER,71.2,77.8,72.7,15.0,98.9,50.0,59.4,,,230.19,SIDEWAYS,-8.931752030930971,,reports_pairwise
2026-05-07,BANDHANBNK,71.2,70.0,75.2,0.0,98.8,50.0,58.5,,,207.63,SIDEWAYS,-5.567596204787363,,reports_pairwise
2026-05-07,APLAPOLLO,68.1,77.3,42.4,29.8,60.2,50.0,64.5,,,1973.7,SIDEWAYS,-4.6866291736332775,,reports_pairwise
2026-05-07,SAIL,70.9,62.3,71.2,8.3,87.5,50.0,64.2,,,187.28,SIDEWAYS,-5.975010679196923,,reports_pairwise
2026-05-07,BHEL,70.7,51.1,75.2,23.6,99.8,50.0,61.8,,,406.45,SIDEWAYS,-3.6166810185754676,,reports_pairwise
2026-05-07,GLENMARK,70.4,58.2,64.7,25.7,80.5,50.0,69.0,,,2371.6,SIDEWAYS,-4.827964243548659,,reports_pairwise
2026-05-07,TMPV,70.5,78.6,64.4,8.0,80.0,50.0,56.3,,,359.25,SIDEWAYS,-6.235212247738337,,reports_pairwise
2026-05-07,CHOLAFIN,70.5,61.8,68.0,20.3,79.3,50.0,63.0,,,1689.2,SIDEWAYS,-7.5893914278948635,,reports_pairwise
2026-05-07,SRF,68.3,62.3,73.6,38.4,78.4,50.0,61.2,,,2771.3,SIDEWAYS,-1.8078158265074282,,reports_pairwise
2026-05-07,ACC,62.2,80.8,40.5,23.1,62.1,50.0,56.7,,,1414.6,SIDEWAYS,-4.778736038456095,,reports_pairwise
2026-05-07,IOC,64.5,57.7,51.2,16.0,82.1,50.0,56.8,,,146.89,SIDEWAYS,-6.290421403771518,,reports_pairwise
2026-05-07,BAJFINANCE,68.7,58.4,63.2,8.6,79.4,50.0,63.6,,,972.75,SIDEWAYS,-7.047031611410944,,reports_pairwise
2026-05-07,TORNTPOWER,69.1,76.7,71.8,0.0,83.7,50.0,64.6,,,1712.5,SIDEWAYS,-6.709489051094895,,reports_pairwise
2026-05-07,JINDALSTEL,68.4,60.1,47.5,27.7,74.4,50.0,69.7,,,1258.2,SIDEWAYS,-3.4891114290255993,,reports_pairwise
2026-05-07,UNITDSPR,63.6,68.4,47.3,36.8,50.8,50.0,62.5,,,1279.8,SIDEWAYS,-2.52383184872636,,reports_pairwise
2026-05-07,TATATECH,66.0,66.5,74.2,42.4,81.1,50.0,55.3,,,629.25,SIDEWAYS,-2.1215733015494673,,reports_pairwise
2026-05-07,IGL,66.1,85.4,58.9,31.7,76.4,50.0,54.9,,,169.84,SIDEWAYS,-7.671926519076779,,reports_pairwise
2026-05-07,HUDCO,69.0,58.6,74.3,2.1,91.4,50.0,53.5,,,228.01,SIDEWAYS,-3.982281478882498,,reports_pairwise
2026-05-07,GAIL,63.8,83.6,65.3,9.6,76.2,50.0,62.0,,,167.26,SIDEWAYS,-4.131292598349873,,reports_pairwise
2026-05-07,MAXHEALTH,64.6,56.0,59.4,7.8,72.0,50.0,59.6,,,1015.3,SIDEWAYS,0.23638333497489325,,reports_pairwise
2026-05-07,AUBANK,67.4,79.7,57.2,15.0,76.3,50.0,63.8,,,1032.4,SIDEWAYS,-3.1770631538163565,,reports_pairwise
2026-05-07,OBEROIRLTY,65.3,78.6,45.3,2.9,78.4,50.0,62.1,,,1675.0,SIDEWAYS,-2.883582089552236,,reports_pairwise
2026-05-07,SUZLON,68.4,95.3,68.7,15.0,80.8,50.0,45.7,,,55.65,SIDEWAYS,-7.421383647798733,,reports_pairwise
2026-05-07,MOTHERSON,68.1,61.4,61.5,21.2,89.9,50.0,59.1,,,130.43,SIDEWAYS,-4.730506785248793,,reports_pairwise
2026-05-07,GMRAIRPORT,67.8,65.7,59.1,16.6,79.1,50.0,63.8,,,100.66,SIDEWAYS,-5.930856348102522,,reports_pairwise
2026-05-07,MOTILALOFS,67.8,57.6,75.6,18.4,92.8,50.0,47.6,,,891.3,SIDEWAYS,-5.564905194659476,,reports_pairwise
2026-05-07,IRB,63.6,67.0,40.6,13.1,75.0,50.0,61.5,,,21.67,SIDEWAYS,-3.9224734656206803,,reports_pairwise
2026-05-07,BEL,64.0,75.0,37.0,11.7,56.7,50.0,70.7,,,439.45,SIDEWAYS,-5.222437137330752,,reports_pairwise
2026-05-07,PATANJALI,61.1,71.7,38.2,13.3,75.7,50.0,57.5,,,460.35,SIDEWAYS,-4.192462256978388,,reports_pairwise
2026-05-07,AXISBANK,61.8,86.2,28.6,9.9,57.8,50.0,71.4,,,1292.7,SIDEWAYS,-2.521853484953983,,reports_pairwise
2026-05-07,MUTHOOTFIN,67.2,71.3,48.8,17.9,78.5,50.0,56.8,,,3584.3,SIDEWAYS,-6.441983092933072,,reports_pairwise
2026-05-07,BPCL,65.1,69.0,47.3,17.1,74.4,50.0,52.0,,,307.6,SIDEWAYS,-6.420676202860857,,reports_pairwise
2026-05-07,UCOBANK,64.8,77.3,64.0,22.4,79.0,50.0,52.6,,,27.29,SIDEWAYS,-6.632466104800288,,reports_pairwise
2026-05-07,LTF,66.4,55.7,68.2,11.2,84.8,50.0,61.0,,,303.65,SIDEWAYS,-7.574510126790714,,reports_pairwise
2026-05-07,ESCORTS,65.9,77.1,59.0,27.0,74.5,50.0,55.1,,,3345.9,SIDEWAYS,-11.512597507397121,,reports_pairwise
2026-05-07,IOB,64.8,87.0,45.6,7.5,65.5,50.0,54.2,,,35.17,SIDEWAYS,-4.321865226044933,,reports_pairwise
2026-05-07,AMBUJACEM,61.8,80.2,40.8,33.9,61.9,50.0,54.7,,,450.65,SIDEWAYS,-5.2590702318872715,,reports_pairwise
2026-05-07,BAJAJHLDNG,65.4,84.5,73.0,19.6,75.7,50.0,48.7,,,10597.0,SIDEWAYS,-4.718316504671134,,reports_pairwise
2026-05-07,NYKAA,63.9,37.9,55.0,15.2,73.0,50.0,69.8,,,269.85,SIDEWAYS,-3.4093014637761883,,reports_pairwise
2026-05-07,TECHM,60.7,85.0,40.1,0.3,64.0,50.0,61.2,,,1448.2,SIDEWAYS,-3.818533351746993,,reports_pairwise
2026-05-07,DLF,63.8,72.9,61.5,14.4,80.4,50.0,49.9,,,618.85,SIDEWAYS,-8.022945786539545,,reports_pairwise
2026-05-07,DMART,60.4,61.3,32.5,5.8,77.5,50.0,67.5,,,4386.5,SIDEWAYS,-1.2492875869144004,,reports_pairwise
2026-05-07,LODHA,64.7,77.0,76.1,8.0,83.3,50.0,40.2,,,967.35,SIDEWAYS,-9.09701762547165,,reports_pairwise
2026-05-07,NATIONALUM,64.7,96.0,33.6,15.0,75.1,50.0,52.8,,,403.5,SIDEWAYS,-2.3420074349442355,,reports_pairwise
2026-05-07,SONACOMS,64.7,56.6,49.2,17.5,77.6,50.0,65.1,,,578.65,SIDEWAYS,0.941847403439047,,reports_pairwise
2026-05-07,IDEA,64.6,80.0,75.2,20.1,87.5,50.0,45.3,,,11.23,SIDEWAYS,5.877114870881568,,reports_pairwise
2026-05-07,POLICYBZR,64.6,58.0,73.4,46.9,77.1,50.0,52.3,,,1684.1,SIDEWAYS,-4.797814856599962,,reports_pairwise
2026-05-07,RECLTD,62.3,57.5,39.5,11.3,73.2,50.0,62.6,,,359.75,SIDEWAYS,-4.280750521195268,,reports_pairwise
2026-05-07,TIINDIA,64.5,55.6,70.0,8.0,81.8,50.0,58.0,,,3015.5,SIDEWAYS,-2.0394627756590946,,reports_pairwise
2026-05-07,BANKBARODA,60.8,77.6,32.7,16.8,69.6,50.0,63.5,,,270.35,SIDEWAYS,-3.846865174773454,,reports_pairwise
2026-05-07,JSWENERGY,63.6,37.7,72.1,9.7,85.5,50.0,70.6,,,575.9,SIDEWAYS,-10.062510852578562,,reports_pairwise
2026-05-07,MRF,59.6,76.0,36.5,18.8,65.4,50.0,62.5,,,129965.0,SIDEWAYS,-2.66225522255992,,reports_pairwise
2026-05-07,INDUSTOWER,61.0,84.6,29.2,10.6,55.0,50.0,63.0,,,402.9,SIDEWAYS,-0.5212211466865142,,reports_pairwise
2026-05-07,M&MFIN,63.1,56.4,70.1,2.1,86.8,50.0,51.8,,,328.45,SIDEWAYS,-0.45669051606028316,,reports_pairwise
2026-05-07,ASHOKLEY,62.6,66.8,38.8,15.1,76.5,50.0,53.9,,,170.78,SIDEWAYS,-8.683686614357661,,reports_pairwise
2026-05-07,PNB,60.2,77.2,33.0,59.6,63.1,50.0,59.7,,,109.11,SIDEWAYS,-5.801484740170468,,reports_pairwise
2026-05-07,SUPREMEIND,60.4,65.0,37.2,3.0,64.3,50.0,57.4,,,3664.9,SIDEWAYS,-3.5689923326693815,,reports_pairwise
2026-05-07,TRENT,62.2,69.0,60.6,10.6,80.8,50.0,45.4,,,4294.1,SIDEWAYS,-5.6705712489229505,,reports_pairwise
2026-05-07,MAZDOCK,62.1,81.7,60.8,4.2,76.7,50.0,37.5,,,2683.3,SIDEWAYS,-8.925576715238698,,reports_pairwise
2026-05-07,PRESTIGE,62.0,39.8,74.8,9.1,84.0,50.0,55.1,,,1483.5,SIDEWAYS,-6.9228176609369765,,reports_pairwise
2026-05-07,ADANIGREEN,61.8,56.9,74.4,11.4,99.3,50.0,50.6,,,1365.0,SIDEWAYS,-4.175824175824175,,reports_pairwise
2026-05-07,SHRIRAMFIN,61.9,58.8,41.1,5.9,65.9,50.0,59.7,,,1015.65,SIDEWAYS,-8.38871658543789,,reports_pairwise
2026-05-07,IDFCFIRSTB,61.6,62.6,59.1,9.4,77.7,50.0,49.8,,,70.39,SIDEWAYS,-3.8499786901548427,,reports_pairwise
2026-05-07,ADANIENSOL,61.5,59.5,72.3,15.0,85.6,50.0,56.4,,,1387.1,SIDEWAYS,-7.41114555547545,,reports_pairwise
2026-05-07,HINDPETRO,61.5,56.3,66.4,22.4,82.1,50.0,46.4,,,396.5,SIDEWAYS,-6.7087011349306485,,reports_pairwise
2026-05-07,PREMIERENE,61.4,76.2,50.5,3.2,86.6,50.0,49.2,,,1018.5,SIDEWAYS,-5.076092292587142,,reports_pairwise
2026-05-07,OIL,61.0,75.3,33.1,14.6,56.6,50.0,63.4,,,452.85,SIDEWAYS,8.413381914541231,,reports_pairwise
2026-05-07,TCS,55.3,92.8,25.6,12.1,65.6,50.0,54.5,,,2401.4,SIDEWAYS,-4.210044140917794,,reports_pairwise
2026-05-07,CANBK,59.8,81.4,30.5,14.5,54.0,50.0,61.3,,,135.93,SIDEWAYS,-4.35518281468404,,reports_pairwise
2026-05-07,BHARTIHEXA,59.8,64.7,37.5,1.5,73.3,50.0,55.3,,,1515.6,SIDEWAYS,-3.3518078648719953,,reports_pairwise
2026-05-07,IRFC,60.8,54.0,60.5,15.5,76.8,50.0,49.8,,,106.77,SIDEWAYS,-6.940151728013484,,reports_pairwise
2026-05-07,TATACOMM,60.9,53.3,63.1,12.0,70.6,50.0,54.8,,,1593.5,SIDEWAYS,-3.3636648886099727,,reports_pairwise
2026-05-07,GODREJPROP,60.4,60.8,64.3,31.3,79.3,50.0,48.0,,,1878.6,SIDEWAYS,-8.84701373363142,,reports_pairwise
2026-05-07,IREDA,60.4,54.3,59.4,7.5,75.8,50.0,43.5,,,135.56,SIDEWAYS,-8.018589554440842,,reports_pairwise
2026-05-07,BDL,60.1,61.5,70.6,14.8,89.0,50.0,40.0,,,1466.9,SIDEWAYS,-9.046288090531055,,reports_pairwise
2026-05-07,NHPC,55.6,40.1,46.8,5.8,63.5,50.0,68.9,,,81.58,SIDEWAYS,-5.896052954155433,,reports_pairwise
2026-05-07,ASTRAL,59.4,60.2,42.9,15.6,54.9,50.0,64.7,,,1569.1,SIDEWAYS,-2.644828245491046,,reports_pairwise
2026-05-07,HYUNDAI,59.5,94.6,42.9,8.3,78.5,50.0,39.2,,,1835.8,SIDEWAYS,2.2932781348730873,,reports_pairwise
2026-05-07,COCHINSHIP,59.4,58.8,74.5,6.0,93.1,50.0,36.5,,,1814.7,SIDEWAYS,-10.943957678955206,,reports_pairwise
2026-05-07,GODREJCP,54.9,59.3,30.1,48.5,49.9,50.0,56.6,,,1036.6,SIDEWAYS,-0.6174030484275385,,reports_pairwise
2026-05-07,COFORGE,59.0,82.7,45.5,38.2,82.5,50.0,41.0,,,1285.3,SIDEWAYS,2.7308799502061882,,reports_pairwise
2026-05-07,JIOFIN,56.9,48.5,59.8,4.2,58.4,50.0,53.3,,,251.02,SIDEWAYS,-8.186598677396226,,reports_pairwise
2026-05-07,BAJAJHFL,52.3,54.0,38.7,10.9,68.8,50.0,49.1,,,87.97,SIDEWAYS,-4.660679777196766,,reports_pairwise
2026-05-07,WIPRO,53.7,84.1,29.5,9.6,54.7,50.0,57.7,,,197.36,SIDEWAYS,-3.9471017430077118,,reports_pairwise
2026-05-07,PAYTM,58.5,63.4,58.0,29.8,80.3,50.0,50.2,,,1197.4,SIDEWAYS,-3.5744112243193737,,reports_pairwise
2026-05-07,APOLLOTYRE,54.8,66.4,25.6,64.1,56.5,50.0,58.4,,,410.05,SIDEWAYS,-2.755761492500917,,reports_pairwise
2026-05-07,UPL,57.0,53.5,42.5,12.6,60.0,50.0,55.3,,,650.45,SIDEWAYS,-3.7358751633484615,,reports_pairwise
2026-05-07,INFY,54.0,96.5,21.0,5.1,67.5,50.0,52.1,,,1162.7,SIDEWAYS,-1.9265502709211395,,reports_pairwise
2026-05-07,ETERNAL,56.3,48.7,60.8,0.9,74.7,50.0,44.8,,,257.42,SIDEWAYS,-6.774920363608121,,reports_pairwise
2026-05-07,VMM,56.2,53.4,62.0,5.9,70.3,50.0,48.9,,,125.42,SIDEWAYS,-4.600542178280972,,reports_pairwise
2026-05-07,INDIGO,55.8,50.0,47.2,16.3,58.6,50.0,47.9,,,4506.9,SIDEWAYS,-6.771838736160106,,reports_pairwise
2026-05-07,HCLTECH,51.9,89.3,19.9,3.9,62.9,50.0,52.5,,,1183.4,SIDEWAYS,-3.1772857867162525,,reports_pairwise
2026-05-07,INDIANB,55.0,84.3,20.7,15.0,47.1,50.0,56.4,,,860.75,SIDEWAYS,-4.571594539645661,,reports_pairwise
2026-05-07,RVNL,55.0,53.1,64.6,26.4,71.5,50.0,35.8,,,308.7,SIDEWAYS,-8.228053126012302,,reports_pairwise
2026-05-07,NTPCGREEN,54.8,33.0,52.3,5.3,81.0,50.0,58.1,,,109.26,SIDEWAYS,-1.9128683873329704,,reports_pairwise
2026-05-07,SBICARD,51.6,56.1,30.5,21.2,70.6,50.0,48.6,,,648.15,SIDEWAYS,-3.5562755534984114,,reports_pairwise
2026-05-07,JUBLFOOD,53.1,55.4,62.6,7.5,53.9,50.0,48.0,,,479.0,SIDEWAYS,-7.6931106471816335,,reports_pairwise
2026-05-07,VOLTAS,53.7,55.5,44.0,15.8,43.7,50.0,62.8,,,1363.9,SIDEWAYS,-6.913996627318732,,reports_pairwise
2026-05-07,ATGL,53.9,55.7,65.8,0.0,80.0,50.0,41.6,,,644.25,SIDEWAYS,-8.218859138533185,,reports_pairwise
2026-05-07,PERSISTENT,53.5,80.5,24.9,9.0,70.5,50.0,53.0,,,4984.0,SIDEWAYS,-2.144863563402882,,reports_pairwise
2026-05-07,WAAREEENER,53.4,89.4,36.3,1.4,79.6,50.0,40.1,,,3226.6,SIDEWAYS,-3.142626913779213,,reports_pairwise
2026-05-07,UNIONBANK,52.8,79.6,19.4,4.9,54.2,50.0,52.2,,,167.28,SIDEWAYS,-3.0428024868484,,reports_pairwise
2026-05-07,SJVN,51.6,28.6,62.8,4.5,78.3,50.0,47.7,,,79.89,SIDEWAYS,-7.059707097258731,,reports_pairwise
2026-05-07,BANKINDIA,51.3,74.2,28.0,15.5,50.4,50.0,52.9,,,140.37,SIDEWAYS,-0.16385267507303425,,reports_pairwise
2026-05-07,TATAELXSI,50.7,72.6,31.1,5.6,71.7,50.0,45.7,,,4297.4,SIDEWAYS,-5.007679061758269,,reports_pairwise
2026-05-07,KPITTECH,50.5,76.1,42.4,66.4,65.8,50.0,28.5,,,722.65,SIDEWAYS,-1.4668234968518679,,reports_pairwise
2026-05-07,DIXON,50.2,77.4,44.8,8.7,57.3,50.0,37.6,,,11048.0,SIDEWAYS,-8.236784938450398,,reports_pairwise
2026-05-07,MPHASIS,48.7,83.5,24.4,7.5,44.3,50.0,53.5,,,2193.1,SIDEWAYS,-2.124846108248594,,reports_pairwise
2026-05-07,NAUKRI,45.5,54.3,26.7,10.4,59.4,50.0,47.2,,,981.85,SIDEWAYS,-5.189183683862102,,reports_pairwise
2026-05-07,SWIGGY,46.8,49.6,44.8,7.5,74.1,50.0,31.9,,,279.5,SIDEWAYS,-8.461538461538463,,reports_pairwise
2026-05-07,ABFRL,45.5,48.7,71.2,20.0,81.0,50.0,12.0,,,67.79,SIDEWAYS,-7.951025224959444,,reports_pairwise
2026-05-07,KALYANKJIL,45.1,56.0,23.5,17.1,64.2,50.0,40.9,,,411.15,SIDEWAYS,-12.002918642831077,,reports_pairwise
2026-05-07,VEDL,43.8,82.9,19.2,35.4,71.5,50.0,12.0,,,305.4,SIDEWAYS,-0.11460379829730384,,reports_pairwise
2026-05-07,OLAELEC,33.8,36.1,50.7,23.0,71.5,50.0,6.0,,,35.09,SIDEWAYS,0.11399259048161625,,reports_pairwise
2026-05-08,MARICO,82.6,72.9,69.0,37.5,88.7,,81.9,,,827.65,UNKNOWN,,,reports_pairwise
2026-05-08,LUPIN,83.2,88.4,56.7,47.0,80.3,,78.7,,,2387.8,UNKNOWN,,,reports_pairwise
2026-05-08,NESTLEIND,80.8,73.6,73.3,15.0,86.0,,79.9,,,1483.3,UNKNOWN,,,reports_pairwise
2026-05-08,PIDILITIND,79.4,72.9,69.0,72.3,87.1,,69.9,,,1489.0,UNKNOWN,,,reports_pairwise
2026-05-08,BAJAJ-AUTO,81.6,84.3,71.9,37.7,91.9,,75.2,,,10688.0,UNKNOWN,,,reports_pairwise
2026-05-08,SUNPHARMA,78.5,72.4,66.1,0.0,76.1,,80.7,,,1853.5,UNKNOWN,,,reports_pairwise
2026-05-08,TORNTPHARM,77.2,69.4,64.3,8.0,73.7,,80.1,,,4371.4,UNKNOWN,,,reports_pairwise
2026-05-08,APOLLOHOSP,77.0,54.9,64.3,19.1,87.6,,79.9,,,8050.0,UNKNOWN,,,reports_pairwise
2026-05-08,ALKEM,79.2,82.2,55.3,4.8,87.7,,75.2,,,5586.5,UNKNOWN,,,reports_pairwise
2026-05-08,CIPLA,74.9,88.5,68.3,22.3,69.5,,66.7,,,1348.9,UNKNOWN,,,reports_pairwise
2026-05-08,ZYDUSLIFE,75.1,80.2,52.4,23.7,69.0,,72.8,,,940.75,UNKNOWN,,,reports_pairwise
2026-05-08,ADANIPORTS,81.9,81.7,74.1,18.2,97.5,,73.0,,,1762.2,UNKNOWN,,,reports_pairwise
2026-05-08,AUROPHARMA,79.8,77.6,68.8,32.8,96.8,,74.3,,,1491.4,UNKNOWN,,,reports_pairwise
2026-05-08,COALINDIA,75.5,90.6,49.6,26.2,61.8,,75.6,,,456.6,UNKNOWN,,,reports_pairwise
2026-05-08,CUMMINSIND,79.0,74.9,66.5,24.4,91.9,,74.6,,,5388.0,UNKNOWN,,,reports_pairwise
2026-05-08,POLYCAB,81.3,74.3,75.5,60.1,95.1,,70.2,,,9121.0,UNKNOWN,,,reports_pairwise
2026-05-08,ASIANPAINT,74.4,66.0,71.7,26.0,81.1,,67.0,,,2600.1,UNKNOWN,,,reports_pairwise
2026-05-08,DABUR,73.3,68.3,73.7,70.5,80.3,,61.0,,,487.8,UNKNOWN,,,reports_pairwise
2026-05-08,SBIN,71.5,87.5,43.6,13.1,69.9,,71.0,,,1075.8,UNKNOWN,,,reports_pairwise
2026-05-08,HAL,78.2,86.3,74.8,12.6,91.1,,65.5,,,4761.1,UNKNOWN,,,reports_pairwise
2026-05-08,HDFCLIFE,71.7,58.4,60.8,67.1,91.9,,61.9,,,625.7,UNKNOWN,,,reports_pairwise
2026-05-08,DIVISLAB,73.0,64.5,72.5,7.5,75.1,,74.3,,,6701.5,UNKNOWN,,,reports_pairwise
2026-05-08,NTPC,69.2,66.2,53.2,20.8,74.8,,81.6,,,403.35,UNKNOWN,,,reports_pairwise
2026-05-08,DRREDDY,73.2,80.4,58.9,24.1,55.2,,74.3,,,1297.9,UNKNOWN,,,reports_pairwise
2026-05-08,MAHABANK,79.9,88.7,74.6,26.4,98.7,,61.7,,,83.22,UNKNOWN,,,reports_pairwise
2026-05-08,CGPOWER,79.8,69.3,73.4,54.3,98.8,,67.4,,,865.9,UNKNOWN,,,reports_pairwise
2026-05-08,NMDC,76.4,90.3,49.1,10.0,74.5,,70.4,,,88.9,UNKNOWN,,,reports_pairwise
2026-05-08,EICHERMOT,74.0,82.9,52.1,16.4,77.0,,68.5,,,7310.5,UNKNOWN,,,reports_pairwise
2026-05-08,GRASIM,70.0,38.1,65.5,1.0,80.5,,78.6,,,2961.9,UNKNOWN,,,reports_pairwise
2026-05-08,ICICIBANK,67.1,87.0,31.3,25.9,59.9,,71.6,,,1263.9,UNKNOWN,,,reports_pairwise
2026-05-08,RELIANCE,68.5,74.9,63.8,2.2,53.9,,72.7,,,1425.8,UNKNOWN,,,reports_pairwise
2026-05-08,ICICIPRULI,70.2,58.7,58.9,18.1,94.9,,64.3,,,569.9,UNKNOWN,,,reports_pairwise
2026-05-08,HINDUNILVR,68.0,71.7,55.2,8.9,58.5,,68.4,,,2284.8,UNKNOWN,,,reports_pairwise
2026-05-08,COLPAL,71.1,77.7,70.4,2.5,70.4,,60.6,,,2181.8,UNKNOWN,,,reports_pairwise
2026-05-08,MANKIND,72.1,54.9,74.7,25.9,88.2,,67.4,,,2448.0,UNKNOWN,,,reports_pairwise
2026-05-08,ICICIGI,68.9,82.2,44.0,21.0,55.9,,70.9,,,1820.8,UNKNOWN,,,reports_pairwise
2026-05-08,BSE,76.5,75.0,73.9,43.0,99.0,,57.5,,,3918.0,UNKNOWN,,,reports_pairwise
2026-05-08,ITC,66.4,92.5,47.1,12.2,58.3,,59.0,,,307.5,UNKNOWN,,,reports_pairwise
2026-05-08,FEDERALBNK,71.0,81.3,51.5,7.6,76.8,,69.0,,,294.85,UNKNOWN,,,reports_pairwise
2026-05-08,HINDALCO,72.5,77.8,54.0,18.5,75.5,,68.5,,,1039.6,UNKNOWN,,,reports_pairwise
2026-05-08,ULTRACEMCO,68.8,62.3,51.3,3.5,69.3,,71.7,,,11903.0,UNKNOWN,,,reports_pairwise
2026-05-08,GICRE,69.1,73.7,45.3,20.6,72.5,,70.8,,,397.15,UNKNOWN,,,reports_pairwise
2026-05-08,LICHSGFIN,70.5,48.6,66.6,44.1,88.1,,68.1,,,579.85,UNKNOWN,,,reports_pairwise
2026-05-08,IRCTC,67.8,87.4,56.1,3.5,69.2,,55.8,,,565.8,UNKNOWN,,,reports_pairwise
2026-05-08,HEROMOTOCO,73.0,92.6,49.5,60.3,69.6,,62.3,,,5315.5,UNKNOWN,,,reports_pairwise
2026-05-08,TATACONSUM,66.8,54.4,63.4,18.2,69.5,,77.3,,,1175.6,UNKNOWN,,,reports_pairwise
2026-05-08,ABB,71.4,72.2,45.3,23.8,77.8,,66.3,,,7020.0,UNKNOWN,,,reports_pairwise
2026-05-08,HDFCAMC,75.2,81.6,70.6,12.1,78.3,,66.8,,,2862.2,UNKNOWN,,,reports_pairwise
2026-05-08,HDFCBANK,64.9,83.7,39.4,12.9,63.0,,64.5,,,779.75,UNKNOWN,,,reports_pairwise
2026-05-08,YESBANK,74.1,71.9,75.2,55.4,82.2,,65.2,,,22.37,UNKNOWN,,,reports_pairwise
2026-05-08,ONGC,66.7,71.1,32.8,7.5,62.2,,74.3,,,279.2,UNKNOWN,,,reports_pairwise
2026-05-08,SOLARINDS,74.5,72.3,73.4,14.5,85.5,,61.2,,,16015.0,UNKNOWN,,,reports_pairwise
2026-05-08,POWERGRID,65.2,68.1,39.7,7.5,70.0,,77.9,,,313.5,UNKNOWN,,,reports_pairwise
2026-05-08,HINDZINC,74.0,85.4,74.9,17.8,89.4,,52.1,,,635.5,UNKNOWN,,,reports_pairwise
2026-05-08,M&M,71.1,71.3,60.4,14.6,75.0,,65.0,,,3338.9,UNKNOWN,,,reports_pairwise
2026-05-08,BHARATFORG,73.0,47.3,72.5,60.5,94.7,,70.1,,,1994.5,UNKNOWN,,,reports_pairwise
2026-05-08,BIOCON,69.7,44.6,70.4,22.4,84.4,,68.7,,,383.5,UNKNOWN,,,reports_pairwise
2026-05-08,BHARTIARTL,63.3,65.6,39.4,4.8,59.3,,71.7,,,1836.4,UNKNOWN,,,reports_pairwise
2026-05-08,SIEMENS,72.4,61.8,68.5,16.0,82.9,,69.4,,,3807.0,UNKNOWN,,,reports_pairwise
2026-05-08,INDHOTEL,68.9,65.8,58.5,15.6,70.3,,62.6,,,669.5,UNKNOWN,,,reports_pairwise
2026-05-08,MFSL,67.9,52.1,56.0,15.4,90.9,,67.4,,,1693.3,UNKNOWN,,,reports_pairwise
2026-05-08,KOTAKBANK,65.0,78.2,46.6,12.3,58.0,,68.3,,,377.3,UNKNOWN,,,reports_pairwise
2026-05-08,SBILIFE,63.6,63.7,35.9,15.0,71.3,,73.5,,,1875.3,UNKNOWN,,,reports_pairwise
2026-05-08,CONCOR,68.0,71.6,68.2,8.3,88.2,,61.6,,,533.85,UNKNOWN,,,reports_pairwise
2026-05-08,EXIDEIND,68.4,61.7,71.8,38.4,79.8,,61.8,,,363.9,UNKNOWN,,,reports_pairwise
2026-05-08,TVSMOTOR,68.3,50.0,45.1,11.2,77.4,,71.6,,,3712.9,UNKNOWN,,,reports_pairwise
2026-05-08,MARUTI,66.2,81.9,52.7,8.0,69.0,,62.2,,,13717.0,UNKNOWN,,,reports_pairwise
2026-05-08,JSWSTEEL,67.1,42.2,51.0,5.1,70.8,,74.2,,,1272.0,UNKNOWN,,,reports_pairwise
2026-05-08,PIIND,66.9,78.4,58.0,10.2,65.6,,55.2,,,3090.0,UNKNOWN,,,reports_pairwise
2026-05-08,CENTRALBK,69.4,74.2,61.3,12.6,78.5,,66.1,,,36.56,UNKNOWN,,,reports_pairwise
2026-05-08,VBL,71.3,63.4,71.2,0.0,76.3,,67.4,,,508.1,UNKNOWN,,,reports_pairwise
2026-05-08,INDUSINDBK,70.2,50.3,75.1,2.6,85.5,,70.1,,,947.65,UNKNOWN,,,reports_pairwise
2026-05-08,PFC,69.9,57.6,48.1,9.8,81.4,,67.2,,,461.9,UNKNOWN,,,reports_pairwise
2026-05-08,TATAPOWER,64.2,47.6,55.8,3.5,77.0,,75.2,,,436.45,UNKNOWN,,,reports_pairwise
2026-05-08,TATASTEEL,69.1,54.7,55.4,15.0,75.7,,69.7,,,215.09,UNKNOWN,,,reports_pairwise
2026-05-08,HAVELLS,65.1,71.1,38.6,7.3,68.4,,62.3,,,1262.6,UNKNOWN,,,reports_pairwise
2026-05-08,LT,66.5,63.2,40.9,23.0,63.4,,68.2,,,3964.5,UNKNOWN,,,reports_pairwise
2026-05-08,BOSCHLTD,70.0,72.7,57.5,16.0,89.0,,62.7,,,38385.0,UNKNOWN,,,reports_pairwise
2026-05-08,OFSS,71.6,90.5,73.1,6.5,84.6,,62.9,,,9328.0,UNKNOWN,,,reports_pairwise
2026-05-08,PAGEIND,64.8,68.6,41.2,8.0,83.1,,57.3,,,36940.0,UNKNOWN,,,reports_pairwise
2026-05-08,BRITANNIA,62.8,65.3,37.3,25.6,37.9,,72.0,,,5526.5,UNKNOWN,,,reports_pairwise
2026-05-08,PETRONET,69.5,84.1,61.1,10.8,57.9,,63.4,,,284.2,UNKNOWN,,,reports_pairwise
2026-05-08,PHOENIXLTD,68.5,53.3,58.3,1.4,86.4,,67.6,,,1826.8,UNKNOWN,,,reports_pairwise
2026-05-08,BANDHANBNK,71.2,70.2,75.2,0.0,98.5,,58.0,,,205.85,UNKNOWN,,,reports_pairwise
2026-05-08,LICI,65.6,93.4,35.5,12.7,61.3,,63.2,,,802.2,UNKNOWN,,,reports_pairwise
2026-05-08,SHREECEM,62.7,48.5,53.1,44.6,67.9,,57.5,,,25360.0,UNKNOWN,,,reports_pairwise
2026-05-08,SRF,68.7,62.0,75.2,37.0,81.0,,61.4,,,2785.2,UNKNOWN,,,reports_pairwise
2026-05-08,TITAN,62.6,50.0,28.5,18.6,60.9,,76.6,,,4279.5,UNKNOWN,,,reports_pairwise
2026-05-08,ABCAPITAL,70.4,74.1,66.5,15.4,80.2,,64.0,,,362.7,UNKNOWN,,,reports_pairwise
2026-05-08,ADANIENT,70.4,77.2,74.0,3.1,81.8,,58.3,,,2512.4,UNKNOWN,,,reports_pairwise
2026-05-08,AUBANK,69.2,79.4,62.2,18.3,88.4,,64.6,,,1047.9,UNKNOWN,,,reports_pairwise
2026-05-08,CHOLAFIN,70.4,61.9,69.3,10.0,79.7,,62.8,,,1682.8,UNKNOWN,,,reports_pairwise
2026-05-08,GLENMARK,70.2,58.3,63.8,20.3,81.7,,69.0,,,2372.5,UNKNOWN,,,reports_pairwise
2026-05-08,BHEL,70.3,51.1,75.2,15.0,99.6,,61.2,,,403.55,UNKNOWN,,,reports_pairwise
2026-05-08,SAIL,70.2,62.4,70.7,3.4,85.6,,63.8,,,186.07,UNKNOWN,,,reports_pairwise
2026-05-08,TORNTPOWER,69.4,76.5,71.2,0.9,85.6,,65.3,,,1730.9,UNKNOWN,,,reports_pairwise
2026-05-08,HUDCO,69.4,58.3,74.3,12.1,91.6,,54.4,,,231.43,UNKNOWN,,,reports_pairwise
2026-05-08,ADANIPOWER,68.8,78.3,72.1,11.0,86.1,,58.5,,,226.59,UNKNOWN,,,reports_pairwise
2026-05-08,MOTHERSON,68.9,60.8,71.1,43.4,90.7,,60.1,,,132.35,UNKNOWN,,,reports_pairwise
2026-05-08,UNITDSPR,62.9,68.4,40.1,41.4,50.9,,62.5,,,1279.9,UNKNOWN,-2.531447769356988,,reports_pairwise
2026-05-08,ACC,61.1,80.4,39.2,21.8,57.5,,56.2,,,1398.4,UNKNOWN,,,reports_pairwise
2026-05-08,TMPV,68.6,78.8,52.5,7.5,79.0,,55.8,,,355.7,UNKNOWN,-5.299407898927288,,reports_pairwise
2026-05-08,GMRAIRPORT,68.3,65.7,63.6,15.7,79.7,,64.4,,,101.62,UNKNOWN,,,reports_pairwise
2026-05-08,OBEROIRLTY,65.2,78.3,43.3,4.2,77.1,,62.8,,,1695.6,UNKNOWN,,,reports_pairwise
2026-05-08,PATANJALI,61.8,71.6,46.6,11.0,74.2,,57.7,,,461.65,UNKNOWN,,,reports_pairwise
2026-05-08,BAJAJFINSV,61.4,56.5,45.9,2.9,57.9,,65.7,,,1806.0,UNKNOWN,,,reports_pairwise
2026-05-08,SUZLON,68.1,95.4,67.8,10.6,80.6,,45.4,,,55.2,UNKNOWN,,,reports_pairwise
2026-05-08,MOTILALOFS,67.7,57.8,75.6,16.1,92.5,,47.1,,,881.75,UNKNOWN,,,reports_pairwise
2026-05-08,TATATECH,64.2,66.3,71.9,0.0,81.9,,55.6,,,632.25,UNKNOWN,-2.5859985110221433,,reports_pairwise
2026-05-08,JINDALSTEL,66.3,60.5,41.9,15.7,80.6,,69.0,,,1242.3,UNKNOWN,,,reports_pairwise
2026-05-08,BEL,63.6,75.0,35.3,10.1,55.7,,70.7,,,438.5,UNKNOWN,,,reports_pairwise
2026-05-08,GAIL,62.1,83.5,65.5,0.6,67.9,,61.7,,,166.19,UNKNOWN,,,reports_pairwise
2026-05-08,IOC,61.9,57.5,47.4,15.2,70.1,,56.0,,,144.54,UNKNOWN,,,reports_pairwise
2026-05-08,APLAPOLLO,64.1,77.8,29.7,23.7,57.9,,64.0,,,1953.3,UNKNOWN,,,reports_pairwise
2026-05-08,IGL,63.9,85.7,53.3,35.3,68.0,,53.8,,,165.99,UNKNOWN,,,reports_pairwise
2026-05-08,LTF,66.5,55.7,69.5,8.0,85.0,,60.8,,,302.55,UNKNOWN,,,reports_pairwise
2026-05-08,NYKAA,65.1,37.9,60.1,29.9,85.0,,70.3,,,272.0,UNKNOWN,,,reports_pairwise
2026-05-08,BAJFINANCE,65.0,58.9,61.8,5.7,58.0,,62.6,,,954.0,UNKNOWN,,,reports_pairwise
2026-05-08,MAXHEALTH,61.8,56.0,56.8,9.7,55.1,,59.6,,,1015.8,UNKNOWN,,,reports_pairwise
2026-05-08,MUTHOOTFIN,65.8,71.7,47.8,20.2,69.6,,55.9,,,3524.0,UNKNOWN,,,reports_pairwise
2026-05-08,AXISBANK,60.3,86.6,28.0,4.6,50.6,,70.4,,,1269.1,UNKNOWN,,,reports_pairwise
2026-05-08,AMBUJACEM,61.6,80.4,43.6,20.0,61.8,,54.2,,,445.25,UNKNOWN,,,reports_pairwise
2026-05-08,IOB,64.2,86.8,43.7,5.3,64.1,,53.7,,,34.75,UNKNOWN,,,reports_pairwise
2026-05-08,TECHM,60.8,84.8,42.7,2.8,61.1,,61.7,,,1463.6,UNKNOWN,,,reports_pairwise
2026-05-08,UCOBANK,63.4,77.0,61.9,22.1,72.5,,51.9,,,26.9,UNKNOWN,,,reports_pairwise
2026-05-08,SONACOMS,65.2,56.7,56.3,5.8,76.7,,65.4,,,581.4,UNKNOWN,,,reports_pairwise
2026-05-08,DMART,60.5,61.3,33.3,3.9,76.6,,67.9,,,4417.0,UNKNOWN,,,reports_pairwise
2026-05-08,IRB,61.0,66.8,39.8,11.9,59.4,,61.0,,,21.47,UNKNOWN,,,reports_pairwise
2026-05-08,LODHA,64.8,76.9,75.8,5.9,84.5,,40.4,,,967.6,UNKNOWN,,,reports_pairwise
2026-05-08,IDEA,64.6,80.0,75.2,14.2,88.8,,45.4,,,11.26,UNKNOWN,,,reports_pairwise
2026-05-08,POLICYBZR,64.6,57.9,61.2,56.7,66.8,,56.9,,,1640.3,UNKNOWN,,,reports_pairwise
2026-05-08,JSWENERGY,63.9,38.4,69.3,9.2,82.9,,69.5,,,565.3,UNKNOWN,,,reports_pairwise
2026-05-08,TIINDIA,64.5,55.6,65.3,21.0,81.6,,58.7,,,3050.0,UNKNOWN,,,reports_pairwise
2026-05-08,RECLTD,61.8,57.5,37.6,8.9,71.4,,62.6,,,359.05,UNKNOWN,,,reports_pairwise
2026-05-08,BPCL,62.0,68.9,41.7,15.3,72.2,,51.1,,,302.0,UNKNOWN,,,reports_pairwise
2026-05-08,DLF,62.1,73.3,61.3,10.9,70.1,,49.5,,,609.95,UNKNOWN,,,reports_pairwise
2026-05-08,INDUSTOWER,60.2,84.8,29.0,12.4,50.6,,62.5,,,398.9,UNKNOWN,,,reports_pairwise
2026-05-08,M&MFIN,62.8,55.9,74.6,1.1,77.1,,53.2,,,337.0,UNKNOWN,,,reports_pairwise
2026-05-08,NATIONALUM,62.7,95.8,29.7,11.1,67.1,,52.4,,,400.5,UNKNOWN,,,reports_pairwise
2026-05-08,SUPREMEIND,60.5,65.2,37.4,5.3,64.1,,57.3,,,3658.4,UNKNOWN,,,reports_pairwise
2026-05-08,BANKBARODA,59.0,77.5,32.6,16.6,58.4,,62.9,,,267.35,UNKNOWN,,,reports_pairwise
2026-05-08,PRESTIGE,62.4,39.9,73.5,17.9,85.1,,55.9,,,1504.7,UNKNOWN,,,reports_pairwise
2026-05-08,BAJAJHLDNG,62.0,85.2,64.5,22.5,70.6,,43.2,,,10718.0,UNKNOWN,,,reports_pairwise
2026-05-08,SHRIRAMFIN,62.0,59.0,42.9,7.5,64.4,,59.3,,,1006.65,UNKNOWN,,,reports_pairwise
2026-05-08,TRENT,62.0,69.0,55.4,13.1,74.3,,44.8,,,4232.8,UNKNOWN,,,reports_pairwise
2026-05-08,ADANIGREEN,61.6,56.9,74.1,10.0,99.2,,50.5,,,1362.6,UNKNOWN,,,reports_pairwise
2026-05-08,MRF,57.3,80.4,31.6,16.6,62.6,,56.7,,,130475.0,UNKNOWN,,,reports_pairwise
2026-05-08,CANBK,59.8,81.3,30.8,15.1,53.7,,60.9,,,134.71,UNKNOWN,,,reports_pairwise
2026-05-08,COFORGE,61.1,81.5,63.5,43.9,83.3,,42.9,,,1363.4,UNKNOWN,,,reports_pairwise
2026-05-08,MAZDOCK,61.0,82.1,55.2,2.3,74.9,,37.3,,,2660.7,UNKNOWN,,,reports_pairwise
2026-05-08,TATACOMM,61.0,53.2,64.5,15.0,68.9,,54.9,,,1595.5,UNKNOWN,,,reports_pairwise
2026-05-08,ASTRAL,60.5,60.2,44.3,33.3,61.0,,64.9,,,1575.5,UNKNOWN,,,reports_pairwise
2026-05-08,OIL,60.3,75.4,29.8,12.4,55.6,,63.5,,,453.9,UNKNOWN,,,reports_pairwise
2026-05-08,HYUNDAI,60.6,94.5,46.5,7.5,76.2,,39.3,,,1841.3,UNKNOWN,,,reports_pairwise
2026-05-08,IDFCFIRSTB,60.5,62.5,65.9,8.8,72.5,,50.1,,,70.83,UNKNOWN,,,reports_pairwise
2026-05-08,GODREJCP,55.8,59.3,31.3,53.1,43.7,,62.9,,,1044.4,UNKNOWN,,,reports_pairwise
2026-05-08,ESCORTS,60.2,78.8,40.4,64.9,59.9,,52.3,,,3173.5,UNKNOWN,,,reports_pairwise
2026-05-08,ASHOKLEY,59.9,79.5,36.6,14.4,63.2,,53.0,,,167.62,UNKNOWN,,,reports_pairwise
2026-05-08,ADANIENSOL,59.8,58.3,69.3,4.6,83.1,,55.2,,,1360.3,UNKNOWN,-5.586999277503121,,reports_pairwise
2026-05-08,PREMIERENE,59.9,76.3,52.7,5.1,74.2,,49.0,,,1016.0,UNKNOWN,,,reports_pairwise
2026-05-08,GODREJPROP,59.7,60.8,65.2,6.9,79.4,,48.0,,,1876.9,UNKNOWN,,,reports_pairwise
2026-05-08,PNB,57.5,77.1,33.2,30.9,52.5,,59.2,,,107.88,UNKNOWN,,,reports_pairwise
2026-05-08,IREDA,59.6,54.6,57.7,8.0,71.5,,43.0,,,134.16,UNKNOWN,,,reports_pairwise
2026-05-08,NHPC,55.2,40.1,44.0,7.5,62.9,,68.7,,,81.17,UNKNOWN,,,reports_pairwise
2026-05-08,HINDPETRO,59.4,56.0,60.9,21.8,66.6,,45.1,,,386.45,UNKNOWN,,,reports_pairwise
2026-05-08,PAYTM,59.4,52.4,64.0,30.7,80.6,,56.5,,,1202.7,UNKNOWN,,,reports_pairwise
2026-05-08,BDL,59.3,61.4,65.7,17.8,88.8,,39.6,,,1444.5,UNKNOWN,,,reports_pairwise
2026-05-08,BHARTIHEXA,58.0,65.1,35.8,0.2,64.1,,54.8,,,1498.4,UNKNOWN,,,reports_pairwise
2026-05-08,TCS,53.3,93.0,23.3,12.3,55.1,,54.2,,,2384.0,UNKNOWN,,,reports_pairwise
2026-05-08,WIPRO,54.1,84.1,31.8,17.0,54.8,,57.8,,,197.67,UNKNOWN,,,reports_pairwise
2026-05-08,BAJAJHFL,52.4,54.1,40.9,9.5,57.4,,48.8,,,87.34,UNKNOWN,,,reports_pairwise
2026-05-08,COCHINSHIP,58.1,58.7,74.2,20.1,82.4,,35.7,,,1782.9,UNKNOWN,,,reports_pairwise
2026-05-08,APOLLOTYRE,54.9,66.4,25.3,28.4,65.0,,58.7,,,410.85,UNKNOWN,,,reports_pairwise
2026-05-08,JIOFIN,55.7,48.5,50.5,7.0,58.3,,53.0,,,249.17,UNKNOWN,-7.50491583228192,,reports_pairwise
2026-05-08,UPL,57.3,53.7,41.8,12.0,64.9,,54.9,,,644.75,UNKNOWN,,,reports_pairwise
2026-05-08,IRFC,57.0,54.2,62.1,8.0,61.4,,49.6,,,105.95,UNKNOWN,,,reports_pairwise
2026-05-08,LTM,57.0,90.1,27.8,5.2,74.3,,55.2,,,4353.0,UNKNOWN,-4.805885488456237,,reports_pairwise
2026-05-08,INFY,54.0,96.2,21.2,8.6,66.1,,52.6,,,1175.9,UNKNOWN,,,reports_pairwise
2026-05-08,VMM,56.3,53.4,63.7,2.5,69.7,,48.4,,,124.05,UNKNOWN,,,reports_pairwise
2026-05-08,HCLTECH,52.6,88.9,20.7,7.5,68.1,,53.0,,,1198.6,UNKNOWN,,,reports_pairwise
2026-05-08,PERSISTENT,55.1,79.7,31.5,11.5,69.1,,54.3,,,5130.0,UNKNOWN,,,reports_pairwise
2026-05-08,INDIANB,54.8,84.2,21.9,5.0,47.2,,56.0,,,853.2,UNKNOWN,,,reports_pairwise
2026-05-08,JUBLFOOD,53.7,55.4,63.1,8.4,59.3,,47.6,,,474.25,UNKNOWN,,,reports_pairwise
2026-05-08,VOLTAS,54.2,55.4,35.9,7.5,61.2,,61.4,,,1328.6,UNKNOWN,,,reports_pairwise
2026-05-08,INDIGO,54.5,50.0,40.0,13.9,56.9,,48.2,,,4534.4,UNKNOWN,,,reports_pairwise
2026-05-08,SBICARD,51.5,56.2,30.1,17.5,70.5,,48.4,,,645.0,UNKNOWN,,,reports_pairwise
2026-05-08,NTPCGREEN,53.8,32.9,50.0,2.3,78.3,,57.5,,,107.96,UNKNOWN,,,reports_pairwise
2026-05-08,RVNL,53.3,53.1,65.5,20.2,61.7,,35.3,,,304.7,UNKNOWN,,,reports_pairwise
2026-05-08,ETERNAL,52.8,48.7,52.6,0.0,59.3,,44.5,,,255.36,UNKNOWN,-6.022871347298304,,reports_pairwise
2026-05-08,ATGL,52.6,55.7,65.4,0.0,72.8,,41.0,,,636.2,UNKNOWN,,,reports_pairwise
2026-05-08,WAAREEENER,52.6,89.3,32.9,1.9,77.1,,40.3,,,3243.0,UNKNOWN,,,reports_pairwise
2026-05-08,BANKINDIA,51.4,74.1,29.9,15.8,49.4,,52.8,,,139.85,UNKNOWN,,,reports_pairwise
2026-05-08,TATAELXSI,51.0,72.4,34.3,7.5,71.2,,45.9,,,4323.2,UNKNOWN,,,reports_pairwise
2026-05-08,UNIONBANK,51.2,79.4,19.7,5.2,42.9,,52.0,,,165.03,UNKNOWN,,,reports_pairwise
2026-05-08,DIXON,50.0,77.4,45.0,7.5,56.2,,37.6,,,11033.0,UNKNOWN,,,reports_pairwise
2026-05-08,KPITTECH,50.0,75.9,44.3,71.9,58.7,,28.8,,,727.95,UNKNOWN,,,reports_pairwise
2026-05-08,MPHASIS,48.7,83.3,24.2,4.7,44.7,,54.0,,,2220.1,UNKNOWN,,,reports_pairwise
2026-05-08,SJVN,50.0,29.0,61.3,3.7,70.3,,47.3,,,79.05,UNKNOWN,,,reports_pairwise
2026-05-08,SWIGGY,48.0,49.6,49.3,4.7,81.7,,32.2,,,281.3,UNKNOWN,,,reports_pairwise
2026-05-08,NAUKRI,45.9,54.4,30.8,13.1,59.3,,47.2,,,980.25,UNKNOWN,,,reports_pairwise
2026-05-08,KALYANKJIL,46.3,56.1,27.3,16.4,62.3,,40.8,,,410.15,UNKNOWN,,,reports_pairwise
2026-05-08,ABFRL,44.9,46.9,68.7,16.9,71.0,,12.0,,,66.55,UNKNOWN,,,reports_pairwise
2026-05-08,VEDL,43.1,83.5,19.2,22.7,69.4,,12.0,,,297.6,UNKNOWN,,,reports_pairwise
2026-05-08,OLAELEC,31.6,36.2,31.3,9.7,77.5,,6.4,,,36.05,UNKNOWN,,,reports_pairwise
2026-05-11,MARICO,80.4,72.9,69.6,15.0,76.9,,83.0,,,846.85,UNKNOWN,-1.9897266339965782,,reports_pairwise
2026-05-11,PIDILITIND,79.6,72.9,61.5,56.3,76.4,,74.6,,,1448.3,UNKNOWN,0.3245184008837979,,reports_pairwise
2026-05-11,NESTLEIND,79.5,73.6,72.9,9.8,77.1,,80.1,,,1485.4,UNKNOWN,-1.131010126165517,,reports_pairwise
2026-05-11,TORNTPHARM,78.5,69.4,67.1,18.1,80.1,,81.5,,,4528.6,UNKNOWN,-3.2394138951607636,,reports_pairwise
2026-05-11,SUNPHARMA,78.4,72.1,72.6,0.0,70.2,,80.6,,,1873.0,UNKNOWN,-1.4575573319874533,,reports_pairwise
2026-05-11,BAJAJ-AUTO,79.6,84.6,66.6,33.0,78.7,,75.1,,,10601.5,UNKNOWN,-1.9289723152384097,,reports_pairwise
2026-05-11,APOLLOHOSP,76.1,54.9,64.9,19.3,74.6,,79.9,,,8081.5,UNKNOWN,-0.7300624883994308,,reports_pairwise
2026-05-11,ALKEM,78.5,82.0,51.7,3.9,81.9,,75.9,,,5647.0,UNKNOWN,-2.665131928457588,,reports_pairwise
2026-05-11,ZYDUSLIFE,74.8,80.1,53.2,8.7,68.6,,73.0,,,944.2,UNKNOWN,-1.4350747284407483,,reports_pairwise
2026-05-11,COALINDIA,75.5,90.8,57.7,12.8,61.9,,76.6,,,463.4,UNKNOWN,-0.07553133513837447,,reports_pairwise
2026-05-11,LUPIN,74.3,86.9,38.2,37.2,53.9,,75.3,,,2266.2,UNKNOWN,-0.9178403343151451,,reports_pairwise
2026-05-11,ADANIPORTS,79.5,81.7,73.9,20.4,81.7,,73.3,,,1762.6,UNKNOWN,-4.221039874510661,,reports_pairwise
2026-05-11,CIPLA,71.2,89.0,63.5,17.0,53.8,,65.4,,,1313.7,UNKNOWN,-1.628983114247929,,reports_pairwise
2026-05-11,DABUR,73.9,69.0,68.6,62.3,77.8,,66.0,,,477.95,UNKNOWN,-0.9833664609268729,,reports_pairwise
2026-05-11,AUROPHARMA,76.7,77.6,68.0,15.0,80.6,,74.4,,,1489.4,UNKNOWN,-0.08057263516349475,,reports_pairwise
2026-05-11,ASIANPAINT,73.7,66.0,62.3,21.9,73.5,,66.7,,,2580.8,UNKNOWN,-2.917699938003727,,reports_pairwise
2026-05-11,POLYCAB,78.4,74.4,75.2,41.8,80.4,,70.0,,,9052.5,UNKNOWN,-0.3424468378900856,,reports_pairwise
2026-05-11,ICICIGI,71.2,81.9,51.3,17.5,69.2,,71.6,,,1840.8,UNKNOWN,-3.1508013457124595,,reports_pairwise
2026-05-11,DRREDDY,71.9,80.5,56.0,10.5,56.2,,74.3,,,1293.0,UNKNOWN,-1.7788089713843775,,reports_pairwise
2026-05-11,TATACONSUM,70.5,54.9,73.1,72.6,73.5,,78.5,,,1255.7,UNKNOWN,-0.21501951102970815,,reports_pairwise
2026-05-11,CUMMINSIND,74.1,74.9,51.7,31.8,65.7,,72.9,,,5225.5,UNKNOWN,-1.2534685676011865,,reports_pairwise
2026-05-11,DIVISLAB,71.5,64.5,71.5,5.0,65.9,,74.7,,,6739.5,UNKNOWN,-1.4170190666963425,,reports_pairwise
2026-05-11,NTPC,67.2,66.5,47.2,7.9,70.7,,80.9,,,396.35,UNKNOWN,-0.9209001622224732,,reports_pairwise
2026-05-11,HAL,76.0,86.2,74.7,14.5,77.1,,65.7,,,4775.8,UNKNOWN,-4.256878428744926,,reports_pairwise
2026-05-11,ICICIBANK,66.7,86.8,28.9,19.9,58.7,,72.3,,,1271.3,UNKNOWN,-2.438444991101625,,reports_pairwise
2026-05-11,GRASIM,69.4,37.8,67.1,2.9,73.3,,79.1,,,2997.1,UNKNOWN,-3.1397017116545967,,reports_pairwise
2026-05-11,HINDUNILVR,68.2,71.8,47.5,6.5,65.0,,68.4,,,2279.2,UNKNOWN,-0.7546507546507467,,reports_pairwise
2026-05-11,RELIANCE,67.7,75.3,56.0,1.8,51.5,,72.0,,,1399.8,UNKNOWN,-2.5575082154593485,,reports_pairwise
2026-05-11,MAHABANK,77.1,88.4,68.4,16.7,80.2,,60.8,,,81.62,UNKNOWN,-3.9818638243297886,,reports_pairwise
2026-05-11,NMDC,73.5,91.8,42.9,15.0,63.7,,70.0,,,87.55,UNKNOWN,-1.0622470056173225,,reports_pairwise
2026-05-11,CGPOWER,76.3,69.3,73.9,38.2,82.5,,66.6,,,863.15,UNKNOWN,-3.4119200362589037,,reports_pairwise
2026-05-11,COLPAL,69.8,77.6,70.7,8.0,67.1,,60.8,,,2188.9,UNKNOWN,-2.9101397427075284,,reports_pairwise
2026-05-11,EICHERMOT,70.8,83.2,42.1,7.5,68.5,,68.1,,,7225.5,UNKNOWN,-1.377067330980555,,reports_pairwise
2026-05-11,IRCTC,67.3,87.7,49.1,2.2,70.8,,55.8,,,558.1,UNKNOWN,-4.3182225407633075,,reports_pairwise
2026-05-11,ITC,65.7,92.6,41.7,10.1,57.6,,59.1,,,306.9,UNKNOWN,-2.020198042674724,,reports_pairwise
2026-05-11,KOTAKBANK,67.0,77.7,51.0,5.8,73.1,,69.2,,,383.35,UNKNOWN,-1.9173079431329132,,reports_pairwise
2026-05-11,MANKIND,70.5,54.9,74.8,18.8,74.8,,67.9,,,2456.8,UNKNOWN,-3.170795248137829,,reports_pairwise
2026-05-11,HDFCLIFE,66.6,58.4,55.7,21.6,70.6,,61.9,,,623.15,UNKNOWN,-3.4261433374037114,,reports_pairwise
2026-05-11,ICICIPRULI,67.4,58.9,58.0,18.0,71.5,,64.3,,,566.5,UNKNOWN,-4.41306266548985,,reports_pairwise
2026-05-11,ULTRACEMCO,67.4,62.4,46.2,1.6,69.2,,71.8,,,11870.0,UNKNOWN,-2.9823083403538333,,reports_pairwise
2026-05-11,BIOCON,70.7,44.7,72.5,47.8,83.3,,69.8,,,392.35,UNKNOWN,2.5742353019067736,,reports_pairwise
2026-05-11,LICHSGFIN,68.9,48.9,70.6,18.1,75.2,,69.8,,,594.8,UNKNOWN,-4.564555411220151,,reports_pairwise
2026-05-11,BSE,74.4,75.0,73.6,42.6,82.7,,57.7,,,3911.6,UNKNOWN,-1.5262321724166559,,reports_pairwise
2026-05-11,FEDERALBNK,68.9,81.4,45.3,3.1,70.5,,68.9,,,293.4,UNKNOWN,-2.931156171448953,,reports_pairwise
2026-05-11,YESBANK,73.5,80.6,75.2,31.7,75.1,,66.3,,,22.82,UNKNOWN,-3.3304142596740465,,reports_pairwise
2026-05-11,SBILIFE,64.1,63.7,41.6,9.2,59.1,,74.0,,,1887.6,UNKNOWN,-2.84488109694519,,reports_pairwise
2026-05-11,MFSL,68.2,52.2,56.4,16.4,83.1,,67.5,,,1695.4,UNKNOWN,-2.45959943542085,,reports_pairwise
2026-05-11,SOLARINDS,73.9,72.3,73.5,13.7,80.0,,61.9,,,16204.0,UNKNOWN,-3.8200444334732166,,reports_pairwise
2026-05-11,INDHOTEL,67.6,65.9,52.5,13.7,66.3,,63.1,,,665.0,UNKNOWN,-4.601500088110902,,reports_pairwise
2026-05-11,HINDALCO,69.1,78.0,48.4,15.0,64.7,,68.2,,,1030.5,UNKNOWN,1.0577413308163512,,reports_pairwise
2026-05-11,HDFCAMC,72.2,82.8,51.5,11.0,69.5,,65.2,,,2763.2,UNKNOWN,-4.719164417048162,,reports_pairwise
2026-05-11,MARUTI,65.9,82.2,47.3,8.1,71.8,,61.8,,,13550.0,UNKNOWN,-2.7896678966789668,,reports_pairwise
2026-05-11,ONGC,64.5,71.1,34.3,1.1,53.2,,74.7,,,279.9,UNKNOWN,5.216148624508762,,reports_pairwise
2026-05-11,M&M,69.1,71.7,51.1,7.5,69.3,,64.2,,,3280.0,UNKNOWN,-3.1707317073170733,,reports_pairwise
2026-05-11,CONCOR,66.4,71.6,67.9,12.3,70.6,,62.2,,,533.5,UNKNOWN,-3.280224929709466,,reports_pairwise
2026-05-11,HINDZINC,72.0,85.5,73.5,15.0,77.2,,52.3,,,632.65,UNKNOWN,1.4621077079052434,,reports_pairwise
2026-05-11,LICI,66.3,93.3,34.2,11.4,71.5,,63.4,,,801.05,UNKNOWN,-2.5341738967604965,,reports_pairwise
2026-05-11,HEROMOTOCO,69.1,92.8,43.9,23.2,58.3,,62.0,,,5273.0,UNKNOWN,-3.6127441684050825,,reports_pairwise
2026-05-11,JSWSTEEL,66.1,42.2,48.4,6.0,69.9,,74.6,,,1270.8,UNKNOWN,-1.4557720468897508,,reports_pairwise
2026-05-11,SBIN,64.5,86.0,21.7,27.4,57.0,,65.1,,,977.6,UNKNOWN,-0.30687647443356414,,reports_pairwise
2026-05-11,BHARATFORG,70.6,48.7,67.0,58.7,78.7,,69.9,,,1982.7,UNKNOWN,-3.515408281636155,,reports_pairwise
2026-05-11,PETRONET,69.7,83.6,49.1,7.5,68.7,,62.1,,,277.4,UNKNOWN,-2.2530663675254514,,reports_pairwise
2026-05-11,BRITANNIA,62.4,70.5,30.6,31.9,50.0,,71.1,,,5420.0,UNKNOWN,-1.5867158671586716,,reports_pairwise
2026-05-11,POWERGRID,62.1,59.3,36.1,10.4,60.7,,77.5,,,310.55,UNKNOWN,-1.3685436184290005,,reports_pairwise
2026-05-11,GICRE,64.0,73.5,36.2,7.5,51.5,,70.6,,,392.05,UNKNOWN,-2.4614222939715944,,reports_pairwise
2026-05-11,PIIND,65.4,78.4,55.3,4.5,65.5,,55.2,,,3081.8,UNKNOWN,-2.732166342518988,,reports_pairwise
2026-05-11,VBL,69.6,63.4,67.6,0.0,59.1,,67.0,,,502.6,UNKNOWN,-2.835255450951929,,reports_pairwise
2026-05-11,CENTRALBK,67.3,73.9,49.9,9.7,69.4,,65.5,,,35.78,UNKNOWN,-3.4935752395280213,,reports_pairwise
2026-05-11,TATASTEEL,67.3,55.0,49.0,11.1,72.5,,69.7,,,212.86,UNKNOWN,-0.40402142253124756,,reports_pairwise
2026-05-11,TVSMOTOR,65.9,50.0,38.6,7.8,67.8,,71.0,,,3658.0,UNKNOWN,-2.6517222525970476,,reports_pairwise
2026-05-11,SHREECEM,61.9,50.8,49.7,30.4,69.7,,57.5,,,25225.0,UNKNOWN,-1.4469772051536176,,reports_pairwise
2026-05-11,HDFCBANK,60.1,84.0,30.1,24.3,49.9,,64.2,,,770.0,UNKNOWN,-2.5389594536323052,,reports_pairwise
2026-05-11,TITAN,62.9,50.0,25.7,68.4,60.7,,74.0,,,4217.3,UNKNOWN,-3.8413191182006297,,reports_pairwise
2026-05-11,TATAPOWER,61.3,47.9,48.9,6.8,63.5,,75.2,,,432.2,UNKNOWN,-3.1929676315399385,,reports_pairwise
2026-05-11,AUBANK,68.0,79.7,49.0,11.9,73.8,,63.7,,,1030.8,UNKNOWN,-3.0267776885974444,,reports_pairwise
2026-05-11,TORNTPOWER,67.8,76.9,65.9,0.0,67.1,,64.7,,,1691.6,UNKNOWN,-5.556870679478743,,reports_pairwise
2026-05-11,INDUSINDBK,67.4,50.2,69.9,5.2,71.0,,68.5,,,922.0,UNKNOWN,-3.161607854019794,,reports_pairwise
2026-05-11,BAJAJFINSV,61.9,56.5,41.9,2.3,70.8,,66.0,,,1804.6,UNKNOWN,-3.313751034682196,,reports_pairwise
2026-05-11,OFSS,69.0,90.6,72.0,7.8,65.4,,63.7,,,9269.5,UNKNOWN,-2.794109714655591,,reports_pairwise
2026-05-11,BHARTIARTL,59.3,66.7,26.6,16.8,51.7,,69.3,,,1764.8,UNKNOWN,-0.45330639006544393,,reports_pairwise
2026-05-11,PHOENIXLTD,65.7,53.3,59.7,0.0,72.6,,67.6,,,1822.4,UNKNOWN,-5.015364354697108,,reports_pairwise
2026-05-11,UNITDSPR,62.6,68.4,37.9,15.0,57.5,,62.3,,,1273.4,UNKNOWN,-2.033924925396583,,reports_pairwise
2026-05-11,ADANIENT,68.2,77.4,73.4,0.0,70.4,,58.6,,,2492.6,UNKNOWN,-3.5063808404126178,,reports_pairwise
2026-05-11,HUDCO,68.2,58.4,74.0,17.2,76.7,,55.0,,,231.0,UNKNOWN,-5.225111395765693,,reports_pairwise
2026-05-11,ABCAPITAL,68.2,74.4,56.3,4.0,71.8,,63.5,,,356.85,UNKNOWN,-4.385592768101098,,reports_pairwise
2026-05-11,AXISBANK,62.2,86.5,26.0,5.1,73.6,,71.1,,,1277.1,UNKNOWN,-1.3311427777043623,,reports_pairwise
2026-05-11,BANDHANBNK,68.2,70.4,74.9,0.0,78.1,,57.3,,,202.58,UNKNOWN,-3.2135416505979184,,reports_pairwise
2026-05-11,SRF,66.1,62.1,72.1,5.0,73.6,,61.4,,,2784.0,UNKNOWN,-2.255748880320582,,reports_pairwise
2026-05-11,BEL,64.3,75.0,33.1,10.9,68.1,,70.2,,,434.05,UNKNOWN,-4.043312982375305,,reports_pairwise
2026-05-11,MAXHEALTH,63.3,56.0,60.7,13.1,71.2,,60.4,,,1031.85,UNKNOWN,-1.3713221682384706,,reports_pairwise
2026-05-11,BHEL,67.4,51.1,75.2,15.0,82.8,,61.1,,,398.4,UNKNOWN,-1.6691767068273036,,reports_pairwise
2026-05-11,CHOLAFIN,67.3,62.6,55.5,3.8,64.8,,61.4,,,1633.4,UNKNOWN,-4.432472143994128,,reports_pairwise
2026-05-11,SAIL,67.0,62.7,65.4,9.7,68.6,,63.9,,,183.48,UNKNOWN,-4.027688937273472,,reports_pairwise
2026-05-11,BAJFINANCE,65.2,59.0,52.1,3.9,65.0,,62.7,,,950.35,UNKNOWN,-4.856104360811151,,reports_pairwise
2026-05-11,HAVELLS,60.4,71.8,29.9,8.0,60.5,,61.6,,,1241.0,UNKNOWN,-4.037064914257655,,reports_pairwise
2026-05-11,MOTHERSON,66.7,61.2,61.0,17.3,76.8,,59.6,,,130.55,UNKNOWN,-4.818075728662997,,reports_pairwise
2026-05-11,PFC,64.0,57.4,38.6,10.7,62.4,,66.5,,,450.35,UNKNOWN,-2.1427751288928105,,reports_pairwise
2026-05-11,TECHM,61.7,84.7,45.8,5.5,62.7,,62.2,,,1466.3,UNKNOWN,-5.005795238759971,,reports_pairwise
2026-05-11,BOSCHLTD,65.1,73.5,45.7,11.5,68.2,,61.2,,,37280.0,UNKNOWN,-2.065450643776824,,reports_pairwise
2026-05-11,GLENMARK,66.3,58.2,60.1,10.4,63.8,,68.1,,,2333.2,UNKNOWN,-3.2616107639186454,,reports_pairwise
2026-05-11,PAGEIND,60.1,68.6,37.1,9.0,59.8,,57.1,,,36645.0,UNKNOWN,-4.257060990585345,,reports_pairwise
2026-05-11,SIEMENS,65.8,61.8,46.8,30.5,65.2,,66.1,,,3617.9,UNKNOWN,-1.2023576565479999,,reports_pairwise
2026-05-11,EXIDEIND,62.1,62.6,63.0,20.8,60.5,,55.9,,,355.5,UNKNOWN,-2.587907793820323,,reports_pairwise
2026-05-11,GMRAIRPORT,66.0,65.7,53.3,15.6,65.4,,62.8,,,98.36,UNKNOWN,-3.7311890591640395,,reports_pairwise
2026-05-11,IRB,61.4,66.8,36.5,12.3,61.7,,61.7,,,21.5,UNKNOWN,-3.162792117096657,,reports_pairwise
2026-05-11,LT,60.7,63.4,33.7,5.1,50.7,,67.9,,,3921.5,UNKNOWN,-1.6575290067576183,,reports_pairwise
2026-05-11,TMPV,65.7,79.5,47.0,2.0,69.6,,54.6,,,347.3,UNKNOWN,-3.008924243157036,,reports_pairwise
2026-05-11,APLAPOLLO,62.6,77.7,27.8,16.0,59.4,,63.8,,,1938.7,UNKNOWN,-2.96590750647986,,reports_pairwise
2026-05-11,NYKAA,63.7,37.8,52.3,13.8,70.1,,69.7,,,269.05,UNKNOWN,-3.122098533178084,,reports_pairwise
2026-05-11,ADANIPOWER,65.3,78.9,70.7,7.5,67.5,,57.6,,,221.71,UNKNOWN,-5.448556725987781,,reports_pairwise
2026-05-11,GAIL,60.3,83.2,56.1,2.2,55.9,,60.9,,,163.16,UNKNOWN,-1.7222321013020174,,reports_pairwise
2026-05-11,IDEA,65.2,80.0,75.2,28.4,83.4,,49.9,,,12.33,UNKNOWN,-3.568529251234762,,reports_pairwise
2026-05-11,SUZLON,65.1,95.8,61.3,11.0,59.9,,45.0,,,53.77,UNKNOWN,-4.184488640945381,,reports_pairwise
2026-05-11,JINDALSTEL,63.4,60.6,38.1,3.8,70.4,,69.2,,,1238.1,UNKNOWN,-1.9222963550500696,,reports_pairwise
2026-05-11,LTF,64.8,56.0,60.9,4.1,71.4,,60.4,,,298.5,UNKNOWN,-5.97990154221629,,reports_pairwise
2026-05-11,MOTILALOFS,64.5,58.0,70.3,3.4,78.1,,47.2,,,870.4,UNKNOWN,-3.297333156361297,,reports_pairwise
2026-05-11,TATATECH,60.9,58.7,74.5,0.0,76.2,,56.5,,,639.3,UNKNOWN,-3.660249583284445,,reports_pairwise
2026-05-11,OBEROIRLTY,61.2,82.2,38.3,9.9,56.1,,62.2,,,1664.1,UNKNOWN,-2.247464024284893,,reports_pairwise
2026-05-11,SONACOMS,64.3,55.9,52.9,8.4,79.0,,60.7,,,593.1,UNKNOWN,-1.5174547992012346,,reports_pairwise
2026-05-11,INDUSTOWER,61.4,84.1,36.1,14.8,53.7,,64.2,,,412.0,UNKNOWN,-2.71844956481341,,reports_pairwise
2026-05-11,UCOBANK,61.7,76.6,50.3,18.2,65.4,,51.4,,,26.43,UNKNOWN,-3.5944020346714782,,reports_pairwise
2026-05-11,ABB,61.7,71.1,22.7,56.2,61.5,,59.9,,,6361.0,UNKNOWN,-0.510925955038516,,reports_pairwise
2026-05-11,POLICYBZR,63.5,58.0,58.1,59.4,58.8,,57.7,,,1653.2,UNKNOWN,-3.018385626171972,,reports_pairwise
2026-05-11,ACC,56.1,77.9,28.5,47.6,57.1,,49.1,,,1359.8,UNKNOWN,-0.9413148992498864,,reports_pairwise
2026-05-11,TIINDIA,63.1,55.6,59.6,19.1,72.1,,57.8,,,2994.2,UNKNOWN,-1.3425956849909766,,reports_pairwise
2026-05-11,MRF,58.4,80.5,27.6,34.4,65.1,,62.4,,,129390.0,UNKNOWN,-2.229693175670454,,reports_pairwise
2026-05-11,IOB,61.1,86.5,36.0,1.2,51.2,,53.8,,,34.37,UNKNOWN,-2.094845720457059,,reports_pairwise
2026-05-11,BANKBARODA,59.2,77.2,30.9,19.0,62.9,,62.9,,,266.85,UNKNOWN,-2.585717741416066,,reports_pairwise
2026-05-11,DMART,58.3,61.3,33.3,1.4,59.6,,67.8,,,4408.8,UNKNOWN,-1.7487707468585596,,reports_pairwise
2026-05-11,JSWENERGY,61.7,38.8,65.0,25.4,65.1,,69.0,,,557.9,UNKNOWN,-7.160779314029169,,reports_pairwise
2026-05-11,COFORGE,62.3,81.2,71.2,27.9,74.7,,44.3,,,1384.9,UNKNOWN,-4.657374220950075,,reports_pairwise
2026-05-11,SUPREMEIND,60.0,65.2,36.1,4.2,64.2,,57.2,,,3638.1,UNKNOWN,-2.858632317521506,,reports_pairwise
2026-05-11,HYUNDAI,61.8,93.8,55.6,22.6,66.5,,40.4,,,1900.0,UNKNOWN,-1.163156609786184,,reports_pairwise
2026-05-11,LODHA,61.9,77.5,73.4,4.9,70.9,,39.7,,,941.05,UNKNOWN,-6.556508624840599,,reports_pairwise
2026-05-11,PATANJALI,55.8,71.9,32.8,16.1,51.7,,57.1,,,454.35,UNKNOWN,-2.9272614079522996,,reports_pairwise
2026-05-11,BAJAJHLDNG,61.7,84.9,58.0,23.2,66.6,,49.3,,,10523.0,UNKNOWN,-4.048275206690107,,reports_pairwise
2026-05-11,GODREJCP,57.0,59.3,24.9,52.1,58.6,,61.7,,,1015.0,UNKNOWN,1.4975321351600985,,reports_pairwise
2026-05-11,M&MFIN,61.7,56.2,67.5,5.3,75.7,,52.5,,,330.9,UNKNOWN,-1.193710423985714,,reports_pairwise
2026-05-11,WIPRO,56.0,84.1,28.8,22.7,70.1,,58.5,,,197.62,UNKNOWN,-4.073470638488642,,reports_pairwise
2026-05-11,AMBUJACEM,57.7,80.7,34.5,15.4,57.4,,53.5,,,437.45,UNKNOWN,-2.4002715265673196,,reports_pairwise
2026-05-11,RECLTD,58.3,57.3,34.5,4.1,51.4,,62.7,,,354.1,UNKNOWN,-2.7534577510546168,,reports_pairwise
2026-05-11,DLF,59.0,74.0,49.5,9.7,67.7,,49.3,,,595.0,UNKNOWN,-4.336132402179622,,reports_pairwise
2026-05-11,OIL,60.5,75.6,33.9,3.5,55.3,,64.2,,,458.85,UNKNOWN,6.995752905531487,,reports_pairwise
2026-05-11,TCS,54.2,92.8,27.6,13.0,59.6,,55.1,,,2402.5,UNKNOWN,-4.2539001528355875,,reports_pairwise
2026-05-11,ASTRAL,59.5,60.2,40.2,31.2,52.5,,65.1,,,1574.6,UNKNOWN,-2.9848866006644488,,reports_pairwise
2026-05-11,NATIONALUM,60.1,95.5,25.4,6.1,59.6,,52.1,,,394.2,UNKNOWN,-0.03805484703988803,,reports_pairwise
2026-05-11,IDFCFIRSTB,59.9,62.9,57.4,7.9,67.6,,49.4,,,69.59,UNKNOWN,-2.7446467808941257,,reports_pairwise
2026-05-11,ADANIGREEN,59.7,56.2,73.9,9.5,82.8,,51.3,,,1381.4,UNKNOWN,-5.313450123063565,,reports_pairwise
2026-05-11,CANBK,58.0,81.2,28.0,14.3,42.4,,60.7,,,133.87,UNKNOWN,-2.8833984411474316,,reports_pairwise
2026-05-11,PAYTM,59.5,52.4,57.8,60.0,73.0,,56.0,,,1188.9,UNKNOWN,-2.885021819670501,,reports_pairwise
2026-05-11,TATACOMM,59.6,53.6,57.8,7.1,68.0,,54.5,,,1580.0,UNKNOWN,-2.5379731383504747,,reports_pairwise
2026-05-11,MUTHOOTFIN,59.4,72.2,33.1,15.6,55.5,,54.6,,,3441.6,UNKNOWN,-2.5627643438008456,,reports_pairwise
2026-05-11,PRESTIGE,59.2,39.8,67.0,18.7,72.5,,55.0,,,1463.8,UNKNOWN,-5.67017018526267,,reports_pairwise
2026-05-11,ESCORTS,58.5,87.1,23.1,68.3,60.4,,49.6,,,2953.1,UNKNOWN,0.25735502258220483,,reports_pairwise
2026-05-11,IGL,55.8,85.1,36.9,15.0,53.0,,52.7,,,161.79,UNKNOWN,-3.0780656662378654,,reports_pairwise
2026-05-11,INFY,54.5,95.9,23.5,9.1,63.9,,53.8,,,1181.7,UNKNOWN,-3.5034231337797275,,reports_pairwise
2026-05-11,LTM,58.4,90.0,27.5,9.0,86.1,,55.7,,,4367.5,UNKNOWN,-5.121927769032627,,reports_pairwise
2026-05-11,NHPC,53.3,40.1,39.8,10.5,51.8,,68.9,,,80.16,UNKNOWN,-4.22904610395907,,reports_pairwise
2026-05-11,TRENT,58.3,69.0,42.8,5.3,72.3,,44.7,,,4166.1,UNKNOWN,-2.772374699209101,,reports_pairwise
2026-05-11,UPL,58.3,53.3,48.4,13.1,65.1,,55.8,,,656.95,UNKNOWN,-4.688328729117519,,reports_pairwise
2026-05-11,IOC,53.7,57.3,36.0,10.9,48.2,,54.8,,,140.95,UNKNOWN,-2.3412600947255156,,reports_pairwise
2026-05-11,ADANIENSOL,58.0,58.9,64.3,10.4,65.3,,54.6,,,1328.4,UNKNOWN,-3.3197795221224844,,reports_pairwise
2026-05-11,PREMIERENE,57.8,76.5,49.4,4.7,63.5,,48.9,,,1009.1,UNKNOWN,-4.1918553371351965,,reports_pairwise
2026-05-11,SHRIRAMFIN,57.9,59.8,32.8,9.5,55.8,,58.4,,,980.15,UNKNOWN,-5.070651205730626,,reports_pairwise
2026-05-11,BAJAJHFL,51.3,54.3,33.8,8.0,65.8,,48.6,,,86.57,UNKNOWN,-3.1188601749081233,,reports_pairwise
2026-05-11,BPCL,56.2,68.7,34.5,10.6,48.8,,50.3,,,296.65,UNKNOWN,-2.966456732339239,,reports_pairwise
2026-05-11,IREDA,57.2,55.1,51.0,9.8,61.5,,42.8,,,131.42,UNKNOWN,-5.120984293557859,,reports_pairwise
2026-05-11,PNB,55.0,76.9,26.6,17.9,50.1,,58.4,,,105.7,UNKNOWN,-2.762536632642505,,reports_pairwise
2026-05-11,HCLTECH,53.2,88.9,21.4,5.9,66.4,,53.8,,,1200.5,UNKNOWN,-4.556430751509788,,reports_pairwise
2026-05-11,JIOFIN,54.4,48.5,49.4,9.1,52.1,,52.3,,,242.76,UNKNOWN,-5.062612777762756,,reports_pairwise
2026-05-11,PERSISTENT,56.2,79.8,32.7,7.9,77.6,,54.9,,,5102.6,UNKNOWN,-4.419313729152791,,reports_pairwise
2026-05-11,APOLLOTYRE,52.6,66.6,24.3,16.1,51.8,,58.3,,,406.15,UNKNOWN,-1.8219869506339965,,reports_pairwise
2026-05-11,BDL,55.6,61.3,54.1,18.6,70.3,,38.4,,,1402.7,UNKNOWN,-4.883442562780712,,reports_pairwise
2026-05-11,IRFC,54.9,54.9,48.1,6.0,56.1,,49.5,,,103.68,UNKNOWN,-4.166666077978824,,reports_pairwise
2026-05-11,GODREJPROP,55.0,61.6,49.8,7.0,59.4,,46.7,,,1802.4,UNKNOWN,-4.993340855855393,,reports_pairwise
2026-05-11,MAZDOCK,55.0,83.2,40.2,3.8,55.1,,35.6,,,2564.5,UNKNOWN,-4.706568577573601,,reports_pairwise
2026-05-11,VMM,54.7,53.3,49.8,5.4,62.4,,47.6,,,122.01,UNKNOWN,-1.934266432358904,,reports_pairwise
2026-05-11,INDIANB,54.5,84.0,21.3,5.0,45.9,,55.4,,,843.15,UNKNOWN,-2.579609273075666,,reports_pairwise
2026-05-11,HINDPETRO,54.4,55.7,49.5,13.3,52.4,,44.0,,,377.55,UNKNOWN,-2.0262233091022743,,reports_pairwise
2026-05-11,ASHOKLEY,54.1,80.0,25.8,11.3,43.7,,51.9,,,163.13,UNKNOWN,-4.401399529061367,,reports_pairwise
2026-05-11,JUBLFOOD,53.0,55.3,44.6,9.7,59.2,,46.8,,,462.5,UNKNOWN,-4.400001319679054,,reports_pairwise
2026-05-11,COCHINSHIP,53.8,58.6,73.6,20.3,60.6,,34.3,,,1723.2,UNKNOWN,-6.215182475282181,,reports_pairwise
2026-05-11,BANKINDIA,53.6,74.1,33.4,14.7,65.7,,54.1,,,143.98,UNKNOWN,-2.6670375123986334,,reports_pairwise
2026-05-11,BHARTIHEXA,52.5,65.8,28.5,1.6,49.9,,53.5,,,1459.1,UNKNOWN,0.39065511809506487,,reports_pairwise
2026-05-11,SBICARD,50.6,56.4,27.8,4.6,68.8,,48.3,,,641.0,UNKNOWN,-2.4805030287148986,,reports_pairwise
2026-05-11,VOLTAS,52.1,55.3,30.5,8.1,49.0,,60.6,,,1307.5,UNKNOWN,-2.8986634351099427,,reports_pairwise
2026-05-11,MPHASIS,50.4,83.4,26.5,2.6,57.4,,54.3,,,2205.8,UNKNOWN,-2.6883670323692166,,reports_pairwise
2026-05-11,UNIONBANK,51.7,79.4,20.2,3.9,49.0,,51.9,,,164.17,UNKNOWN,-1.2060653947698956,,reports_pairwise
2026-05-11,WAAREEENER,51.7,89.4,30.5,0.3,73.0,,40.2,,,3228.5,UNKNOWN,-3.1996298227698623,,reports_pairwise
2026-05-11,NTPCGREEN,51.3,32.9,48.0,2.6,63.4,,57.4,,,107.3,UNKNOWN,-0.12115734487855047,,reports_pairwise
2026-05-11,INDIGO,50.8,50.0,32.0,7.5,58.7,,46.4,,,4306.7,UNKNOWN,-2.438057089825152,,reports_pairwise
2026-05-11,RVNL,50.5,53.0,55.2,19.1,56.4,,35.8,,,298.15,UNKNOWN,-4.980718499758923,,reports_pairwise
2026-05-11,TATAELXSI,49.8,72.9,31.5,7.5,60.4,,45.9,,,4257.7,UNKNOWN,-4.121944919278597,,reports_pairwise
2026-05-11,ETERNAL,49.9,48.7,44.8,0.0,53.8,,43.4,,,247.06,UNKNOWN,-2.865702368841957,,reports_pairwise
2026-05-11,NAUKRI,46.3,54.8,30.4,11.6,60.7,,47.4,,,963.7,UNKNOWN,-3.403546288880102,,reports_pairwise
2026-05-11,KALYANKJIL,48.0,67.6,21.6,82.6,54.7,,37.6,,,385.9,UNKNOWN,-6.245144391560308,,reports_pairwise
2026-05-11,ATGL,47.7,55.6,51.4,0.0,56.0,,40.2,,,622.8,UNKNOWN,-5.0578054282323714,,reports_pairwise
2026-05-11,KPITTECH,47.8,75.9,41.0,33.7,54.0,,29.3,,,726.3,UNKNOWN,-1.9620008546098313,,reports_pairwise
2026-05-11,DIXON,47.5,78.0,37.0,14.3,53.3,,37.3,,,10826.0,UNKNOWN,-6.355071125069278,,reports_pairwise
2026-05-11,SJVN,47.1,29.6,52.0,4.6,59.2,,47.4,,,77.67,UNKNOWN,-4.403244495944382,,reports_pairwise
2026-05-11,ABFRL,42.6,46.3,55.3,18.2,67.8,,12.0,,,64.6,UNKNOWN,-3.4055703933762977,,reports_pairwise
2026-05-11,VEDL,40.2,83.5,19.2,9.7,54.4,,12.0,,,298.0,UNKNOWN,2.3657677157613253,,reports_pairwise
2026-05-11,SWIGGY,39.1,51.3,30.1,30.4,44.2,,29.6,,,263.8,UNKNOWN,-3.013644388356477,,reports_pairwise
2026-05-11,OLAELEC,32.5,36.3,28.3,15.1,78.6,,7.3,,,37.22,UNKNOWN,-5.615257742839239,,reports_pairwise
2026-05-12,PIDILITIND,73.0,72.9,62.9,53.2,73.4,,74.7,,,1453.0,UNKNOWN,,,reports_pairwise
2026-05-12,MARICO,70.6,72.9,68.5,17.4,79.8,,81.8,,,830.0,UNKNOWN,,,reports_pairwise
2026-05-12,TORNTPHARM,71.9,69.4,61.9,16.9,74.3,,79.1,,,4381.9,UNKNOWN,,,reports_pairwise
2026-05-12,APOLLOHOSP,71.3,54.9,63.7,20.3,83.6,,79.5,,,8022.5,UNKNOWN,,,reports_pairwise
2026-05-12,TATACONSUM,73.1,54.9,75.3,81.6,87.3,,77.1,,,1253.0,UNKNOWN,,,reports_pairwise
2026-05-12,NESTLEIND,71.3,73.6,72.6,9.3,84.7,,79.4,,,1468.6,UNKNOWN,,,reports_pairwise
2026-05-12,BAJAJ-AUTO,72.8,85.0,63.3,5.9,81.9,,73.9,,,10397.0,UNKNOWN,,,reports_pairwise
2026-05-12,COALINDIA,71.9,90.8,56.2,7.5,68.2,,76.5,,,463.05,UNKNOWN,,,reports_pairwise
2026-05-12,AUROPHARMA,75.7,77.6,69.1,16.9,96.6,,74.4,,,1488.2,UNKNOWN,,,reports_pairwise
2026-05-12,SUNPHARMA,69.8,72.6,70.7,15.0,70.3,,79.7,,,1845.7,UNKNOWN,,,reports_pairwise
2026-05-12,ADANIPORTS,73.9,82.0,72.8,22.9,78.9,,70.5,,,1688.2,UNKNOWN,,,reports_pairwise
2026-05-12,CIPLA,65.9,89.3,58.7,25.0,54.8,,64.5,,,1292.3,UNKNOWN,,,reports_pairwise
2026-05-12,DABUR,68.5,69.2,66.9,56.1,63.9,,65.4,,,473.25,UNKNOWN,,,reports_pairwise
2026-05-12,ALKEM,67.1,82.5,47.1,3.2,73.4,,74.4,,,5496.5,UNKNOWN,,,reports_pairwise
2026-05-12,ONGC,66.6,71.9,47.1,31.2,85.7,,77.2,,,294.5,UNKNOWN,,,reports_pairwise
2026-05-12,MANKIND,69.1,54.8,74.2,19.9,78.7,,66.0,,,2378.9,UNKNOWN,,,reports_pairwise
2026-05-12,ZYDUSLIFE,65.2,80.5,48.0,26.6,61.3,,72.0,,,930.65,UNKNOWN,,,reports_pairwise
2026-05-12,GRASIM,65.4,38.8,64.5,11.4,67.2,,77.1,,,2903.0,UNKNOWN,,,reports_pairwise
2026-05-12,POLYCAB,71.1,74.4,75.2,15.0,96.8,,69.4,,,9021.5,UNKNOWN,,,reports_pairwise
2026-05-12,BIOCON,68.6,44.8,75.2,59.5,91.4,,71.2,,,402.45,UNKNOWN,,,reports_pairwise
2026-05-12,HAL,70.0,87.4,67.3,12.6,77.4,,63.3,,,4572.5,UNKNOWN,,,reports_pairwise
2026-05-12,HINDZINC,72.0,85.1,74.7,23.1,95.2,,53.1,,,641.9,UNKNOWN,,,reports_pairwise
2026-05-12,DRREDDY,64.8,81.0,49.7,10.5,57.0,,73.3,,,1270.0,UNKNOWN,,,reports_pairwise
2026-05-12,DIVISLAB,64.2,64.5,65.3,2.6,67.2,,74.0,,,6644.0,UNKNOWN,,,reports_pairwise
2026-05-12,HINDALCO,67.1,77.7,49.0,20.4,87.4,,68.8,,,1041.4,UNKNOWN,,,reports_pairwise
2026-05-12,COLPAL,64.9,78.5,59.8,14.5,74.1,,59.3,,,2125.2,UNKNOWN,,,reports_pairwise
2026-05-12,LICHSGFIN,65.3,48.3,60.3,28.2,70.7,,67.2,,,567.65,UNKNOWN,,,reports_pairwise
2026-05-12,ASIANPAINT,63.9,66.0,52.0,21.3,72.7,,65.1,,,2505.5,UNKNOWN,,,reports_pairwise
2026-05-12,RELIANCE,61.1,75.7,48.9,7.5,46.7,,70.6,,,1364.0,UNKNOWN,,,reports_pairwise
2026-05-12,LUPIN,61.6,87.2,33.5,43.0,48.3,,74.7,,,2245.4,UNKNOWN,,,reports_pairwise
2026-05-12,YESBANK,68.8,72.2,75.8,26.3,83.5,,64.4,,,22.06,UNKNOWN,,,reports_pairwise
2026-05-12,CUMMINSIND,64.6,74.9,44.6,30.5,81.2,,72.2,,,5160.0,UNKNOWN,,,reports_pairwise
2026-05-12,KOTAKBANK,61.1,78.3,47.2,4.0,57.2,,68.2,,,376.0,UNKNOWN,,,reports_pairwise
2026-05-12,ICICIGI,61.7,82.6,40.9,13.9,62.3,,69.9,,,1782.8,UNKNOWN,,,reports_pairwise
2026-05-12,NMDC,65.1,89.7,36.5,7.5,78.7,,69.4,,,86.62,UNKNOWN,,,reports_pairwise
2026-05-12,BSE,68.1,75.0,73.2,42.2,87.9,,57.1,,,3851.9,UNKNOWN,,,reports_pairwise
2026-05-12,CGPOWER,68.1,69.3,66.3,11.6,83.2,,64.5,,,833.7,UNKNOWN,,,reports_pairwise
2026-05-12,CONCOR,62.9,72.3,55.7,22.2,80.3,,60.5,,,516.0,UNKNOWN,,,reports_pairwise
2026-05-12,MAHABANK,67.9,87.7,57.4,17.0,75.6,,58.4,,,78.37,UNKNOWN,,,reports_pairwise
2026-05-12,NTPC,57.9,66.7,35.4,11.3,75.0,,80.4,,,392.7,UNKNOWN,,,reports_pairwise
2026-05-12,ICICIPRULI,60.6,60.5,48.7,20.8,73.3,,61.9,,,541.5,UNKNOWN,,,reports_pairwise
2026-05-12,SOLARINDS,67.1,72.3,58.4,16.2,86.7,,59.6,,,15585.0,UNKNOWN,,,reports_pairwise
2026-05-12,ICICIBANK,57.1,87.5,23.1,20.7,50.8,,71.0,,,1240.3,UNKNOWN,,,reports_pairwise
2026-05-12,BANDHANBNK,66.4,71.0,73.2,0.0,81.8,,55.3,,,196.07,UNKNOWN,,,reports_pairwise
2026-05-12,HINDUNILVR,58.2,72.1,43.8,10.3,52.6,,67.9,,,2262.0,UNKNOWN,,,reports_pairwise
2026-05-12,ADANIENT,66.3,77.8,69.5,1.6,71.9,,56.5,,,2405.2,UNKNOWN,,,reports_pairwise
2026-05-12,SBILIFE,57.4,63.7,36.5,15.0,58.4,,72.3,,,1833.9,UNKNOWN,,,reports_pairwise
2026-05-12,MFSL,61.0,52.1,51.1,17.6,69.8,,66.1,,,1653.7,UNKNOWN,,,reports_pairwise
2026-05-12,LICI,60.6,93.0,29.7,31.1,56.6,,62.1,,,780.75,UNKNOWN,,,reports_pairwise
2026-05-12,SRF,63.9,62.8,71.3,2.9,70.3,,60.3,,,2721.2,UNKNOWN,,,reports_pairwise
2026-05-12,POWERGRID,56.9,59.7,35.2,11.7,72.2,,77.2,,,306.3,UNKNOWN,,,reports_pairwise
2026-05-12,ITC,56.3,93.2,38.3,7.6,52.5,,58.3,,,300.7,UNKNOWN,,,reports_pairwise
2026-05-12,MAXHEALTH,60.8,56.0,58.9,15.4,69.5,,59.7,,,1017.7,UNKNOWN,,,reports_pairwise
2026-05-12,TATASTEEL,61.6,55.1,44.8,9.9,83.3,,69.5,,,212.0,UNKNOWN,,,reports_pairwise
2026-05-12,EICHERMOT,60.0,83.7,42.8,5.1,56.6,,67.4,,,7126.0,UNKNOWN,,,reports_pairwise
2026-05-12,HDFCLIFE,57.1,58.4,44.2,0.0,71.8,,60.2,,,601.8,UNKNOWN,,,reports_pairwise
2026-05-12,AXISBANK,58.7,86.8,24.2,7.5,59.6,,70.4,,,1260.1,UNKNOWN,,,reports_pairwise
2026-05-12,BHARATFORG,63.4,48.5,54.5,18.5,84.3,,67.6,,,1913.0,UNKNOWN,,,reports_pairwise
2026-05-12,HDFCBANK,55.1,84.7,26.8,27.4,62.3,,63.0,,,750.45,UNKNOWN,,,reports_pairwise
2026-05-12,HUDCO,63.9,59.4,72.8,16.2,73.6,,51.9,,,218.93,UNKNOWN,,,reports_pairwise
2026-05-12,FEDERALBNK,58.9,82.0,35.0,9.4,71.0,,67.1,,,284.8,UNKNOWN,,,reports_pairwise
2026-05-12,BRITANNIA,55.6,70.9,26.6,64.5,42.4,,70.1,,,5334.0,UNKNOWN,,,reports_pairwise
2026-05-12,ULTRACEMCO,57.1,63.5,35.4,7.5,62.8,,70.0,,,11516.0,UNKNOWN,,,reports_pairwise
2026-05-12,JSWSTEEL,58.1,42.7,44.4,7.5,65.2,,73.7,,,1252.3,UNKNOWN,,,reports_pairwise
2026-05-12,OIL,63.1,77.2,49.7,23.5,76.4,,67.2,,,490.95,UNKNOWN,,,reports_pairwise
2026-05-12,VBL,62.3,63.4,57.1,2.9,65.5,,65.3,,,488.35,UNKNOWN,,,reports_pairwise
2026-05-12,MARUTI,57.4,82.8,44.5,7.5,52.6,,60.3,,,13172.0,UNKNOWN,,,reports_pairwise
2026-05-12,BHEL,62.7,51.1,74.8,5.4,98.8,,60.1,,,391.75,UNKNOWN,,,reports_pairwise
2026-05-12,OFSS,62.7,91.2,70.4,6.4,73.8,,62.1,,,9010.5,UNKNOWN,,,reports_pairwise
2026-05-12,GICRE,56.5,73.2,30.0,6.0,52.5,,69.2,,,382.4,UNKNOWN,,,reports_pairwise
2026-05-12,IDEA,62.2,80.0,75.2,35.0,91.2,,48.1,,,11.89,UNKNOWN,,,reports_pairwise
2026-05-12,INDUSINDBK,60.6,50.0,60.5,4.9,52.0,,66.6,,,892.85,UNKNOWN,,,reports_pairwise
2026-05-12,PETRONET,60.5,83.1,41.3,0.1,61.4,,60.9,,,271.15,UNKNOWN,,,reports_pairwise
2026-05-12,SIEMENS,60.6,61.8,40.8,36.3,78.8,,65.4,,,3574.4,UNKNOWN,,,reports_pairwise
2026-05-12,HYUNDAI,61.2,92.6,59.6,31.5,85.2,,39.9,,,1877.9,UNKNOWN,,,reports_pairwise
2026-05-12,SBIN,54.9,85.5,21.1,60.5,46.2,,58.8,,,974.6,UNKNOWN,,,reports_pairwise
2026-05-12,HDFCAMC,60.8,84.3,40.5,15.3,67.3,,62.2,,,2632.8,UNKNOWN,,,reports_pairwise
2026-05-12,INDHOTEL,56.7,69.2,40.2,26.5,61.3,,60.5,,,634.4,UNKNOWN,,,reports_pairwise
2026-05-12,TATAPOWER,54.0,48.9,36.0,20.1,76.1,,73.2,,,418.4,UNKNOWN,,,reports_pairwise
2026-05-12,SHREECEM,53.8,50.7,43.3,7.5,71.8,,56.7,,,24860.0,UNKNOWN,,,reports_pairwise
2026-05-12,GAIL,56.1,82.8,40.5,7.5,69.8,,60.1,,,160.35,UNKNOWN,,,reports_pairwise
2026-05-12,PIIND,56.1,79.0,42.2,5.6,58.9,,53.9,,,2997.6,UNKNOWN,,,reports_pairwise
2026-05-12,TATATECH,57.3,59.9,64.3,0.0,73.0,,54.7,,,615.9,UNKNOWN,,,reports_pairwise
2026-05-12,IRCTC,53.6,88.6,36.6,2.6,47.3,,53.7,,,534.0,UNKNOWN,,,reports_pairwise
2026-05-12,MOTILALOFS,60.3,58.6,64.5,8.9,78.4,,45.5,,,841.7,UNKNOWN,,,reports_pairwise
2026-05-12,GLENMARK,60.0,58.1,46.1,26.3,67.1,,66.1,,,2257.1,UNKNOWN,,,reports_pairwise
2026-05-12,AUBANK,59.0,80.3,37.7,22.3,74.7,,61.8,,,999.6,UNKNOWN,,,reports_pairwise
2026-05-12,CENTRALBK,57.4,73.4,36.1,15.0,52.5,,63.5,,,34.53,UNKNOWN,,,reports_pairwise
2026-05-12,M&MFIN,60.0,56.5,68.9,7.5,61.7,,51.8,,,326.95,UNKNOWN,,,reports_pairwise
2026-05-12,SAIL,59.8,63.4,47.0,24.1,73.4,,61.4,,,176.09,UNKNOWN,,,reports_pairwise
2026-05-12,TVSMOTOR,56.1,50.0,36.6,7.5,75.4,,69.5,,,3561.0,UNKNOWN,,,reports_pairwise
2026-05-12,HEROMOTOCO,57.4,93.8,38.7,3.2,52.6,,60.1,,,5082.5,UNKNOWN,,,reports_pairwise
2026-05-12,PFC,57.2,57.2,33.4,19.1,69.2,,65.2,,,440.7,UNKNOWN,,,reports_pairwise
2026-05-12,ADANIPOWER,59.3,80.3,57.1,15.0,73.4,,54.2,,,209.63,UNKNOWN,,,reports_pairwise
2026-05-12,COFORGE,59.2,82.2,63.5,24.7,83.0,,42.2,,,1320.4,UNKNOWN,,,reports_pairwise
2026-05-12,ADANIGREEN,59.0,56.9,73.5,23.4,85.4,,47.4,,,1308.0,UNKNOWN,,,reports_pairwise
2026-05-12,M&M,56.6,72.2,45.4,3.6,46.6,,62.5,,,3176.0,UNKNOWN,,,reports_pairwise
2026-05-12,PAGEIND,53.4,68.4,28.6,15.0,71.5,,55.0,,,35085.0,UNKNOWN,,,reports_pairwise
2026-05-12,BANKBARODA,55.5,76.9,26.8,21.7,53.8,,61.6,,,259.95,UNKNOWN,,,reports_pairwise
2026-05-12,TORNTPOWER,57.8,77.9,47.0,11.1,80.4,,61.2,,,1597.6,UNKNOWN,,,reports_pairwise
2026-05-12,ACC,52.2,77.5,27.6,52.7,50.1,,48.7,,,1347.0,UNKNOWN,,,reports_pairwise
2026-05-12,SUZLON,58.8,96.4,48.3,16.8,76.5,,43.0,,,51.52,UNKNOWN,,,reports_pairwise
2026-05-12,TITAN,53.2,50.0,21.3,70.7,53.2,,71.5,,,4055.3,UNKNOWN,,,reports_pairwise
2026-05-12,EXIDEIND,54.8,63.3,48.0,0.0,65.3,,54.5,,,346.3,UNKNOWN,,,reports_pairwise
2026-05-12,TIINDIA,58.4,55.5,50.9,21.9,82.6,,57.1,,,2954.0,UNKNOWN,,,reports_pairwise
2026-05-12,SONACOMS,58.3,55.8,44.7,23.0,88.6,,59.8,,,584.1,UNKNOWN,,,reports_pairwise
2026-05-12,UNITDSPR,53.2,68.4,30.4,5.1,56.1,,61.3,,,1247.5,UNKNOWN,,,reports_pairwise
2026-05-12,BAJAJFINSV,52.0,57.3,33.9,4.5,52.6,,64.2,,,1744.8,UNKNOWN,,,reports_pairwise
2026-05-12,JINDALSTEL,56.5,61.2,33.1,7.1,72.5,,68.1,,,1214.3,UNKNOWN,,,reports_pairwise
2026-05-12,PATANJALI,52.3,72.5,29.9,26.2,60.5,,55.3,,,441.05,UNKNOWN,,,reports_pairwise
2026-05-12,BHARTIARTL,49.6,66.9,26.4,29.1,45.3,,69.1,,,1756.8,UNKNOWN,,,reports_pairwise
2026-05-12,IOB,56.0,85.7,29.9,0.3,50.8,,58.7,,,33.65,UNKNOWN,,,reports_pairwise
2026-05-12,ABB,55.5,71.1,23.1,67.3,75.1,,59.8,,,6328.5,UNKNOWN,,,reports_pairwise
2026-05-12,MRF,53.3,80.8,26.6,10.5,56.7,,61.3,,,126505.0,UNKNOWN,,,reports_pairwise
2026-05-12,BEL,54.2,75.1,26.4,11.1,54.3,,67.9,,,416.5,UNKNOWN,,,reports_pairwise
2026-05-12,INDUSTOWER,54.8,84.7,30.3,13.7,59.8,,62.7,,,400.8,UNKNOWN,,,reports_pairwise
2026-05-12,POLICYBZR,57.3,57.8,51.2,19.1,61.4,,56.1,,,1603.3,UNKNOWN,,,reports_pairwise
2026-05-12,ABCAPITAL,57.2,75.1,41.2,0.0,59.5,,60.8,,,341.2,UNKNOWN,,,reports_pairwise
2026-05-12,RECLTD,54.2,57.0,31.3,4.3,60.5,,61.3,,,344.35,UNKNOWN,,,reports_pairwise
2026-05-12,NYKAA,55.6,37.7,45.2,7.5,69.8,,67.8,,,260.65,UNKNOWN,,,reports_pairwise
2026-05-12,MOTHERSON,56.7,62.8,47.3,20.2,69.7,,56.6,,,124.26,UNKNOWN,,,reports_pairwise
2026-05-12,BAJAJHLDNG,56.6,84.1,40.7,24.1,60.0,,47.4,,,10097.0,UNKNOWN,,,reports_pairwise
2026-05-12,HAVELLS,51.4,73.1,25.2,15.0,57.4,,59.5,,,1190.9,UNKNOWN,,,reports_pairwise
2026-05-12,BOSCHLTD,55.3,74.1,35.6,5.4,67.5,,60.1,,,36510.0,UNKNOWN,,,reports_pairwise
2026-05-12,APLAPOLLO,54.0,78.9,28.7,4.2,48.4,,62.1,,,1881.2,UNKNOWN,,,reports_pairwise
2026-05-12,CHOLAFIN,56.1,63.6,49.4,1.6,47.7,,58.8,,,1561.0,UNKNOWN,,,reports_pairwise
2026-05-12,IRB,52.3,67.9,29.6,12.9,57.7,,60.1,,,20.82,UNKNOWN,,,reports_pairwise
2026-05-12,NATIONALUM,56.1,95.5,24.8,10.6,55.6,,56.9,,,394.05,UNKNOWN,,,reports_pairwise
2026-05-12,TCS,50.2,93.9,24.2,27.6,65.0,,53.2,,,2300.3,UNKNOWN,,,reports_pairwise
2026-05-12,CANBK,54.4,79.7,25.0,24.5,51.8,,59.3,,,130.01,UNKNOWN,,,reports_pairwise
2026-05-12,DMART,51.8,61.3,28.1,1.6,64.4,,66.9,,,4331.7,UNKNOWN,,,reports_pairwise
2026-05-12,LT,50.9,63.9,29.7,3.3,54.2,,67.0,,,3856.5,UNKNOWN,,,reports_pairwise
2026-05-12,GODREJCP,50.8,59.3,29.3,29.2,43.9,,62.3,,,1030.2,UNKNOWN,,,reports_pairwise
2026-05-12,OBEROIRLTY,52.2,82.5,27.9,21.7,62.9,,60.9,,,1626.7,UNKNOWN,,,reports_pairwise
2026-05-12,PNB,52.6,76.6,23.8,15.2,56.7,,57.0,,,102.78,UNKNOWN,,,reports_pairwise
2026-05-12,TECHM,51.0,85.8,35.5,9.4,49.8,,59.5,,,1392.9,UNKNOWN,,,reports_pairwise
2026-05-12,ADANIENSOL,54.4,58.9,54.5,22.1,81.6,,52.6,,,1284.3,UNKNOWN,,,reports_pairwise
2026-05-12,WIPRO,49.0,85.1,24.6,32.6,50.2,,56.6,,,189.57,UNKNOWN,,,reports_pairwise
2026-05-12,LTF,53.9,57.0,42.3,10.0,57.4,,56.8,,,280.65,UNKNOWN,,,reports_pairwise
2026-05-12,BAJFINANCE,52.5,60.2,37.6,5.0,48.3,,59.9,,,904.2,UNKNOWN,,,reports_pairwise
2026-05-12,IDFCFIRSTB,53.6,63.6,49.1,7.9,62.5,,48.0,,,67.68,UNKNOWN,,,reports_pairwise
2026-05-12,UCOBANK,52.0,75.8,36.0,19.2,47.1,,49.6,,,25.48,UNKNOWN,,,reports_pairwise
2026-05-12,AMBUJACEM,50.3,81.2,28.9,15.0,48.3,,52.4,,,426.95,UNKNOWN,,,reports_pairwise
2026-05-12,PHOENIXLTD,51.4,54.5,35.1,3.4,59.3,,64.5,,,1731.0,UNKNOWN,,,reports_pairwise
2026-05-12,IOC,49.2,57.1,30.8,10.2,59.6,,53.7,,,137.65,UNKNOWN,,,reports_pairwise
2026-05-12,BANKINDIA,52.8,73.7,30.9,18.0,61.6,,52.8,,,140.14,UNKNOWN,,,reports_pairwise
2026-05-12,TMPV,52.5,80.2,33.3,2.7,57.9,,53.0,,,336.85,UNKNOWN,,,reports_pairwise
2026-05-12,GMRAIRPORT,52.3,65.7,40.8,14.1,47.1,,60.6,,,94.69,UNKNOWN,,,reports_pairwise
2026-05-12,PAYTM,52.4,52.3,52.4,9.2,65.3,,54.4,,,1154.6,UNKNOWN,,,reports_pairwise
2026-05-12,BAJAJHFL,46.3,54.9,30.9,9.0,55.8,,47.2,,,83.87,UNKNOWN,,,reports_pairwise
2026-05-12,COCHINSHIP,52.0,58.4,60.1,15.0,75.6,,31.5,,,1616.1,UNKNOWN,,,reports_pairwise
2026-05-12,IGL,49.7,84.4,28.2,9.6,53.8,,51.3,,,156.81,UNKNOWN,,,reports_pairwise
2026-05-12,LODHA,52.0,78.7,55.1,5.8,54.2,,36.9,,,879.35,UNKNOWN,,,reports_pairwise
2026-05-12,TRENT,51.9,69.0,38.6,9.8,64.4,,43.5,,,4050.6,UNKNOWN,,,reports_pairwise
2026-05-12,UPL,51.8,62.4,35.0,56.0,49.7,,53.2,,,626.15,UNKNOWN,,,reports_pairwise
2026-05-12,APOLLOTYRE,48.7,66.9,23.4,7.2,58.6,,57.5,,,398.75,UNKNOWN,,,reports_pairwise
2026-05-12,BPCL,50.2,68.5,31.1,8.4,60.4,,48.8,,,287.85,UNKNOWN,,,reports_pairwise
2026-05-12,HINDPETRO,51.1,55.5,46.3,11.1,61.0,,43.0,,,369.9,UNKNOWN,,,reports_pairwise
2026-05-12,TATACOMM,50.9,54.4,47.6,15.0,55.8,,53.3,,,1539.9,UNKNOWN,,,reports_pairwise
2026-05-12,JSWENERGY,50.4,42.7,35.5,25.8,73.7,,64.2,,,517.95,UNKNOWN,,,reports_pairwise
2026-05-12,DLF,48.8,75.1,35.0,13.5,59.6,,47.3,,,569.2,UNKNOWN,,,reports_pairwise
2026-05-12,ESCORTS,50.1,87.1,24.5,44.0,47.5,,49.9,,,2960.7,UNKNOWN,,,reports_pairwise
2026-05-12,PRESTIGE,50.2,39.6,51.0,21.1,57.6,,51.9,,,1380.8,UNKNOWN,,,reports_pairwise
2026-05-12,NHPC,45.9,41.5,29.7,11.8,60.5,,66.5,,,76.77,UNKNOWN,,,reports_pairwise
2026-05-12,ASTRAL,49.5,60.1,30.1,17.1,49.6,,63.4,,,1527.6,UNKNOWN,,,reports_pairwise
2026-05-12,MUTHOOTFIN,49.8,72.9,27.1,15.2,57.3,,53.3,,,3353.4,UNKNOWN,,,reports_pairwise
2026-05-12,SBICARD,47.1,56.8,25.7,19.2,63.7,,47.1,,,625.1,UNKNOWN,,,reports_pairwise
2026-05-12,VMM,49.8,53.2,40.5,14.1,75.0,,47.3,,,119.65,UNKNOWN,,,reports_pairwise
2026-05-12,LTM,49.5,91.1,22.6,13.6,67.3,,52.3,,,4143.8,UNKNOWN,,,reports_pairwise
2026-05-12,IRFC,49.0,56.1,33.6,7.6,56.5,,47.5,,,99.36,UNKNOWN,,,reports_pairwise
2026-05-12,SUPREMEIND,47.4,66.4,25.4,6.2,55.2,,55.8,,,3534.1,UNKNOWN,,,reports_pairwise
2026-05-12,INFY,45.8,96.7,21.4,13.5,61.2,,52.3,,,1140.3,UNKNOWN,,,reports_pairwise
2026-05-12,SHRIRAMFIN,48.8,61.2,25.9,16.6,47.6,,55.4,,,930.45,UNKNOWN,,,reports_pairwise
2026-05-12,IREDA,48.5,56.4,33.4,14.8,71.6,,40.3,,,124.69,UNKNOWN,,,reports_pairwise
2026-05-12,PREMIERENE,48.1,77.6,35.9,8.4,72.2,,46.7,,,966.8,UNKNOWN,,,reports_pairwise
2026-05-12,VOLTAS,47.8,55.2,23.1,10.4,59.6,,59.1,,,1269.6,UNKNOWN,,,reports_pairwise
2026-05-12,JIOFIN,46.0,48.5,32.5,17.9,51.4,,49.8,,,230.47,UNKNOWN,,,reports_pairwise
2026-05-12,HCLTECH,44.4,90.2,20.8,9.2,72.6,,51.4,,,1145.8,UNKNOWN,,,reports_pairwise
2026-05-12,JUBLFOOD,46.6,55.1,34.4,12.8,47.9,,44.9,,,442.15,UNKNOWN,,,reports_pairwise
2026-05-12,ASHOKLEY,47.1,74.2,22.0,8.3,57.0,,49.6,,,155.95,UNKNOWN,,,reports_pairwise
2026-05-12,BHARTIHEXA,46.1,65.8,29.3,5.5,57.1,,53.9,,,1464.8,UNKNOWN,,,reports_pairwise
2026-05-12,BDL,46.9,61.1,39.0,10.8,66.5,,37.5,,,1334.2,UNKNOWN,,,reports_pairwise
2026-05-12,MAZDOCK,46.7,84.7,28.9,4.8,69.9,,33.6,,,2443.8,UNKNOWN,,,reports_pairwise
2026-05-12,PERSISTENT,46.8,81.2,28.5,11.7,57.6,,52.7,,,4877.1,UNKNOWN,,,reports_pairwise
2026-05-12,GODREJPROP,46.6,62.6,35.0,7.4,68.7,,44.3,,,1712.4,UNKNOWN,,,reports_pairwise
2026-05-12,NTPCGREEN,46.0,32.9,36.6,7.9,84.1,,57.3,,,107.17,UNKNOWN,,,reports_pairwise
2026-05-12,INDIANB,45.7,83.6,20.1,8.7,43.8,,53.9,,,821.4,UNKNOWN,,,reports_pairwise
2026-05-12,UNIONBANK,45.5,79.3,20.2,8.2,53.4,,51.2,,,162.19,UNKNOWN,,,reports_pairwise
2026-05-12,MPHASIS,43.8,83.8,22.9,5.5,50.9,,53.1,,,2146.5,UNKNOWN,,,reports_pairwise
2026-05-12,NAUKRI,42.7,56.0,25.0,16.2,60.0,,45.7,,,930.9,UNKNOWN,,,reports_pairwise
2026-05-12,TATAELXSI,43.9,74.1,25.1,23.6,55.8,,44.1,,,4082.2,UNKNOWN,,,reports_pairwise
2026-05-12,RVNL,44.3,52.8,38.7,15.9,58.2,,33.6,,,283.3,UNKNOWN,,,reports_pairwise
2026-05-12,ETERNAL,42.8,48.7,32.9,0.0,54.4,,42.2,,,239.98,UNKNOWN,,,reports_pairwise
2026-05-12,KALYANKJIL,42.3,73.4,19.8,85.5,63.0,,35.0,,,361.8,UNKNOWN,,,reports_pairwise
2026-05-12,ATGL,42.2,55.4,36.0,2.0,72.0,,37.7,,,591.3,UNKNOWN,,,reports_pairwise
2026-05-12,DIXON,42.1,79.8,26.9,18.3,55.9,,34.7,,,10138.0,UNKNOWN,,,reports_pairwise
2026-05-12,WAAREEENER,41.8,90.0,23.1,1.7,65.8,,38.5,,,3125.2,UNKNOWN,,,reports_pairwise
2026-05-12,INDIGO,41.2,50.5,23.8,5.0,46.4,,45.3,,,4201.7,UNKNOWN,,,reports_pairwise
2026-05-12,KPITTECH,40.8,76.4,38.4,15.0,53.6,,28.8,,,712.05,UNKNOWN,,,reports_pairwise
2026-05-12,SJVN,40.6,31.1,34.6,8.2,69.8,,45.3,,,74.25,UNKNOWN,,,reports_pairwise
2026-05-12,SWIGGY,39.5,51.2,29.1,39.9,61.4,,28.6,,,255.85,UNKNOWN,,,reports_pairwise
2026-05-12,ABFRL,36.9,47.1,40.8,1.4,48.1,,12.0,,,62.4,UNKNOWN,,,reports_pairwise
2026-05-12,VEDL,34.5,82.9,19.2,6.7,71.0,,12.0,,,305.05,UNKNOWN,,,reports_pairwise
2026-05-12,OLAELEC,28.7,36.1,23.5,17.7,71.7,,6.0,,,35.13,UNKNOWN,,,reports_pairwise
2023-04-03,DRREDDY,81.3,,,,,,,,,912.84,SIDEWAYS,1.6725,6.69,bt_trades
2023-04-03,BOSCHLTD,78.9,,,,,,,,,18666.49,SIDEWAYS,-0.31,-1.24,bt_trades
2023-04-03,ALKEM,76.0,,,,,,,,,3307.9,SIDEWAYS,0.5925,2.37,bt_trades
2023-04-03,ICICIBANK,74.7,,,,,,,,,862.45,SIDEWAYS,1.0725,4.29,bt_trades
2023-04-03,BAJAJ-AUTO,74.4,,,,,,,,,3748.94,SIDEWAYS,2.905,11.62,bt_trades
2023-04-03,GLENMARK,74.1,,,,,,,,,476.25,SIDEWAYS,3.5175,14.07,bt_trades
2023-04-03,GODREJCP,73.1,,,,,,,,,925.83,SIDEWAYS,-0.8575,-3.43,bt_trades
2023-04-03,COLPAL,72.7,,,,,,,,,1426.83,SIDEWAYS,0.9825,3.93,bt_trades
2023-04-03,DABUR,72.2,,,,,,,,,529.02,SIDEWAYS,-0.785,-3.14,bt_trades
2023-04-03,HDFCBANK,71.0,,,,,,,,,774.94,SIDEWAYS,1.82,7.28,bt_trades
2023-04-03,APOLLOTYRE,70.7,,,,,,,,,310.25,SIDEWAYS,2.8625,11.45,bt_trades
2023-04-03,ITC,70.5,,,,,,,,,326.75,SIDEWAYS,3.015,12.06,bt_trades
2023-04-03,AXISBANK,70.4,,,,,,,,,862.32,SIDEWAYS,0.04,0.16,bt_trades
2023-04-03,GMRAIRPORT,70.3,,,,,,,,,43.45,SIDEWAYS,1.725,6.9,bt_trades
2023-04-03,ABB,70.0,,,,,,,,,3320.84,SIDEWAYS,2.0575,8.23,bt_trades
2023-04-03,HINDUNILVR,68.6,,,,,,,,,2400.39,SIDEWAYS,-0.29,-1.16,bt_trades
2023-04-03,AUROPHARMA,68.5,,,,,,,,,516.12,SIDEWAYS,4.4275,17.71,bt_trades
2023-04-03,FEDERALBNK,68.4,,,,,,,,,130.59,SIDEWAYS,1.1725,4.69,bt_trades
2023-04-03,GAIL,68.3,,,,,,,,,95.0,SIDEWAYS,0.4025,1.61,bt_trades
2023-04-03,HCLTECH,68.3,,,,,,,,,979.07,SIDEWAYS,-0.2975,-1.19,bt_trades
2023-05-03,INDHOTEL,83.8,,,,,,,,,351.87,BULL,2.4575,9.83,bt_trades
2023-05-03,APOLLOTYRE,83.7,,,,,,,,,341.53,BULL,2.5325,10.13,bt_trades
2023-05-03,HAL,82.3,,,,,,,,,1454.59,BULL,2.31,9.24,bt_trades
2023-05-03,ITC,81.7,,,,,,,,,368.36,BULL,1.37,5.48,bt_trades
2023-05-03,GMRAIRPORT,80.8,,,,,,,,,46.25,BULL,-3.08,-12.32,bt_trades
2023-05-03,BHEL,80.2,,,,,,,,,86.35,BULL,-0.3875,-1.55,bt_trades
2023-05-03,INDIGO,80.2,,,,,,,,,2160.45,BULL,2.7575,11.03,bt_trades
2023-05-03,IRFC,79.7,,,,,,,,,33.59,BULL,-2.5025,-10.01,bt_trades
2023-05-03,BAJAJHLDNG,78.4,,,,,,,,,6723.16,BULL,-0.0925,-0.37,bt_trades
2023-05-03,IDFCFIRSTB,78.1,,,,,,,,,63.94,BULL,3.7225,14.89,bt_trades
2023-05-03,DRREDDY,78.1,,,,,,,,,970.82,BULL,-2.6725,-10.69,bt_trades
2023-05-03,AUROPHARMA,77.7,,,,,,,,,611.53,BULL,1.7175,6.87,bt_trades
2023-05-03,BAJAJ-AUTO,77.6,,,,,,,,,4175.21,BULL,1.4725,5.89,bt_trades
2023-05-03,HUDCO,77.2,,,,,,,,,48.8,BULL,3.7975,15.19,bt_trades
2023-05-03,COCHINSHIP,77.1,,,,,,,,,268.48,BULL,-2.99,-11.96,bt_trades
2023-05-03,ICICIBANK,76.7,,,,,,,,,900.55,BULL,0.6475,2.59,bt_trades
2023-05-03,DLF,76.6,,,,,,,,,418.73,BULL,3.6075,14.43,bt_trades
2023-05-03,ALKEM,76.5,,,,,,,,,3422.08,BULL,-0.8625,-3.45,bt_trades
2023-05-03,COALINDIA,76.2,,,,,,,,,193.49,BULL,-0.76,-3.04,bt_trades
2023-05-03,GLENMARK,74.1,,,,,,,,,537.48,BULL,3.5525,14.21,bt_trades
2023-06-02,HEROMOTOCO,88.5,,,,,,,,,2619.28,BULL,0.0525,0.21,bt_trades
2023-06-02,IDFCFIRSTB,81.0,,,,,,,,,72.66,BULL,3.1025,12.41,bt_trades
2023-06-02,MAHABANK,79.7,,,,,,,,,29.49,BULL,-2.535,-10.14,bt_trades
2023-06-02,DLF,78.8,,,,,,,,,479.2,BULL,0.1975,0.79,bt_trades
2023-06-02,INDHOTEL,77.9,,,,,,,,,392.27,BULL,-0.2675,-1.07,bt_trades
2023-06-02,AUBANK,77.5,,,,,,,,,770.26,BULL,-0.4275,-1.71,bt_trades
2023-06-02,INDUSINDBK,76.6,,,,,,,,,1274.06,BULL,1.7875,7.15,bt_trades
2023-06-02,ITC,76.2,,,,,,,,,390.96,BULL,1.12,4.48,bt_trades
2023-06-02,GODREJCP,75.9,,,,,,,,,1018.42,BULL,0.0,0.0,bt_trades
2023-06-02,APOLLOTYRE,75.8,,,,,,,,,376.71,BULL,0.3225,1.29,bt_trades
2023-06-02,BAJAJ-AUTO,75.2,,,,,,,,,4382.9,BULL,0.4425,1.77,bt_trades
2023-06-02,APOLLOHOSP,74.7,,,,,,,,,4926.25,BULL,0.51,2.04,bt_trades
2023-06-02,EXIDEIND,74.3,,,,,,,,,208.18,BULL,3.3125,13.25,bt_trades
2023-06-02,CGPOWER,73.5,,,,,,,,,378.16,BULL,-0.1275,-0.51,bt_trades
2023-06-02,COFORGE,73.1,,,,,,,,,889.17,BULL,0.51,2.04,bt_trades
2023-06-02,HAL,72.7,,,,,,,,,1533.11,BULL,4.7525,19.01,bt_trades
2023-06-02,HUDCO,72.6,,,,,,,,,55.8,BULL,-1.345,-5.38,bt_trades
2023-06-02,ASTRAL,72.5,,,,,,,,,1853.7,BULL,1.32,5.28,bt_trades
2023-06-02,INDIGO,72.4,,,,,,,,,2381.73,BULL,2.645,10.58,bt_trades
2023-06-02,HINDUNILVR,72.3,,,,,,,,,2571.32,BULL,0.06,0.24,bt_trades
2023-07-02,DRREDDY,83.2,,,,,,,,,1011.47,BULL,2.6425,10.57,bt_trades
2023-07-02,EXIDEIND,79.8,,,,,,,,,232.71,BULL,2.645,10.58,bt_trades
2023-07-02,CUMMINSIND,79.1,,,,,,,,,1868.2,BULL,-0.39,-1.56,bt_trades
2023-07-02,ICICIGI,78.6,,,,,,,,,1321.54,BULL,0.2675,1.07,bt_trades
2023-07-02,HCLTECH,77.5,,,,,,,,,1077.24,BULL,-0.995,-3.98,bt_trades
2023-07-02,HDFCBANK,77.1,,,,,,,,,828.05,BULL,-0.895,-3.58,bt_trades
2023-07-02,INDIANB,77.1,,,,,,,,,278.95,BULL,4.375,17.5,bt_trades
2023-07-02,ABB,75.5,,,,,,,,,4360.68,BULL,-0.085,-0.34,bt_trades
2023-07-02,BHARTIARTL,75.3,,,,,,,,,862.67,BULL,-0.0175,-0.07,bt_trades
2023-07-02,ITC,75.3,,,,,,,,,398.19,BULL,0.47,1.88,bt_trades
2023-07-02,INDUSINDBK,74.9,,,,,,,,,1359.56,BULL,0.12,0.48,bt_trades
2023-07-02,ABCAPITAL,74.0,,,,,,,,,196.3,BULL,-0.8075,-3.23,bt_trades
2023-07-02,ESCORTS,73.9,,,,,,,,,2208.07,BULL,3.89,15.56,bt_trades
2023-07-02,AUROPHARMA,73.4,,,,,,,,,721.43,BULL,3.055,12.22,bt_trades
2023-07-02,INDIGO,73.0,,,,,,,,,2622.47,BULL,-0.585,-2.34,bt_trades
2023-07-02,BAJAJ-AUTO,72.9,,,,,,,,,4538.7,BULL,0.75,3.0,bt_trades
2023-07-02,ASIANPAINT,72.2,,,,,,,,,3282.88,BULL,0.0075,0.03,bt_trades
2023-07-02,ASHOKLEY,71.8,,,,,,,,,77.44,BULL,2.365,9.46,bt_trades
2023-07-02,GODREJPROP,71.0,,,,,,,,,1568.45,BULL,1.455,5.82,bt_trades
2023-07-02,GODREJCP,70.9,,,,,,,,,1037.66,BULL,-1.4175,-5.67,bt_trades
2023-08-01,ESCORTS,91.0,,,,,,,,,2517.56,BULL,5.5625,22.25,bt_trades
2023-08-01,DRREDDY,86.2,,,,,,,,,1119.64,BULL,-0.39,-1.56,bt_trades
2023-08-01,EXIDEIND,82.0,,,,,,,,,260.76,BULL,0.2525,1.01,bt_trades
2023-08-01,GAIL,80.7,,,,,,,,,108.43,BULL,0.2075,0.83,bt_trades
2023-08-01,ALKEM,80.6,,,,,,,,,3878.74,BULL,-2.2775,-9.11,bt_trades
2023-08-01,INDIANB,79.6,,,,,,,,,331.25,BULL,2.1375,8.55,bt_trades
2023-08-01,IRFC,78.9,,,,,,,,,38.37,BULL,9.4125,37.65,bt_trades
2023-08-01,AUROPHARMA,78.3,,,,,,,,,811.84,BULL,0.215,0.86,bt_trades
2023-08-01,GMRAIRPORT,78.2,,,,,,,,,51.45,BULL,5.5875,22.35,bt_trades
2023-08-01,ASHOKLEY,78.0,,,,,,,,,86.58,BULL,0.0,0.0,bt_trades
2023-08-01,APLAPOLLO,77.9,,,,,,,,,1570.88,BULL,2.325,9.3,bt_trades
2023-08-01,CIPLA,77.5,,,,,,,,,1156.09,BULL,1.4225,5.69,bt_trades
2023-08-01,ICICIBANK,74.7,,,,,,,,,970.52,BULL,-0.45,-1.8,bt_trades
2023-08-01,BHARATFORG,74.0,,,,,,,,,920.39,BULL,3.89,15.56,bt_trades
2023-08-01,GLENMARK,73.8,,,,,,,,,782.86,BULL,-0.9875,-3.95,bt_trades
2023-08-01,COLPAL,73.0,,,,,,,,,1902.23,BULL,-0.835,-3.34,bt_trades
2023-08-01,COALINDIA,73.0,,,,,,,,,196.31,BULL,0.0725,0.29,bt_trades
2023-08-01,HEROMOTOCO,72.0,,,,,,,,,2840.54,BULL,-1.4075,-5.63,bt_trades
2023-08-01,IDFCFIRSTB,71.6,,,,,,,,,88.21,BULL,1.385,5.54,bt_trades
2023-08-01,HINDALCO,71.1,,,,,,,,,455.12,BULL,0.66,2.64,bt_trades
2023-08-31,IDFCFIRSTB,85.4,,,,,,,,,93.05,SIDEWAYS,0.215,0.86,bt_trades
2023-08-31,HCLTECH,80.0,,,,,,,,,1072.08,SIDEWAYS,1.42,5.68,bt_trades
2023-08-31,ESCORTS,79.3,,,,,,,,,3102.58,SIDEWAYS,-0.275,-1.1,bt_trades
2023-08-31,CIPLA,78.8,,,,,,,,,1233.85,SIDEWAYS,-1.4875,-5.95,bt_trades
2023-08-31,INFY,77.7,,,,,,,,,1334.19,SIDEWAYS,-0.025,-0.1,bt_trades
2023-08-31,FEDERALBNK,77.7,,,,,,,,,142.24,SIDEWAYS,1.1725,4.69,bt_trades
2023-08-31,AXISBANK,77.7,,,,,,,,,971.92,SIDEWAYS,1.735,6.94,bt_trades
2023-08-31,HAVELLS,75.4,,,,,,,,,1363.96,SIDEWAYS,0.0575,0.23,bt_trades
2023-08-31,ICICIBANK,75.1,,,,,,,,,943.29,SIDEWAYS,-0.48,-1.92,bt_trades
2023-08-31,ASHOKLEY,73.8,,,,,,,,,86.41,SIDEWAYS,-0.85,-3.4,bt_trades
2023-08-31,BHARATFORG,73.8,,,,,,,,,1055.27,SIDEWAYS,0.3125,1.25,bt_trades
2023-08-31,GMRAIRPORT,73.6,,,,,,,,,61.75,SIDEWAYS,-0.93,-3.72,bt_trades
2023-08-31,BOSCHLTD,73.6,,,,,,,,,18105.07,SIDEWAYS,0.255,1.02,bt_trades
2023-08-31,COALINDIA,73.3,,,,,,,,,191.19,SIDEWAYS,6.7225,26.89,bt_trades
2023-08-31,DLF,73.3,,,,,,,,,497.6,SIDEWAYS,1.7175,6.87,bt_trades
2023-08-31,CGPOWER,73.2,,,,,,,,,426.31,SIDEWAYS,0.8725,3.49,bt_trades
2023-08-31,EXIDEIND,72.2,,,,,,,,,264.43,SIDEWAYS,-0.6375,-2.55,bt_trades
2023-08-31,DRREDDY,71.8,,,,,,,,,1107.94,SIDEWAYS,-0.6525,-2.61,bt_trades
2023-08-31,INDHOTEL,71.3,,,,,,,,,418.41,SIDEWAYS,-0.47,-1.88,bt_trades
2023-08-31,IGL,71.2,,,,,,,,,220.58,SIDEWAYS,-0.3125,-1.25,bt_trades
2023-09-30,AXISBANK,82.8,,,,,,,,,1035.02,SIDEWAYS,-1.3225,-5.29,bt_trades
2023-09-30,AUROPHARMA,77.5,,,,,,,,,906.91,SIDEWAYS,-1.7725,-7.09,bt_trades
2023-09-30,HCLTECH,76.7,,,,,,,,,1129.38,SIDEWAYS,1.08,4.32,bt_trades
2023-09-30,COALINDIA,76.7,,,,,,,,,245.34,SIDEWAYS,1.6125,6.45,bt_trades
2023-09-30,BHARTIARTL,75.8,,,,,,,,,913.63,SIDEWAYS,-0.325,-1.3,bt_trades
2023-09-30,DRREDDY,73.8,,,,,,,,,1103.82,SIDEWAYS,-0.9825,-3.93,bt_trades
2023-09-30,DLF,73.4,,,,,,,,,524.05,SIDEWAYS,1.535,6.14,bt_trades
2023-09-30,INFY,72.4,,,,,,,,,1334.19,SIDEWAYS,-0.86,-3.44,bt_trades
2023-09-30,BOSCHLTD,71.4,,,,,,,,,18539.67,SIDEWAYS,0.5675,2.27,bt_trades
2023-09-30,GRASIM,70.8,,,,,,,,,1920.32,SIDEWAYS,-0.7175,-2.87,bt_trades
2023-09-30,INDIANB,70.3,,,,,,,,,403.86,SIDEWAYS,-0.2075,-0.83,bt_trades
2023-09-30,BAJFINANCE,70.2,,,,,,,,,772.41,SIDEWAYS,-1.0175,-4.07,bt_trades
2023-09-30,CANBK,70.2,,,,,,,,,70.73,SIDEWAYS,0.5375,2.15,bt_trades
2023-09-30,ICICIBANK,70.2,,,,,,,,,936.55,SIDEWAYS,-0.96,-3.84,bt_trades
2023-09-30,BAJAJ-AUTO,68.7,,,,,,,,,4898.73,SIDEWAYS,1.235,4.94,bt_trades
2023-09-30,DIVISLAB,68.3,,,,,,,,,3725.22,SIDEWAYS,-2.5025,-10.01,bt_trades
2023-09-30,ESCORTS,68.3,,,,,,,,,3127.97,SIDEWAYS,-0.4125,-1.65,bt_trades
2023-09-30,APOLLOHOSP,67.9,,,,,,,,,5104.68,SIDEWAYS,-1.5475,-6.19,bt_trades
2023-09-30,HINDALCO,67.2,,,,,,,,,486.28,SIDEWAYS,-1.6825,-6.73,bt_trades
2023-09-30,DIXON,67.0,,,,,,,,,5285.01,SIDEWAYS,-0.8875,-3.55,bt_trades
2023-10-30,HCLTECH,78.1,,,,,,,,,1167.83,SIDEWAYS,1.505,6.02,bt_trades
2023-10-30,COALINDIA,77.5,,,,,,,,,261.42,SIDEWAYS,3.44,13.76,bt_trades
2023-10-30,DLF,72.8,,,,,,,,,547.3,SIDEWAYS,3.22,12.88,bt_trades
2023-10-30,ICICIGI,71.7,,,,,,,,,1336.35,SIDEWAYS,2.3175,9.27,bt_trades
2023-10-30,BHARTIARTL,71.4,,,,,,,,,913.48,SIDEWAYS,2.3875,9.55,bt_trades
2023-10-30,ICICIBANK,69.6,,,,,,,,,909.98,SIDEWAYS,0.2725,1.09,bt_trades
2023-10-30,BSE,69.4,,,,,,,,,627.12,SIDEWAYS,7.63,30.52,bt_trades
2023-10-30,BAJAJ-AUTO,69.3,,,,,,,,,5135.94,SIDEWAYS,3.68,14.72,bt_trades
2023-10-30,CANBK,69.2,,,,,,,,,71.92,SIDEWAYS,1.3375,5.35,bt_trades
2023-10-30,COLPAL,68.9,,,,,,,,,1947.22,SIDEWAYS,2.015,8.06,bt_trades
2023-10-30,BOSCHLTD,67.8,,,,,,,,,18986.5,SIDEWAYS,2.7225,10.89,bt_trades
2023-10-30,ALKEM,67.3,,,,,,,,,3600.47,SIDEWAYS,6.9875,27.95,bt_trades
2023-10-30,CIPLA,67.3,,,,,,,,,1170.91,SIDEWAYS,0.395,1.58,bt_trades
2023-10-30,DRREDDY,66.9,,,,,,,,,1056.08,SIDEWAYS,2.07,8.28,bt_trades
2023-10-30,INDUSINDBK,66.5,,,,,,,,,1438.68,SIDEWAYS,0.1975,0.79,bt_trades
2023-10-30,INFY,64.8,,,,,,,,,1296.47,SIDEWAYS,1.4175,5.67,bt_trades
2023-10-30,BPCL,64.3,,,,,,,,,147.71,SIDEWAYS,6.4,25.6,bt_trades
2023-10-30,HEROMOTOCO,64.3,,,,,,,,,2848.1,SIDEWAYS,5.6975,22.79,bt_trades
2023-10-30,HINDUNILVR,63.0,,,,,,,,,2365.41,SIDEWAYS,0.86,3.44,bt_trades
2023-10-30,DIXON,62.9,,,,,,,,,5099.76,SIDEWAYS,1.9925,7.97,bt_trades
2023-11-29,DLF,86.1,,,,,,,,,629.42,BULL,3.37,13.48,bt_trades
2023-11-29,BPCL,85.0,,,,,,,,,182.52,BULL,2.61,10.44,bt_trades
2023-11-29,HEROMOTOCO,84.5,,,,,,,,,3430.97,BULL,2.48,9.92,bt_trades
2023-11-29,BOSCHLTD,83.7,,,,,,,,,21117.13,BULL,0.8875,3.55,bt_trades
2023-11-29,BAJAJ-AUTO,83.2,,,,,,,,,5872.19,BULL,2.6,10.4,bt_trades
2023-11-29,HAL,82.5,,,,,,,,,2276.62,BULL,5.1525,20.61,bt_trades
2023-11-29,COALINDIA,80.9,,,,,,,,,297.57,BULL,2.88,11.52,bt_trades
2023-11-29,BHARTIARTL,80.5,,,,,,,,,981.68,BULL,0.4425,1.77,bt_trades
2023-11-29,COLPAL,80.0,,,,,,,,,2115.96,BULL,3.1425,12.57,bt_trades
2023-11-29,ALKEM,79.5,,,,,,,,,4454.33,BULL,3.025,12.1,bt_trades
2023-11-29,HCLTECH,79.2,,,,,,,,,1231.73,BULL,2.8075,11.23,bt_trades
2023-11-29,DRREDDY,79.0,,,,,,,,,1129.18,BULL,0.465,1.86,bt_trades
2023-11-29,GMRAIRPORT,77.4,,,,,,,,,60.3,BULL,8.3125,33.25,bt_trades
2023-11-29,COFORGE,75.5,,,,,,,,,1111.61,BULL,2.185,8.74,bt_trades
2023-11-29,ICICIGI,75.4,,,,,,,,,1421.3,BULL,-0.06,-0.24,bt_trades
2023-11-29,BHEL,75.3,,,,,,,,,164.57,BULL,5.0125,20.05,bt_trades
2023-11-29,AUROPHARMA,74.8,,,,,,,,,1016.16,BULL,1.4375,5.75,bt_trades
2023-11-29,IOC,74.8,,,,,,,,,97.72,BULL,5.01,20.04,bt_trades
2023-11-29,COCHINSHIP,73.7,,,,,,,,,572.28,BULL,4.2675,17.07,bt_trades
2023-11-29,HDFCBANK,73.6,,,,,,,,,758.82,BULL,2.2275,8.91,bt_trades
2023-12-29,DLF,82.5,,,,,,,,,717.03,SIDEWAYS,1.41,5.64,bt_trades
2023-12-29,HDFCBANK,81.5,,,,,,,,,831.87,SIDEWAYS,-2.5125,-10.05,bt_trades
2023-12-29,COLPAL,80.5,,,,,,,,,2423.75,SIDEWAYS,-0.03,-0.12,bt_trades
2023-12-29,ALKEM,79.4,,,,,,,,,5073.97,SIDEWAYS,-1.0925,-4.37,bt_trades
2023-12-29,BAJAJ-AUTO,79.2,,,,,,,,,6575.8,SIDEWAYS,2.765,11.06,bt_trades
2023-12-29,HEROMOTOCO,78.4,,,,,,,,,3790.52,SIDEWAYS,2.7425,10.97,bt_trades
2023-12-29,HINDALCO,78.2,,,,,,,,,606.89,SIDEWAYS,-2.9875,-11.95,bt_trades
2023-12-29,HCLTECH,78.0,,,,,,,,,1353.75,SIDEWAYS,2.0575,8.23,bt_trades
2023-12-29,BRITANNIA,77.2,,,,,,,,,5201.69,SIDEWAYS,-0.945,-3.78,bt_trades
2023-12-29,ASIANPAINT,77.2,,,,,,,,,3328.08,SIDEWAYS,-2.555,-10.22,bt_trades
2023-12-29,COALINDIA,77.2,,,,,,,,,326.82,SIDEWAYS,2.4475,9.79,bt_trades
2023-12-29,GODREJCP,77.1,,,,,,,,,1091.22,SIDEWAYS,0.815,3.26,bt_trades
2023-12-29,BANKBARODA,76.9,,,,,,,,,217.33,SIDEWAYS,0.34,1.36,bt_trades
2023-12-29,BOSCHLTD,76.6,,,,,,,,,21643.4,SIDEWAYS,1.1775,4.71,bt_trades
2023-12-29,BEL,76.4,,,,,,,,,180.16,SIDEWAYS,0.91,3.64,bt_trades
2023-12-29,BHARTIARTL,75.8,,,,,,,,,1017.97,SIDEWAYS,3.1475,12.59,bt_trades
2023-12-29,EXIDEIND,75.2,,,,,,,,,315.02,SIDEWAYS,-0.2,-0.8,bt_trades
2023-12-29,HINDUNILVR,74.5,,,,,,,,,2560.63,SIDEWAYS,-2.7075,-10.83,bt_trades
2023-12-29,HAL,74.5,,,,,,,,,2724.09,SIDEWAYS,1.5425,6.17,bt_trades
2023-12-29,GAIL,74.0,,,,,,,,,146.04,SIDEWAYS,1.4875,5.95,bt_trades
2024-01-28,BHARTIARTL,83.2,,,,,,,,,1144.55,SIDEWAYS,-0.685,-2.74,bt_trades
2024-01-28,INDIANB,81.6,,,,,,,,,439.18,SIDEWAYS,3.74,14.96,bt_trades
2024-01-28,HCLTECH,80.3,,,,,,,,,1442.49,SIDEWAYS,1.64,6.56,bt_trades
2024-01-28,BAJAJ-AUTO,79.9,,,,,,,,,7349.97,SIDEWAYS,1.945,7.78,bt_trades
2024-01-28,HEROMOTOCO,77.5,,,,,,,,,4067.6,SIDEWAYS,0.1625,0.65,bt_trades
2024-01-28,CUMMINSIND,76.9,,,,,,,,,2092.72,SIDEWAYS,6.6075,26.43,bt_trades
2024-01-28,APOLLOHOSP,76.9,,,,,,,,,6129.15,SIDEWAYS,0.8075,3.23,bt_trades
2024-01-28,BEL,75.7,,,,,,,,,185.54,SIDEWAYS,2.205,8.82,bt_trades
2024-01-28,INFY,75.1,,,,,,,,,1571.43,SIDEWAYS,0.0325,0.13,bt_trades
2024-01-28,APOLLOTYRE,73.8,,,,,,,,,502.8,SIDEWAYS,-0.4875,-1.95,bt_trades
2024-01-28,COALINDIA,73.8,,,,,,,,,338.47,SIDEWAYS,3.1975,12.79,bt_trades
2024-01-28,DRREDDY,72.9,,,,,,,,,1156.87,SIDEWAYS,2.445,9.78,bt_trades
2024-01-28,HAL,72.5,,,,,,,,,2821.05,SIDEWAYS,1.7575,7.03,bt_trades
2024-01-28,ADANIPORTS,72.4,,,,,,,,,1135.88,SIDEWAYS,3.34,13.36,bt_trades
2024-01-28,MAHABANK,72.4,,,,,,,,,49.91,SIDEWAYS,2.13,8.52,bt_trades
2024-01-28,CIPLA,72.0,,,,,,,,,1343.78,SIDEWAYS,1.96,7.84,bt_trades
2024-01-28,CANBK,72.0,,,,,,,,,87.47,SIDEWAYS,4.575,18.3,bt_trades
2024-01-28,BOSCHLTD,71.5,,,,,,,,,22204.38,SIDEWAYS,6.315,25.26,bt_trades
2024-01-28,ACC,71.4,,,,,,,,,2450.74,SIDEWAYS,1.07,4.28,bt_trades
2024-01-28,AUROPHARMA,71.2,,,,,,,,,1144.89,SIDEWAYS,-2.88,-11.52,bt_trades
2024-02-27,ICICIGI,86.9,,,,,,,,,1703.61,BULL,-0.4175,-1.67,bt_trades
2024-02-27,HAVELLS,85.5,,,,,,,,,1450.66,BULL,0.77,3.08,bt_trades
2024-02-27,DLF,80.3,,,,,,,,,904.58,BULL,-2.53,-10.12,bt_trades
2024-02-27,ADANIPORTS,80.3,,,,,,,,,1317.36,BULL,0.8725,3.49,bt_trades
2024-02-27,HDFCAMC,79.6,,,,,,,,,1882.56,BULL,-0.76,-3.04,bt_trades
2024-02-27,CIPLA,78.2,,,,,,,,,1459.35,BULL,0.1875,0.75,bt_trades
2024-02-27,DRREDDY,78.1,,,,,,,,,1274.24,BULL,-0.7725,-3.09,bt_trades
2024-02-27,BOSCHLTD,76.9,,,,,,,,,28341.18,BULL,1.2275,4.91,bt_trades
2024-02-27,DIXON,76.6,,,,,,,,,6755.83,BULL,3.0725,12.29,bt_trades
2024-02-27,BAJAJ-AUTO,76.3,,,,,,,,,8187.76,BULL,1.71,6.84,bt_trades
2024-02-27,BEL,76.2,,,,,,,,,201.62,BULL,0.7925,3.17,bt_trades
2024-02-27,BAJAJHLDNG,76.0,,,,,,,,,8569.52,BULL,-0.8475,-3.39,bt_trades
2024-02-27,HCLTECH,75.3,,,,,,,,,1543.5,BULL,-1.54,-6.16,bt_trades
2024-02-27,CUMMINSIND,73.8,,,,,,,,,2684.35,BULL,2.2625,9.05,bt_trades
2024-02-27,CANBK,73.3,,,,,,,,,107.51,BULL,0.75,3.0,bt_trades
2024-02-27,AMBUJACEM,72.5,,,,,,,,,599.34,BULL,0.7525,3.01,bt_trades
2024-02-27,INDHOTEL,72.4,,,,,,,,,585.76,BULL,0.515,2.06,bt_trades
2024-02-27,ASTRAL,72.3,,,,,,,,,2085.27,BULL,-0.7825,-3.13,bt_trades
2024-02-27,ACC,72.0,,,,,,,,,2651.1,BULL,-2.625,-10.5,bt_trades
2024-02-27,GODREJPROP,72.0,,,,,,,,,2493.05,BULL,-2.885,-11.54,bt_trades
2024-03-28,ABB,81.3,,,,,,,,,6279.19,SIDEWAYS,0.3575,1.43,bt_trades
2024-03-28,CUMMINSIND,80.9,,,,,,,,,2930.11,SIDEWAYS,2.49,9.96,bt_trades
2024-03-28,DMART,75.2,,,,,,,,,4525.6,SIDEWAYS,-0.23,-0.92,bt_trades
2024-03-28,CIPLA,75.0,,,,,,,,,1468.68,SIDEWAYS,-2.525,-10.1,bt_trades
2024-03-28,BHARTIARTL,74.5,,,,,,,,,1211.66,SIDEWAYS,2.1125,8.45,bt_trades
2024-03-28,ICICIBANK,74.4,,,,,,,,,1075.67,SIDEWAYS,1.5275,6.11,bt_trades
2024-03-28,ICICIGI,72.4,,,,,,,,,1661.93,SIDEWAYS,0.315,1.26,bt_trades
2024-03-28,BAJFINANCE,71.4,,,,,,,,,716.48,SIDEWAYS,-1.445,-5.78,bt_trades
2024-03-28,BAJAJ-AUTO,71.4,,,,,,,,,8850.1,SIDEWAYS,-1.06,-4.24,bt_trades
2024-03-28,DRREDDY,70.9,,,,,,,,,1216.61,SIDEWAYS,0.565,2.26,bt_trades
2024-03-28,HDFCLIFE,70.8,,,,,,,,,629.46,SIDEWAYS,-2.3,-9.2,bt_trades
2024-03-28,ICICIPRULI,70.8,,,,,,,,,607.22,SIDEWAYS,-2.0025,-8.01,bt_trades
2024-03-28,ADANIPORTS,70.6,,,,,,,,,1329.65,SIDEWAYS,-0.4575,-1.83,bt_trades
2024-03-28,CGPOWER,70.5,,,,,,,,,538.64,SIDEWAYS,0.84,3.36,bt_trades
2024-03-28,DIXON,69.8,,,,,,,,,7473.25,SIDEWAYS,3.3125,13.25,bt_trades
2024-03-28,NAUKRI,69.3,,,,,,,,,1107.62,SIDEWAYS,2.1325,8.53,bt_trades
2024-03-28,BOSCHLTD,69.0,,,,,,,,,29485.86,SIDEWAYS,-0.62,-2.48,bt_trades
2024-03-28,INDIGO,68.9,,,,,,,,,3542.66,SIDEWAYS,2.67,10.68,bt_trades
2024-03-28,INDUSTOWER,68.7,,,,,,,,,291.15,SIDEWAYS,5.225,20.9,bt_trades
2024-03-28,GRASIM,68.2,,,,,,,,,2270.29,SIDEWAYS,1.085,4.34,bt_trades
2024-04-27,HINDALCO,81.5,,,,,,,,,640.9,SIDEWAYS,1.2325,4.93,bt_trades
2024-04-27,HAL,80.8,,,,,,,,,3899.24,SIDEWAYS,6.4975,25.99,bt_trades
2024-04-27,BHARTIARTL,79.5,,,,,,,,,1307.72,SIDEWAYS,0.85,3.4,bt_trades
2024-04-27,BHEL,78.5,,,,,,,,,278.03,SIDEWAYS,1.135,4.54,bt_trades
2024-04-27,CONCOR,78.2,,,,,,,,,1036.42,SIDEWAYS,0.2975,1.19,bt_trades
2024-04-27,BEL,77.7,,,,,,,,,235.44,SIDEWAYS,5.2475,20.99,bt_trades
2024-04-27,HAVELLS,77.4,,,,,,,,,1619.41,SIDEWAYS,3.745,14.98,bt_trades
2024-04-27,ICICIBANK,77.2,,,,,,,,,1090.03,SIDEWAYS,0.43,1.72,bt_trades
2024-04-27,DIVISLAB,76.7,,,,,,,,,3973.76,SIDEWAYS,2.34,9.36,bt_trades
2024-04-27,EICHERMOT,76.2,,,,,,,,,4492.33,SIDEWAYS,0.9225,3.69,bt_trades
2024-04-27,INDUSTOWER,76.2,,,,,,,,,353.3,SIDEWAYS,-0.8425,-3.37,bt_trades
2024-04-27,GLENMARK,76.1,,,,,,,,,1075.17,SIDEWAYS,1.8725,7.49,bt_trades
2024-04-27,DIXON,75.6,,,,,,,,,8573.27,SIDEWAYS,1.5075,6.03,bt_trades
2024-04-27,BIOCON,75.4,,,,,,,,,305.57,SIDEWAYS,0.925,3.7,bt_trades
2024-04-27,DRREDDY,74.4,,,,,,,,,1235.22,SIDEWAYS,-1.1475,-4.59,bt_trades
2024-04-27,MAHABANK,73.9,,,,,,,,,63.23,SIDEWAYS,0.9975,3.99,bt_trades
2024-04-27,AXISBANK,73.6,,,,,,,,,1128.46,SIDEWAYS,1.175,4.7,bt_trades
2024-04-27,GAIL,72.7,,,,,,,,,193.3,SIDEWAYS,-0.9075,-3.63,bt_trades
2024-04-27,AMBUJACEM,72.1,,,,,,,,,628.15,SIDEWAYS,-0.1075,-0.43,bt_trades
2024-04-27,CANBK,71.8,,,,,,,,,116.1,SIDEWAYS,-2.9175,-11.67,bt_trades
2024-05-27,CUMMINSIND,82.4,,,,,,,,,3708.87,SIDEWAYS,-3.675,-14.7,bt_trades
2024-05-27,HAVELLS,82.2,,,,,,,,,1863.55,SIDEWAYS,-0.3775,-1.51,bt_trades
2024-05-27,AXISBANK,80.1,,,,,,,,,1185.07,SIDEWAYS,2.1475,8.59,bt_trades
2024-05-27,BHARTIARTL,79.8,,,,,,,,,1365.26,SIDEWAYS,1.6525,6.61,bt_trades
2024-05-27,ESCORTS,78.1,,,,,,,,,3785.85,SIDEWAYS,1.8875,7.55,bt_trades
2024-05-27,DIVISLAB,77.9,,,,,,,,,4210.12,SIDEWAYS,1.57,6.28,bt_trades
2024-05-27,EICHERMOT,75.9,,,,,,,,,4680.09,SIDEWAYS,-0.415,-1.66,bt_trades
2024-05-27,ADANIPORTS,75.7,,,,,,,,,1418.63,SIDEWAYS,-3.19,-12.76,bt_trades
2024-05-27,HAL,74.9,,,,,,,,,5032.45,SIDEWAYS,-3.9325,-15.73,bt_trades
2024-05-27,HEROMOTOCO,74.4,,,,,,,,,4757.26,SIDEWAYS,1.9725,7.89,bt_trades
2024-05-27,EXIDEIND,73.6,,,,,,,,,489.95,SIDEWAYS,3.635,14.54,bt_trades
2024-05-27,HINDALCO,73.5,,,,,,,,,669.08,SIDEWAYS,0.2725,1.09,bt_trades
2024-05-27,MAHABANK,73.3,,,,,,,,,67.47,SIDEWAYS,-2.585,-10.34,bt_trades
2024-05-27,BOSCHLTD,73.1,,,,,,,,,30993.12,SIDEWAYS,2.52,10.08,bt_trades
2024-05-27,AMBUJACEM,71.5,,,,,,,,,628.3,SIDEWAYS,-3.0,-12.0,bt_trades
2024-05-27,ICICIBANK,71.4,,,,,,,,,1111.58,SIDEWAYS,1.9925,7.97,bt_trades
2024-05-27,HDFCAMC,71.2,,,,,,,,,1890.3,SIDEWAYS,-2.95,-11.8,bt_trades
2024-05-27,DABUR,70.6,,,,,,,,,553.57,SIDEWAYS,1.405,5.62,bt_trades
2024-05-27,AUROPHARMA,70.4,,,,,,,,,1191.88,SIDEWAYS,-0.17,-0.68,bt_trades
2024-05-27,GLENMARK,70.4,,,,,,,,,1115.11,SIDEWAYS,2.2625,9.05,bt_trades
2024-06-26,ICICIBANK,74.7,,,,,,,,,1198.36,BULL,-0.11,-0.44,bt_trades
2024-06-26,HDFCBANK,73.7,,,,,,,,,839.4,BULL,-1.4175,-5.67,bt_trades
2024-06-26,BOSCHLTD,73.6,,,,,,,,,33529.16,BULL,0.7,2.8,bt_trades
2024-06-26,AXISBANK,73.4,,,,,,,,,1283.31,BULL,-2.225,-8.9,bt_trades
2024-06-26,ESCORTS,73.3,,,,,,,,,4174.7,BULL,-0.5125,-2.05,bt_trades
2024-06-26,BHARTIHEXA,72.8,,,,,,,,,1245.83,BULL,-2.79,-11.16,bt_trades
2024-06-26,ASTRAL,70.8,,,,,,,,,2394.54,BULL,-2.1125,-8.45,bt_trades
2024-06-26,ICICIGI,70.4,,,,,,,,,1769.41,BULL,2.5325,10.13,bt_trades
2024-06-26,APOLLOTYRE,70.1,,,,,,,,,502.95,BULL,1.9475,7.79,bt_trades
2024-06-26,NAUKRI,70.0,,,,,,,,,1336.59,BULL,1.34,5.36,bt_trades
2024-06-26,BHARTIARTL,69.7,,,,,,,,,1439.38,BULL,0.375,1.5,bt_trades
2024-06-26,BAJAJHLDNG,69.5,,,,,,,,,8373.17,BULL,3.42,13.68,bt_trades
2024-06-26,INFY,68.8,,,,,,,,,1479.57,BULL,5.36,21.44,bt_trades
2024-06-26,GRASIM,68.2,,,,,,,,,2533.26,BULL,2.7025,10.81,bt_trades
2024-06-26,HCLTECH,67.5,,,,,,,,,1361.39,BULL,3.4825,13.93,bt_trades
2024-06-26,EXIDEIND,67.1,,,,,,,,,563.05,BULL,-0.6225,-2.49,bt_trades
2024-06-26,HAVELLS,66.5,,,,,,,,,1900.29,BULL,-1.0525,-4.21,bt_trades
2024-06-26,INDHOTEL,65.4,,,,,,,,,648.04,BULL,-2.6025,-10.41,bt_trades
2024-06-26,DRREDDY,65.3,,,,,,,,,1199.26,BULL,3.3375,13.35,bt_trades
2024-06-26,GMRAIRPORT,65.0,,,,,,,,,98.28,BULL,-0.2625,-1.05,bt_trades
2024-07-26,INFY,91.2,,,,,,,,,1804.35,BULL,-0.0375,-0.15,bt_trades
2024-07-26,HCLTECH,86.1,,,,,,,,,1553.93,BULL,1.285,5.14,bt_trades
2024-07-26,DRREDDY,83.3,,,,,,,,,1367.06,BULL,0.235,0.94,bt_trades
2024-07-26,COLPAL,81.9,,,,,,,,,3073.44,BULL,3.3975,13.59,bt_trades
2024-07-26,ITC,80.8,,,,,,,,,457.85,BULL,0.175,0.7,bt_trades
2024-07-26,HDFCLIFE,80.0,,,,,,,,,701.41,BULL,0.7925,3.17,bt_trades
2024-07-26,ICICIGI,78.7,,,,,,,,,1948.05,BULL,1.97,7.88,bt_trades
2024-07-26,CIPLA,78.3,,,,,,,,,1545.25,BULL,0.515,2.06,bt_trades
2024-07-26,GLENMARK,76.6,,,,,,,,,1432.83,BULL,4.4525,17.81,bt_trades
2024-07-26,INDUSTOWER,75.2,,,,,,,,,444.85,BULL,-0.6525,-2.61,bt_trades
2024-07-26,ICICIPRULI,74.9,,,,,,,,,723.94,BULL,-0.0575,-0.23,bt_trades
2024-07-26,AUROPHARMA,74.6,,,,,,,,,1381.02,BULL,2.915,11.66,bt_trades
2024-07-26,BHARTIARTL,74.0,,,,,,,,,1493.52,BULL,0.125,0.5,bt_trades
2024-07-26,EICHERMOT,73.9,,,,,,,,,4894.11,BULL,-0.415,-1.66,bt_trades
2024-07-26,HINDUNILVR,73.3,,,,,,,,,2631.29,BULL,1.015,4.06,bt_trades
2024-07-26,FEDERALBNK,72.7,,,,,,,,,195.65,BULL,0.24,0.96,bt_trades
2024-07-26,COALINDIA,71.3,,,,,,,,,448.27,BULL,1.65,6.6,bt_trades
2024-07-26,NAUKRI,70.9,,,,,,,,,1423.63,BULL,1.1275,4.51,bt_trades
2024-07-26,IGL,70.5,,,,,,,,,257.54,BULL,-0.71,-2.84,bt_trades
2024-07-26,COFORGE,70.3,,,,,,,,,1247.16,BULL,-1.18,-4.72,bt_trades
2024-08-25,HINDUNILVR,81.7,,,,,,,,,2732.77,SIDEWAYS,1.185,4.74,bt_trades
2024-08-25,COLPAL,81.0,,,,,,,,,3429.08,SIDEWAYS,1.03,4.12,bt_trades
2024-08-25,AUROPHARMA,80.5,,,,,,,,,1532.45,SIDEWAYS,-0.185,-0.74,bt_trades
2024-08-25,BAJAJ-AUTO,80.4,,,,,,,,,10149.23,SIDEWAYS,4.7825,19.13,bt_trades
2024-08-25,GLENMARK,80.0,,,,,,,,,1680.12,SIDEWAYS,0.0725,0.29,bt_trades
2024-08-25,HCLTECH,80.0,,,,,,,,,1578.73,SIDEWAYS,1.82,7.28,bt_trades
2024-08-25,ITC,79.6,,,,,,,,,461.14,SIDEWAYS,0.58,2.32,bt_trades
2024-08-25,ICICIGI,79.4,,,,,,,,,2076.28,SIDEWAYS,2.04,8.16,bt_trades
2024-08-25,ALKEM,78.7,,,,,,,,,5653.79,SIDEWAYS,2.055,8.22,bt_trades
2024-08-25,INFY,78.3,,,,,,,,,1788.22,SIDEWAYS,0.445,1.78,bt_trades
2024-08-25,CIPLA,76.1,,,,,,,,,1557.91,SIDEWAYS,1.09,4.36,bt_trades
2024-08-25,DRREDDY,76.1,,,,,,,,,1382.13,SIDEWAYS,-0.945,-3.78,bt_trades
2024-08-25,DIXON,74.1,,,,,,,,,13259.91,SIDEWAYS,1.7075,6.83,bt_trades
2024-08-25,BHARTIARTL,73.3,,,,,,,,,1494.26,SIDEWAYS,4.2075,16.83,bt_trades
2024-08-25,BAJAJHLDNG,72.1,,,,,,,,,9746.93,SIDEWAYS,2.22,8.88,bt_trades
2024-08-25,ICICIBANK,72.1,,,,,,,,,1194.28,SIDEWAYS,2.5,10.0,bt_trades
2024-08-25,INDUSTOWER,71.6,,,,,,,,,434.35,SIDEWAYS,-2.565,-10.26,bt_trades
2024-08-25,HDFCAMC,71.5,,,,,,,,,2152.48,SIDEWAYS,0.4875,1.95,bt_trades
2024-08-25,HDFCLIFE,70.7,,,,,,,,,726.99,SIDEWAYS,-0.4275,-1.71,bt_trades
2024-08-25,DABUR,69.8,,,,,,,,,630.26,SIDEWAYS,-0.6325,-2.53,bt_trades
2024-09-24,BAJAJ-AUTO,83.0,,,,,,,,,12136.07,BULL,-4.67,-18.68,bt_trades
2024-09-24,BHARTIARTL,82.6,,,,,,,,,1742.09,BULL,-1.29,-5.16,bt_trades
2024-09-24,ESCORTS,80.8,,,,,,,,,4290.09,BULL,-2.8725,-11.49,bt_trades
2024-09-24,HEROMOTOCO,79.3,,,,,,,,,5774.77,BULL,-2.55,-10.2,bt_trades
2024-09-24,ICICIBANK,77.2,,,,,,,,,1308.5,BULL,-1.1975,-4.79,bt_trades
2024-09-24,HDFCBANK,76.5,,,,,,,,,872.24,BULL,-0.3475,-1.39,bt_trades
2024-09-24,COLPAL,75.6,,,,,,,,,3575.16,BULL,-3.185,-12.74,bt_trades
2024-09-24,BOSCHLTD,75.3,,,,,,,,,36211.81,BULL,-0.525,-2.1,bt_trades
2024-09-24,AXISBANK,73.6,,,,,,,,,1238.49,BULL,-1.0125,-4.05,bt_trades
2024-09-24,HAVELLS,73.2,,,,,,,,,2048.73,BULL,-3.175,-12.7,bt_trades
2024-09-24,COFORGE,73.0,,,,,,,,,1379.96,BULL,2.7225,10.89,bt_trades
2024-09-24,DMART,72.7,,,,,,,,,5391.45,BULL,-3.0325,-12.13,bt_trades
2024-09-24,DIVISLAB,72.0,,,,,,,,,5351.43,BULL,1.8825,7.53,bt_trades
2024-09-24,DIXON,71.6,,,,,,,,,14334.47,BULL,-0.7025,-2.81,bt_trades
2024-09-24,HCLTECH,71.6,,,,,,,,,1687.2,BULL,1.2525,5.01,bt_trades
2024-09-24,DLF,71.3,,,,,,,,,910.34,BULL,-2.7775,-11.11,bt_trades
2024-09-24,CIPLA,71.1,,,,,,,,,1620.24,BULL,-2.27,-9.08,bt_trades
2024-09-24,BRITANNIA,70.6,,,,,,,,,6122.91,BULL,-2.15,-8.6,bt_trades
2024-09-24,HINDUNILVR,70.6,,,,,,,,,2863.75,BULL,-3.775,-15.1,bt_trades
2024-09-24,INFY,70.5,,,,,,,,,1823.27,BULL,-0.4825,-1.93,bt_trades
2024-10-24,HCLTECH,83.1,,,,,,,,,1764.53,SIDEWAYS,0.635,2.54,bt_trades
2024-10-24,HDFCBANK,71.3,,,,,,,,,863.16,SIDEWAYS,0.5125,2.05,bt_trades
2024-10-24,DRREDDY,71.3,,,,,,,,,1308.24,SIDEWAYS,-2.0375,-8.15,bt_trades
2024-10-24,BHARTIARTL,70.6,,,,,,,,,1664.53,SIDEWAYS,-1.485,-5.94,bt_trades
2024-10-24,ICICIBANK,69.6,,,,,,,,,1243.16,SIDEWAYS,0.9625,3.85,bt_trades
2024-10-24,COFORGE,68.8,,,,,,,,,1522.18,SIDEWAYS,2.9625,11.85,bt_trades
2024-10-24,DIXON,68.6,,,,,,,,,15048.6,SIDEWAYS,1.1125,4.45,bt_trades
2024-10-24,INFY,68.0,,,,,,,,,1789.42,SIDEWAYS,0.6425,2.57,bt_trades
2024-10-24,ICICIPRULI,65.3,,,,,,,,,766.98,SIDEWAYS,-2.605,-10.42,bt_trades
2024-10-24,DIVISLAB,64.4,,,,,,,,,5710.65,SIDEWAYS,1.75,7.0,bt_trades
2024-10-24,APOLLOHOSP,62.7,,,,,,,,,6926.26,SIDEWAYS,0.435,1.74,bt_trades
2024-10-24,BOSCHLTD,61.2,,,,,,,,,35566.37,SIDEWAYS,-0.6975,-2.79,bt_trades
2024-10-24,AUROPHARMA,61.0,,,,,,,,,1436.81,SIDEWAYS,-2.655,-10.62,bt_trades
2024-10-24,HDFCLIFE,60.7,,,,,,,,,712.88,SIDEWAYS,-1.05,-4.2,bt_trades
2024-10-24,ALKEM,60.5,,,,,,,,,5857.29,SIDEWAYS,-2.025,-8.1,bt_trades
2024-10-24,BAJAJHLDNG,60.2,,,,,,,,,10047.18,SIDEWAYS,1.1725,4.69,bt_trades
2024-10-24,GRASIM,59.3,,,,,,,,,2657.03,SIDEWAYS,-0.345,-1.38,bt_trades
2024-10-24,BHARTIHEXA,58.5,,,,,,,,,1457.02,SIDEWAYS,-2.4325,-9.73,bt_trades
2024-10-24,HINDZINC,58.4,,,,,,,,,528.98,SIDEWAYS,-1.9,-7.6,bt_trades
2024-10-24,EICHERMOT,57.0,,,,,,,,,4608.74,SIDEWAYS,1.7875,7.15,bt_trades
2024-11-23,COFORGE,81.5,,,,,,,,,1646.43,SIDEWAYS,3.2,12.8,bt_trades
2024-11-23,HCLTECH,80.4,,,,,,,,,1815.7,SIDEWAYS,-0.02,-0.08,bt_trades
2024-11-23,INFY,78.3,,,,,,,,,1847.57,SIDEWAYS,0.09,0.36,bt_trades
2024-11-23,DIVISLAB,72.0,,,,,,,,,5971.16,SIDEWAYS,-0.9,-3.6,bt_trades
2024-11-23,HDFCBANK,71.4,,,,,,,,,861.16,SIDEWAYS,0.7525,3.01,bt_trades
2024-11-23,ICICIBANK,70.4,,,,,,,,,1268.26,SIDEWAYS,0.375,1.5,bt_trades
2024-11-23,INDHOTEL,68.8,,,,,,,,,796.71,SIDEWAYS,1.99,7.96,bt_trades
2024-11-23,BAJAJHLDNG,67.6,,,,,,,,,10385.81,SIDEWAYS,1.41,5.64,bt_trades
2024-11-23,FEDERALBNK,66.7,,,,,,,,,208.11,SIDEWAYS,-1.51,-6.04,bt_trades
2024-11-23,AXISBANK,64.2,,,,,,,,,1141.42,SIDEWAYS,-1.39,-5.56,bt_trades
2024-11-23,BHARTIARTL,64.0,,,,,,,,,1556.29,SIDEWAYS,0.2325,0.93,bt_trades
2024-11-23,EICHERMOT,63.8,,,,,,,,,4922.37,SIDEWAYS,-0.97,-3.88,bt_trades
2024-11-23,ASHOKLEY,61.7,,,,,,,,,109.29,SIDEWAYS,-0.455,-1.82,bt_trades
2024-11-23,ITC,60.9,,,,,,,,,432.74,SIDEWAYS,0.2,0.8,bt_trades
2024-11-23,NAUKRI,60.8,,,,,,,,,1589.74,SIDEWAYS,2.1025,8.41,bt_trades
2024-11-23,DIXON,59.5,,,,,,,,,15341.87,SIDEWAYS,4.145,16.58,bt_trades
2024-11-23,DRREDDY,58.7,,,,,,,,,1206.8,SIDEWAYS,2.81,11.24,bt_trades
2024-11-23,ALKEM,58.7,,,,,,,,,5486.25,SIDEWAYS,-0.7925,-3.17,bt_trades
2024-11-23,APOLLOHOSP,58.4,,,,,,,,,6907.28,SIDEWAYS,1.1,4.4,bt_trades
2024-11-23,GRASIM,58.3,,,,,,,,,2589.23,SIDEWAYS,-0.9325,-3.73,bt_trades
2024-12-23,DRREDDY,83.1,,,,,,,,,1332.9,SIDEWAYS,-0.9675,-3.87,bt_trades
2024-12-23,COFORGE,81.7,,,,,,,,,1859.72,SIDEWAYS,-3.045,-12.18,bt_trades
2024-12-23,HCLTECH,78.2,,,,,,,,,1820.1,SIDEWAYS,-1.02,-4.08,bt_trades
2024-12-23,INFY,76.8,,,,,,,,,1868.99,SIDEWAYS,-0.765,-3.06,bt_trades
2024-12-23,INDHOTEL,75.9,,,,,,,,,856.88,SIDEWAYS,-3.005,-12.02,bt_trades
2024-12-23,DIXON,74.7,,,,,,,,,17990.44,SIDEWAYS,-3.005,-12.02,bt_trades
2024-12-23,ICICIBANK,72.6,,,,,,,,,1286.87,SIDEWAYS,-1.8325,-7.33,bt_trades
2024-12-23,NAUKRI,71.8,,,,,,,,,1713.91,SIDEWAYS,-3.975,-15.9,bt_trades
2024-12-23,HDFCBANK,70.4,,,,,,,,,888.49,SIDEWAYS,-1.89,-7.56,bt_trades
2024-12-23,BAJAJHLDNG,70.1,,,,,,,,,11038.11,SIDEWAYS,0.1875,0.75,bt_trades
2024-12-23,APOLLOHOSP,69.6,,,,,,,,,7235.96,SIDEWAYS,-1.185,-4.74,bt_trades
2024-12-23,ITC,69.4,,,,,,,,,432.37,SIDEWAYS,-0.9,-3.6,bt_trades
2024-12-23,APOLLOTYRE,65.6,,,,,,,,,522.82,SIDEWAYS,-2.655,-10.62,bt_trades
2024-12-23,EICHERMOT,65.1,,,,,,,,,4689.74,SIDEWAYS,1.925,7.7,bt_trades
2024-12-23,ALKEM,64.0,,,,,,,,,5386.57,SIDEWAYS,-1.36,-5.44,bt_trades
2024-12-23,DLF,63.5,,,,,,,,,838.12,SIDEWAYS,-2.7275,-10.91,bt_trades
2024-12-23,ICICIGI,62.1,,,,,,,,,1849.1,SIDEWAYS,-0.375,-1.5,bt_trades
2024-12-23,BHARTIHEXA,61.4,,,,,,,,,1480.89,SIDEWAYS,-2.765,-11.06,bt_trades
2024-12-23,CIPLA,61.2,,,,,,,,,1460.45,SIDEWAYS,-0.4225,-1.69,bt_trades
2024-12-23,INDIGO,61.0,,,,,,,,,4432.46,SIDEWAYS,-2.505,-10.02,bt_trades
2025-01-22,BHARTIARTL,72.4,,,,,,,,,1618.22,BEAR,-0.4675,-1.87,bt_trades
2025-01-22,DRREDDY,66.5,,,,,,,,,1288.08,BEAR,-2.515,-10.06,bt_trades
2025-01-22,INFY,65.8,,,,,,,,,1803.09,BEAR,-1.2425,-4.97,bt_trades
2025-01-22,ESCORTS,65.5,,,,,,,,,3522.14,BEAR,-3.0875,-12.35,bt_trades
2025-01-22,CIPLA,63.9,,,,,,,,,1424.19,BEAR,0.6475,2.59,bt_trades
2025-01-22,BRITANNIA,63.8,,,,,,,,,4892.58,BEAR,-0.7675,-3.07,bt_trades
2025-01-22,HDFCBANK,63.7,,,,,,,,,821.92,BEAR,0.165,0.66,bt_trades
2025-01-22,ICICIBANK,63.5,,,,,,,,,1191.26,BEAR,0.3725,1.49,bt_trades
2025-01-22,HCLTECH,61.4,,,,,,,,,1765.82,BEAR,-2.5125,-10.05,bt_trades
2025-01-22,BAJFINANCE,61.0,,,,,,,,,735.18,BEAR,3.2375,12.95,bt_trades
2025-01-22,EICHERMOT,60.8,,,,,,,,,4945.57,BEAR,0.005,0.02,bt_trades
2025-01-22,ICICIGI,60.7,,,,,,,,,1837.03,BEAR,-1.88,-7.52,bt_trades
2025-01-22,BAJAJFINSV,59.3,,,,,,,,,1742.45,BEAR,1.6425,6.57,bt_trades
2025-01-22,ITC,59.2,,,,,,,,,413.75,BEAR,-1.645,-6.58,bt_trades
2025-01-22,DABUR,58.8,,,,,,,,,512.63,BEAR,-0.71,-2.84,bt_trades
2025-01-22,ALKEM,58.7,,,,,,,,,5061.87,BEAR,-2.455,-9.82,bt_trades
2025-01-22,HINDUNILVR,58.6,,,,,,,,,2300.48,BEAR,-1.0825,-4.33,bt_trades
2025-01-22,HYUNDAI,58.6,,,,,,,,,1686.17,BEAR,1.35,5.4,bt_trades
2025-01-22,BIOCON,58.5,,,,,,,,,387.53,BEAR,-2.61,-10.44,bt_trades
2025-01-22,DIVISLAB,58.2,,,,,,,,,5786.15,BEAR,-0.4725,-1.89,bt_trades
2025-02-21,ICICIBANK,72.1,,,,,,,,,1223.51,BEAR,2.5375,10.15,bt_trades
2025-02-21,HDFCBANK,71.5,,,,,,,,,834.96,BEAR,1.5875,6.35,bt_trades
2025-02-21,HINDALCO,69.9,,,,,,,,,648.79,BEAR,1.835,7.34,bt_trades
2025-02-21,BAJFINANCE,69.8,,,,,,,,,834.52,BEAR,2.065,8.26,bt_trades
2025-02-21,CIPLA,69.5,,,,,,,,,1460.15,BEAR,0.8175,3.27,bt_trades
2025-02-21,HCLTECH,69.2,,,,,,,,,1643.12,BEAR,-1.42,-5.68,bt_trades
2025-02-21,INFY,68.5,,,,,,,,,1762.83,BEAR,-3.0875,-12.35,bt_trades
2025-02-21,BAJAJFINSV,68.0,,,,,,,,,1878.43,BEAR,0.1975,0.79,bt_trades
2025-02-21,BHARTIARTL,67.5,,,,,,,,,1625.66,BEAR,1.2125,4.85,bt_trades
2025-02-21,DRREDDY,64.4,,,,,,,,,1144.54,BEAR,1.27,5.08,bt_trades
2025-02-21,AXISBANK,63.7,,,,,,,,,1008.09,BEAR,2.2025,8.81,bt_trades
2025-02-21,HYUNDAI,60.8,,,,,,,,,1780.65,BEAR,-2.775,-11.1,bt_trades
2025-02-21,DIVISLAB,59.3,,,,,,,,,5730.95,BEAR,0.6675,2.67,bt_trades
2025-02-21,INDIGO,57.7,,,,,,,,,4503.14,BEAR,2.5475,10.19,bt_trades
2025-02-21,GRASIM,57.4,,,,,,,,,2422.24,BEAR,0.845,3.38,bt_trades
2025-02-21,INDUSTOWER,55.1,,,,,,,,,336.4,BEAR,0.94,3.76,bt_trades
2025-02-21,DABUR,54.7,,,,,,,,,500.95,BEAR,-0.0725,-0.29,bt_trades
2025-02-21,NAUKRI,54.1,,,,,,,,,1497.76,BEAR,-2.57,-10.28,bt_trades
2025-02-21,EICHERMOT,53.9,,,,,,,,,4898.93,BEAR,2.325,9.3,bt_trades
2025-02-21,APLAPOLLO,53.3,,,,,,,,,1484.02,BEAR,0.78,3.12,bt_trades
2025-03-23,ICICIBANK,86.5,,,,,,,,,1332.82,SIDEWAYS,1.5125,6.05,bt_trades
2025-03-23,CIPLA,77.3,,,,,,,,,1507.74,SIDEWAYS,0.1625,0.65,bt_trades
2025-03-23,HDFCBANK,76.5,,,,,,,,,873.37,SIDEWAYS,2.1675,8.67,bt_trades
2025-03-23,BHARTIARTL,75.2,,,,,,,,,1711.49,SIDEWAYS,2.2575,9.03,bt_trades
2025-03-23,BAJFINANCE,74.6,,,,,,,,,886.14,SIDEWAYS,1.14,4.56,bt_trades
2025-03-23,AXISBANK,74.1,,,,,,,,,1069.24,SIDEWAYS,3.195,12.78,bt_trades
2025-03-23,INDIGO,73.7,,,,,,,,,5035.54,SIDEWAYS,2.55,10.2,bt_trades
2025-03-23,EICHERMOT,73.6,,,,,,,,,5238.03,SIDEWAYS,2.045,8.18,bt_trades
2025-03-23,HINDALCO,73.4,,,,,,,,,690.29,SIDEWAYS,-3.43,-13.72,bt_trades
2025-03-23,HDFCLIFE,72.0,,,,,,,,,677.73,SIDEWAYS,1.085,4.34,bt_trades
2025-03-23,DRREDDY,70.8,,,,,,,,,1192.59,SIDEWAYS,-0.295,-1.18,bt_trades
2025-03-23,GRASIM,70.5,,,,,,,,,2460.45,SIDEWAYS,2.19,8.76,bt_trades
2025-03-23,BEL,70.1,,,,,,,,,293.8,SIDEWAYS,0.855,3.42,bt_trades
2025-03-23,COALINDIA,69.8,,,,,,,,,378.77,SIDEWAYS,-0.3975,-1.59,bt_trades
2025-03-23,DIVISLAB,68.1,,,,,,,,,5771.07,SIDEWAYS,0.5475,2.19,bt_trades
2025-03-23,ADANIPORTS,66.7,,,,,,,,,1183.04,SIDEWAYS,1.0575,4.23,bt_trades
2025-03-23,AMBUJACEM,66.6,,,,,,,,,512.62,SIDEWAYS,2.9075,11.63,bt_trades
2025-03-23,GMRAIRPORT,65.7,,,,,,,,,77.36,SIDEWAYS,3.3,13.2,bt_trades
2025-03-23,INDHOTEL,65.0,,,,,,,,,822.28,SIDEWAYS,-0.055,-0.22,bt_trades
2025-03-23,ACC,64.7,,,,,,,,,1907.95,SIDEWAYS,1.7775,7.11,bt_trades
2025-04-22,HDFCBANK,81.6,,,,,,,,,967.77,SIDEWAYS,-0.3575,-1.43,bt_trades
2025-04-22,ICICIBANK,79.5,,,,,,,,,1405.65,SIDEWAYS,0.5875,2.35,bt_trades
2025-04-22,EICHERMOT,77.3,,,,,,,,,5709.96,SIDEWAYS,-1.66,-6.64,bt_trades
2025-04-22,AXISBANK,76.7,,,,,,,,,1215.76,SIDEWAYS,-0.1375,-0.55,bt_trades
2025-04-22,BHARTIARTL,76.7,,,,,,,,,1836.84,SIDEWAYS,-0.2775,-1.11,bt_trades
2025-04-22,AMBUJACEM,75.4,,,,,,,,,575.79,SIDEWAYS,-0.3025,-1.21,bt_trades
2025-04-22,INDUSTOWER,75.3,,,,,,,,,400.85,SIDEWAYS,-1.075,-4.3,bt_trades
2025-04-22,ITC,74.9,,,,,,,,,417.02,SIDEWAYS,0.155,0.62,bt_trades
2025-04-22,GMRAIRPORT,73.0,,,,,,,,,86.65,SIDEWAYS,0.06,0.24,bt_trades
2025-04-22,INDIANB,72.8,,,,,,,,,568.27,SIDEWAYS,0.485,1.94,bt_trades
2025-04-22,HDFCLIFE,72.7,,,,,,,,,710.59,SIDEWAYS,2.38,9.52,bt_trades
2025-04-22,INDIGO,72.1,,,,,,,,,5524.66,SIDEWAYS,-0.0575,-0.23,bt_trades
2025-04-22,APOLLOHOSP,70.1,,,,,,,,,7070.05,SIDEWAYS,-0.085,-0.34,bt_trades
2025-04-22,BHARTIHEXA,69.9,,,,,,,,,1632.51,SIDEWAYS,0.4425,1.77,bt_trades
2025-04-22,DMART,68.6,,,,,,,,,4435.6,SIDEWAYS,-2.6,-10.4,bt_trades
2025-04-22,BRITANNIA,68.6,,,,,,,,,5365.19,SIDEWAYS,0.235,0.94,bt_trades
2025-04-22,GRASIM,68.6,,,,,,,,,2739.43,SIDEWAYS,-0.8175,-3.27,bt_trades
2025-04-22,ACC,68.4,,,,,,,,,2073.33,SIDEWAYS,-2.6075,-10.43,bt_trades
2025-04-22,HINDUNILVR,68.2,,,,,,,,,2355.22,SIDEWAYS,-0.4125,-1.65,bt_trades
2025-04-22,APLAPOLLO,66.2,,,,,,,,,1615.96,SIDEWAYS,3.215,12.86,bt_trades
2025-05-22,APLAPOLLO,79.7,,,,,,,,,1823.14,SIDEWAYS,-0.51,-2.04,bt_trades
2025-05-22,BEL,73.7,,,,,,,,,380.89,SIDEWAYS,2.445,9.78,bt_trades
2025-05-22,HDFCLIFE,73.7,,,,,,,,,753.77,SIDEWAYS,0.675,2.7,bt_trades
2025-05-22,ICICIBANK,73.1,,,,,,,,,1431.06,SIDEWAYS,-0.3825,-1.53,bt_trades
2025-05-22,HDFCBANK,72.6,,,,,,,,,947.15,SIDEWAYS,0.37,1.48,bt_trades
2025-05-22,INDIANB,70.1,,,,,,,,,577.63,SIDEWAYS,1.715,6.86,bt_trades
2025-05-22,HYUNDAI,69.7,,,,,,,,,1836.51,SIDEWAYS,1.96,7.84,bt_trades
2025-05-22,DRREDDY,68.2,,,,,,,,,1214.5,SIDEWAYS,1.9575,7.83,bt_trades
2025-05-22,BOSCHLTD,67.9,,,,,,,,,31314.97,SIDEWAYS,-0.13,-0.52,bt_trades
2025-05-22,ASHOKLEY,67.6,,,,,,,,,118.6,SIDEWAYS,-0.2225,-0.89,bt_trades
2025-05-22,DIVISLAB,66.7,,,,,,,,,6508.36,SIDEWAYS,0.375,1.5,bt_trades
2025-05-22,AXISBANK,66.7,,,,,,,,,1187.49,SIDEWAYS,0.5375,2.15,bt_trades
2025-05-22,BHARTIARTL,66.4,,,,,,,,,1816.22,SIDEWAYS,1.4325,5.73,bt_trades
2025-05-22,ITC,66.4,,,,,,,,,409.8,SIDEWAYS,-0.2675,-1.07,bt_trades
2025-05-22,ADANIPORTS,66.3,,,,,,,,,1364.76,SIDEWAYS,-0.1825,-0.73,bt_trades
2025-05-22,BHARTIHEXA,64.9,,,,,,,,,1688.7,SIDEWAYS,1.4425,5.77,bt_trades
2025-05-22,HAL,64.9,,,,,,,,,4981.69,SIDEWAYS,-0.0575,-0.23,bt_trades
2025-05-22,ALKEM,64.5,,,,,,,,,5247.99,SIDEWAYS,-2.5425,-10.17,bt_trades
2025-05-22,AMBUJACEM,63.2,,,,,,,,,565.68,SIDEWAYS,-1.3325,-5.33,bt_trades
2025-05-22,DLF,62.5,,,,,,,,,770.17,SIDEWAYS,2.47,9.88,bt_trades
2025-06-21,ABCAPITAL,81.8,,,,,,,,,260.28,BULL,0.795,3.18,bt_trades
2025-06-21,BEL,81.5,,,,,,,,,405.58,BULL,-0.315,-1.26,bt_trades
2025-06-21,BHARTIARTL,80.1,,,,,,,,,1920.64,BULL,-0.18,-0.72,bt_trades
2025-06-21,HYUNDAI,77.8,,,,,,,,,1986.96,BULL,1.355,5.42,bt_trades
2025-06-21,HDFCBANK,74.1,,,,,,,,,969.25,BULL,0.82,3.28,bt_trades
2025-06-21,DRREDDY,73.7,,,,,,,,,1316.95,BULL,-1.46,-5.84,bt_trades
2025-06-21,HCLTECH,73.7,,,,,,,,,1700.38,BULL,-2.545,-10.18,bt_trades
2025-06-21,DLF,72.9,,,,,,,,,848.05,BULL,-0.255,-1.02,bt_trades
2025-06-21,AUBANK,72.1,,,,,,,,,794.37,BULL,-2.1575,-8.63,bt_trades
2025-06-21,INFY,71.4,,,,,,,,,1598.43,BULL,-0.8,-3.2,bt_trades
2025-06-21,INDUSTOWER,71.3,,,,,,,,,404.3,BULL,-0.495,-1.98,bt_trades
2025-06-21,HDFCLIFE,70.9,,,,,,,,,778.95,BULL,-0.5025,-2.01,bt_trades
2025-06-21,COFORGE,69.4,,,,,,,,,1819.42,BULL,0.36,1.44,bt_trades
2025-06-21,EICHERMOT,67.8,,,,,,,,,5454.28,BULL,-0.3875,-1.55,bt_trades
2025-06-21,ICICIBANK,67.3,,,,,,,,,1416.17,BULL,0.815,3.26,bt_trades
2025-06-21,GLENMARK,67.2,,,,,,,,,1632.7,BULL,7.96,31.84,bt_trades
2025-06-21,BOSCHLTD,65.0,,,,,,,,,31857.61,BULL,4.23,16.92,bt_trades
2025-06-21,BHARTIHEXA,63.8,,,,,,,,,1809.23,BULL,-0.075,-0.3,bt_trades
2025-06-21,DIVISLAB,63.0,,,,,,,,,6562.12,BULL,0.08,0.32,bt_trades
2025-06-21,CIPLA,63.0,,,,,,,,,1483.85,BULL,-0.3275,-1.31,bt_trades
2025-07-21,ICICIBANK,79.6,,,,,,,,,1454.58,SIDEWAYS,-0.1475,-0.59,bt_trades
2025-07-21,AMBUJACEM,77.3,,,,,,,,,613.25,SIDEWAYS,-1.0,-4.0,bt_trades
2025-07-21,BOSCHLTD,75.9,,,,,,,,,37806.86,SIDEWAYS,1.1025,4.41,bt_trades
2025-07-21,HDFCBANK,75.8,,,,,,,,,997.77,SIDEWAYS,-0.055,-0.22,bt_trades
2025-07-21,HDFCAMC,75.3,,,,,,,,,2811.0,SIDEWAYS,0.765,3.06,bt_trades
2025-07-21,GMRAIRPORT,74.6,,,,,,,,,93.44,SIDEWAYS,-1.1975,-4.79,bt_trades
2025-07-21,BIOCON,73.4,,,,,,,,,394.65,SIDEWAYS,-3.25,-13.0,bt_trades
2025-07-21,CUMMINSIND,72.6,,,,,,,,,3601.52,SIDEWAYS,1.855,7.42,bt_trades
2025-07-21,DLF,71.5,,,,,,,,,846.41,SIDEWAYS,-2.5625,-10.25,bt_trades
2025-07-21,ADANIPORTS,69.9,,,,,,,,,1450.5,SIDEWAYS,-2.59,-10.36,bt_trades
2025-07-21,ACC,68.9,,,,,,,,,1978.4,SIDEWAYS,-1.625,-6.5,bt_trades
2025-07-21,DIXON,68.8,,,,,,,,,16273.76,SIDEWAYS,0.6825,2.73,bt_trades
2025-07-21,CIPLA,68.7,,,,,,,,,1473.9,SIDEWAYS,2.0175,8.07,bt_trades
2025-07-21,BAJAJHLDNG,67.8,,,,,,,,,13965.92,SIDEWAYS,-0.5975,-2.39,bt_trades
2025-07-21,DRREDDY,67.7,,,,,,,,,1259.3,SIDEWAYS,0.3425,1.37,bt_trades
2025-07-21,INDIANB,67.5,,,,,,,,,634.75,SIDEWAYS,1.4225,5.69,bt_trades
2025-07-21,ITC,67.4,,,,,,,,,411.48,SIDEWAYS,-0.865,-3.46,bt_trades
2025-07-21,COFORGE,67.3,,,,,,,,,1861.43,SIDEWAYS,-2.645,-10.58,bt_trades
2025-07-21,INFY,67.1,,,,,,,,,1560.41,SIDEWAYS,-2.5425,-10.17,bt_trades
2025-07-21,EICHERMOT,66.8,,,,,,,,,5486.85,SIDEWAYS,2.225,8.9,bt_trades
2025-08-20,EICHERMOT,82.5,,,,,,,,,5937.5,SIDEWAYS,4.2475,16.99,bt_trades
2025-08-20,CUMMINSIND,75.8,,,,,,,,,3801.12,SIDEWAYS,1.125,4.5,bt_trades
2025-08-20,INDIANB,75.1,,,,,,,,,670.05,SIDEWAYS,1.2875,5.15,bt_trades
2025-08-20,INDHOTEL,74.7,,,,,,,,,806.8,SIDEWAYS,-1.16,-4.64,bt_trades
2025-08-20,HDFCLIFE,73.7,,,,,,,,,796.55,SIDEWAYS,-0.275,-1.1,bt_trades
2025-08-20,HDFCBANK,73.1,,,,,,,,,994.1,SIDEWAYS,-0.7525,-3.01,bt_trades
2025-08-20,ICICIBANK,71.8,,,,,,,,,1430.6,SIDEWAYS,-0.5075,-2.03,bt_trades
2025-08-20,ETERNAL,71.3,,,,,,,,,326.55,SIDEWAYS,1.1725,4.69,bt_trades
2025-08-20,HINDUNILVR,70.8,,,,,,,,,2648.98,SIDEWAYS,-0.915,-3.66,bt_trades
2025-08-20,HDFCAMC,70.4,,,,,,,,,2854.75,SIDEWAYS,0.5175,2.07,bt_trades
2025-08-20,HYUNDAI,69.8,,,,,,,,,2488.1,SIDEWAYS,2.3475,9.39,bt_trades
2025-08-20,CIPLA,69.5,,,,,,,,,1546.1,SIDEWAYS,-0.0625,-0.25,bt_trades
2025-08-20,GRASIM,69.1,,,,,,,,,2864.9,SIDEWAYS,-0.095,-0.38,bt_trades
2025-08-20,DMART,68.0,,,,,,,,,4737.9,SIDEWAYS,-0.3525,-1.41,bt_trades
2025-08-20,ITC,67.8,,,,,,,,,397.71,SIDEWAYS,0.055,0.22,bt_trades
2025-08-20,HEROMOTOCO,67.8,,,,,,,,,5037.81,SIDEWAYS,1.4275,5.71,bt_trades
2025-08-20,GMRAIRPORT,67.2,,,,,,,,,91.01,SIDEWAYS,0.045,0.18,bt_trades
2025-08-20,HCLTECH,66.5,,,,,,,,,1473.48,SIDEWAYS,-0.9375,-3.75,bt_trades
2025-08-20,APOLLOHOSP,65.8,,,,,,,,,7872.55,SIDEWAYS,-0.4575,-1.83,bt_trades
2025-08-20,BHARTIARTL,65.7,,,,,,,,,1928.4,SIDEWAYS,0.36,1.44,bt_trades
2025-09-19,EICHERMOT,83.5,,,,,,,,,6973.5,SIDEWAYS,0.1425,0.57,bt_trades
2025-09-19,BHARTIARTL,80.8,,,,,,,,,1962.4,SIDEWAYS,1.135,4.54,bt_trades
2025-09-19,INDIANB,80.2,,,,,,,,,701.5,SIDEWAYS,4.0025,16.01,bt_trades
2025-09-19,ADANIPORTS,80.1,,,,,,,,,1427.8,SIDEWAYS,0.6875,2.75,bt_trades
2025-09-19,HYUNDAI,78.6,,,,,,,,,2809.3,SIDEWAYS,-2.685,-10.74,bt_trades
2025-09-19,CANBK,78.0,,,,,,,,,117.76,SIDEWAYS,2.0875,8.35,bt_trades
2025-09-19,ALKEM,76.7,,,,,,,,,5497.18,SIDEWAYS,0.07,0.28,bt_trades
2025-09-19,BANKBARODA,76.7,,,,,,,,,252.08,SIDEWAYS,1.92,7.68,bt_trades
2025-09-19,HDFCBANK,76.5,,,,,,,,,966.9,SIDEWAYS,0.9325,3.73,bt_trades
2025-09-19,AXISBANK,76.3,,,,,,,,,1135.9,SIDEWAYS,1.9825,7.93,bt_trades
2025-09-19,CUMMINSIND,76.3,,,,,,,,,4061.93,SIDEWAYS,-0.4525,-1.81,bt_trades
2025-09-19,GRASIM,76.2,,,,,,,,,2877.9,SIDEWAYS,-0.2075,-0.83,bt_trades
2025-09-19,HAL,75.0,,,,,,,,,4875.69,SIDEWAYS,-0.285,-1.14,bt_trades
2025-09-19,CIPLA,73.8,,,,,,,,,1575.8,SIDEWAYS,1.005,4.02,bt_trades
2025-09-19,GMRAIRPORT,73.8,,,,,,,,,92.53,SIDEWAYS,-0.155,-0.62,bt_trades
2025-09-19,HEROMOTOCO,73.7,,,,,,,,,5304.61,SIDEWAYS,1.0775,4.31,bt_trades
2025-09-19,DRREDDY,73.5,,,,,,,,,1321.7,SIDEWAYS,-0.75,-3.0,bt_trades
2025-09-19,ETERNAL,73.1,,,,,,,,,336.55,SIDEWAYS,0.12,0.48,bt_trades
2025-09-19,ASHOKLEY,71.9,,,,,,,,,139.94,SIDEWAYS,-0.895,-3.58,bt_trades
2025-09-19,HINDALCO,71.9,,,,,,,,,743.3,SIDEWAYS,1.4475,5.79,bt_trades
2025-10-19,INDIANB,79.3,,,,,,,,,782.35,BULL,3.2975,13.19,bt_trades
2025-10-19,HDFCBANK,77.0,,,,,,,,,1002.55,BULL,-0.1975,-0.79,bt_trades
2025-10-19,ADANIPORTS,76.6,,,,,,,,,1479.4,BULL,0.08,0.32,bt_trades
2025-10-19,BHARTIARTL,75.5,,,,,,,,,2012.0,BULL,1.8375,7.35,bt_trades
2025-10-19,FEDERALBNK,73.4,,,,,,,,,212.38,BULL,3.96,15.84,bt_trades
2025-10-19,ICICIBANK,73.1,,,,,,,,,1436.6,BULL,-0.93,-3.72,bt_trades
2025-10-19,ETERNAL,72.5,,,,,,,,,342.65,BULL,-2.7,-10.8,bt_trades
2025-10-19,BANKBARODA,71.9,,,,,,,,,264.5,BULL,2.7225,10.89,bt_trades
2025-10-19,HAL,70.6,,,,,,,,,4838.3,BULL,-0.6875,-2.75,bt_trades
2025-10-19,EICHERMOT,69.4,,,,,,,,,7042.5,BULL,-0.5175,-2.07,bt_trades
2025-10-19,HINDALCO,69.1,,,,,,,,,772.8,BULL,0.5875,2.35,bt_trades
2025-10-19,CIPLA,68.4,,,,,,,,,1577.6,BULL,-0.805,-3.22,bt_trades
2025-10-19,APLAPOLLO,67.8,,,,,,,,,1754.1,BULL,-0.4725,-1.89,bt_trades
2025-10-19,APOLLOHOSP,67.8,,,,,,,,,7891.02,BULL,-1.4,-5.6,bt_trades
2025-10-19,HEROMOTOCO,67.5,,,,,,,,,5485.58,BULL,1.27,5.08,bt_trades
2025-10-19,ASIANPAINT,67.3,,,,,,,,,2503.89,BULL,3.8925,15.57,bt_trades
2025-10-19,ALKEM,65.9,,,,,,,,,5536.86,BULL,0.6375,2.55,bt_trades
2025-10-19,HINDZINC,65.6,,,,,,,,,500.25,BULL,-1.185,-4.74,bt_trades
2025-10-19,APOLLOTYRE,65.2,,,,,,,,,485.07,BULL,1.75,7.0,bt_trades
2025-10-19,HCLTECH,65.0,,,,,,,,,1475.51,BULL,2.9675,11.87,bt_trades
2025-11-18,GMRAIRPORT,85.9,,,,,,,,,103.72,BULL,-0.5275,-2.11,bt_trades
2025-11-18,ASIANPAINT,80.6,,,,,,,,,2906.0,BULL,-0.9125,-3.65,bt_trades
2025-11-18,FEDERALBNK,79.8,,,,,,,,,244.51,BULL,2.3875,9.55,bt_trades
2025-11-18,CANBK,79.6,,,,,,,,,149.0,BULL,-0.07,-0.28,bt_trades
2025-11-18,INDIANB,77.8,,,,,,,,,886.9,BULL,-3.0375,-12.15,bt_trades
2025-11-18,BIOCON,76.7,,,,,,,,,421.6,BULL,-2.5175,-10.07,bt_trades
2025-11-18,AXISBANK,75.4,,,,,,,,,1265.4,BULL,-0.6875,-2.75,bt_trades
2025-11-18,AUROPHARMA,74.9,,,,,,,,,1239.3,BULL,-0.2875,-1.15,bt_trades
2025-11-18,ALKEM,74.5,,,,,,,,,5667.31,BULL,-0.69,-2.76,bt_trades
2025-11-18,HCLTECH,72.7,,,,,,,,,1583.73,BULL,0.74,2.96,bt_trades
2025-11-18,ADANIPORTS,72.2,,,,,,,,,1495.0,BULL,0.0225,0.09,bt_trades
2025-11-18,BHARTIARTL,71.6,,,,,,,,,2149.2,BULL,-0.6,-2.4,bt_trades
2025-11-18,BANKBARODA,71.2,,,,,,,,,288.45,BULL,0.3125,1.25,bt_trades
2025-11-18,IOC,70.5,,,,,,,,,164.42,BULL,-0.585,-2.34,bt_trades
2025-11-18,INDUSTOWER,70.4,,,,,,,,,402.2,BULL,0.7375,2.95,bt_trades
2025-11-18,BHEL,70.3,,,,,,,,,289.1,BULL,-1.155,-4.62,bt_trades
2025-11-18,BPCL,70.2,,,,,,,,,361.65,BULL,-0.3975,-1.59,bt_trades
2025-11-18,HEROMOTOCO,68.8,,,,,,,,,5688.62,BULL,-0.08,-0.32,bt_trades
2025-11-18,BHARATFORG,65.2,,,,,,,,,1395.0,BULL,0.775,3.1,bt_trades
2025-11-18,ASHOKLEY,64.7,,,,,,,,,147.23,BULL,4.47,17.88,bt_trades
2025-12-18,FEDERALBNK,79.6,,,,,,,,,265.4,SIDEWAYS,1.3475,5.39,bt_trades
2025-12-18,INFY,76.2,,,,,,,,,1626.8,SIDEWAYS,0.835,3.34,bt_trades
2025-12-18,HCLTECH,75.1,,,,,,,,,1649.45,SIDEWAYS,1.02,4.08,bt_trades
2025-12-18,ASHOKLEY,74.7,,,,,,,,,171.57,SIDEWAYS,2.39,9.56,bt_trades
2025-12-18,HINDZINC,73.7,,,,,,,,,592.15,SIDEWAYS,2.8825,11.53,bt_trades
2025-12-18,AUBANK,73.2,,,,,,,,,987.65,SIDEWAYS,0.8425,3.37,bt_trades
2025-12-18,INDUSTOWER,73.2,,,,,,,,,408.75,SIDEWAYS,1.2025,4.81,bt_trades
2025-12-18,ADANIPORTS,72.4,,,,,,,,,1495.7,SIDEWAYS,-1.55,-6.2,bt_trades
2025-12-18,HINDALCO,71.8,,,,,,,,,856.7,SIDEWAYS,2.43,9.72,bt_trades
2025-12-18,IDFCFIRSTB,71.5,,,,,,,,,83.79,SIDEWAYS,-0.2,-0.8,bt_trades
2025-12-18,DRREDDY,71.3,,,,,,,,,1280.0,SIDEWAYS,-2.2025,-8.81,bt_trades
2025-12-18,BHARTIARTL,70.8,,,,,,,,,2092.0,SIDEWAYS,-0.98,-3.92,bt_trades
2025-12-18,COALINDIA,70.6,,,,,,,,,380.27,SIDEWAYS,2.91,11.64,bt_trades
2025-12-18,APLAPOLLO,69.6,,,,,,,,,1795.7,SIDEWAYS,1.7275,6.91,bt_trades
2025-12-18,ICICIPRULI,69.3,,,,,,,,,645.65,SIDEWAYS,0.5925,2.37,bt_trades
2025-12-18,CANBK,68.5,,,,,,,,,149.83,SIDEWAYS,1.1725,4.69,bt_trades
2025-12-18,GRASIM,67.3,,,,,,,,,2807.6,SIDEWAYS,-0.245,-0.98,bt_trades
2025-12-18,AUROPHARMA,67.3,,,,,,,,,1209.3,SIDEWAYS,-0.8625,-3.45,bt_trades
2025-12-18,BRITANNIA,66.3,,,,,,,,,6040.5,SIDEWAYS,-0.4025,-1.61,bt_trades
2025-12-18,IOC,65.8,,,,,,,,,159.74,SIDEWAYS,-0.1325,-0.53,bt_trades
2026-01-17,ICICIPRULI,80.9,,,,,,,,,678.0,SIDEWAYS,-1.45,-5.8,bt_trades
2026-01-17,CANBK,79.8,,,,,,,,,157.13,SIDEWAYS,-1.275,-5.1,bt_trades
2026-01-17,HCLTECH,79.6,,,,,,,,,1698.0,SIDEWAYS,-3.2675,-13.07,bt_trades
2026-01-17,MAHABANK,79.5,,,,,,,,,65.53,SIDEWAYS,0.675,2.7,bt_trades
2026-01-17,BANKBARODA,78.3,,,,,,,,,308.25,SIDEWAYS,-0.405,-1.62,bt_trades
2026-01-17,BANKINDIA,77.5,,,,,,,,,157.34,SIDEWAYS,2.045,8.18,bt_trades
2026-01-17,INFY,77.1,,,,,,,,,1689.8,SIDEWAYS,-2.51,-10.04,bt_trades
2026-01-17,INDUSTOWER,75.6,,,,,,,,,433.85,SIDEWAYS,2.2375,8.95,bt_trades
2026-01-17,HINDALCO,75.5,,,,,,,,,934.65,SIDEWAYS,-1.1925,-4.77,bt_trades
2026-01-17,COALINDIA,74.5,,,,,,,,,425.38,SIDEWAYS,-0.5475,-2.19,bt_trades
2026-01-17,APLAPOLLO,74.4,,,,,,,,,1940.7,SIDEWAYS,3.655,14.62,bt_trades
2026-01-17,ASHOKLEY,74.2,,,,,,,,,184.25,SIDEWAYS,3.18,12.72,bt_trades
2026-01-17,ALKEM,73.8,,,,,,,,,5789.83,SIDEWAYS,-1.6275,-6.51,bt_trades
2026-01-17,GRASIM,71.5,,,,,,,,,2809.6,SIDEWAYS,0.8075,3.23,bt_trades
2026-01-17,AMBUJACEM,69.5,,,,,,,,,553.75,SIDEWAYS,-1.4325,-5.73,bt_trades
2026-01-17,BEL,69.4,,,,,,,,,408.51,SIDEWAYS,2.23,8.92,bt_trades
2026-01-17,BAJAJ-AUTO,69.0,,,,,,,,,9489.0,SIDEWAYS,0.89,3.56,bt_trades
2026-01-17,GODREJCP,69.0,,,,,,,,,1231.55,SIDEWAYS,-0.34,-1.36,bt_trades
2026-01-17,HINDZINC,68.7,,,,,,,,,637.75,SIDEWAYS,-2.22,-8.88,bt_trades
2026-01-17,EICHERMOT,68.1,,,,,,,,,7315.0,SIDEWAYS,2.46,9.84,bt_trades
2026-02-16,INDUSTOWER,78.4,,,,,,,,,473.7,SIDEWAYS,-2.625,-10.5,bt_trades
2026-02-16,APLAPOLLO,76.9,,,,,,,,,2217.4,SIDEWAYS,-3.205,-12.82,bt_trades
2026-02-16,EICHERMOT,72.9,,,,,,,,,8010.5,SIDEWAYS,-3.23,-12.92,bt_trades
2026-02-16,IOC,70.5,,,,,,,,,172.97,SIDEWAYS,-3.47,-13.88,bt_trades
2026-02-16,ASHOKLEY,70.3,,,,,,,,,205.86,SIDEWAYS,-2.575,-10.3,bt_trades
2026-02-16,HDFCAMC,70.1,,,,,,,,,2842.2,SIDEWAYS,-2.595,-10.38,bt_trades
2026-02-16,ICICIBANK,69.9,,,,,,,,,1411.6,SIDEWAYS,-2.57,-10.28,bt_trades
2026-02-16,GRASIM,69.6,,,,,,,,,2912.7,SIDEWAYS,-2.9525,-11.81,bt_trades
2026-02-16,BHARTIARTL,68.7,,,,,,,,,2029.4,SIDEWAYS,-2.74,-10.96,bt_trades
2026-02-16,AXISBANK,67.4,,,,,,,,,1358.3,SIDEWAYS,-2.9625,-11.85,bt_trades
2026-02-16,BPCL,66.3,,,,,,,,,374.35,SIDEWAYS,-2.885,-11.54,bt_trades
