2025-10-06 12:39:40,682 - INFO - Loaded trained ML model (trained: 2025-10-06T12:21:11.463826, samples: 265)
2025-10-06 12:39:40,682 - INFO - ML Price Predictor initialized (using fallback mode - no training data yet)
2025-10-06 12:39:40,684 - INFO - Loaded 200 stocks from stock_list_template.csv
2025-10-06 12:39:40,685 - INFO - Collecting training data from 200 stocks...
2025-10-06 12:39:40,685 - INFO - Processing ABB (1/200)...
2025-10-06 12:39:41,606 - INFO - Comprehensive data extracted for ABB
2025-10-06 12:39:41,803 - INFO - Comprehensive data extracted for ABB
2025-10-06 12:39:42,139 - INFO - Comprehensive data extracted for ABB
2025-10-06 12:39:42,372 - INFO - Comprehensive data extracted for ABB
2025-10-06 12:39:42,598 - INFO - Comprehensive data extracted for ABB
2025-10-06 12:39:42,772 - INFO - Comprehensive data extracted for ABB
2025-10-06 12:39:43,452 - INFO - Comprehensive data extracted for ABB
2025-10-06 12:39:43,609 - INFO - Comprehensive data extracted for ABB
2025-10-06 12:39:43,887 - INFO - Comprehensive data extracted for ABB
2025-10-06 12:39:44,042 - INFO - Comprehensive data extracted for ABB
2025-10-06 12:39:44,042 - INFO - Processing ACC (2/200)...
2025-10-06 12:39:44,666 - INFO - Comprehensive data extracted for ACC
2025-10-06 12:39:44,942 - INFO - Comprehensive data extracted for ACC
2025-10-06 12:39:45,126 - INFO - Comprehensive data extracted for ACC
2025-10-06 12:39:45,526 - INFO - Comprehensive data extracted for ACC
2025-10-06 12:39:45,945 - INFO - Comprehensive data extracted for ACC
2025-10-06 12:39:47,853 - INFO - Comprehensive data extracted for ACC
2025-10-06 12:39:48,017 - INFO - Comprehensive data extracted for ACC
2025-10-06 12:39:48,259 - INFO - Comprehensive data extracted for ACC
2025-10-06 12:39:48,446 - INFO - Comprehensive data extracted for ACC
2025-10-06 12:39:48,447 - INFO - Processing APLAPOLLO (3/200)...
2025-10-06 12:39:49,086 - INFO - Comprehensive data extracted for APLAPOLLO
2025-10-06 12:39:49,335 - INFO - Comprehensive data extracted for APLAPOLLO
2025-10-06 12:39:49,554 - INFO - Comprehensive data extracted for APLAPOLLO
2025-10-06 12:39:49,701 - INFO - Comprehensive data extracted for APLAPOLLO
2025-10-06 12:39:49,847 - INFO - Comprehensive data extracted for APLAPOLLO
2025-10-06 12:39:50,472 - INFO - Comprehensive data extracted for APLAPOLLO
2025-10-06 12:39:50,607 - INFO - Comprehensive data extracted for APLAPOLLO
2025-10-06 12:39:50,907 - INFO - Comprehensive data extracted for APLAPOLLO
2025-10-06 12:39:51,040 - INFO - Comprehensive data extracted for APLAPOLLO
2025-10-06 12:39:51,041 - INFO - Processing AUBANK (4/200)...
2025-10-06 12:39:51,844 - INFO - Comprehensive data extracted for AUBANK
2025-10-06 12:39:52,109 - INFO - Comprehensive data extracted for AUBANK
2025-10-06 12:39:52,251 - INFO - Comprehensive data extracted for AUBANK
2025-10-06 12:39:52,546 - INFO - Comprehensive data extracted for AUBANK
2025-10-06 12:39:52,697 - INFO - Comprehensive data extracted for AUBANK
2025-10-06 12:39:53,259 - INFO - Comprehensive data extracted for AUBANK
2025-10-06 12:39:53,473 - INFO - Comprehensive data extracted for AUBANK
2025-10-06 12:39:53,696 - INFO - Comprehensive data extracted for AUBANK
2025-10-06 12:39:53,893 - INFO - Comprehensive data extracted for AUBANK
2025-10-06 12:39:53,893 - INFO - Processing ADANIENSOL (5/200)...
2025-10-06 12:39:54,598 - INFO - Comprehensive data extracted for ADANIENSOL
2025-10-06 12:39:54,874 - INFO - Comprehensive data extracted for ADANIENSOL
2025-10-06 12:39:55,061 - INFO - Comprehensive data extracted for ADANIENSOL
2025-10-06 12:39:55,230 - INFO - Comprehensive data extracted for ADANIENSOL
2025-10-06 12:39:55,491 - INFO - Comprehensive data extracted for ADANIENSOL
2025-10-06 12:39:55,841 - INFO - Comprehensive data extracted for ADANIENSOL
2025-10-06 12:39:56,124 - INFO - Comprehensive data extracted for ADANIENSOL
2025-10-06 12:39:56,770 - INFO - Comprehensive data extracted for ADANIENSOL
2025-10-06 12:39:56,861 - INFO - Processing ADANIENT (6/200)...
2025-10-06 12:39:57,492 - INFO - Comprehensive data extracted for ADANIENT
2025-10-06 12:39:57,832 - INFO - Comprehensive data extracted for ADANIENT
2025-10-06 12:39:57,988 - INFO - Comprehensive data extracted for ADANIENT
2025-10-06 12:39:58,139 - INFO - Comprehensive data extracted for ADANIENT
2025-10-06 12:39:58,311 - INFO - Comprehensive data extracted for ADANIENT
2025-10-06 12:39:58,825 - INFO - Comprehensive data extracted for ADANIENT
2025-10-06 12:39:58,987 - INFO - Comprehensive data extracted for ADANIENT
2025-10-06 12:39:59,245 - INFO - Comprehensive data extracted for ADANIENT
2025-10-06 12:39:59,495 - INFO - Comprehensive data extracted for ADANIENT
2025-10-06 12:39:59,496 - INFO - Processing ADANIGREEN (7/200)...
2025-10-06 12:40:00,204 - INFO - Comprehensive data extracted for ADANIGREEN
2025-10-06 12:40:00,399 - INFO - Comprehensive data extracted for ADANIGREEN
2025-10-06 12:40:00,524 - INFO - Comprehensive data extracted for ADANIGREEN
2025-10-06 12:40:00,666 - INFO - Comprehensive data extracted for ADANIGREEN
2025-10-06 12:40:00,803 - INFO - Comprehensive data extracted for ADANIGREEN
2025-10-06 12:40:01,131 - INFO - Comprehensive data extracted for ADANIGREEN
2025-10-06 12:40:01,481 - INFO - Comprehensive data extracted for ADANIGREEN
2025-10-06 12:40:01,742 - INFO - Comprehensive data extracted for ADANIGREEN
2025-10-06 12:40:01,858 - INFO - Comprehensive data extracted for ADANIGREEN
2025-10-06 12:40:01,858 - INFO - Processing ADANIPORTS (8/200)...
2025-10-06 12:40:02,465 - INFO - Comprehensive data extracted for ADANIPORTS
2025-10-06 12:40:02,811 - INFO - Comprehensive data extracted for ADANIPORTS
2025-10-06 12:40:02,960 - INFO - Comprehensive data extracted for ADANIPORTS
2025-10-06 12:40:03,122 - INFO - Comprehensive data extracted for ADANIPORTS
2025-10-06 12:40:03,292 - INFO - Comprehensive data extracted for ADANIPORTS
2025-10-06 12:40:03,869 - INFO - Comprehensive data extracted for ADANIPORTS
2025-10-06 12:40:04,022 - INFO - Comprehensive data extracted for ADANIPORTS
2025-10-06 12:40:04,416 - INFO - Comprehensive data extracted for ADANIPORTS
2025-10-06 12:40:04,617 - INFO - Comprehensive data extracted for ADANIPORTS
2025-10-06 12:40:04,617 - INFO - Processing ADANIPOWER (9/200)...
2025-10-06 12:40:05,137 - INFO - Comprehensive data extracted for ADANIPOWER
2025-10-06 12:40:05,421 - INFO - Comprehensive data extracted for ADANIPOWER
2025-10-06 12:40:05,542 - INFO - Comprehensive data extracted for ADANIPOWER
2025-10-06 12:40:05,685 - INFO - Comprehensive data extracted for ADANIPOWER
2025-10-06 12:40:05,800 - INFO - Comprehensive data extracted for ADANIPOWER
2025-10-06 12:40:06,124 - INFO - Comprehensive data extracted for ADANIPOWER
2025-10-06 12:40:06,237 - INFO - Comprehensive data extracted for ADANIPOWER
2025-10-06 12:40:06,657 - INFO - Comprehensive data extracted for ADANIPOWER
2025-10-06 12:40:06,791 - INFO - Comprehensive data extracted for ADANIPOWER
2025-10-06 12:40:06,792 - INFO - Processing ATGL (10/200)...
2025-10-06 12:40:07,580 - INFO - Comprehensive data extracted for ATGL
2025-10-06 12:40:08,100 - INFO - Comprehensive data extracted for ATGL
2025-10-06 12:40:08,232 - INFO - Comprehensive data extracted for ATGL
2025-10-06 12:40:08,481 - INFO - Comprehensive data extracted for ATGL
2025-10-06 12:40:08,612 - INFO - Comprehensive data extracted for ATGL
2025-10-06 12:40:08,972 - INFO - Comprehensive data extracted for ATGL
2025-10-06 12:40:09,173 - INFO - Comprehensive data extracted for ATGL
2025-10-06 12:40:09,657 - INFO - Comprehensive data extracted for ATGL
2025-10-06 12:40:09,783 - INFO - Comprehensive data extracted for ATGL
2025-10-06 12:40:09,783 - INFO - Processing ABCAPITAL (11/200)...
2025-10-06 12:40:10,363 - INFO - Comprehensive data extracted for ABCAPITAL
2025-10-06 12:40:10,577 - INFO - Comprehensive data extracted for ABCAPITAL
2025-10-06 12:40:10,700 - INFO - Comprehensive data extracted for ABCAPITAL
2025-10-06 12:40:10,813 - INFO - Comprehensive data extracted for ABCAPITAL
2025-10-06 12:40:10,928 - INFO - Comprehensive data extracted for ABCAPITAL
2025-10-06 12:40:11,605 - INFO - Comprehensive data extracted for ABCAPITAL
2025-10-06 12:40:11,723 - INFO - Comprehensive data extracted for ABCAPITAL
2025-10-06 12:40:11,983 - INFO - Comprehensive data extracted for ABCAPITAL
2025-10-06 12:40:12,087 - INFO - Comprehensive data extracted for ABCAPITAL
2025-10-06 12:40:12,088 - INFO - Processing ABFRL (12/200)...
2025-10-06 12:40:12,622 - INFO - Comprehensive data extracted for ABFRL
2025-10-06 12:40:12,818 - INFO - Comprehensive data extracted for ABFRL
2025-10-06 12:40:12,999 - INFO - Comprehensive data extracted for ABFRL
2025-10-06 12:40:13,121 - INFO - Comprehensive data extracted for ABFRL
2025-10-06 12:40:13,424 - INFO - Comprehensive data extracted for ABFRL
2025-10-06 12:40:15,011 - INFO - Comprehensive data extracted for ABFRL
2025-10-06 12:40:15,208 - INFO - Comprehensive data extracted for ABFRL
2025-10-06 12:40:15,385 - INFO - Comprehensive data extracted for ABFRL
2025-10-06 12:40:15,530 - INFO - Comprehensive data extracted for ABFRL
2025-10-06 12:40:15,530 - INFO - Processing ALKEM (13/200)...
2025-10-06 12:40:16,081 - INFO - Comprehensive data extracted for ALKEM
2025-10-06 12:40:16,328 - INFO - Comprehensive data extracted for ALKEM
2025-10-06 12:40:16,477 - INFO - Comprehensive data extracted for ALKEM
2025-10-06 12:40:16,631 - INFO - Comprehensive data extracted for ALKEM
2025-10-06 12:40:16,769 - INFO - Comprehensive data extracted for ALKEM
2025-10-06 12:40:17,237 - INFO - Comprehensive data extracted for ALKEM
2025-10-06 12:40:17,570 - INFO - Comprehensive data extracted for ALKEM
2025-10-06 12:40:17,871 - INFO - Comprehensive data extracted for ALKEM
2025-10-06 12:40:18,122 - INFO - Comprehensive data extracted for ALKEM
2025-10-06 12:40:18,122 - INFO - Processing AMBUJACEM (14/200)...
2025-10-06 12:40:18,687 - INFO - Comprehensive data extracted for AMBUJACEM
2025-10-06 12:40:18,833 - INFO - Comprehensive data extracted for AMBUJACEM
2025-10-06 12:40:19,099 - INFO - Comprehensive data extracted for AMBUJACEM
2025-10-06 12:40:19,252 - INFO - Comprehensive data extracted for AMBUJACEM
2025-10-06 12:40:19,632 - INFO - Comprehensive data extracted for AMBUJACEM
2025-10-06 12:40:19,779 - INFO - Comprehensive data extracted for AMBUJACEM
2025-10-06 12:40:20,611 - INFO - Comprehensive data extracted for AMBUJACEM
2025-10-06 12:40:20,782 - INFO - Comprehensive data extracted for AMBUJACEM
2025-10-06 12:40:21,050 - INFO - Comprehensive data extracted for AMBUJACEM
2025-10-06 12:40:21,222 - INFO - Comprehensive data extracted for AMBUJACEM
2025-10-06 12:40:21,222 - INFO - Processing APOLLOHOSP (15/200)...
2025-10-06 12:40:21,816 - INFO - Comprehensive data extracted for APOLLOHOSP
2025-10-06 12:40:22,182 - INFO - Comprehensive data extracted for APOLLOHOSP
2025-10-06 12:40:22,342 - INFO - Comprehensive data extracted for APOLLOHOSP
2025-10-06 12:40:22,492 - INFO - Comprehensive data extracted for APOLLOHOSP
2025-10-06 12:40:22,642 - INFO - Comprehensive data extracted for APOLLOHOSP
2025-10-06 12:40:23,708 - INFO - Comprehensive data extracted for APOLLOHOSP
2025-10-06 12:40:23,898 - INFO - Comprehensive data extracted for APOLLOHOSP
2025-10-06 12:40:24,315 - INFO - Comprehensive data extracted for APOLLOHOSP
2025-10-06 12:40:24,466 - INFO - Comprehensive data extracted for APOLLOHOSP
2025-10-06 12:40:24,467 - INFO - Processing APOLLOTYRE (16/200)...
2025-10-06 12:40:25,113 - INFO - Comprehensive data extracted for APOLLOTYRE
2025-10-06 12:40:25,386 - INFO - Comprehensive data extracted for APOLLOTYRE
2025-10-06 12:40:25,537 - INFO - Comprehensive data extracted for APOLLOTYRE
2025-10-06 12:40:25,694 - INFO - Comprehensive data extracted for APOLLOTYRE
2025-10-06 12:40:25,841 - INFO - Comprehensive data extracted for APOLLOTYRE
2025-10-06 12:40:26,542 - INFO - Comprehensive data extracted for APOLLOTYRE
2025-10-06 12:40:26,706 - INFO - Comprehensive data extracted for APOLLOTYRE
2025-10-06 12:40:26,963 - INFO - Comprehensive data extracted for APOLLOTYRE
2025-10-06 12:40:27,122 - INFO - Comprehensive data extracted for APOLLOTYRE
2025-10-06 12:40:27,122 - INFO - Processing ASHOKLEY (17/200)...
2025-10-06 12:40:27,683 - INFO - Comprehensive data extracted for ASHOKLEY
2025-10-06 12:40:27,896 - INFO - Comprehensive data extracted for ASHOKLEY
2025-10-06 12:40:28,159 - INFO - Comprehensive data extracted for ASHOKLEY
2025-10-06 12:40:28,405 - INFO - Comprehensive data extracted for ASHOKLEY
2025-10-06 12:40:28,579 - INFO - Comprehensive data extracted for ASHOKLEY
2025-10-06 12:40:28,729 - INFO - Comprehensive data extracted for ASHOKLEY
2025-10-06 12:40:29,221 - INFO - Comprehensive data extracted for ASHOKLEY
2025-10-06 12:40:29,506 - INFO - Comprehensive data extracted for ASHOKLEY
2025-10-06 12:40:29,762 - INFO - Comprehensive data extracted for ASHOKLEY
2025-10-06 12:40:29,935 - INFO - Comprehensive data extracted for ASHOKLEY
2025-10-06 12:40:29,935 - INFO - Processing ASIANPAINT (18/200)...
2025-10-06 12:40:30,638 - INFO - Comprehensive data extracted for ASIANPAINT
2025-10-06 12:40:31,022 - INFO - Comprehensive data extracted for ASIANPAINT
2025-10-06 12:40:31,171 - INFO - Comprehensive data extracted for ASIANPAINT
2025-10-06 12:40:31,426 - INFO - Comprehensive data extracted for ASIANPAINT
2025-10-06 12:40:31,567 - INFO - Comprehensive data extracted for ASIANPAINT
2025-10-06 12:40:32,164 - INFO - Comprehensive data extracted for ASIANPAINT
2025-10-06 12:40:32,478 - INFO - Comprehensive data extracted for ASIANPAINT
2025-10-06 12:40:32,781 - INFO - Comprehensive data extracted for ASIANPAINT
2025-10-06 12:40:32,937 - INFO - Comprehensive data extracted for ASIANPAINT
2025-10-06 12:40:32,937 - INFO - Processing ASTRAL (19/200)...
2025-10-06 12:40:33,549 - INFO - Comprehensive data extracted for ASTRAL
2025-10-06 12:40:33,981 - INFO - Comprehensive data extracted for ASTRAL
2025-10-06 12:40:34,119 - INFO - Comprehensive data extracted for ASTRAL
2025-10-06 12:40:34,568 - INFO - Comprehensive data extracted for ASTRAL
2025-10-06 12:40:34,718 - INFO - Comprehensive data extracted for ASTRAL
2025-10-06 12:40:35,171 - INFO - Comprehensive data extracted for ASTRAL
2025-10-06 12:40:35,475 - INFO - Comprehensive data extracted for ASTRAL
2025-10-06 12:40:35,765 - INFO - Comprehensive data extracted for ASTRAL
2025-10-06 12:40:35,937 - INFO - Comprehensive data extracted for ASTRAL
2025-10-06 12:40:35,938 - INFO - Processing AUROPHARMA (20/200)...
2025-10-06 12:40:36,636 - INFO - Comprehensive data extracted for AUROPHARMA
2025-10-06 12:40:36,918 - INFO - Comprehensive data extracted for AUROPHARMA
2025-10-06 12:40:37,089 - INFO - Comprehensive data extracted for AUROPHARMA
2025-10-06 12:40:37,805 - INFO - Comprehensive data extracted for AUROPHARMA
2025-10-06 12:40:37,980 - INFO - Comprehensive data extracted for AUROPHARMA
2025-10-06 12:40:38,519 - INFO - Comprehensive data extracted for AUROPHARMA
2025-10-06 12:40:38,745 - INFO - Comprehensive data extracted for AUROPHARMA
2025-10-06 12:40:39,099 - INFO - Comprehensive data extracted for AUROPHARMA
2025-10-06 12:40:39,251 - INFO - Comprehensive data extracted for AUROPHARMA
2025-10-06 12:40:39,252 - INFO - Processing DMART (21/200)...
2025-10-06 12:40:39,950 - INFO - Comprehensive data extracted for DMART
2025-10-06 12:40:40,156 - INFO - Comprehensive data extracted for DMART
2025-10-06 12:40:40,520 - INFO - Comprehensive data extracted for DMART
2025-10-06 12:40:40,767 - INFO - Comprehensive data extracted for DMART
2025-10-06 12:40:40,888 - INFO - Comprehensive data extracted for DMART
2025-10-06 12:40:41,261 - INFO - Comprehensive data extracted for DMART
2025-10-06 12:40:41,528 - INFO - Comprehensive data extracted for DMART
2025-10-06 12:40:41,727 - INFO - Comprehensive data extracted for DMART
2025-10-06 12:40:41,861 - INFO - Comprehensive data extracted for DMART
2025-10-06 12:40:41,861 - INFO - Processing AXISBANK (22/200)...
2025-10-06 12:40:42,524 - INFO - Comprehensive data extracted for AXISBANK
2025-10-06 12:40:42,800 - INFO - Comprehensive data extracted for AXISBANK
2025-10-06 12:40:42,957 - INFO - Comprehensive data extracted for AXISBANK
2025-10-06 12:40:43,157 - INFO - Comprehensive data extracted for AXISBANK
2025-10-06 12:40:43,466 - INFO - Comprehensive data extracted for AXISBANK
2025-10-06 12:40:43,965 - INFO - Comprehensive data extracted for AXISBANK
2025-10-06 12:40:44,195 - INFO - Comprehensive data extracted for AXISBANK
2025-10-06 12:40:44,617 - INFO - Comprehensive data extracted for AXISBANK
2025-10-06 12:40:44,774 - INFO - Comprehensive data extracted for AXISBANK
2025-10-06 12:40:44,774 - INFO - Processing BSE (23/200)...
2025-10-06 12:40:45,401 - INFO - Comprehensive data extracted for BSE
2025-10-06 12:40:45,632 - INFO - Comprehensive data extracted for BSE
2025-10-06 12:40:45,786 - INFO - Comprehensive data extracted for BSE
2025-10-06 12:40:45,921 - INFO - Comprehensive data extracted for BSE
2025-10-06 12:40:46,043 - INFO - Comprehensive data extracted for BSE
2025-10-06 12:40:46,718 - INFO - Comprehensive data extracted for BSE
2025-10-06 12:40:46,850 - INFO - Comprehensive data extracted for BSE
2025-10-06 12:40:47,144 - INFO - Comprehensive data extracted for BSE
2025-10-06 12:40:47,280 - INFO - Comprehensive data extracted for BSE
2025-10-06 12:40:47,281 - INFO - Processing BAJAJ-AUTO (24/200)...
2025-10-06 12:40:47,960 - INFO - Comprehensive data extracted for BAJAJ-AUTO
2025-10-06 12:40:48,223 - INFO - Comprehensive data extracted for BAJAJ-AUTO
2025-10-06 12:40:48,421 - INFO - Comprehensive data extracted for BAJAJ-AUTO
2025-10-06 12:40:48,564 - INFO - Comprehensive data extracted for BAJAJ-AUTO
2025-10-06 12:40:48,705 - INFO - Comprehensive data extracted for BAJAJ-AUTO
2025-10-06 12:40:49,216 - INFO - Comprehensive data extracted for BAJAJ-AUTO
2025-10-06 12:40:49,529 - INFO - Comprehensive data extracted for BAJAJ-AUTO
2025-10-06 12:40:49,788 - INFO - Comprehensive data extracted for BAJAJ-AUTO
2025-10-06 12:40:49,938 - INFO - Comprehensive data extracted for BAJAJ-AUTO
2025-10-06 12:40:49,939 - INFO - Processing BAJFINANCE (25/200)...
2025-10-06 12:40:50,632 - INFO - Comprehensive data extracted for BAJFINANCE
2025-10-06 12:40:50,887 - INFO - Comprehensive data extracted for BAJFINANCE
2025-10-06 12:40:51,166 - INFO - Comprehensive data extracted for BAJFINANCE
2025-10-06 12:40:51,324 - INFO - Comprehensive data extracted for BAJFINANCE
2025-10-06 12:40:51,518 - INFO - Comprehensive data extracted for BAJFINANCE
2025-10-06 12:40:51,673 - INFO - Comprehensive data extracted for BAJFINANCE
2025-10-06 12:40:52,248 - INFO - Comprehensive data extracted for BAJFINANCE
2025-10-06 12:40:52,612 - INFO - Comprehensive data extracted for BAJFINANCE
2025-10-06 12:40:52,975 - INFO - Comprehensive data extracted for BAJFINANCE
2025-10-06 12:40:53,199 - INFO - Comprehensive data extracted for BAJFINANCE
2025-10-06 12:40:53,200 - INFO - Processing BAJAJFINSV (26/200)...
2025-10-06 12:40:54,065 - INFO - Comprehensive data extracted for BAJAJFINSV
2025-10-06 12:40:54,345 - INFO - Comprehensive data extracted for BAJAJFINSV
2025-10-06 12:40:54,729 - INFO - Comprehensive data extracted for BAJAJFINSV
2025-10-06 12:40:54,942 - INFO - Comprehensive data extracted for BAJAJFINSV
2025-10-06 12:40:55,092 - INFO - Comprehensive data extracted for BAJAJFINSV
2025-10-06 12:40:55,244 - INFO - Comprehensive data extracted for BAJAJFINSV
2025-10-06 12:40:55,842 - INFO - Comprehensive data extracted for BAJAJFINSV
2025-10-06 12:40:56,045 - INFO - Comprehensive data extracted for BAJAJFINSV
2025-10-06 12:40:56,293 - INFO - Comprehensive data extracted for BAJAJFINSV
2025-10-06 12:40:56,595 - INFO - Comprehensive data extracted for BAJAJFINSV
2025-10-06 12:40:56,596 - INFO - Processing BAJAJHLDNG (27/200)...
2025-10-06 12:40:57,377 - INFO - Comprehensive data extracted for BAJAJHLDNG
2025-10-06 12:40:57,629 - INFO - Comprehensive data extracted for BAJAJHLDNG
2025-10-06 12:40:57,789 - INFO - Comprehensive data extracted for BAJAJHLDNG
2025-10-06 12:40:57,953 - INFO - Comprehensive data extracted for BAJAJHLDNG
2025-10-06 12:40:58,187 - INFO - Comprehensive data extracted for BAJAJHLDNG
2025-10-06 12:40:58,795 - INFO - Comprehensive data extracted for BAJAJHLDNG
2025-10-06 12:40:58,942 - INFO - Comprehensive data extracted for BAJAJHLDNG
2025-10-06 12:40:59,188 - INFO - Comprehensive data extracted for BAJAJHLDNG
2025-10-06 12:40:59,348 - INFO - Comprehensive data extracted for BAJAJHLDNG
2025-10-06 12:40:59,348 - INFO - Processing BAJAJHFL (28/200)...
2025-10-06 12:40:59,848 - INFO - Comprehensive data extracted for BAJAJHFL
2025-10-06 12:40:59,969 - INFO - Comprehensive data extracted for BAJAJHFL
2025-10-06 12:41:00,187 - INFO - Comprehensive data extracted for BAJAJHFL
2025-10-06 12:41:00,426 - INFO - Comprehensive data extracted for BAJAJHFL
2025-10-06 12:41:00,554 - INFO - Comprehensive data extracted for BAJAJHFL
2025-10-06 12:41:00,693 - INFO - Comprehensive data extracted for BAJAJHFL
2025-10-06 12:41:01,043 - INFO - Comprehensive data extracted for BAJAJHFL
2025-10-06 12:41:01,159 - INFO - Comprehensive data extracted for BAJAJHFL
2025-10-06 12:41:01,554 - INFO - Comprehensive data extracted for BAJAJHFL
2025-10-06 12:41:01,667 - INFO - Comprehensive data extracted for BAJAJHFL
2025-10-06 12:41:01,668 - INFO - Processing BANDHANBNK (29/200)...
2025-10-06 12:41:02,105 - INFO - Comprehensive data extracted for BANDHANBNK
2025-10-06 12:41:02,232 - INFO - Comprehensive data extracted for BANDHANBNK
2025-10-06 12:41:02,446 - INFO - Comprehensive data extracted for BANDHANBNK
2025-10-06 12:41:02,597 - INFO - Comprehensive data extracted for BANDHANBNK
2025-10-06 12:41:02,732 - INFO - Comprehensive data extracted for BANDHANBNK
2025-10-06 12:41:02,890 - INFO - Comprehensive data extracted for BANDHANBNK
2025-10-06 12:41:03,582 - INFO - Comprehensive data extracted for BANDHANBNK
2025-10-06 12:41:03,756 - INFO - Comprehensive data extracted for BANDHANBNK
2025-10-06 12:41:03,984 - INFO - Comprehensive data extracted for BANDHANBNK
2025-10-06 12:41:04,125 - INFO - Comprehensive data extracted for BANDHANBNK
2025-10-06 12:41:04,126 - INFO - Processing BANKBARODA (30/200)...
2025-10-06 12:41:04,605 - INFO - Comprehensive data extracted for BANKBARODA
2025-10-06 12:41:04,813 - INFO - Comprehensive data extracted for BANKBARODA
2025-10-06 12:41:05,089 - INFO - Comprehensive data extracted for BANKBARODA
2025-10-06 12:41:05,557 - INFO - Comprehensive data extracted for BANKBARODA
2025-10-06 12:41:05,715 - INFO - Comprehensive data extracted for BANKBARODA
2025-10-06 12:41:05,907 - INFO - Comprehensive data extracted for BANKBARODA
2025-10-06 12:41:06,617 - INFO - Comprehensive data extracted for BANKBARODA
2025-10-06 12:41:06,773 - INFO - Comprehensive data extracted for BANKBARODA
2025-10-06 12:41:07,066 - INFO - Comprehensive data extracted for BANKBARODA
2025-10-06 12:41:07,236 - INFO - Comprehensive data extracted for BANKBARODA
2025-10-06 12:41:07,237 - INFO - Processing BANKINDIA (31/200)...
2025-10-06 12:41:07,777 - INFO - Comprehensive data extracted for BANKINDIA
2025-10-06 12:41:07,941 - INFO - Comprehensive data extracted for BANKINDIA
2025-10-06 12:41:08,193 - INFO - Comprehensive data extracted for BANKINDIA
2025-10-06 12:41:09,586 - INFO - Comprehensive data extracted for BANKINDIA
2025-10-06 12:41:09,855 - INFO - Comprehensive data extracted for BANKINDIA
2025-10-06 12:41:10,093 - INFO - Comprehensive data extracted for BANKINDIA
2025-10-06 12:41:10,750 - INFO - Comprehensive data extracted for BANKINDIA
2025-10-06 12:41:10,996 - INFO - Comprehensive data extracted for BANKINDIA
2025-10-06 12:41:11,519 - INFO - Comprehensive data extracted for BANKINDIA
2025-10-06 12:41:11,680 - INFO - Comprehensive data extracted for BANKINDIA
2025-10-06 12:41:11,681 - INFO - Processing MAHABANK (32/200)...
2025-10-06 12:41:12,302 - INFO - Comprehensive data extracted for MAHABANK
2025-10-06 12:41:12,560 - INFO - Comprehensive data extracted for MAHABANK
2025-10-06 12:41:12,810 - INFO - Comprehensive data extracted for MAHABANK
2025-10-06 12:41:12,954 - INFO - Comprehensive data extracted for MAHABANK
2025-10-06 12:41:13,176 - INFO - Comprehensive data extracted for MAHABANK
2025-10-06 12:41:13,841 - INFO - Comprehensive data extracted for MAHABANK
2025-10-06 12:41:13,984 - INFO - Comprehensive data extracted for MAHABANK
2025-10-06 12:41:14,283 - INFO - Comprehensive data extracted for MAHABANK
2025-10-06 12:41:14,417 - INFO - Comprehensive data extracted for MAHABANK
2025-10-06 12:41:14,417 - INFO - Processing BDL (33/200)...
2025-10-06 12:41:15,069 - INFO - Comprehensive data extracted for BDL
2025-10-06 12:41:15,282 - INFO - Comprehensive data extracted for BDL
2025-10-06 12:41:15,499 - INFO - Comprehensive data extracted for BDL
2025-10-06 12:41:15,643 - INFO - Comprehensive data extracted for BDL
2025-10-06 12:41:15,792 - INFO - Comprehensive data extracted for BDL
2025-10-06 12:41:16,257 - INFO - Comprehensive data extracted for BDL
2025-10-06 12:41:16,607 - INFO - Comprehensive data extracted for BDL
2025-10-06 12:41:16,833 - INFO - Comprehensive data extracted for BDL
2025-10-06 12:41:16,980 - INFO - Comprehensive data extracted for BDL
2025-10-06 12:41:16,981 - INFO - Processing BEL (34/200)...
2025-10-06 12:41:17,723 - INFO - Comprehensive data extracted for BEL
2025-10-06 12:41:18,044 - INFO - Comprehensive data extracted for BEL
2025-10-06 12:41:18,186 - INFO - Comprehensive data extracted for BEL
2025-10-06 12:41:18,491 - INFO - Comprehensive data extracted for BEL
2025-10-06 12:41:18,722 - INFO - Comprehensive data extracted for BEL
2025-10-06 12:41:19,364 - INFO - Comprehensive data extracted for BEL
2025-10-06 12:41:19,578 - INFO - Comprehensive data extracted for BEL
2025-10-06 12:41:19,887 - INFO - Comprehensive data extracted for BEL
2025-10-06 12:41:20,048 - INFO - Comprehensive data extracted for BEL
2025-10-06 12:41:20,048 - INFO - Processing BHARATFORG (35/200)...
2025-10-06 12:41:20,842 - INFO - Comprehensive data extracted for BHARATFORG
2025-10-06 12:41:21,139 - INFO - Comprehensive data extracted for BHARATFORG
2025-10-06 12:41:21,399 - INFO - Comprehensive data extracted for BHARATFORG
2025-10-06 12:41:21,558 - INFO - Comprehensive data extracted for BHARATFORG
2025-10-06 12:41:21,716 - INFO - Comprehensive data extracted for BHARATFORG
2025-10-06 12:41:22,262 - INFO - Comprehensive data extracted for BHARATFORG
2025-10-06 12:41:22,560 - INFO - Comprehensive data extracted for BHARATFORG
2025-10-06 12:41:22,880 - INFO - Comprehensive data extracted for BHARATFORG
2025-10-06 12:41:23,034 - INFO - Comprehensive data extracted for BHARATFORG
2025-10-06 12:41:23,034 - INFO - Processing BHEL (36/200)...
2025-10-06 12:41:23,529 - INFO - Comprehensive data extracted for BHEL
2025-10-06 12:41:23,751 - INFO - Comprehensive data extracted for BHEL
2025-10-06 12:41:24,041 - INFO - Comprehensive data extracted for BHEL
2025-10-06 12:41:24,220 - INFO - Comprehensive data extracted for BHEL
2025-10-06 12:41:24,675 - INFO - Comprehensive data extracted for BHEL
2025-10-06 12:41:25,239 - INFO - Comprehensive data extracted for BHEL
2025-10-06 12:41:25,984 - INFO - Comprehensive data extracted for BHEL
2025-10-06 12:41:26,141 - INFO - Comprehensive data extracted for BHEL
2025-10-06 12:41:26,492 - INFO - Comprehensive data extracted for BHEL
2025-10-06 12:41:26,739 - INFO - Comprehensive data extracted for BHEL
2025-10-06 12:41:26,739 - INFO - Processing BPCL (37/200)...
2025-10-06 12:41:27,251 - INFO - Comprehensive data extracted for BPCL
2025-10-06 12:41:27,409 - INFO - Comprehensive data extracted for BPCL
2025-10-06 12:41:27,677 - INFO - Comprehensive data extracted for BPCL
2025-10-06 12:41:27,829 - INFO - Comprehensive data extracted for BPCL
2025-10-06 12:41:27,998 - INFO - Comprehensive data extracted for BPCL
2025-10-06 12:41:28,154 - INFO - Comprehensive data extracted for BPCL
2025-10-06 12:41:28,908 - INFO - Comprehensive data extracted for BPCL
2025-10-06 12:41:29,066 - INFO - Comprehensive data extracted for BPCL
2025-10-06 12:41:29,411 - INFO - Comprehensive data extracted for BPCL
2025-10-06 12:41:29,571 - INFO - Comprehensive data extracted for BPCL
2025-10-06 12:41:29,572 - INFO - Processing BHARTIARTL (38/200)...
2025-10-06 12:41:30,022 - INFO - Comprehensive data extracted for BHARTIARTL
2025-10-06 12:41:30,187 - INFO - Comprehensive data extracted for BHARTIARTL
2025-10-06 12:41:30,493 - INFO - Comprehensive data extracted for BHARTIARTL
2025-10-06 12:41:30,654 - INFO - Comprehensive data extracted for BHARTIARTL
2025-10-06 12:41:30,875 - INFO - Comprehensive data extracted for BHARTIARTL
2025-10-06 12:41:31,018 - INFO - Comprehensive data extracted for BHARTIARTL
2025-10-06 12:41:31,582 - INFO - Comprehensive data extracted for BHARTIARTL
2025-10-06 12:41:31,718 - INFO - Comprehensive data extracted for BHARTIARTL
2025-10-06 12:41:32,031 - INFO - Comprehensive data extracted for BHARTIARTL
2025-10-06 12:41:32,175 - INFO - Comprehensive data extracted for BHARTIARTL
2025-10-06 12:41:32,175 - INFO - Processing BHARTIHEXA (39/200)...
2025-10-06 12:41:32,651 - INFO - Comprehensive data extracted for BHARTIHEXA
2025-10-06 12:41:32,862 - INFO - Comprehensive data extracted for BHARTIHEXA
2025-10-06 12:41:32,990 - INFO - Comprehensive data extracted for BHARTIHEXA
2025-10-06 12:41:33,116 - INFO - Comprehensive data extracted for BHARTIHEXA
2025-10-06 12:41:33,235 - INFO - Comprehensive data extracted for BHARTIHEXA
2025-10-06 12:41:33,851 - INFO - Comprehensive data extracted for BHARTIHEXA
2025-10-06 12:41:33,981 - INFO - Comprehensive data extracted for BHARTIHEXA
2025-10-06 12:41:34,279 - INFO - Comprehensive data extracted for BHARTIHEXA
2025-10-06 12:41:34,514 - INFO - Comprehensive data extracted for BHARTIHEXA
2025-10-06 12:41:34,515 - INFO - Processing BIOCON (40/200)...
2025-10-06 12:41:35,093 - INFO - Comprehensive data extracted for BIOCON
2025-10-06 12:41:35,433 - INFO - Comprehensive data extracted for BIOCON
2025-10-06 12:41:35,582 - INFO - Comprehensive data extracted for BIOCON
2025-10-06 12:41:35,717 - INFO - Comprehensive data extracted for BIOCON
2025-10-06 12:41:35,888 - INFO - Comprehensive data extracted for BIOCON
2025-10-06 12:41:36,523 - INFO - Comprehensive data extracted for BIOCON
2025-10-06 12:41:36,670 - INFO - Comprehensive data extracted for BIOCON
2025-10-06 12:41:36,919 - INFO - Comprehensive data extracted for BIOCON
2025-10-06 12:41:37,082 - INFO - Comprehensive data extracted for BIOCON
2025-10-06 12:41:37,082 - INFO - Processing BOSCHLTD (41/200)...
2025-10-06 12:41:37,767 - INFO - Comprehensive data extracted for BOSCHLTD
2025-10-06 12:41:38,035 - INFO - Comprehensive data extracted for BOSCHLTD
2025-10-06 12:41:38,178 - INFO - Comprehensive data extracted for BOSCHLTD
2025-10-06 12:41:38,457 - INFO - Comprehensive data extracted for BOSCHLTD
2025-10-06 12:41:38,618 - INFO - Comprehensive data extracted for BOSCHLTD
2025-10-06 12:41:39,125 - INFO - Comprehensive data extracted for BOSCHLTD
2025-10-06 12:41:39,354 - INFO - Comprehensive data extracted for BOSCHLTD
2025-10-06 12:41:39,776 - INFO - Comprehensive data extracted for BOSCHLTD
2025-10-06 12:41:39,931 - INFO - Comprehensive data extracted for BOSCHLTD
2025-10-06 12:41:39,932 - INFO - Processing BRITANNIA (42/200)...
2025-10-06 12:41:40,699 - INFO - Comprehensive data extracted for BRITANNIA
2025-10-06 12:41:41,014 - INFO - Comprehensive data extracted for BRITANNIA
2025-10-06 12:41:41,243 - INFO - Comprehensive data extracted for BRITANNIA
2025-10-06 12:41:41,517 - INFO - Comprehensive data extracted for BRITANNIA
2025-10-06 12:41:41,684 - INFO - Comprehensive data extracted for BRITANNIA
2025-10-06 12:41:42,498 - INFO - Comprehensive data extracted for BRITANNIA
2025-10-06 12:41:42,730 - INFO - Comprehensive data extracted for BRITANNIA
2025-10-06 12:41:43,002 - INFO - Comprehensive data extracted for BRITANNIA
2025-10-06 12:41:43,148 - INFO - Comprehensive data extracted for BRITANNIA
2025-10-06 12:41:43,148 - INFO - Processing CGPOWER (43/200)...
2025-10-06 12:41:43,655 - INFO - Comprehensive data extracted for CGPOWER
2025-10-06 12:41:43,880 - INFO - Comprehensive data extracted for CGPOWER
2025-10-06 12:41:44,155 - INFO - Comprehensive data extracted for CGPOWER
2025-10-06 12:41:44,519 - INFO - Comprehensive data extracted for CGPOWER
2025-10-06 12:41:44,692 - INFO - Comprehensive data extracted for CGPOWER
2025-10-06 12:41:44,846 - INFO - Comprehensive data extracted for CGPOWER
2025-10-06 12:41:45,412 - INFO - Comprehensive data extracted for CGPOWER
2025-10-06 12:41:45,574 - INFO - Comprehensive data extracted for CGPOWER
2025-10-06 12:41:45,824 - INFO - Comprehensive data extracted for CGPOWER
2025-10-06 12:41:46,001 - INFO - Comprehensive data extracted for CGPOWER
2025-10-06 12:41:46,002 - INFO - Processing CANBK (44/200)...
2025-10-06 12:41:46,512 - INFO - Comprehensive data extracted for CANBK
2025-10-06 12:41:46,730 - INFO - Comprehensive data extracted for CANBK
2025-10-06 12:41:47,096 - INFO - Comprehensive data extracted for CANBK
2025-10-06 12:41:47,355 - INFO - Comprehensive data extracted for CANBK
2025-10-06 12:41:47,651 - INFO - Comprehensive data extracted for CANBK
2025-10-06 12:41:47,809 - INFO - Comprehensive data extracted for CANBK
2025-10-06 12:41:48,488 - INFO - Comprehensive data extracted for CANBK
2025-10-06 12:41:48,644 - INFO - Comprehensive data extracted for CANBK
2025-10-06 12:41:48,990 - INFO - Comprehensive data extracted for CANBK
2025-10-06 12:41:49,162 - INFO - Comprehensive data extracted for CANBK
2025-10-06 12:41:49,163 - INFO - Processing CHOLAFIN (45/200)...
2025-10-06 12:41:49,885 - INFO - Comprehensive data extracted for CHOLAFIN
2025-10-06 12:41:50,196 - INFO - Comprehensive data extracted for CHOLAFIN
2025-10-06 12:41:50,408 - INFO - Comprehensive data extracted for CHOLAFIN
2025-10-06 12:41:50,556 - INFO - Comprehensive data extracted for CHOLAFIN
2025-10-06 12:41:50,712 - INFO - Comprehensive data extracted for CHOLAFIN
2025-10-06 12:41:51,221 - INFO - Comprehensive data extracted for CHOLAFIN
2025-10-06 12:41:51,571 - INFO - Comprehensive data extracted for CHOLAFIN
2025-10-06 12:41:51,850 - INFO - Comprehensive data extracted for CHOLAFIN
2025-10-06 12:41:52,007 - INFO - Comprehensive data extracted for CHOLAFIN
2025-10-06 12:41:52,007 - INFO - Processing CIPLA (46/200)...
2025-10-06 12:41:52,746 - INFO - Comprehensive data extracted for CIPLA
2025-10-06 12:41:53,139 - INFO - Comprehensive data extracted for CIPLA
2025-10-06 12:41:53,288 - INFO - Comprehensive data extracted for CIPLA
2025-10-06 12:41:53,466 - INFO - Comprehensive data extracted for CIPLA
2025-10-06 12:41:53,608 - INFO - Comprehensive data extracted for CIPLA
2025-10-06 12:41:54,233 - INFO - Comprehensive data extracted for CIPLA
2025-10-06 12:41:54,548 - INFO - Comprehensive data extracted for CIPLA
2025-10-06 12:41:54,864 - INFO - Comprehensive data extracted for CIPLA
2025-10-06 12:41:55,041 - INFO - Comprehensive data extracted for CIPLA
2025-10-06 12:41:55,041 - INFO - Processing COALINDIA (47/200)...
2025-10-06 12:41:55,589 - INFO - Comprehensive data extracted for COALINDIA
2025-10-06 12:41:55,940 - INFO - Comprehensive data extracted for COALINDIA
2025-10-06 12:41:56,241 - INFO - Comprehensive data extracted for COALINDIA
2025-10-06 12:41:56,399 - INFO - Comprehensive data extracted for COALINDIA
2025-10-06 12:41:56,607 - INFO - Comprehensive data extracted for COALINDIA
2025-10-06 12:41:56,771 - INFO - Comprehensive data extracted for COALINDIA
2025-10-06 12:41:57,402 - INFO - Comprehensive data extracted for COALINDIA
2025-10-06 12:41:57,725 - INFO - Comprehensive data extracted for COALINDIA
2025-10-06 12:41:57,963 - INFO - Comprehensive data extracted for COALINDIA
2025-10-06 12:41:58,109 - INFO - Comprehensive data extracted for COALINDIA
2025-10-06 12:41:58,110 - INFO - Processing COCHINSHIP (48/200)...
2025-10-06 12:41:58,579 - INFO - Comprehensive data extracted for COCHINSHIP
2025-10-06 12:41:58,854 - INFO - Comprehensive data extracted for COCHINSHIP
2025-10-06 12:41:59,097 - INFO - Comprehensive data extracted for COCHINSHIP
2025-10-06 12:41:59,388 - INFO - Comprehensive data extracted for COCHINSHIP
2025-10-06 12:41:59,517 - INFO - Comprehensive data extracted for COCHINSHIP
2025-10-06 12:41:59,644 - INFO - Comprehensive data extracted for COCHINSHIP
2025-10-06 12:42:00,078 - INFO - Comprehensive data extracted for COCHINSHIP
2025-10-06 12:42:00,207 - INFO - Comprehensive data extracted for COCHINSHIP
2025-10-06 12:42:00,529 - INFO - Comprehensive data extracted for COCHINSHIP
2025-10-06 12:42:00,666 - INFO - Comprehensive data extracted for COCHINSHIP
2025-10-06 12:42:00,667 - INFO - Processing COFORGE (49/200)...
2025-10-06 12:42:01,389 - INFO - Comprehensive data extracted for COFORGE
2025-10-06 12:42:01,664 - INFO - Comprehensive data extracted for COFORGE
2025-10-06 12:42:01,834 - INFO - Comprehensive data extracted for COFORGE
2025-10-06 12:42:01,988 - INFO - Comprehensive data extracted for COFORGE
2025-10-06 12:42:02,139 - INFO - Comprehensive data extracted for COFORGE
2025-10-06 12:42:02,794 - INFO - Comprehensive data extracted for COFORGE
2025-10-06 12:42:02,935 - INFO - Comprehensive data extracted for COFORGE
2025-10-06 12:42:03,186 - INFO - Comprehensive data extracted for COFORGE
2025-10-06 12:42:03,352 - INFO - Comprehensive data extracted for COFORGE
2025-10-06 12:42:03,353 - INFO - Processing COLPAL (50/200)...
2025-10-06 12:42:03,828 - INFO - Comprehensive data extracted for COLPAL
2025-10-06 12:42:03,985 - INFO - Comprehensive data extracted for COLPAL
2025-10-06 12:42:04,271 - INFO - Comprehensive data extracted for COLPAL
2025-10-06 12:42:04,492 - INFO - Comprehensive data extracted for COLPAL
2025-10-06 12:42:04,635 - INFO - Comprehensive data extracted for COLPAL
2025-10-06 12:42:04,818 - INFO - Comprehensive data extracted for COLPAL
2025-10-06 12:42:05,248 - INFO - Comprehensive data extracted for COLPAL
2025-10-06 12:42:05,585 - INFO - Comprehensive data extracted for COLPAL
2025-10-06 12:42:05,975 - INFO - Comprehensive data extracted for COLPAL
2025-10-06 12:42:06,130 - INFO - Comprehensive data extracted for COLPAL
2025-10-06 12:42:06,130 - INFO - Processing CONCOR (51/200)...
2025-10-06 12:42:06,795 - INFO - Comprehensive data extracted for CONCOR
2025-10-06 12:42:06,968 - INFO - Comprehensive data extracted for CONCOR
2025-10-06 12:42:07,264 - INFO - Comprehensive data extracted for CONCOR
2025-10-06 12:42:07,571 - INFO - Comprehensive data extracted for CONCOR
2025-10-06 12:42:07,758 - INFO - Comprehensive data extracted for CONCOR
2025-10-06 12:42:07,929 - INFO - Comprehensive data extracted for CONCOR
2025-10-06 12:42:08,583 - INFO - Comprehensive data extracted for CONCOR
2025-10-06 12:42:08,754 - INFO - Comprehensive data extracted for CONCOR
2025-10-06 12:42:08,983 - INFO - Comprehensive data extracted for CONCOR
2025-10-06 12:42:09,159 - INFO - Comprehensive data extracted for CONCOR
2025-10-06 12:42:09,160 - INFO - Processing CUMMINSIND (52/200)...
2025-10-06 12:42:09,886 - INFO - Comprehensive data extracted for CUMMINSIND
2025-10-06 12:42:10,153 - INFO - Comprehensive data extracted for CUMMINSIND
2025-10-06 12:42:10,407 - INFO - Comprehensive data extracted for CUMMINSIND
2025-10-06 12:42:10,604 - INFO - Comprehensive data extracted for CUMMINSIND
2025-10-06 12:42:10,776 - INFO - Comprehensive data extracted for CUMMINSIND
2025-10-06 12:42:11,415 - INFO - Comprehensive data extracted for CUMMINSIND
2025-10-06 12:42:11,708 - INFO - Comprehensive data extracted for CUMMINSIND
2025-10-06 12:42:11,995 - INFO - Comprehensive data extracted for CUMMINSIND
2025-10-06 12:42:12,147 - INFO - Comprehensive data extracted for CUMMINSIND
2025-10-06 12:42:12,148 - INFO - Processing DLF (53/200)...
2025-10-06 12:42:12,635 - INFO - Comprehensive data extracted for DLF
2025-10-06 12:42:12,909 - INFO - Comprehensive data extracted for DLF
2025-10-06 12:42:13,190 - INFO - Comprehensive data extracted for DLF
2025-10-06 12:42:13,436 - INFO - Comprehensive data extracted for DLF
2025-10-06 12:42:13,573 - INFO - Comprehensive data extracted for DLF
2025-10-06 12:42:13,717 - INFO - Comprehensive data extracted for DLF
2025-10-06 12:42:14,158 - INFO - Comprehensive data extracted for DLF
2025-10-06 12:42:14,443 - INFO - Comprehensive data extracted for DLF
2025-10-06 12:42:14,692 - INFO - Comprehensive data extracted for DLF
2025-10-06 12:42:14,844 - INFO - Comprehensive data extracted for DLF
2025-10-06 12:42:14,844 - INFO - Processing DABUR (54/200)...
2025-10-06 12:42:15,573 - INFO - Comprehensive data extracted for DABUR
2025-10-06 12:42:15,854 - INFO - Comprehensive data extracted for DABUR
2025-10-06 12:42:16,004 - INFO - Comprehensive data extracted for DABUR
2025-10-06 12:42:16,249 - INFO - Comprehensive data extracted for DABUR
2025-10-06 12:42:16,579 - INFO - Comprehensive data extracted for DABUR
2025-10-06 12:42:17,050 - INFO - Comprehensive data extracted for DABUR
2025-10-06 12:42:17,231 - INFO - Comprehensive data extracted for DABUR
2025-10-06 12:42:17,561 - INFO - Comprehensive data extracted for DABUR
2025-10-06 12:42:17,727 - INFO - Comprehensive data extracted for DABUR
2025-10-06 12:42:17,728 - INFO - Processing DIVISLAB (55/200)...
2025-10-06 12:42:18,351 - INFO - Comprehensive data extracted for DIVISLAB
2025-10-06 12:42:18,620 - INFO - Comprehensive data extracted for DIVISLAB
2025-10-06 12:42:18,770 - INFO - Comprehensive data extracted for DIVISLAB
2025-10-06 12:42:18,998 - INFO - Comprehensive data extracted for DIVISLAB
2025-10-06 12:42:19,146 - INFO - Comprehensive data extracted for DIVISLAB
2025-10-06 12:42:19,921 - INFO - Comprehensive data extracted for DIVISLAB
2025-10-06 12:42:20,068 - INFO - Comprehensive data extracted for DIVISLAB
2025-10-06 12:42:20,336 - INFO - Comprehensive data extracted for DIVISLAB
2025-10-06 12:42:20,489 - INFO - Comprehensive data extracted for DIVISLAB
2025-10-06 12:42:20,490 - INFO - Processing DIXON (56/200)...
2025-10-06 12:42:20,951 - INFO - Comprehensive data extracted for DIXON
2025-10-06 12:42:21,091 - INFO - Comprehensive data extracted for DIXON
2025-10-06 12:42:21,380 - INFO - Comprehensive data extracted for DIXON
2025-10-06 12:42:21,513 - INFO - Comprehensive data extracted for DIXON
2025-10-06 12:42:21,639 - INFO - Comprehensive data extracted for DIXON
2025-10-06 12:42:21,758 - INFO - Comprehensive data extracted for DIXON
2025-10-06 12:42:22,187 - INFO - Comprehensive data extracted for DIXON
2025-10-06 12:42:22,485 - INFO - Comprehensive data extracted for DIXON
2025-10-06 12:42:22,785 - INFO - Comprehensive data extracted for DIXON
2025-10-06 12:42:23,001 - INFO - Comprehensive data extracted for DIXON
2025-10-06 12:42:23,001 - INFO - Processing DRREDDY (57/200)...
2025-10-06 12:42:23,500 - INFO - Comprehensive data extracted for DRREDDY
2025-10-06 12:42:23,756 - INFO - Comprehensive data extracted for DRREDDY
2025-10-06 12:42:24,034 - INFO - Comprehensive data extracted for DRREDDY
2025-10-06 12:42:24,177 - INFO - Comprehensive data extracted for DRREDDY
2025-10-06 12:42:24,398 - INFO - Comprehensive data extracted for DRREDDY
2025-10-06 12:42:24,551 - INFO - Comprehensive data extracted for DRREDDY
2025-10-06 12:42:25,149 - INFO - Comprehensive data extracted for DRREDDY
2025-10-06 12:42:25,549 - INFO - Comprehensive data extracted for DRREDDY
2025-10-06 12:42:26,017 - INFO - Comprehensive data extracted for DRREDDY
2025-10-06 12:42:26,174 - INFO - Comprehensive data extracted for DRREDDY
2025-10-06 12:42:26,174 - INFO - Processing EICHERMOT (58/200)...
2025-10-06 12:42:26,701 - INFO - Comprehensive data extracted for EICHERMOT
2025-10-06 12:42:26,909 - INFO - Comprehensive data extracted for EICHERMOT
2025-10-06 12:42:27,388 - INFO - Comprehensive data extracted for EICHERMOT
2025-10-06 12:42:27,608 - INFO - Comprehensive data extracted for EICHERMOT
2025-10-06 12:42:27,842 - INFO - Comprehensive data extracted for EICHERMOT
2025-10-06 12:42:28,007 - INFO - Comprehensive data extracted for EICHERMOT
2025-10-06 12:42:28,914 - INFO - Comprehensive data extracted for EICHERMOT
2025-10-06 12:42:29,085 - INFO - Comprehensive data extracted for EICHERMOT
2025-10-06 12:42:29,365 - INFO - Comprehensive data extracted for EICHERMOT
2025-10-06 12:42:29,527 - INFO - Comprehensive data extracted for EICHERMOT
2025-10-06 12:42:29,527 - INFO - Processing ESCORTS (59/200)...
2025-10-06 12:42:30,291 - INFO - Comprehensive data extracted for ESCORTS
2025-10-06 12:42:30,629 - INFO - Comprehensive data extracted for ESCORTS
2025-10-06 12:42:30,822 - INFO - Comprehensive data extracted for ESCORTS
2025-10-06 12:42:31,003 - INFO - Comprehensive data extracted for ESCORTS
2025-10-06 12:42:31,166 - INFO - Comprehensive data extracted for ESCORTS
2025-10-06 12:42:31,829 - INFO - Comprehensive data extracted for ESCORTS
2025-10-06 12:42:31,999 - INFO - Comprehensive data extracted for ESCORTS
2025-10-06 12:42:32,343 - INFO - Comprehensive data extracted for ESCORTS
2025-10-06 12:42:32,494 - INFO - Comprehensive data extracted for ESCORTS
2025-10-06 12:42:32,494 - INFO - Processing ETERNAL (60/200)...
2025-10-06 12:42:33,114 - INFO - Comprehensive data extracted for ETERNAL
2025-10-06 12:42:33,309 - INFO - Comprehensive data extracted for ETERNAL
2025-10-06 12:42:33,423 - INFO - Comprehensive data extracted for ETERNAL
2025-10-06 12:42:33,557 - INFO - Comprehensive data extracted for ETERNAL
2025-10-06 12:42:33,686 - INFO - Comprehensive data extracted for ETERNAL
2025-10-06 12:42:34,088 - INFO - Comprehensive data extracted for ETERNAL
2025-10-06 12:42:34,212 - INFO - Comprehensive data extracted for ETERNAL
2025-10-06 12:42:34,638 - INFO - Comprehensive data extracted for ETERNAL
2025-10-06 12:42:34,705 - INFO - Processing EXIDEIND (61/200)...
2025-10-06 12:42:35,313 - INFO - Comprehensive data extracted for EXIDEIND
2025-10-06 12:42:35,568 - INFO - Comprehensive data extracted for EXIDEIND
2025-10-06 12:42:35,737 - INFO - Comprehensive data extracted for EXIDEIND
2025-10-06 12:42:35,974 - INFO - Comprehensive data extracted for EXIDEIND
2025-10-06 12:42:36,125 - INFO - Comprehensive data extracted for EXIDEIND
2025-10-06 12:42:36,713 - INFO - Comprehensive data extracted for EXIDEIND
2025-10-06 12:42:36,932 - INFO - Comprehensive data extracted for EXIDEIND
2025-10-06 12:42:37,267 - INFO - Comprehensive data extracted for EXIDEIND
2025-10-06 12:42:37,407 - INFO - Comprehensive data extracted for EXIDEIND
2025-10-06 12:42:37,407 - INFO - Processing NYKAA (62/200)...
2025-10-06 12:42:38,042 - INFO - Comprehensive data extracted for NYKAA
2025-10-06 12:42:38,254 - INFO - Comprehensive data extracted for NYKAA
2025-10-06 12:42:38,382 - INFO - Comprehensive data extracted for NYKAA
2025-10-06 12:42:38,599 - INFO - Comprehensive data extracted for NYKAA
2025-10-06 12:42:38,746 - INFO - Comprehensive data extracted for NYKAA
2025-10-06 12:42:39,156 - INFO - Comprehensive data extracted for NYKAA
2025-10-06 12:42:39,362 - INFO - Comprehensive data extracted for NYKAA
2025-10-06 12:42:39,635 - INFO - Comprehensive data extracted for NYKAA
2025-10-06 12:42:39,823 - INFO - Comprehensive data extracted for NYKAA
2025-10-06 12:42:39,823 - INFO - Processing FEDERALBNK (63/200)...
2025-10-06 12:42:40,562 - INFO - Comprehensive data extracted for FEDERALBNK
2025-10-06 12:42:40,894 - INFO - Comprehensive data extracted for FEDERALBNK
2025-10-06 12:42:41,120 - INFO - Comprehensive data extracted for FEDERALBNK
2025-10-06 12:42:41,378 - INFO - Comprehensive data extracted for FEDERALBNK
2025-10-06 12:42:41,545 - INFO - Comprehensive data extracted for FEDERALBNK
2025-10-06 12:42:42,204 - INFO - Comprehensive data extracted for FEDERALBNK
2025-10-06 12:42:42,493 - INFO - Comprehensive data extracted for FEDERALBNK
2025-10-06 12:42:42,757 - INFO - Comprehensive data extracted for FEDERALBNK
2025-10-06 12:42:42,935 - INFO - Comprehensive data extracted for FEDERALBNK
2025-10-06 12:42:42,936 - INFO - Processing GAIL (64/200)...
2025-10-06 12:42:43,569 - INFO - Comprehensive data extracted for GAIL
2025-10-06 12:42:43,982 - INFO - Comprehensive data extracted for GAIL
2025-10-06 12:42:44,161 - INFO - Comprehensive data extracted for GAIL
2025-10-06 12:42:44,390 - INFO - Comprehensive data extracted for GAIL
2025-10-06 12:42:44,537 - INFO - Comprehensive data extracted for GAIL
2025-10-06 12:42:45,040 - INFO - Comprehensive data extracted for GAIL
2025-10-06 12:42:45,209 - INFO - Comprehensive data extracted for GAIL
2025-10-06 12:42:45,630 - INFO - Comprehensive data extracted for GAIL
2025-10-06 12:42:45,798 - INFO - Comprehensive data extracted for GAIL
2025-10-06 12:42:45,798 - INFO - Processing GMRAIRPORT (65/200)...
2025-10-06 12:42:46,293 - INFO - Comprehensive data extracted for GMRAIRPORT
2025-10-06 12:42:46,415 - INFO - Comprehensive data extracted for GMRAIRPORT
2025-10-06 12:42:46,614 - INFO - Comprehensive data extracted for GMRAIRPORT
2025-10-06 12:42:46,746 - INFO - Comprehensive data extracted for GMRAIRPORT
2025-10-06 12:42:46,864 - INFO - Comprehensive data extracted for GMRAIRPORT
2025-10-06 12:42:46,986 - INFO - Comprehensive data extracted for GMRAIRPORT
2025-10-06 12:42:47,568 - INFO - Comprehensive data extracted for GMRAIRPORT
2025-10-06 12:42:47,689 - INFO - Comprehensive data extracted for GMRAIRPORT
2025-10-06 12:42:47,885 - INFO - Comprehensive data extracted for GMRAIRPORT
2025-10-06 12:42:48,015 - INFO - Comprehensive data extracted for GMRAIRPORT
2025-10-06 12:42:48,015 - INFO - Processing GLENMARK (66/200)...
2025-10-06 12:42:48,641 - INFO - Comprehensive data extracted for GLENMARK
2025-10-06 12:42:48,976 - INFO - Comprehensive data extracted for GLENMARK
2025-10-06 12:42:49,201 - INFO - Comprehensive data extracted for GLENMARK
2025-10-06 12:42:49,409 - INFO - Comprehensive data extracted for GLENMARK
2025-10-06 12:42:49,594 - INFO - Comprehensive data extracted for GLENMARK
2025-10-06 12:42:50,061 - INFO - Comprehensive data extracted for GLENMARK
2025-10-06 12:42:50,212 - INFO - Comprehensive data extracted for GLENMARK
2025-10-06 12:42:50,771 - INFO - Comprehensive data extracted for GLENMARK
2025-10-06 12:42:50,917 - INFO - Comprehensive data extracted for GLENMARK
2025-10-06 12:42:50,917 - INFO - Processing GODREJCP (67/200)...
2025-10-06 12:42:51,607 - INFO - Comprehensive data extracted for GODREJCP
2025-10-06 12:42:51,902 - INFO - Comprehensive data extracted for GODREJCP
2025-10-06 12:42:52,121 - INFO - Comprehensive data extracted for GODREJCP
2025-10-06 12:42:52,374 - INFO - Comprehensive data extracted for GODREJCP
2025-10-06 12:42:52,570 - INFO - Comprehensive data extracted for GODREJCP
2025-10-06 12:42:53,029 - INFO - Comprehensive data extracted for GODREJCP
2025-10-06 12:42:53,179 - INFO - Comprehensive data extracted for GODREJCP
2025-10-06 12:42:53,596 - INFO - Comprehensive data extracted for GODREJCP
2025-10-06 12:42:53,748 - INFO - Comprehensive data extracted for GODREJCP
2025-10-06 12:42:53,748 - INFO - Processing GODREJPROP (68/200)...
2025-10-06 12:42:54,244 - INFO - Comprehensive data extracted for GODREJPROP
2025-10-06 12:42:54,376 - INFO - Comprehensive data extracted for GODREJPROP
2025-10-06 12:42:54,578 - INFO - Comprehensive data extracted for GODREJPROP
2025-10-06 12:42:54,710 - INFO - Comprehensive data extracted for GODREJPROP
2025-10-06 12:42:54,900 - INFO - Comprehensive data extracted for GODREJPROP
2025-10-06 12:42:55,019 - INFO - Comprehensive data extracted for GODREJPROP
2025-10-06 12:42:55,608 - INFO - Comprehensive data extracted for GODREJPROP
2025-10-06 12:42:55,747 - INFO - Comprehensive data extracted for GODREJPROP
2025-10-06 12:42:55,952 - INFO - Comprehensive data extracted for GODREJPROP
2025-10-06 12:42:56,107 - INFO - Comprehensive data extracted for GODREJPROP
2025-10-06 12:42:56,108 - INFO - Processing GRASIM (69/200)...
2025-10-06 12:42:56,676 - INFO - Comprehensive data extracted for GRASIM
2025-10-06 12:42:56,911 - INFO - Comprehensive data extracted for GRASIM
2025-10-06 12:42:57,185 - INFO - Comprehensive data extracted for GRASIM
2025-10-06 12:42:57,374 - INFO - Comprehensive data extracted for GRASIM
2025-10-06 12:42:57,601 - INFO - Comprehensive data extracted for GRASIM
2025-10-06 12:42:57,763 - INFO - Comprehensive data extracted for GRASIM
2025-10-06 12:42:58,398 - INFO - Comprehensive data extracted for GRASIM
2025-10-06 12:42:58,613 - INFO - Comprehensive data extracted for GRASIM
2025-10-06 12:42:58,881 - INFO - Comprehensive data extracted for GRASIM
2025-10-06 12:42:59,027 - INFO - Comprehensive data extracted for GRASIM
2025-10-06 12:42:59,028 - INFO - Processing HCLTECH (70/200)...
2025-10-06 12:42:59,712 - INFO - Comprehensive data extracted for HCLTECH
2025-10-06 12:43:00,096 - INFO - Comprehensive data extracted for HCLTECH
2025-10-06 12:43:00,248 - INFO - Comprehensive data extracted for HCLTECH
2025-10-06 12:43:00,503 - INFO - Comprehensive data extracted for HCLTECH
2025-10-06 12:43:00,665 - INFO - Comprehensive data extracted for HCLTECH
2025-10-06 12:43:01,120 - INFO - Comprehensive data extracted for HCLTECH
2025-10-06 12:43:01,373 - INFO - Comprehensive data extracted for HCLTECH
2025-10-06 12:43:01,763 - INFO - Comprehensive data extracted for HCLTECH
2025-10-06 12:43:01,924 - INFO - Comprehensive data extracted for HCLTECH
2025-10-06 12:43:01,925 - INFO - Processing HDFCAMC (71/200)...
2025-10-06 12:43:02,384 - INFO - Comprehensive data extracted for HDFCAMC
2025-10-06 12:43:02,599 - INFO - Comprehensive data extracted for HDFCAMC
2025-10-06 12:43:02,818 - INFO - Comprehensive data extracted for HDFCAMC
2025-10-06 12:43:02,959 - INFO - Comprehensive data extracted for HDFCAMC
2025-10-06 12:43:03,153 - INFO - Comprehensive data extracted for HDFCAMC
2025-10-06 12:43:03,380 - INFO - Comprehensive data extracted for HDFCAMC
2025-10-06 12:43:03,877 - INFO - Comprehensive data extracted for HDFCAMC
2025-10-06 12:43:04,006 - INFO - Comprehensive data extracted for HDFCAMC
2025-10-06 12:43:04,232 - INFO - Comprehensive data extracted for HDFCAMC
2025-10-06 12:43:04,455 - INFO - Comprehensive data extracted for HDFCAMC
2025-10-06 12:43:04,455 - INFO - Processing HDFCBANK (72/200)...
2025-10-06 12:43:05,151 - INFO - Comprehensive data extracted for HDFCBANK
2025-10-06 12:43:05,591 - INFO - Comprehensive data extracted for HDFCBANK
2025-10-06 12:43:05,774 - INFO - Comprehensive data extracted for HDFCBANK
2025-10-06 12:43:05,950 - INFO - Comprehensive data extracted for HDFCBANK
2025-10-06 12:43:06,129 - INFO - Comprehensive data extracted for HDFCBANK
2025-10-06 12:43:06,709 - INFO - Comprehensive data extracted for HDFCBANK
2025-10-06 12:43:06,963 - INFO - Comprehensive data extracted for HDFCBANK
2025-10-06 12:43:07,265 - INFO - Comprehensive data extracted for HDFCBANK
2025-10-06 12:43:07,773 - INFO - Comprehensive data extracted for HDFCBANK
2025-10-06 12:43:07,773 - INFO - Processing HDFCLIFE (73/200)...
2025-10-06 12:43:08,768 - INFO - Comprehensive data extracted for HDFCLIFE
2025-10-06 12:43:09,495 - INFO - Comprehensive data extracted for HDFCLIFE
2025-10-06 12:43:09,996 - INFO - Comprehensive data extracted for HDFCLIFE
2025-10-06 12:43:10,141 - INFO - Comprehensive data extracted for HDFCLIFE
2025-10-06 12:43:10,386 - INFO - Comprehensive data extracted for HDFCLIFE
2025-10-06 12:43:10,523 - INFO - Comprehensive data extracted for HDFCLIFE
2025-10-06 12:43:10,979 - INFO - Comprehensive data extracted for HDFCLIFE
2025-10-06 12:43:11,140 - INFO - Comprehensive data extracted for HDFCLIFE
2025-10-06 12:43:11,530 - INFO - Comprehensive data extracted for HDFCLIFE
2025-10-06 12:43:11,748 - INFO - Comprehensive data extracted for HDFCLIFE
2025-10-06 12:43:11,749 - INFO - Processing HAVELLS (74/200)...
2025-10-06 12:43:12,234 - INFO - Comprehensive data extracted for HAVELLS
2025-10-06 12:43:12,423 - INFO - Comprehensive data extracted for HAVELLS
2025-10-06 12:43:12,812 - INFO - Comprehensive data extracted for HAVELLS
2025-10-06 12:43:12,961 - INFO - Comprehensive data extracted for HAVELLS
2025-10-06 12:43:13,124 - INFO - Comprehensive data extracted for HAVELLS
2025-10-06 12:43:13,534 - INFO - Comprehensive data extracted for HAVELLS
2025-10-06 12:43:13,989 - INFO - Comprehensive data extracted for HAVELLS
2025-10-06 12:43:14,140 - INFO - Comprehensive data extracted for HAVELLS
2025-10-06 12:43:14,493 - INFO - Comprehensive data extracted for HAVELLS
2025-10-06 12:43:14,644 - INFO - Comprehensive data extracted for HAVELLS
2025-10-06 12:43:14,644 - INFO - Processing HEROMOTOCO (75/200)...
2025-10-06 12:43:15,334 - INFO - Comprehensive data extracted for HEROMOTOCO
2025-10-06 12:43:15,649 - INFO - Comprehensive data extracted for HEROMOTOCO
2025-10-06 12:43:15,822 - INFO - Comprehensive data extracted for HEROMOTOCO
2025-10-06 12:43:15,965 - INFO - Comprehensive data extracted for HEROMOTOCO
2025-10-06 12:43:16,595 - INFO - Comprehensive data extracted for HEROMOTOCO
2025-10-06 12:43:17,228 - INFO - Comprehensive data extracted for HEROMOTOCO
2025-10-06 12:43:17,440 - INFO - Comprehensive data extracted for HEROMOTOCO
2025-10-06 12:43:18,268 - INFO - Comprehensive data extracted for HEROMOTOCO
2025-10-06 12:43:18,545 - INFO - Comprehensive data extracted for HEROMOTOCO
2025-10-06 12:43:18,546 - INFO - Processing HINDALCO (76/200)...
2025-10-06 12:43:19,112 - INFO - Comprehensive data extracted for HINDALCO
2025-10-06 12:43:19,355 - INFO - Comprehensive data extracted for HINDALCO
2025-10-06 12:43:19,676 - INFO - Comprehensive data extracted for HINDALCO
2025-10-06 12:43:19,930 - INFO - Comprehensive data extracted for HINDALCO
2025-10-06 12:43:20,189 - INFO - Comprehensive data extracted for HINDALCO
2025-10-06 12:43:20,564 - INFO - Comprehensive data extracted for HINDALCO
2025-10-06 12:43:21,179 - INFO - Comprehensive data extracted for HINDALCO
2025-10-06 12:43:21,469 - INFO - Comprehensive data extracted for HINDALCO
2025-10-06 12:43:21,737 - INFO - Comprehensive data extracted for HINDALCO
2025-10-06 12:43:21,906 - INFO - Comprehensive data extracted for HINDALCO
2025-10-06 12:43:21,907 - INFO - Processing HAL (77/200)...
2025-10-06 12:43:22,628 - INFO - Comprehensive data extracted for HAL
2025-10-06 12:43:22,921 - INFO - Comprehensive data extracted for HAL
2025-10-06 12:43:23,168 - INFO - Comprehensive data extracted for HAL
2025-10-06 12:43:24,814 - INFO - Comprehensive data extracted for HAL
2025-10-06 12:43:25,166 - INFO - Comprehensive data extracted for HAL
2025-10-06 12:43:25,672 - INFO - Comprehensive data extracted for HAL
2025-10-06 12:43:25,794 - INFO - Comprehensive data extracted for HAL
2025-10-06 12:43:26,025 - INFO - Comprehensive data extracted for HAL
2025-10-06 12:43:26,156 - INFO - Comprehensive data extracted for HAL
2025-10-06 12:43:26,156 - INFO - Processing HINDPETRO (78/200)...
2025-10-06 12:43:26,745 - INFO - Comprehensive data extracted for HINDPETRO
2025-10-06 12:43:26,897 - INFO - Comprehensive data extracted for HINDPETRO
2025-10-06 12:43:27,142 - INFO - Comprehensive data extracted for HINDPETRO
2025-10-06 12:43:27,421 - INFO - Comprehensive data extracted for HINDPETRO
2025-10-06 12:43:27,579 - INFO - Comprehensive data extracted for HINDPETRO
2025-10-06 12:43:27,800 - INFO - Comprehensive data extracted for HINDPETRO
2025-10-06 12:43:28,249 - INFO - Comprehensive data extracted for HINDPETRO
2025-10-06 12:43:28,492 - INFO - Comprehensive data extracted for HINDPETRO
2025-10-06 12:43:28,757 - INFO - Comprehensive data extracted for HINDPETRO
2025-10-06 12:43:28,890 - INFO - Comprehensive data extracted for HINDPETRO
2025-10-06 12:43:28,891 - INFO - Processing HINDUNILVR (79/200)...
2025-10-06 12:43:29,677 - INFO - Comprehensive data extracted for HINDUNILVR
2025-10-06 12:43:29,921 - INFO - Comprehensive data extracted for HINDUNILVR
2025-10-06 12:43:30,196 - INFO - Comprehensive data extracted for HINDUNILVR
2025-10-06 12:43:30,425 - INFO - Comprehensive data extracted for HINDUNILVR
2025-10-06 12:43:30,632 - INFO - Comprehensive data extracted for HINDUNILVR
2025-10-06 12:43:30,805 - INFO - Comprehensive data extracted for HINDUNILVR
2025-10-06 12:43:31,435 - INFO - Comprehensive data extracted for HINDUNILVR
2025-10-06 12:43:31,599 - INFO - Comprehensive data extracted for HINDUNILVR
2025-10-06 12:43:31,844 - INFO - Comprehensive data extracted for HINDUNILVR
2025-10-06 12:43:31,991 - INFO - Comprehensive data extracted for HINDUNILVR
2025-10-06 12:43:31,992 - INFO - Processing HINDZINC (80/200)...
2025-10-06 12:43:32,600 - INFO - Comprehensive data extracted for HINDZINC
2025-10-06 12:43:32,848 - INFO - Comprehensive data extracted for HINDZINC
2025-10-06 12:43:32,993 - INFO - Comprehensive data extracted for HINDZINC
2025-10-06 12:43:33,145 - INFO - Comprehensive data extracted for HINDZINC
2025-10-06 12:43:33,456 - INFO - Comprehensive data extracted for HINDZINC
2025-10-06 12:43:33,960 - INFO - Comprehensive data extracted for HINDZINC
2025-10-06 12:43:34,100 - INFO - Comprehensive data extracted for HINDZINC
2025-10-06 12:43:34,441 - INFO - Comprehensive data extracted for HINDZINC
2025-10-06 12:43:34,654 - INFO - Comprehensive data extracted for HINDZINC
2025-10-06 12:43:34,654 - INFO - Processing HUDCO (81/200)...
2025-10-06 12:43:35,420 - INFO - Comprehensive data extracted for HUDCO
2025-10-06 12:43:35,544 - INFO - Comprehensive data extracted for HUDCO
2025-10-06 12:43:35,775 - INFO - Comprehensive data extracted for HUDCO
2025-10-06 12:43:35,926 - INFO - Comprehensive data extracted for HUDCO
2025-10-06 12:43:36,166 - INFO - Comprehensive data extracted for HUDCO
2025-10-06 12:43:36,403 - INFO - Comprehensive data extracted for HUDCO
2025-10-06 12:43:36,862 - INFO - Comprehensive data extracted for HUDCO
2025-10-06 12:43:36,984 - INFO - Comprehensive data extracted for HUDCO
2025-10-06 12:43:37,211 - INFO - Comprehensive data extracted for HUDCO
2025-10-06 12:43:37,424 - INFO - Comprehensive data extracted for HUDCO
2025-10-06 12:43:37,424 - INFO - Processing HYUNDAI (82/200)...
2025-10-06 12:43:37,963 - INFO - Comprehensive data extracted for HYUNDAI
2025-10-06 12:43:38,083 - INFO - Comprehensive data extracted for HYUNDAI
2025-10-06 12:43:38,275 - INFO - Comprehensive data extracted for HYUNDAI
2025-10-06 12:43:38,401 - INFO - Comprehensive data extracted for HYUNDAI
2025-10-06 12:43:38,518 - INFO - Comprehensive data extracted for HYUNDAI
2025-10-06 12:43:38,649 - INFO - Comprehensive data extracted for HYUNDAI
2025-10-06 12:43:38,997 - INFO - Comprehensive data extracted for HYUNDAI
2025-10-06 12:43:39,125 - INFO - Comprehensive data extracted for HYUNDAI
2025-10-06 12:43:39,597 - INFO - Comprehensive data extracted for HYUNDAI
2025-10-06 12:43:39,668 - INFO - Processing ICICIBANK (83/200)...
2025-10-06 12:43:40,316 - INFO - Comprehensive data extracted for ICICIBANK
2025-10-06 12:43:40,645 - INFO - Comprehensive data extracted for ICICIBANK
2025-10-06 12:43:40,876 - INFO - Comprehensive data extracted for ICICIBANK
2025-10-06 12:43:41,027 - INFO - Comprehensive data extracted for ICICIBANK
2025-10-06 12:43:41,172 - INFO - Comprehensive data extracted for ICICIBANK
2025-10-06 12:43:41,894 - INFO - Comprehensive data extracted for ICICIBANK
2025-10-06 12:43:42,058 - INFO - Comprehensive data extracted for ICICIBANK
2025-10-06 12:43:42,343 - INFO - Comprehensive data extracted for ICICIBANK
2025-10-06 12:43:42,567 - INFO - Comprehensive data extracted for ICICIBANK
2025-10-06 12:43:42,567 - INFO - Processing ICICIGI (84/200)...
2025-10-06 12:43:43,180 - INFO - Comprehensive data extracted for ICICIGI
2025-10-06 12:43:43,716 - INFO - Comprehensive data extracted for ICICIGI
2025-10-06 12:43:43,862 - INFO - Comprehensive data extracted for ICICIGI
2025-10-06 12:43:44,020 - INFO - Comprehensive data extracted for ICICIGI
2025-10-06 12:43:44,151 - INFO - Comprehensive data extracted for ICICIGI
2025-10-06 12:43:44,948 - INFO - Comprehensive data extracted for ICICIGI
2025-10-06 12:43:45,087 - INFO - Comprehensive data extracted for ICICIGI
2025-10-06 12:43:46,679 - INFO - Comprehensive data extracted for ICICIGI
2025-10-06 12:43:46,815 - INFO - Comprehensive data extracted for ICICIGI
2025-10-06 12:43:46,816 - INFO - Processing ICICIPRULI (85/200)...
2025-10-06 12:43:47,439 - INFO - Comprehensive data extracted for ICICIPRULI
2025-10-06 12:43:47,787 - INFO - Comprehensive data extracted for ICICIPRULI
2025-10-06 12:43:47,941 - INFO - Comprehensive data extracted for ICICIPRULI
2025-10-06 12:43:48,088 - INFO - Comprehensive data extracted for ICICIPRULI
2025-10-06 12:43:48,258 - INFO - Comprehensive data extracted for ICICIPRULI
2025-10-06 12:43:48,884 - INFO - Comprehensive data extracted for ICICIPRULI
2025-10-06 12:43:49,105 - INFO - Comprehensive data extracted for ICICIPRULI
2025-10-06 12:43:49,441 - INFO - Comprehensive data extracted for ICICIPRULI
2025-10-06 12:43:49,647 - INFO - Comprehensive data extracted for ICICIPRULI
2025-10-06 12:43:49,648 - INFO - Processing IDFCFIRSTB (86/200)...
2025-10-06 12:43:50,131 - INFO - Comprehensive data extracted for IDFCFIRSTB
2025-10-06 12:43:50,265 - INFO - Comprehensive data extracted for IDFCFIRSTB
2025-10-06 12:43:50,555 - INFO - Comprehensive data extracted for IDFCFIRSTB
2025-10-06 12:43:50,744 - INFO - Comprehensive data extracted for IDFCFIRSTB
2025-10-06 12:43:50,875 - INFO - Comprehensive data extracted for IDFCFIRSTB
2025-10-06 12:43:51,033 - INFO - Comprehensive data extracted for IDFCFIRSTB
2025-10-06 12:43:51,543 - INFO - Comprehensive data extracted for IDFCFIRSTB
2025-10-06 12:43:51,692 - INFO - Comprehensive data extracted for IDFCFIRSTB
2025-10-06 12:43:52,060 - INFO - Comprehensive data extracted for IDFCFIRSTB
2025-10-06 12:43:52,193 - INFO - Comprehensive data extracted for IDFCFIRSTB
2025-10-06 12:43:52,193 - INFO - Processing IRB (87/200)...
2025-10-06 12:43:52,935 - INFO - Comprehensive data extracted for IRB
2025-10-06 12:43:53,243 - INFO - Comprehensive data extracted for IRB
2025-10-06 12:43:53,451 - INFO - Comprehensive data extracted for IRB
2025-10-06 12:43:53,591 - INFO - Comprehensive data extracted for IRB
2025-10-06 12:43:53,880 - INFO - Comprehensive data extracted for IRB
2025-10-06 12:43:54,508 - INFO - Comprehensive data extracted for IRB
2025-10-06 12:43:54,660 - INFO - Comprehensive data extracted for IRB
2025-10-06 12:43:55,052 - INFO - Comprehensive data extracted for IRB
2025-10-06 12:43:55,205 - INFO - Comprehensive data extracted for IRB
2025-10-06 12:43:55,206 - INFO - Processing ITC (88/200)...
2025-10-06 12:43:55,854 - INFO - Comprehensive data extracted for ITC
2025-10-06 12:43:56,101 - INFO - Comprehensive data extracted for ITC
2025-10-06 12:43:56,286 - INFO - Comprehensive data extracted for ITC
2025-10-06 12:43:56,449 - INFO - Comprehensive data extracted for ITC
2025-10-06 12:43:56,611 - INFO - Comprehensive data extracted for ITC
2025-10-06 12:43:57,220 - INFO - Comprehensive data extracted for ITC
2025-10-06 12:43:57,535 - INFO - Comprehensive data extracted for ITC
2025-10-06 12:43:57,904 - INFO - Comprehensive data extracted for ITC
2025-10-06 12:43:58,066 - INFO - Comprehensive data extracted for ITC
2025-10-06 12:43:58,066 - INFO - Processing INDIANB (89/200)...
2025-10-06 12:43:58,629 - INFO - Comprehensive data extracted for INDIANB
2025-10-06 12:43:58,841 - INFO - Comprehensive data extracted for INDIANB
2025-10-06 12:43:59,099 - INFO - Comprehensive data extracted for INDIANB
2025-10-06 12:43:59,261 - INFO - Comprehensive data extracted for INDIANB
2025-10-06 12:43:59,590 - INFO - Comprehensive data extracted for INDIANB
2025-10-06 12:43:59,804 - INFO - Comprehensive data extracted for INDIANB
2025-10-06 12:44:00,247 - INFO - Comprehensive data extracted for INDIANB
2025-10-06 12:44:00,561 - INFO - Comprehensive data extracted for INDIANB
2025-10-06 12:44:00,898 - INFO - Comprehensive data extracted for INDIANB
2025-10-06 12:44:01,125 - INFO - Comprehensive data extracted for INDIANB
2025-10-06 12:44:01,126 - INFO - Processing INDHOTEL (90/200)...
2025-10-06 12:44:01,959 - INFO - Comprehensive data extracted for INDHOTEL
2025-10-06 12:44:02,219 - INFO - Comprehensive data extracted for INDHOTEL
2025-10-06 12:44:02,367 - INFO - Comprehensive data extracted for INDHOTEL
2025-10-06 12:44:02,525 - INFO - Comprehensive data extracted for INDHOTEL
2025-10-06 12:44:02,680 - INFO - Comprehensive data extracted for INDHOTEL
2025-10-06 12:44:03,102 - INFO - Comprehensive data extracted for INDHOTEL
2025-10-06 12:44:03,253 - INFO - Comprehensive data extracted for INDHOTEL
2025-10-06 12:44:03,950 - INFO - Comprehensive data extracted for INDHOTEL
2025-10-06 12:44:04,116 - INFO - Comprehensive data extracted for INDHOTEL
2025-10-06 12:44:04,117 - INFO - Processing IOC (91/200)...
2025-10-06 12:44:04,899 - INFO - Comprehensive data extracted for IOC
2025-10-06 12:44:05,173 - INFO - Comprehensive data extracted for IOC
2025-10-06 12:44:05,323 - INFO - Comprehensive data extracted for IOC
2025-10-06 12:44:05,479 - INFO - Comprehensive data extracted for IOC
2025-10-06 12:44:05,624 - INFO - Comprehensive data extracted for IOC
2025-10-06 12:44:06,170 - INFO - Comprehensive data extracted for IOC
2025-10-06 12:44:06,603 - INFO - Comprehensive data extracted for IOC
2025-10-06 12:44:06,912 - INFO - Comprehensive data extracted for IOC
2025-10-06 12:44:07,097 - INFO - Comprehensive data extracted for IOC
2025-10-06 12:44:07,098 - INFO - Processing IRCTC (92/200)...
2025-10-06 12:44:07,549 - INFO - Comprehensive data extracted for IRCTC
2025-10-06 12:44:07,684 - INFO - Comprehensive data extracted for IRCTC
2025-10-06 12:44:07,909 - INFO - Comprehensive data extracted for IRCTC
2025-10-06 12:44:08,129 - INFO - Comprehensive data extracted for IRCTC
2025-10-06 12:44:08,362 - INFO - Comprehensive data extracted for IRCTC
2025-10-06 12:44:08,563 - INFO - Comprehensive data extracted for IRCTC
2025-10-06 12:44:08,957 - INFO - Comprehensive data extracted for IRCTC
2025-10-06 12:44:09,087 - INFO - Comprehensive data extracted for IRCTC
2025-10-06 12:44:09,386 - INFO - Comprehensive data extracted for IRCTC
2025-10-06 12:44:09,596 - INFO - Comprehensive data extracted for IRCTC
2025-10-06 12:44:09,596 - INFO - Processing IRFC (93/200)...
2025-10-06 12:44:10,277 - INFO - Comprehensive data extracted for IRFC
2025-10-06 12:44:10,544 - INFO - Comprehensive data extracted for IRFC
2025-10-06 12:44:10,671 - INFO - Comprehensive data extracted for IRFC
2025-10-06 12:44:10,801 - INFO - Comprehensive data extracted for IRFC
2025-10-06 12:44:10,926 - INFO - Comprehensive data extracted for IRFC
2025-10-06 12:44:11,498 - INFO - Comprehensive data extracted for IRFC
2025-10-06 12:44:11,686 - INFO - Comprehensive data extracted for IRFC
2025-10-06 12:44:11,914 - INFO - Comprehensive data extracted for IRFC
2025-10-06 12:44:12,118 - INFO - Comprehensive data extracted for IRFC
2025-10-06 12:44:12,118 - INFO - Processing IREDA (94/200)...
2025-10-06 12:44:12,676 - INFO - Comprehensive data extracted for IREDA
2025-10-06 12:44:12,947 - INFO - Comprehensive data extracted for IREDA
2025-10-06 12:44:13,102 - INFO - Comprehensive data extracted for IREDA
2025-10-06 12:44:13,248 - INFO - Comprehensive data extracted for IREDA
2025-10-06 12:44:13,508 - INFO - Comprehensive data extracted for IREDA
2025-10-06 12:44:13,978 - INFO - Comprehensive data extracted for IREDA
2025-10-06 12:44:14,091 - INFO - Comprehensive data extracted for IREDA
2025-10-06 12:44:14,365 - INFO - Comprehensive data extracted for IREDA
2025-10-06 12:44:14,649 - INFO - Comprehensive data extracted for IREDA
2025-10-06 12:44:14,650 - INFO - Processing IGL (95/200)...
2025-10-06 12:44:15,168 - INFO - Comprehensive data extracted for IGL
2025-10-06 12:44:15,314 - INFO - Comprehensive data extracted for IGL
2025-10-06 12:44:15,592 - INFO - Comprehensive data extracted for IGL
2025-10-06 12:44:15,742 - INFO - Comprehensive data extracted for IGL
2025-10-06 12:44:15,895 - INFO - Comprehensive data extracted for IGL
2025-10-06 12:44:16,114 - INFO - Comprehensive data extracted for IGL
2025-10-06 12:44:18,089 - INFO - Comprehensive data extracted for IGL
2025-10-06 12:44:18,256 - INFO - Comprehensive data extracted for IGL
2025-10-06 12:44:18,586 - INFO - Comprehensive data extracted for IGL
2025-10-06 12:44:18,745 - INFO - Comprehensive data extracted for IGL
2025-10-06 12:44:18,745 - INFO - Processing INDUSTOWER (96/200)...
2025-10-06 12:44:19,505 - INFO - Comprehensive data extracted for INDUSTOWER
2025-10-06 12:44:19,785 - INFO - Comprehensive data extracted for INDUSTOWER
2025-10-06 12:44:19,960 - INFO - Comprehensive data extracted for INDUSTOWER
2025-10-06 12:44:20,122 - INFO - Comprehensive data extracted for INDUSTOWER
2025-10-06 12:44:20,480 - INFO - Comprehensive data extracted for INDUSTOWER
2025-10-06 12:44:21,110 - INFO - Comprehensive data extracted for INDUSTOWER
2025-10-06 12:44:21,242 - INFO - Comprehensive data extracted for INDUSTOWER
2025-10-06 12:44:21,545 - INFO - Comprehensive data extracted for INDUSTOWER
2025-10-06 12:44:21,730 - INFO - Comprehensive data extracted for INDUSTOWER
2025-10-06 12:44:21,731 - INFO - Processing INDUSINDBK (97/200)...
2025-10-06 12:44:22,232 - INFO - Comprehensive data extracted for INDUSINDBK
2025-10-06 12:44:22,455 - INFO - Comprehensive data extracted for INDUSINDBK
2025-10-06 12:44:22,722 - INFO - Comprehensive data extracted for INDUSINDBK
2025-10-06 12:44:22,912 - INFO - Comprehensive data extracted for INDUSINDBK
2025-10-06 12:44:23,179 - INFO - Comprehensive data extracted for INDUSINDBK
2025-10-06 12:44:23,462 - INFO - Comprehensive data extracted for INDUSINDBK
2025-10-06 12:44:24,026 - INFO - Comprehensive data extracted for INDUSINDBK
2025-10-06 12:44:24,594 - INFO - Comprehensive data extracted for INDUSINDBK
2025-10-06 12:44:24,914 - INFO - Comprehensive data extracted for INDUSINDBK
2025-10-06 12:44:25,058 - INFO - Comprehensive data extracted for INDUSINDBK
2025-10-06 12:44:25,058 - INFO - Processing NAUKRI (98/200)...
2025-10-06 12:44:25,550 - INFO - Comprehensive data extracted for NAUKRI
2025-10-06 12:44:25,717 - INFO - Comprehensive data extracted for NAUKRI
2025-10-06 12:44:25,989 - INFO - Comprehensive data extracted for NAUKRI
2025-10-06 12:44:26,235 - INFO - Comprehensive data extracted for NAUKRI
2025-10-06 12:44:26,747 - INFO - Comprehensive data extracted for NAUKRI
2025-10-06 12:44:26,902 - INFO - Comprehensive data extracted for NAUKRI
2025-10-06 12:44:27,376 - INFO - Comprehensive data extracted for NAUKRI
2025-10-06 12:44:27,545 - INFO - Comprehensive data extracted for NAUKRI
2025-10-06 12:44:27,769 - INFO - Comprehensive data extracted for NAUKRI
2025-10-06 12:44:28,003 - INFO - Comprehensive data extracted for NAUKRI
2025-10-06 12:44:28,004 - INFO - Processing INFY (99/200)...
2025-10-06 12:44:28,810 - INFO - Comprehensive data extracted for INFY
2025-10-06 12:44:29,211 - INFO - Comprehensive data extracted for INFY
2025-10-06 12:44:29,493 - INFO - Comprehensive data extracted for INFY
2025-10-06 12:44:29,661 - INFO - Comprehensive data extracted for INFY
2025-10-06 12:44:29,820 - INFO - Comprehensive data extracted for INFY
2025-10-06 12:44:30,304 - INFO - Comprehensive data extracted for INFY
2025-10-06 12:44:30,515 - INFO - Comprehensive data extracted for INFY
2025-10-06 12:44:30,791 - INFO - Comprehensive data extracted for INFY
2025-10-06 12:44:30,990 - INFO - Comprehensive data extracted for INFY
2025-10-06 12:44:30,990 - INFO - Processing INDIGO (100/200)...
2025-10-06 12:44:31,624 - INFO - Comprehensive data extracted for INDIGO
2025-10-06 12:44:32,026 - INFO - Comprehensive data extracted for INDIGO
2025-10-06 12:44:32,155 - INFO - Comprehensive data extracted for INDIGO
2025-10-06 12:44:32,442 - INFO - Comprehensive data extracted for INDIGO
2025-10-06 12:44:32,580 - INFO - Comprehensive data extracted for INDIGO
2025-10-06 12:44:32,971 - INFO - Comprehensive data extracted for INDIGO
2025-10-06 12:44:33,107 - INFO - Comprehensive data extracted for INDIGO
2025-10-06 12:44:33,619 - INFO - Comprehensive data extracted for INDIGO
2025-10-06 12:44:33,747 - INFO - Comprehensive data extracted for INDIGO
2025-10-06 12:44:33,748 - INFO - Processing JSWENERGY (101/200)...
2025-10-06 12:44:34,350 - INFO - Comprehensive data extracted for JSWENERGY
2025-10-06 12:44:34,607 - INFO - Comprehensive data extracted for JSWENERGY
2025-10-06 12:44:34,842 - INFO - Comprehensive data extracted for JSWENERGY
2025-10-06 12:44:34,991 - INFO - Comprehensive data extracted for JSWENERGY
2025-10-06 12:44:35,129 - INFO - Comprehensive data extracted for JSWENERGY
2025-10-06 12:44:35,672 - INFO - Comprehensive data extracted for JSWENERGY
2025-10-06 12:44:35,812 - INFO - Comprehensive data extracted for JSWENERGY
2025-10-06 12:44:36,041 - INFO - Comprehensive data extracted for JSWENERGY
2025-10-06 12:44:36,179 - INFO - Comprehensive data extracted for JSWENERGY
2025-10-06 12:44:36,180 - INFO - Processing JSWSTEEL (102/200)...
2025-10-06 12:44:36,751 - INFO - Comprehensive data extracted for JSWSTEEL
2025-10-06 12:44:37,015 - INFO - Comprehensive data extracted for JSWSTEEL
2025-10-06 12:44:37,182 - INFO - Comprehensive data extracted for JSWSTEEL
2025-10-06 12:44:37,388 - INFO - Comprehensive data extracted for JSWSTEEL
2025-10-06 12:44:37,538 - INFO - Comprehensive data extracted for JSWSTEEL
2025-10-06 12:44:38,119 - INFO - Comprehensive data extracted for JSWSTEEL
2025-10-06 12:44:38,392 - INFO - Comprehensive data extracted for JSWSTEEL
2025-10-06 12:44:38,700 - INFO - Comprehensive data extracted for JSWSTEEL
2025-10-06 12:44:38,867 - INFO - Comprehensive data extracted for JSWSTEEL
2025-10-06 12:44:38,867 - INFO - Processing JINDALSTEL (103/200)...
2025-10-06 12:44:39,475 - INFO - Comprehensive data extracted for JINDALSTEL
2025-10-06 12:44:39,929 - INFO - Comprehensive data extracted for JINDALSTEL
2025-10-06 12:44:40,171 - INFO - Comprehensive data extracted for JINDALSTEL
2025-10-06 12:44:40,371 - INFO - Comprehensive data extracted for JINDALSTEL
2025-10-06 12:44:40,606 - INFO - Comprehensive data extracted for JINDALSTEL
2025-10-06 12:44:41,156 - INFO - Comprehensive data extracted for JINDALSTEL
2025-10-06 12:44:41,394 - INFO - Comprehensive data extracted for JINDALSTEL
2025-10-06 12:44:41,824 - INFO - Comprehensive data extracted for JINDALSTEL
2025-10-06 12:44:42,072 - INFO - Comprehensive data extracted for JINDALSTEL
2025-10-06 12:44:42,073 - INFO - Processing JIOFIN (104/200)...
2025-10-06 12:44:42,868 - INFO - Comprehensive data extracted for JIOFIN
2025-10-06 12:44:43,146 - INFO - Comprehensive data extracted for JIOFIN
2025-10-06 12:44:43,353 - INFO - Comprehensive data extracted for JIOFIN
2025-10-06 12:44:43,552 - INFO - Comprehensive data extracted for JIOFIN
2025-10-06 12:44:43,679 - INFO - Comprehensive data extracted for JIOFIN
2025-10-06 12:44:44,061 - INFO - Comprehensive data extracted for JIOFIN
2025-10-06 12:44:44,226 - INFO - Comprehensive data extracted for JIOFIN
2025-10-06 12:44:44,515 - INFO - Comprehensive data extracted for JIOFIN
2025-10-06 12:44:44,609 - INFO - Processing JUBLFOOD (105/200)...
2025-10-06 12:44:45,185 - INFO - Comprehensive data extracted for JUBLFOOD
2025-10-06 12:44:45,462 - INFO - Comprehensive data extracted for JUBLFOOD
2025-10-06 12:44:45,613 - INFO - Comprehensive data extracted for JUBLFOOD
2025-10-06 12:44:45,733 - INFO - Comprehensive data extracted for JUBLFOOD
2025-10-06 12:44:45,863 - INFO - Comprehensive data extracted for JUBLFOOD
2025-10-06 12:44:46,547 - INFO - Comprehensive data extracted for JUBLFOOD
2025-10-06 12:44:46,703 - INFO - Comprehensive data extracted for JUBLFOOD
2025-10-06 12:44:47,002 - INFO - Comprehensive data extracted for JUBLFOOD
2025-10-06 12:44:47,135 - INFO - Comprehensive data extracted for JUBLFOOD
2025-10-06 12:44:47,136 - INFO - Processing KPITTECH (106/200)...
2025-10-06 12:44:48,114 - INFO - Comprehensive data extracted for KPITTECH
2025-10-06 12:44:48,473 - INFO - Comprehensive data extracted for KPITTECH
2025-10-06 12:44:48,595 - INFO - Comprehensive data extracted for KPITTECH
2025-10-06 12:44:48,723 - INFO - Comprehensive data extracted for KPITTECH
2025-10-06 12:44:48,908 - INFO - Comprehensive data extracted for KPITTECH
2025-10-06 12:44:49,259 - INFO - Comprehensive data extracted for KPITTECH
2025-10-06 12:44:49,529 - INFO - Comprehensive data extracted for KPITTECH
2025-10-06 12:44:49,777 - INFO - Comprehensive data extracted for KPITTECH
2025-10-06 12:44:49,919 - INFO - Comprehensive data extracted for KPITTECH
2025-10-06 12:44:49,920 - INFO - Processing KALYANKJIL (107/200)...
2025-10-06 12:44:50,534 - INFO - Comprehensive data extracted for KALYANKJIL
2025-10-06 12:44:50,953 - INFO - Comprehensive data extracted for KALYANKJIL
2025-10-06 12:44:51,102 - INFO - Comprehensive data extracted for KALYANKJIL
2025-10-06 12:44:51,224 - INFO - Comprehensive data extracted for KALYANKJIL
2025-10-06 12:44:51,409 - INFO - Comprehensive data extracted for KALYANKJIL
2025-10-06 12:44:51,821 - INFO - Comprehensive data extracted for KALYANKJIL
2025-10-06 12:44:52,029 - INFO - Comprehensive data extracted for KALYANKJIL
2025-10-06 12:44:52,255 - INFO - Comprehensive data extracted for KALYANKJIL
2025-10-06 12:44:52,523 - INFO - Comprehensive data extracted for KALYANKJIL
2025-10-06 12:44:52,524 - INFO - Processing KOTAKBANK (108/200)...
2025-10-06 12:44:53,182 - INFO - Comprehensive data extracted for KOTAKBANK
2025-10-06 12:44:53,436 - INFO - Comprehensive data extracted for KOTAKBANK
2025-10-06 12:44:53,595 - INFO - Comprehensive data extracted for KOTAKBANK
2025-10-06 12:44:53,758 - INFO - Comprehensive data extracted for KOTAKBANK
2025-10-06 12:44:53,911 - INFO - Comprehensive data extracted for KOTAKBANK
2025-10-06 12:44:54,715 - INFO - Comprehensive data extracted for KOTAKBANK
2025-10-06 12:44:54,857 - INFO - Comprehensive data extracted for KOTAKBANK
2025-10-06 12:44:55,082 - INFO - Comprehensive data extracted for KOTAKBANK
2025-10-06 12:44:55,325 - INFO - Comprehensive data extracted for KOTAKBANK
2025-10-06 12:44:55,326 - INFO - Processing LTF (109/200)...
2025-10-06 12:44:55,952 - INFO - Comprehensive data extracted for LTF
2025-10-06 12:44:56,190 - INFO - Comprehensive data extracted for LTF
2025-10-06 12:44:56,347 - INFO - Comprehensive data extracted for LTF
2025-10-06 12:44:56,491 - INFO - Comprehensive data extracted for LTF
2025-10-06 12:44:56,621 - INFO - Comprehensive data extracted for LTF
2025-10-06 12:44:57,006 - INFO - Comprehensive data extracted for LTF
2025-10-06 12:44:57,171 - INFO - Comprehensive data extracted for LTF
2025-10-06 12:44:57,540 - INFO - Comprehensive data extracted for LTF
2025-10-06 12:44:57,711 - INFO - Comprehensive data extracted for LTF
2025-10-06 12:44:57,712 - INFO - Processing LICHSGFIN (110/200)...
2025-10-06 12:44:58,449 - INFO - Comprehensive data extracted for LICHSGFIN
2025-10-06 12:44:59,581 - INFO - Comprehensive data extracted for LICHSGFIN
2025-10-06 12:45:00,148 - INFO - Comprehensive data extracted for LICHSGFIN
2025-10-06 12:45:00,381 - INFO - Comprehensive data extracted for LICHSGFIN
2025-10-06 12:45:00,553 - INFO - Comprehensive data extracted for LICHSGFIN
2025-10-06 12:45:01,017 - INFO - Comprehensive data extracted for LICHSGFIN
2025-10-06 12:45:01,184 - INFO - Comprehensive data extracted for LICHSGFIN
2025-10-06 12:45:01,630 - INFO - Comprehensive data extracted for LICHSGFIN
2025-10-06 12:45:01,800 - INFO - Comprehensive data extracted for LICHSGFIN
2025-10-06 12:45:01,801 - INFO - Processing LTIM (111/200)...
2025-10-06 12:45:02,365 - INFO - Comprehensive data extracted for LTIM
2025-10-06 12:45:02,663 - INFO - Comprehensive data extracted for LTIM
2025-10-06 12:45:02,803 - INFO - Comprehensive data extracted for LTIM
2025-10-06 12:45:03,003 - INFO - Comprehensive data extracted for LTIM
2025-10-06 12:45:03,137 - INFO - Comprehensive data extracted for LTIM
2025-10-06 12:45:03,781 - INFO - Comprehensive data extracted for LTIM
2025-10-06 12:45:03,931 - INFO - Comprehensive data extracted for LTIM
2025-10-06 12:45:04,136 - INFO - Comprehensive data extracted for LTIM
2025-10-06 12:45:04,360 - INFO - Comprehensive data extracted for LTIM
2025-10-06 12:45:04,361 - INFO - Processing LT (112/200)...
2025-10-06 12:45:04,854 - INFO - Comprehensive data extracted for LT
2025-10-06 12:45:05,079 - INFO - Comprehensive data extracted for LT
2025-10-06 12:45:05,323 - INFO - Comprehensive data extracted for LT
2025-10-06 12:45:05,619 - INFO - Comprehensive data extracted for LT
2025-10-06 12:45:05,777 - INFO - Comprehensive data extracted for LT
2025-10-06 12:45:05,930 - INFO - Comprehensive data extracted for LT
2025-10-06 12:45:06,505 - INFO - Comprehensive data extracted for LT
2025-10-06 12:45:06,666 - INFO - Comprehensive data extracted for LT
2025-10-06 12:45:06,970 - INFO - Comprehensive data extracted for LT
2025-10-06 12:45:07,104 - INFO - Comprehensive data extracted for LT
2025-10-06 12:45:07,105 - INFO - Processing LICI (113/200)...
2025-10-06 12:45:07,748 - INFO - Comprehensive data extracted for LICI
2025-10-06 12:45:08,053 - INFO - Comprehensive data extracted for LICI
2025-10-06 12:45:08,187 - INFO - Comprehensive data extracted for LICI
2025-10-06 12:45:08,309 - INFO - Comprehensive data extracted for LICI
2025-10-06 12:45:08,456 - INFO - Comprehensive data extracted for LICI
2025-10-06 12:45:08,839 - INFO - Comprehensive data extracted for LICI
2025-10-06 12:45:09,001 - INFO - Comprehensive data extracted for LICI
2025-10-06 12:45:09,216 - INFO - Comprehensive data extracted for LICI
2025-10-06 12:45:09,600 - INFO - Comprehensive data extracted for LICI
2025-10-06 12:45:09,600 - INFO - Processing LODHA (114/200)...
2025-10-06 12:45:10,171 - INFO - Comprehensive data extracted for LODHA
2025-10-06 12:45:10,358 - INFO - Comprehensive data extracted for LODHA
2025-10-06 12:45:10,572 - INFO - Comprehensive data extracted for LODHA
2025-10-06 12:45:10,727 - INFO - Comprehensive data extracted for LODHA
2025-10-06 12:45:10,873 - INFO - Comprehensive data extracted for LODHA
2025-10-06 12:45:11,247 - INFO - Comprehensive data extracted for LODHA
2025-10-06 12:45:11,628 - INFO - Comprehensive data extracted for LODHA
2025-10-06 12:45:11,856 - INFO - Comprehensive data extracted for LODHA
2025-10-06 12:45:12,017 - INFO - Comprehensive data extracted for LODHA
2025-10-06 12:45:12,018 - INFO - Processing LUPIN (115/200)...
2025-10-06 12:45:12,806 - INFO - Comprehensive data extracted for LUPIN
2025-10-06 12:45:13,116 - INFO - Comprehensive data extracted for LUPIN
2025-10-06 12:45:13,242 - INFO - Comprehensive data extracted for LUPIN
2025-10-06 12:45:13,612 - INFO - Comprehensive data extracted for LUPIN
2025-10-06 12:45:13,841 - INFO - Comprehensive data extracted for LUPIN
2025-10-06 12:45:14,442 - INFO - Comprehensive data extracted for LUPIN
2025-10-06 12:45:14,630 - INFO - Comprehensive data extracted for LUPIN
2025-10-06 12:45:15,007 - INFO - Comprehensive data extracted for LUPIN
2025-10-06 12:45:15,368 - INFO - Comprehensive data extracted for LUPIN
2025-10-06 12:45:15,368 - INFO - Processing MRF (116/200)...
2025-10-06 12:45:16,050 - INFO - Comprehensive data extracted for MRF
2025-10-06 12:45:16,319 - INFO - Comprehensive data extracted for MRF
2025-10-06 12:45:16,536 - INFO - Comprehensive data extracted for MRF
2025-10-06 12:45:16,710 - INFO - Comprehensive data extracted for MRF
2025-10-06 12:45:16,881 - INFO - Comprehensive data extracted for MRF
2025-10-06 12:45:17,672 - INFO - Comprehensive data extracted for MRF
2025-10-06 12:45:17,848 - INFO - Comprehensive data extracted for MRF
2025-10-06 12:45:18,111 - INFO - Comprehensive data extracted for MRF
2025-10-06 12:45:18,270 - INFO - Comprehensive data extracted for MRF
2025-10-06 12:45:18,271 - INFO - Processing M&MFIN (117/200)...
2025-10-06 12:45:18,881 - INFO - Comprehensive data extracted for M&MFIN
2025-10-06 12:45:19,159 - INFO - Comprehensive data extracted for M&MFIN
2025-10-06 12:45:19,325 - INFO - Comprehensive data extracted for M&MFIN
2025-10-06 12:45:19,550 - INFO - Comprehensive data extracted for M&MFIN
2025-10-06 12:45:19,697 - INFO - Comprehensive data extracted for M&MFIN
2025-10-06 12:45:20,230 - INFO - Comprehensive data extracted for M&MFIN
2025-10-06 12:45:20,599 - INFO - Comprehensive data extracted for M&MFIN
2025-10-06 12:45:20,890 - INFO - Comprehensive data extracted for M&MFIN
2025-10-06 12:45:21,118 - INFO - Comprehensive data extracted for M&MFIN
2025-10-06 12:45:21,119 - INFO - Processing M&M (118/200)...
2025-10-06 12:45:21,807 - INFO - Comprehensive data extracted for M&M
2025-10-06 12:45:22,115 - INFO - Comprehensive data extracted for M&M
2025-10-06 12:45:22,375 - INFO - Comprehensive data extracted for M&M
2025-10-06 12:45:22,518 - INFO - Comprehensive data extracted for M&M
2025-10-06 12:45:22,685 - INFO - Comprehensive data extracted for M&M
2025-10-06 12:45:22,925 - INFO - Comprehensive data extracted for M&M
2025-10-06 12:45:23,690 - INFO - Comprehensive data extracted for M&M
2025-10-06 12:45:24,036 - INFO - Comprehensive data extracted for M&M
2025-10-06 12:45:24,389 - INFO - Comprehensive data extracted for M&M
2025-10-06 12:45:24,576 - INFO - Comprehensive data extracted for M&M
2025-10-06 12:45:24,577 - INFO - Processing MANKIND (119/200)...
2025-10-06 12:45:25,071 - INFO - Comprehensive data extracted for MANKIND
2025-10-06 12:45:25,216 - INFO - Comprehensive data extracted for MANKIND
2025-10-06 12:45:25,415 - INFO - Comprehensive data extracted for MANKIND
2025-10-06 12:45:25,542 - INFO - Comprehensive data extracted for MANKIND
2025-10-06 12:45:25,696 - INFO - Comprehensive data extracted for MANKIND
2025-10-06 12:45:25,808 - INFO - Comprehensive data extracted for MANKIND
2025-10-06 12:45:26,218 - INFO - Comprehensive data extracted for MANKIND
2025-10-06 12:45:26,481 - INFO - Comprehensive data extracted for MANKIND
2025-10-06 12:45:26,686 - INFO - Comprehensive data extracted for MANKIND
2025-10-06 12:45:26,825 - INFO - Comprehensive data extracted for MANKIND
2025-10-06 12:45:26,825 - INFO - Processing MARICO (120/200)...
2025-10-06 12:45:27,461 - INFO - Comprehensive data extracted for MARICO
2025-10-06 12:45:27,913 - INFO - Comprehensive data extracted for MARICO
2025-10-06 12:45:28,080 - INFO - Comprehensive data extracted for MARICO
2025-10-06 12:45:28,254 - INFO - Comprehensive data extracted for MARICO
2025-10-06 12:45:28,536 - INFO - Comprehensive data extracted for MARICO
2025-10-06 12:45:28,994 - INFO - Comprehensive data extracted for MARICO
2025-10-06 12:45:29,237 - INFO - Comprehensive data extracted for MARICO
2025-10-06 12:45:29,672 - INFO - Comprehensive data extracted for MARICO
2025-10-06 12:45:29,922 - INFO - Comprehensive data extracted for MARICO
2025-10-06 12:45:29,922 - INFO - Processing MARUTI (121/200)...
2025-10-06 12:45:30,718 - INFO - Comprehensive data extracted for MARUTI
2025-10-06 12:45:31,035 - INFO - Comprehensive data extracted for MARUTI
2025-10-06 12:45:31,177 - INFO - Comprehensive data extracted for MARUTI
2025-10-06 12:45:31,339 - INFO - Comprehensive data extracted for MARUTI
2025-10-06 12:45:31,501 - INFO - Comprehensive data extracted for MARUTI
2025-10-06 12:45:31,962 - INFO - Comprehensive data extracted for MARUTI
2025-10-06 12:45:32,117 - INFO - Comprehensive data extracted for MARUTI
2025-10-06 12:45:32,531 - INFO - Comprehensive data extracted for MARUTI
2025-10-06 12:45:32,693 - INFO - Comprehensive data extracted for MARUTI
2025-10-06 12:45:32,693 - INFO - Processing MFSL (122/200)...
2025-10-06 12:45:33,260 - INFO - Comprehensive data extracted for MFSL
2025-10-06 12:45:33,484 - INFO - Comprehensive data extracted for MFSL
2025-10-06 12:45:33,627 - INFO - Comprehensive data extracted for MFSL
2025-10-06 12:45:33,798 - INFO - Comprehensive data extracted for MFSL
2025-10-06 12:45:33,952 - INFO - Comprehensive data extracted for MFSL
2025-10-06 12:45:34,509 - INFO - Comprehensive data extracted for MFSL
2025-10-06 12:45:34,653 - INFO - Comprehensive data extracted for MFSL
2025-10-06 12:45:34,906 - INFO - Comprehensive data extracted for MFSL
2025-10-06 12:45:35,045 - INFO - Comprehensive data extracted for MFSL
2025-10-06 12:45:35,045 - INFO - Processing MAXHEALTH (123/200)...
2025-10-06 12:45:35,552 - INFO - Comprehensive data extracted for MAXHEALTH
2025-10-06 12:45:35,807 - INFO - Comprehensive data extracted for MAXHEALTH
2025-10-06 12:45:36,013 - INFO - Comprehensive data extracted for MAXHEALTH
2025-10-06 12:45:36,228 - INFO - Comprehensive data extracted for MAXHEALTH
2025-10-06 12:45:36,363 - INFO - Comprehensive data extracted for MAXHEALTH
2025-10-06 12:45:36,493 - INFO - Comprehensive data extracted for MAXHEALTH
2025-10-06 12:45:36,835 - INFO - Comprehensive data extracted for MAXHEALTH
2025-10-06 12:45:36,965 - INFO - Comprehensive data extracted for MAXHEALTH
2025-10-06 12:45:37,171 - INFO - Comprehensive data extracted for MAXHEALTH
2025-10-06 12:45:37,373 - INFO - Comprehensive data extracted for MAXHEALTH
2025-10-06 12:45:37,374 - INFO - Processing MAZDOCK (124/200)...
2025-10-06 12:45:38,024 - INFO - Comprehensive data extracted for MAZDOCK
2025-10-06 12:45:38,299 - INFO - Comprehensive data extracted for MAZDOCK
2025-10-06 12:45:38,584 - INFO - Comprehensive data extracted for MAZDOCK
2025-10-06 12:45:38,750 - INFO - Comprehensive data extracted for MAZDOCK
2025-10-06 12:45:38,884 - INFO - Comprehensive data extracted for MAZDOCK
2025-10-06 12:45:39,558 - INFO - Comprehensive data extracted for MAZDOCK
2025-10-06 12:45:39,716 - INFO - Comprehensive data extracted for MAZDOCK
2025-10-06 12:45:39,947 - INFO - Comprehensive data extracted for MAZDOCK
2025-10-06 12:45:40,073 - INFO - Comprehensive data extracted for MAZDOCK
2025-10-06 12:45:40,074 - INFO - Processing MOTILALOFS (125/200)...
2025-10-06 12:45:40,870 - INFO - Comprehensive data extracted for MOTILALOFS
2025-10-06 12:45:41,123 - INFO - Comprehensive data extracted for MOTILALOFS
2025-10-06 12:45:41,296 - INFO - Comprehensive data extracted for MOTILALOFS
2025-10-06 12:45:41,490 - INFO - Comprehensive data extracted for MOTILALOFS
2025-10-06 12:45:41,726 - INFO - Comprehensive data extracted for MOTILALOFS
2025-10-06 12:45:42,243 - INFO - Comprehensive data extracted for MOTILALOFS
2025-10-06 12:45:42,606 - INFO - Comprehensive data extracted for MOTILALOFS
2025-10-06 12:45:42,830 - INFO - Comprehensive data extracted for MOTILALOFS
2025-10-06 12:45:42,966 - INFO - Comprehensive data extracted for MOTILALOFS
2025-10-06 12:45:42,966 - INFO - Processing MPHASIS (126/200)...
2025-10-06 12:45:43,729 - INFO - Comprehensive data extracted for MPHASIS
2025-10-06 12:45:44,024 - INFO - Comprehensive data extracted for MPHASIS
2025-10-06 12:45:44,211 - INFO - Comprehensive data extracted for MPHASIS
2025-10-06 12:45:44,466 - INFO - Comprehensive data extracted for MPHASIS
2025-10-06 12:45:44,609 - INFO - Comprehensive data extracted for MPHASIS
2025-10-06 12:45:45,072 - INFO - Comprehensive data extracted for MPHASIS
2025-10-06 12:45:45,224 - INFO - Comprehensive data extracted for MPHASIS
2025-10-06 12:45:45,602 - INFO - Comprehensive data extracted for MPHASIS
2025-10-06 12:45:45,757 - INFO - Comprehensive data extracted for MPHASIS
2025-10-06 12:45:45,757 - INFO - Processing MUTHOOTFIN (127/200)...
2025-10-06 12:45:46,259 - INFO - Comprehensive data extracted for MUTHOOTFIN
2025-10-06 12:45:46,451 - INFO - Comprehensive data extracted for MUTHOOTFIN
2025-10-06 12:45:46,769 - INFO - Comprehensive data extracted for MUTHOOTFIN
2025-10-06 12:45:46,914 - INFO - Comprehensive data extracted for MUTHOOTFIN
2025-10-06 12:45:47,065 - INFO - Comprehensive data extracted for MUTHOOTFIN
2025-10-06 12:45:47,361 - INFO - Comprehensive data extracted for MUTHOOTFIN
2025-10-06 12:45:47,900 - INFO - Comprehensive data extracted for MUTHOOTFIN
2025-10-06 12:45:48,035 - INFO - Comprehensive data extracted for MUTHOOTFIN
2025-10-06 12:45:48,309 - INFO - Comprehensive data extracted for MUTHOOTFIN
2025-10-06 12:45:48,450 - INFO - Comprehensive data extracted for MUTHOOTFIN
2025-10-06 12:45:48,450 - INFO - Processing NHPC (128/200)...
2025-10-06 12:45:49,042 - INFO - Comprehensive data extracted for NHPC
2025-10-06 12:45:49,221 - INFO - Comprehensive data extracted for NHPC
2025-10-06 12:45:49,467 - INFO - Comprehensive data extracted for NHPC
2025-10-06 12:45:49,611 - INFO - Comprehensive data extracted for NHPC
2025-10-06 12:45:49,782 - INFO - Comprehensive data extracted for NHPC
2025-10-06 12:45:49,933 - INFO - Comprehensive data extracted for NHPC
2025-10-06 12:45:51,075 - INFO - Comprehensive data extracted for NHPC
2025-10-06 12:45:51,300 - INFO - Comprehensive data extracted for NHPC
2025-10-06 12:45:51,602 - INFO - Comprehensive data extracted for NHPC
2025-10-06 12:45:51,741 - INFO - Comprehensive data extracted for NHPC
2025-10-06 12:45:51,742 - INFO - Processing NMDC (129/200)...
2025-10-06 12:45:52,270 - INFO - Comprehensive data extracted for NMDC
2025-10-06 12:45:52,492 - INFO - Comprehensive data extracted for NMDC
2025-10-06 12:45:52,768 - INFO - Comprehensive data extracted for NMDC
2025-10-06 12:45:52,940 - INFO - Comprehensive data extracted for NMDC
2025-10-06 12:45:53,078 - INFO - Comprehensive data extracted for NMDC
2025-10-06 12:45:53,372 - INFO - Comprehensive data extracted for NMDC
2025-10-06 12:45:54,017 - INFO - Comprehensive data extracted for NMDC
2025-10-06 12:45:54,178 - INFO - Comprehensive data extracted for NMDC
2025-10-06 12:45:54,564 - INFO - Comprehensive data extracted for NMDC
2025-10-06 12:45:54,700 - INFO - Comprehensive data extracted for NMDC
2025-10-06 12:45:54,701 - INFO - Processing NTPCGREEN (130/200)...
2025-10-06 12:45:55,350 - INFO - Comprehensive data extracted for NTPCGREEN
2025-10-06 12:45:55,467 - INFO - Comprehensive data extracted for NTPCGREEN
2025-10-06 12:45:55,647 - INFO - Comprehensive data extracted for NTPCGREEN
2025-10-06 12:45:55,787 - INFO - Comprehensive data extracted for NTPCGREEN
2025-10-06 12:45:55,908 - INFO - Comprehensive data extracted for NTPCGREEN
2025-10-06 12:45:56,093 - INFO - Comprehensive data extracted for NTPCGREEN
2025-10-06 12:45:56,695 - INFO - Comprehensive data extracted for NTPCGREEN
2025-10-06 12:45:56,823 - INFO - Comprehensive data extracted for NTPCGREEN
2025-10-06 12:45:57,327 - ERROR - $NTPCGREEN.NS: possibly delisted; no price data found  (1d 2024-05-03 12:45:54.701264 -> 2024-11-14 12:45:54.701264) (Yahoo error = "Data doesn't exist for startDate = 1714720554, endDate = 1731568554")
2025-10-06 12:45:57,328 - INFO - Processing NTPC (131/200)...
2025-10-06 12:45:57,889 - INFO - Comprehensive data extracted for NTPC
2025-10-06 12:45:58,157 - INFO - Comprehensive data extracted for NTPC
2025-10-06 12:45:58,302 - INFO - Comprehensive data extracted for NTPC
2025-10-06 12:45:58,518 - INFO - Comprehensive data extracted for NTPC
2025-10-06 12:45:58,678 - INFO - Comprehensive data extracted for NTPC
2025-10-06 12:45:59,355 - INFO - Comprehensive data extracted for NTPC
2025-10-06 12:45:59,621 - INFO - Comprehensive data extracted for NTPC
2025-10-06 12:45:59,883 - INFO - Comprehensive data extracted for NTPC
2025-10-06 12:46:00,024 - INFO - Comprehensive data extracted for NTPC
2025-10-06 12:46:00,025 - INFO - Processing NATIONALUM (132/200)...
2025-10-06 12:46:00,591 - INFO - Comprehensive data extracted for NATIONALUM
2025-10-06 12:46:00,889 - INFO - Comprehensive data extracted for NATIONALUM
2025-10-06 12:46:01,205 - INFO - Comprehensive data extracted for NATIONALUM
2025-10-06 12:46:01,445 - INFO - Comprehensive data extracted for NATIONALUM
2025-10-06 12:46:01,615 - INFO - Comprehensive data extracted for NATIONALUM
2025-10-06 12:46:01,778 - INFO - Comprehensive data extracted for NATIONALUM
2025-10-06 12:46:02,613 - INFO - Comprehensive data extracted for NATIONALUM
2025-10-06 12:46:02,777 - INFO - Comprehensive data extracted for NATIONALUM
2025-10-06 12:46:03,123 - INFO - Comprehensive data extracted for NATIONALUM
2025-10-06 12:46:03,369 - INFO - Comprehensive data extracted for NATIONALUM
2025-10-06 12:46:03,370 - INFO - Processing NESTLEIND (133/200)...
2025-10-06 12:46:03,956 - INFO - Comprehensive data extracted for NESTLEIND
2025-10-06 12:46:04,173 - INFO - Comprehensive data extracted for NESTLEIND
2025-10-06 12:46:04,424 - INFO - Comprehensive data extracted for NESTLEIND
2025-10-06 12:46:04,580 - INFO - Comprehensive data extracted for NESTLEIND
2025-10-06 12:46:04,734 - INFO - Comprehensive data extracted for NESTLEIND
2025-10-06 12:46:04,883 - INFO - Comprehensive data extracted for NESTLEIND
2025-10-06 12:46:05,551 - INFO - Comprehensive data extracted for NESTLEIND
2025-10-06 12:46:05,714 - INFO - Comprehensive data extracted for NESTLEIND
2025-10-06 12:46:05,995 - INFO - Comprehensive data extracted for NESTLEIND
2025-10-06 12:46:06,164 - INFO - Comprehensive data extracted for NESTLEIND
2025-10-06 12:46:06,165 - INFO - Processing OBEROIRLTY (134/200)...
2025-10-06 12:46:06,698 - INFO - Comprehensive data extracted for OBEROIRLTY
2025-10-06 12:46:07,005 - INFO - Comprehensive data extracted for OBEROIRLTY
2025-10-06 12:46:07,150 - INFO - Comprehensive data extracted for OBEROIRLTY
2025-10-06 12:46:07,283 - INFO - Comprehensive data extracted for OBEROIRLTY
2025-10-06 12:46:07,426 - INFO - Comprehensive data extracted for OBEROIRLTY
2025-10-06 12:46:07,945 - INFO - Comprehensive data extracted for OBEROIRLTY
2025-10-06 12:46:08,103 - INFO - Comprehensive data extracted for OBEROIRLTY
2025-10-06 12:46:08,746 - INFO - Comprehensive data extracted for OBEROIRLTY
2025-10-06 12:46:08,895 - INFO - Comprehensive data extracted for OBEROIRLTY
2025-10-06 12:46:08,896 - INFO - Processing ONGC (135/200)...
2025-10-06 12:46:09,562 - INFO - Comprehensive data extracted for ONGC
2025-10-06 12:46:09,988 - INFO - Comprehensive data extracted for ONGC
2025-10-06 12:46:10,167 - INFO - Comprehensive data extracted for ONGC
2025-10-06 12:46:10,317 - INFO - Comprehensive data extracted for ONGC
2025-10-06 12:46:10,533 - INFO - Comprehensive data extracted for ONGC
2025-10-06 12:46:11,076 - INFO - Comprehensive data extracted for ONGC
2025-10-06 12:46:11,244 - INFO - Comprehensive data extracted for ONGC
2025-10-06 12:46:11,690 - INFO - Comprehensive data extracted for ONGC
2025-10-06 12:46:11,847 - INFO - Comprehensive data extracted for ONGC
2025-10-06 12:46:11,847 - INFO - Processing OIL (136/200)...
2025-10-06 12:46:12,323 - INFO - Comprehensive data extracted for OIL
2025-10-06 12:46:12,539 - INFO - Comprehensive data extracted for OIL
2025-10-06 12:46:12,909 - INFO - Comprehensive data extracted for OIL
2025-10-06 12:46:13,065 - INFO - Comprehensive data extracted for OIL
2025-10-06 12:46:13,218 - INFO - Comprehensive data extracted for OIL
2025-10-06 12:46:13,524 - INFO - Comprehensive data extracted for OIL
2025-10-06 12:46:14,084 - INFO - Comprehensive data extracted for OIL
2025-10-06 12:46:14,237 - INFO - Comprehensive data extracted for OIL
2025-10-06 12:46:14,712 - INFO - Comprehensive data extracted for OIL
2025-10-06 12:46:14,845 - INFO - Comprehensive data extracted for OIL
2025-10-06 12:46:14,845 - INFO - Processing OLAELEC (137/200)...
2025-10-06 12:46:15,632 - INFO - Comprehensive data extracted for OLAELEC
2025-10-06 12:46:15,912 - INFO - Comprehensive data extracted for OLAELEC
2025-10-06 12:46:16,041 - INFO - Comprehensive data extracted for OLAELEC
2025-10-06 12:46:16,330 - INFO - Comprehensive data extracted for OLAELEC
2025-10-06 12:46:16,557 - INFO - Comprehensive data extracted for OLAELEC
2025-10-06 12:46:17,021 - INFO - Comprehensive data extracted for OLAELEC
2025-10-06 12:46:17,219 - INFO - Comprehensive data extracted for OLAELEC
2025-10-06 12:46:17,827 - INFO - Comprehensive data extracted for OLAELEC
2025-10-06 12:46:17,943 - INFO - Comprehensive data extracted for OLAELEC
2025-10-06 12:46:17,943 - INFO - Processing PAYTM (138/200)...
2025-10-06 12:46:18,447 - INFO - Comprehensive data extracted for PAYTM
2025-10-06 12:46:18,707 - INFO - Comprehensive data extracted for PAYTM
2025-10-06 12:46:18,836 - INFO - Comprehensive data extracted for PAYTM
2025-10-06 12:46:18,963 - INFO - Comprehensive data extracted for PAYTM
2025-10-06 12:46:19,099 - INFO - Comprehensive data extracted for PAYTM
2025-10-06 12:46:19,655 - INFO - Comprehensive data extracted for PAYTM
2025-10-06 12:46:19,869 - INFO - Comprehensive data extracted for PAYTM
2025-10-06 12:46:20,083 - INFO - Comprehensive data extracted for PAYTM
2025-10-06 12:46:20,527 - INFO - Comprehensive data extracted for PAYTM
2025-10-06 12:46:20,528 - INFO - Processing OFSS (139/200)...
2025-10-06 12:46:21,309 - INFO - Comprehensive data extracted for OFSS
2025-10-06 12:46:21,573 - INFO - Comprehensive data extracted for OFSS
2025-10-06 12:46:21,756 - INFO - Comprehensive data extracted for OFSS
2025-10-06 12:46:21,909 - INFO - Comprehensive data extracted for OFSS
2025-10-06 12:46:22,058 - INFO - Comprehensive data extracted for OFSS
2025-10-06 12:46:22,660 - INFO - Comprehensive data extracted for OFSS
2025-10-06 12:46:22,821 - INFO - Comprehensive data extracted for OFSS
2025-10-06 12:46:23,118 - INFO - Comprehensive data extracted for OFSS
2025-10-06 12:46:23,278 - INFO - Comprehensive data extracted for OFSS
2025-10-06 12:46:23,278 - INFO - Processing POLICYBZR (140/200)...
2025-10-06 12:46:23,932 - INFO - Comprehensive data extracted for POLICYBZR
2025-10-06 12:46:24,104 - INFO - Comprehensive data extracted for POLICYBZR
2025-10-06 12:46:24,244 - INFO - Comprehensive data extracted for POLICYBZR
2025-10-06 12:46:24,481 - INFO - Comprehensive data extracted for POLICYBZR
2025-10-06 12:46:24,615 - INFO - Comprehensive data extracted for POLICYBZR
2025-10-06 12:46:24,986 - INFO - Comprehensive data extracted for POLICYBZR
2025-10-06 12:46:25,137 - INFO - Comprehensive data extracted for POLICYBZR
2025-10-06 12:46:25,561 - INFO - Comprehensive data extracted for POLICYBZR
2025-10-06 12:46:25,680 - INFO - Comprehensive data extracted for POLICYBZR
2025-10-06 12:46:25,680 - INFO - Processing PIIND (141/200)...
2025-10-06 12:46:26,466 - INFO - Comprehensive data extracted for PIIND
2025-10-06 12:46:26,707 - INFO - Comprehensive data extracted for PIIND
2025-10-06 12:46:26,859 - INFO - Comprehensive data extracted for PIIND
2025-10-06 12:46:26,991 - INFO - Comprehensive data extracted for PIIND
2025-10-06 12:46:27,124 - INFO - Comprehensive data extracted for PIIND
2025-10-06 12:46:27,732 - INFO - Comprehensive data extracted for PIIND
2025-10-06 12:46:27,905 - INFO - Comprehensive data extracted for PIIND
2025-10-06 12:46:28,249 - INFO - Comprehensive data extracted for PIIND
2025-10-06 12:46:28,560 - INFO - Comprehensive data extracted for PIIND
2025-10-06 12:46:28,561 - INFO - Processing PAGEIND (142/200)...
2025-10-06 12:46:29,282 - INFO - Comprehensive data extracted for PAGEIND
2025-10-06 12:46:29,519 - INFO - Comprehensive data extracted for PAGEIND
2025-10-06 12:46:29,732 - INFO - Comprehensive data extracted for PAGEIND
2025-10-06 12:46:29,910 - INFO - Comprehensive data extracted for PAGEIND
2025-10-06 12:46:30,058 - INFO - Comprehensive data extracted for PAGEIND
2025-10-06 12:46:30,677 - INFO - Comprehensive data extracted for PAGEIND
2025-10-06 12:46:30,828 - INFO - Comprehensive data extracted for PAGEIND
2025-10-06 12:46:31,145 - INFO - Comprehensive data extracted for PAGEIND
2025-10-06 12:46:31,314 - INFO - Comprehensive data extracted for PAGEIND
2025-10-06 12:46:31,314 - INFO - Processing PATANJALI (143/200)...
2025-10-06 12:46:31,885 - INFO - Comprehensive data extracted for PATANJALI
2025-10-06 12:46:32,056 - INFO - Comprehensive data extracted for PATANJALI
2025-10-06 12:46:32,380 - INFO - Comprehensive data extracted for PATANJALI
2025-10-06 12:46:32,544 - INFO - Comprehensive data extracted for PATANJALI
2025-10-06 12:46:32,692 - INFO - Comprehensive data extracted for PATANJALI
2025-10-06 12:46:32,835 - INFO - Comprehensive data extracted for PATANJALI
2025-10-06 12:46:33,479 - INFO - Comprehensive data extracted for PATANJALI
2025-10-06 12:46:33,627 - INFO - Comprehensive data extracted for PATANJALI
2025-10-06 12:46:33,879 - INFO - Comprehensive data extracted for PATANJALI
2025-10-06 12:46:34,037 - INFO - Comprehensive data extracted for PATANJALI
2025-10-06 12:46:34,038 - INFO - Processing PERSISTENT (144/200)...
2025-10-06 12:46:34,662 - INFO - Comprehensive data extracted for PERSISTENT
2025-10-06 12:46:35,079 - INFO - Comprehensive data extracted for PERSISTENT
2025-10-06 12:46:35,220 - INFO - Comprehensive data extracted for PERSISTENT
2025-10-06 12:46:35,517 - INFO - Comprehensive data extracted for PERSISTENT
2025-10-06 12:46:35,734 - INFO - Comprehensive data extracted for PERSISTENT
2025-10-06 12:46:36,280 - INFO - Comprehensive data extracted for PERSISTENT
2025-10-06 12:46:36,473 - INFO - Comprehensive data extracted for PERSISTENT
2025-10-06 12:46:36,685 - INFO - Comprehensive data extracted for PERSISTENT
2025-10-06 12:46:36,839 - INFO - Comprehensive data extracted for PERSISTENT
2025-10-06 12:46:36,839 - INFO - Processing PETRONET (145/200)...
2025-10-06 12:46:37,443 - INFO - Comprehensive data extracted for PETRONET
2025-10-06 12:46:37,677 - INFO - Comprehensive data extracted for PETRONET
2025-10-06 12:46:37,816 - INFO - Comprehensive data extracted for PETRONET
2025-10-06 12:46:37,961 - INFO - Comprehensive data extracted for PETRONET
2025-10-06 12:46:38,118 - INFO - Comprehensive data extracted for PETRONET
2025-10-06 12:46:38,796 - INFO - Comprehensive data extracted for PETRONET
2025-10-06 12:46:39,010 - INFO - Comprehensive data extracted for PETRONET
2025-10-06 12:46:39,249 - INFO - Comprehensive data extracted for PETRONET
2025-10-06 12:46:39,408 - INFO - Comprehensive data extracted for PETRONET
2025-10-06 12:46:39,409 - INFO - Processing PHOENIXLTD (146/200)...
2025-10-06 12:46:40,030 - INFO - Comprehensive data extracted for PHOENIXLTD
2025-10-06 12:46:40,289 - INFO - Comprehensive data extracted for PHOENIXLTD
2025-10-06 12:46:40,435 - INFO - Comprehensive data extracted for PHOENIXLTD
2025-10-06 12:46:40,581 - INFO - Comprehensive data extracted for PHOENIXLTD
2025-10-06 12:46:40,722 - INFO - Comprehensive data extracted for PHOENIXLTD
2025-10-06 12:46:41,244 - INFO - Comprehensive data extracted for PHOENIXLTD
2025-10-06 12:46:41,639 - INFO - Comprehensive data extracted for PHOENIXLTD
2025-10-06 12:46:41,914 - INFO - Comprehensive data extracted for PHOENIXLTD
2025-10-06 12:46:42,076 - INFO - Comprehensive data extracted for PHOENIXLTD
2025-10-06 12:46:42,076 - INFO - Processing PIDILITIND (147/200)...
2025-10-06 12:46:42,567 - INFO - Comprehensive data extracted for PIDILITIND
2025-10-06 12:46:43,781 - INFO - Comprehensive data extracted for PIDILITIND
2025-10-06 12:46:44,278 - INFO - Comprehensive data extracted for PIDILITIND
2025-10-06 12:46:44,523 - INFO - Comprehensive data extracted for PIDILITIND
2025-10-06 12:46:44,679 - INFO - Comprehensive data extracted for PIDILITIND
2025-10-06 12:46:44,894 - INFO - Comprehensive data extracted for PIDILITIND
2025-10-06 12:46:45,722 - INFO - Comprehensive data extracted for PIDILITIND
2025-10-06 12:46:45,908 - INFO - Comprehensive data extracted for PIDILITIND
2025-10-06 12:46:46,191 - INFO - Comprehensive data extracted for PIDILITIND
2025-10-06 12:46:46,466 - INFO - Comprehensive data extracted for PIDILITIND
2025-10-06 12:46:46,466 - INFO - Processing POLYCAB (148/200)...
2025-10-06 12:46:47,031 - INFO - Comprehensive data extracted for POLYCAB
2025-10-06 12:46:47,242 - INFO - Comprehensive data extracted for POLYCAB
2025-10-06 12:46:47,366 - INFO - Comprehensive data extracted for POLYCAB
2025-10-06 12:46:47,509 - INFO - Comprehensive data extracted for POLYCAB
2025-10-06 12:46:47,641 - INFO - Comprehensive data extracted for POLYCAB
2025-10-06 12:46:48,012 - INFO - Comprehensive data extracted for POLYCAB
2025-10-06 12:46:48,152 - INFO - Comprehensive data extracted for POLYCAB
2025-10-06 12:46:48,610 - INFO - Comprehensive data extracted for POLYCAB
2025-10-06 12:46:48,737 - INFO - Comprehensive data extracted for POLYCAB
2025-10-06 12:46:48,737 - INFO - Processing PFC (149/200)...
2025-10-06 12:46:49,319 - INFO - Comprehensive data extracted for PFC
2025-10-06 12:46:49,653 - INFO - Comprehensive data extracted for PFC
2025-10-06 12:46:49,802 - INFO - Comprehensive data extracted for PFC
2025-10-06 12:46:49,955 - INFO - Comprehensive data extracted for PFC
2025-10-06 12:46:50,099 - INFO - Comprehensive data extracted for PFC
2025-10-06 12:46:50,748 - INFO - Comprehensive data extracted for PFC
2025-10-06 12:46:50,916 - INFO - Comprehensive data extracted for PFC
2025-10-06 12:46:51,161 - INFO - Comprehensive data extracted for PFC
2025-10-06 12:46:51,373 - INFO - Comprehensive data extracted for PFC
2025-10-06 12:46:51,373 - INFO - Processing POWERGRID (150/200)...
2025-10-06 12:46:52,060 - INFO - Comprehensive data extracted for POWERGRID
2025-10-06 12:46:52,227 - INFO - Comprehensive data extracted for POWERGRID
2025-10-06 12:46:52,504 - INFO - Comprehensive data extracted for POWERGRID
2025-10-06 12:46:52,662 - INFO - Comprehensive data extracted for POWERGRID
2025-10-06 12:46:52,802 - INFO - Comprehensive data extracted for POWERGRID
2025-10-06 12:46:54,471 - INFO - Comprehensive data extracted for POWERGRID
2025-10-06 12:46:54,906 - INFO - Comprehensive data extracted for POWERGRID
2025-10-06 12:46:55,063 - INFO - Comprehensive data extracted for POWERGRID
2025-10-06 12:46:55,504 - INFO - Comprehensive data extracted for POWERGRID
2025-10-06 12:46:55,670 - INFO - Comprehensive data extracted for POWERGRID
2025-10-06 12:46:55,670 - INFO - Processing PREMIERENE (151/200)...
2025-10-06 12:46:56,126 - INFO - Comprehensive data extracted for PREMIERENE
2025-10-06 12:46:56,347 - INFO - Comprehensive data extracted for PREMIERENE
2025-10-06 12:46:56,600 - INFO - Comprehensive data extracted for PREMIERENE
2025-10-06 12:46:56,728 - INFO - Comprehensive data extracted for PREMIERENE
2025-10-06 12:46:56,877 - INFO - Comprehensive data extracted for PREMIERENE
2025-10-06 12:46:57,096 - INFO - Comprehensive data extracted for PREMIERENE
2025-10-06 12:46:57,724 - INFO - Comprehensive data extracted for PREMIERENE
2025-10-06 12:46:57,865 - INFO - Comprehensive data extracted for PREMIERENE
2025-10-06 12:46:58,141 - INFO - Comprehensive data extracted for PREMIERENE
2025-10-06 12:46:58,265 - INFO - Comprehensive data extracted for PREMIERENE
2025-10-06 12:46:58,265 - INFO - Processing PRESTIGE (152/200)...
2025-10-06 12:46:58,918 - INFO - Comprehensive data extracted for PRESTIGE
2025-10-06 12:46:59,151 - INFO - Comprehensive data extracted for PRESTIGE
2025-10-06 12:46:59,365 - INFO - Comprehensive data extracted for PRESTIGE
2025-10-06 12:46:59,536 - INFO - Comprehensive data extracted for PRESTIGE
2025-10-06 12:46:59,678 - INFO - Comprehensive data extracted for PRESTIGE
2025-10-06 12:47:00,097 - INFO - Comprehensive data extracted for PRESTIGE
2025-10-06 12:47:00,235 - INFO - Comprehensive data extracted for PRESTIGE
2025-10-06 12:47:00,688 - INFO - Comprehensive data extracted for PRESTIGE
2025-10-06 12:47:00,876 - INFO - Comprehensive data extracted for PRESTIGE
2025-10-06 12:47:00,877 - INFO - Processing PNB (153/200)...
2025-10-06 12:47:01,485 - INFO - Comprehensive data extracted for PNB
2025-10-06 12:47:01,732 - INFO - Comprehensive data extracted for PNB
2025-10-06 12:47:01,975 - INFO - Comprehensive data extracted for PNB
2025-10-06 12:47:02,127 - INFO - Comprehensive data extracted for PNB
2025-10-06 12:47:02,266 - INFO - Comprehensive data extracted for PNB
2025-10-06 12:47:02,471 - INFO - Comprehensive data extracted for PNB
2025-10-06 12:47:02,990 - INFO - Comprehensive data extracted for PNB
2025-10-06 12:47:03,132 - INFO - Comprehensive data extracted for PNB
2025-10-06 12:47:03,541 - INFO - Comprehensive data extracted for PNB
2025-10-06 12:47:03,783 - INFO - Comprehensive data extracted for PNB
2025-10-06 12:47:03,784 - INFO - Processing RECLTD (154/200)...
2025-10-06 12:47:04,442 - INFO - Comprehensive data extracted for RECLTD
2025-10-06 12:47:04,614 - INFO - Comprehensive data extracted for RECLTD
2025-10-06 12:47:04,881 - INFO - Comprehensive data extracted for RECLTD
2025-10-06 12:47:05,028 - INFO - Comprehensive data extracted for RECLTD
2025-10-06 12:47:05,202 - INFO - Comprehensive data extracted for RECLTD
2025-10-06 12:47:05,505 - INFO - Comprehensive data extracted for RECLTD
2025-10-06 12:47:06,043 - INFO - Comprehensive data extracted for RECLTD
2025-10-06 12:47:06,203 - INFO - Comprehensive data extracted for RECLTD
2025-10-06 12:47:06,504 - INFO - Comprehensive data extracted for RECLTD
2025-10-06 12:47:06,705 - INFO - Comprehensive data extracted for RECLTD
2025-10-06 12:47:06,705 - INFO - Processing RVNL (155/200)...
2025-10-06 12:47:07,226 - INFO - Comprehensive data extracted for RVNL
2025-10-06 12:47:07,354 - INFO - Comprehensive data extracted for RVNL
2025-10-06 12:47:07,572 - INFO - Comprehensive data extracted for RVNL
2025-10-06 12:47:07,711 - INFO - Comprehensive data extracted for RVNL
2025-10-06 12:47:07,874 - INFO - Comprehensive data extracted for RVNL
2025-10-06 12:47:08,009 - INFO - Comprehensive data extracted for RVNL
2025-10-06 12:47:08,657 - INFO - Comprehensive data extracted for RVNL
2025-10-06 12:47:08,800 - INFO - Comprehensive data extracted for RVNL
2025-10-06 12:47:09,085 - INFO - Comprehensive data extracted for RVNL
2025-10-06 12:47:09,268 - INFO - Comprehensive data extracted for RVNL
2025-10-06 12:47:09,268 - INFO - Processing RELIANCE (156/200)...
2025-10-06 12:47:09,916 - INFO - Comprehensive data extracted for RELIANCE
2025-10-06 12:47:10,174 - INFO - Comprehensive data extracted for RELIANCE
2025-10-06 12:47:10,311 - INFO - Comprehensive data extracted for RELIANCE
2025-10-06 12:47:10,476 - INFO - Comprehensive data extracted for RELIANCE
2025-10-06 12:47:10,638 - INFO - Comprehensive data extracted for RELIANCE
2025-10-06 12:47:11,195 - INFO - Comprehensive data extracted for RELIANCE
2025-10-06 12:47:11,494 - INFO - Comprehensive data extracted for RELIANCE
2025-10-06 12:47:11,878 - INFO - Comprehensive data extracted for RELIANCE
2025-10-06 12:47:12,073 - INFO - Comprehensive data extracted for RELIANCE
2025-10-06 12:47:12,073 - INFO - Processing SBICARD (157/200)...
2025-10-06 12:47:12,790 - INFO - Comprehensive data extracted for SBICARD
2025-10-06 12:47:12,997 - INFO - Comprehensive data extracted for SBICARD
2025-10-06 12:47:13,132 - INFO - Comprehensive data extracted for SBICARD
2025-10-06 12:47:13,254 - INFO - Comprehensive data extracted for SBICARD
2025-10-06 12:47:13,501 - INFO - Comprehensive data extracted for SBICARD
2025-10-06 12:47:13,973 - INFO - Comprehensive data extracted for SBICARD
2025-10-06 12:47:14,111 - INFO - Comprehensive data extracted for SBICARD
2025-10-06 12:47:14,537 - INFO - Comprehensive data extracted for SBICARD
2025-10-06 12:47:14,679 - INFO - Comprehensive data extracted for SBICARD
2025-10-06 12:47:14,679 - INFO - Processing SBILIFE (158/200)...
2025-10-06 12:47:16,259 - INFO - Comprehensive data extracted for SBILIFE
2025-10-06 12:47:16,533 - INFO - Comprehensive data extracted for SBILIFE
2025-10-06 12:47:16,657 - INFO - Comprehensive data extracted for SBILIFE
2025-10-06 12:47:16,800 - INFO - Comprehensive data extracted for SBILIFE
2025-10-06 12:47:16,942 - INFO - Comprehensive data extracted for SBILIFE
2025-10-06 12:47:17,577 - INFO - Comprehensive data extracted for SBILIFE
2025-10-06 12:47:17,714 - INFO - Comprehensive data extracted for SBILIFE
2025-10-06 12:47:17,970 - INFO - Comprehensive data extracted for SBILIFE
2025-10-06 12:47:18,197 - INFO - Comprehensive data extracted for SBILIFE
2025-10-06 12:47:18,198 - INFO - Processing SJVN (159/200)...
2025-10-06 12:47:18,886 - INFO - Comprehensive data extracted for SJVN
2025-10-06 12:47:19,135 - INFO - Comprehensive data extracted for SJVN
2025-10-06 12:47:19,271 - INFO - Comprehensive data extracted for SJVN
2025-10-06 12:47:19,463 - INFO - Comprehensive data extracted for SJVN
2025-10-06 12:47:19,627 - INFO - Comprehensive data extracted for SJVN
2025-10-06 12:47:20,028 - INFO - Comprehensive data extracted for SJVN
2025-10-06 12:47:20,261 - INFO - Comprehensive data extracted for SJVN
2025-10-06 12:47:20,650 - INFO - Comprehensive data extracted for SJVN
2025-10-06 12:47:20,793 - INFO - Comprehensive data extracted for SJVN
2025-10-06 12:47:20,794 - INFO - Processing SRF (160/200)...
2025-10-06 12:47:21,379 - INFO - Comprehensive data extracted for SRF
2025-10-06 12:47:21,699 - INFO - Comprehensive data extracted for SRF
2025-10-06 12:47:21,857 - INFO - Comprehensive data extracted for SRF
2025-10-06 12:47:22,024 - INFO - Comprehensive data extracted for SRF
2025-10-06 12:47:22,194 - INFO - Comprehensive data extracted for SRF
2025-10-06 12:47:22,850 - INFO - Comprehensive data extracted for SRF
2025-10-06 12:47:23,514 - INFO - Comprehensive data extracted for SRF
2025-10-06 12:47:24,081 - INFO - Comprehensive data extracted for SRF
2025-10-06 12:47:24,258 - INFO - Comprehensive data extracted for SRF
2025-10-06 12:47:24,259 - INFO - Processing MOTHERSON (161/200)...
2025-10-06 12:47:24,804 - INFO - Comprehensive data extracted for MOTHERSON
2025-10-06 12:47:24,978 - INFO - Comprehensive data extracted for MOTHERSON
2025-10-06 12:47:25,553 - INFO - Comprehensive data extracted for MOTHERSON
2025-10-06 12:47:25,740 - INFO - Comprehensive data extracted for MOTHERSON
2025-10-06 12:47:25,903 - INFO - Comprehensive data extracted for MOTHERSON
2025-10-06 12:47:26,053 - INFO - Comprehensive data extracted for MOTHERSON
2025-10-06 12:47:26,975 - INFO - Comprehensive data extracted for MOTHERSON
2025-10-06 12:47:27,126 - INFO - Comprehensive data extracted for MOTHERSON
2025-10-06 12:47:27,452 - INFO - Comprehensive data extracted for MOTHERSON
2025-10-06 12:47:27,682 - INFO - Comprehensive data extracted for MOTHERSON
2025-10-06 12:47:27,683 - INFO - Processing SHREECEM (162/200)...
2025-10-06 12:47:28,311 - INFO - Comprehensive data extracted for SHREECEM
2025-10-06 12:47:28,679 - INFO - Comprehensive data extracted for SHREECEM
2025-10-06 12:47:28,828 - INFO - Comprehensive data extracted for SHREECEM
2025-10-06 12:47:28,973 - INFO - Comprehensive data extracted for SHREECEM
2025-10-06 12:47:29,127 - INFO - Comprehensive data extracted for SHREECEM
2025-10-06 12:47:29,799 - INFO - Comprehensive data extracted for SHREECEM
2025-10-06 12:47:29,963 - INFO - Comprehensive data extracted for SHREECEM
2025-10-06 12:47:30,227 - INFO - Comprehensive data extracted for SHREECEM
2025-10-06 12:47:30,398 - INFO - Comprehensive data extracted for SHREECEM
2025-10-06 12:47:30,398 - INFO - Processing SHRIRAMFIN (163/200)...
2025-10-06 12:47:31,071 - INFO - Comprehensive data extracted for SHRIRAMFIN
2025-10-06 12:47:31,358 - INFO - Comprehensive data extracted for SHRIRAMFIN
2025-10-06 12:47:31,512 - INFO - Comprehensive data extracted for SHRIRAMFIN
2025-10-06 12:47:31,777 - INFO - Comprehensive data extracted for SHRIRAMFIN
2025-10-06 12:47:31,967 - INFO - Comprehensive data extracted for SHRIRAMFIN
2025-10-06 12:47:32,813 - INFO - Comprehensive data extracted for SHRIRAMFIN
2025-10-06 12:47:33,039 - INFO - Comprehensive data extracted for SHRIRAMFIN
2025-10-06 12:47:33,300 - INFO - Comprehensive data extracted for SHRIRAMFIN
2025-10-06 12:47:33,587 - INFO - Comprehensive data extracted for SHRIRAMFIN
2025-10-06 12:47:33,587 - INFO - Processing SIEMENS (164/200)...
2025-10-06 12:47:34,282 - INFO - Comprehensive data extracted for SIEMENS
2025-10-06 12:47:34,574 - INFO - Comprehensive data extracted for SIEMENS
2025-10-06 12:47:34,788 - INFO - Comprehensive data extracted for SIEMENS
2025-10-06 12:47:35,017 - INFO - Comprehensive data extracted for SIEMENS
2025-10-06 12:47:35,166 - INFO - Comprehensive data extracted for SIEMENS
2025-10-06 12:47:36,004 - INFO - Comprehensive data extracted for SIEMENS
2025-10-06 12:47:36,158 - INFO - Comprehensive data extracted for SIEMENS
2025-10-06 12:47:36,405 - INFO - Comprehensive data extracted for SIEMENS
2025-10-06 12:47:36,563 - INFO - Comprehensive data extracted for SIEMENS
2025-10-06 12:47:36,563 - INFO - Processing SOLARINDS (165/200)...
2025-10-06 12:47:37,182 - INFO - Comprehensive data extracted for SOLARINDS
2025-10-06 12:47:37,412 - INFO - Comprehensive data extracted for SOLARINDS
2025-10-06 12:47:37,652 - INFO - Comprehensive data extracted for SOLARINDS
2025-10-06 12:47:37,790 - INFO - Comprehensive data extracted for SOLARINDS
2025-10-06 12:47:37,923 - INFO - Comprehensive data extracted for SOLARINDS
2025-10-06 12:47:38,087 - INFO - Comprehensive data extracted for SOLARINDS
2025-10-06 12:47:38,696 - INFO - Comprehensive data extracted for SOLARINDS
2025-10-06 12:47:38,921 - INFO - Comprehensive data extracted for SOLARINDS
2025-10-06 12:47:39,209 - INFO - Comprehensive data extracted for SOLARINDS
2025-10-06 12:47:39,488 - INFO - Comprehensive data extracted for SOLARINDS
2025-10-06 12:47:39,488 - INFO - Processing SONACOMS (166/200)...
2025-10-06 12:47:40,193 - INFO - Comprehensive data extracted for SONACOMS
2025-10-06 12:47:40,415 - INFO - Comprehensive data extracted for SONACOMS
2025-10-06 12:47:40,566 - INFO - Comprehensive data extracted for SONACOMS
2025-10-06 12:47:40,691 - INFO - Comprehensive data extracted for SONACOMS
2025-10-06 12:47:40,834 - INFO - Comprehensive data extracted for SONACOMS
2025-10-06 12:47:41,193 - INFO - Comprehensive data extracted for SONACOMS
2025-10-06 12:47:41,468 - INFO - Comprehensive data extracted for SONACOMS
2025-10-06 12:47:41,690 - INFO - Comprehensive data extracted for SONACOMS
2025-10-06 12:47:41,833 - INFO - Comprehensive data extracted for SONACOMS
2025-10-06 12:47:41,834 - INFO - Processing SBIN (167/200)...
2025-10-06 12:47:42,533 - INFO - Comprehensive data extracted for SBIN
2025-10-06 12:47:42,853 - INFO - Comprehensive data extracted for SBIN
2025-10-06 12:47:43,025 - INFO - Comprehensive data extracted for SBIN
2025-10-06 12:47:43,189 - INFO - Comprehensive data extracted for SBIN
2025-10-06 12:47:43,476 - INFO - Comprehensive data extracted for SBIN
2025-10-06 12:47:43,937 - INFO - Comprehensive data extracted for SBIN
2025-10-06 12:47:44,103 - INFO - Comprehensive data extracted for SBIN
2025-10-06 12:47:44,351 - INFO - Comprehensive data extracted for SBIN
2025-10-06 12:47:44,517 - INFO - Comprehensive data extracted for SBIN
2025-10-06 12:47:44,517 - INFO - Processing SAIL (168/200)...
2025-10-06 12:47:45,253 - INFO - Comprehensive data extracted for SAIL
2025-10-06 12:47:45,513 - INFO - Comprehensive data extracted for SAIL
2025-10-06 12:47:45,706 - INFO - Comprehensive data extracted for SAIL
2025-10-06 12:47:45,876 - INFO - Comprehensive data extracted for SAIL
2025-10-06 12:47:46,063 - INFO - Comprehensive data extracted for SAIL
2025-10-06 12:47:46,963 - INFO - Comprehensive data extracted for SAIL
2025-10-06 12:47:47,126 - INFO - Comprehensive data extracted for SAIL
2025-10-06 12:47:47,446 - INFO - Comprehensive data extracted for SAIL
2025-10-06 12:47:47,702 - INFO - Comprehensive data extracted for SAIL
2025-10-06 12:47:47,703 - INFO - Processing SUNPHARMA (169/200)...
2025-10-06 12:47:48,389 - INFO - Comprehensive data extracted for SUNPHARMA
2025-10-06 12:47:48,677 - INFO - Comprehensive data extracted for SUNPHARMA
2025-10-06 12:47:48,911 - INFO - Comprehensive data extracted for SUNPHARMA
2025-10-06 12:47:49,098 - INFO - Comprehensive data extracted for SUNPHARMA
2025-10-06 12:47:49,488 - INFO - Comprehensive data extracted for SUNPHARMA
2025-10-06 12:47:50,081 - INFO - Comprehensive data extracted for SUNPHARMA
2025-10-06 12:47:50,259 - INFO - Comprehensive data extracted for SUNPHARMA
2025-10-06 12:47:50,554 - INFO - Comprehensive data extracted for SUNPHARMA
2025-10-06 12:47:50,716 - INFO - Comprehensive data extracted for SUNPHARMA
2025-10-06 12:47:50,717 - INFO - Processing SUPREMEIND (170/200)...
2025-10-06 12:47:51,679 - INFO - Comprehensive data extracted for SUPREMEIND
2025-10-06 12:47:52,034 - INFO - Comprehensive data extracted for SUPREMEIND
2025-10-06 12:47:52,191 - INFO - Comprehensive data extracted for SUPREMEIND
2025-10-06 12:47:52,452 - INFO - Comprehensive data extracted for SUPREMEIND
2025-10-06 12:47:52,658 - INFO - Comprehensive data extracted for SUPREMEIND
2025-10-06 12:47:53,257 - INFO - Comprehensive data extracted for SUPREMEIND
2025-10-06 12:47:53,704 - INFO - Comprehensive data extracted for SUPREMEIND
2025-10-06 12:47:54,058 - INFO - Comprehensive data extracted for SUPREMEIND
2025-10-06 12:47:54,283 - INFO - Comprehensive data extracted for SUPREMEIND
2025-10-06 12:47:54,283 - INFO - Processing SUZLON (171/200)...
2025-10-06 12:47:54,893 - INFO - Comprehensive data extracted for SUZLON
2025-10-06 12:47:55,105 - INFO - Comprehensive data extracted for SUZLON
2025-10-06 12:47:56,641 - INFO - Comprehensive data extracted for SUZLON
2025-10-06 12:47:56,796 - INFO - Comprehensive data extracted for SUZLON
2025-10-06 12:47:56,957 - INFO - Comprehensive data extracted for SUZLON
2025-10-06 12:47:57,152 - INFO - Comprehensive data extracted for SUZLON
2025-10-06 12:47:57,595 - INFO - Comprehensive data extracted for SUZLON
2025-10-06 12:47:57,737 - INFO - Comprehensive data extracted for SUZLON
2025-10-06 12:47:58,115 - INFO - Comprehensive data extracted for SUZLON
2025-10-06 12:47:58,467 - INFO - Comprehensive data extracted for SUZLON
2025-10-06 12:47:58,468 - INFO - Processing SWIGGY (172/200)...
2025-10-06 12:47:58,961 - INFO - Comprehensive data extracted for SWIGGY
2025-10-06 12:47:59,109 - INFO - Comprehensive data extracted for SWIGGY
2025-10-06 12:47:59,418 - INFO - Comprehensive data extracted for SWIGGY
2025-10-06 12:47:59,543 - INFO - Comprehensive data extracted for SWIGGY
2025-10-06 12:47:59,665 - INFO - Comprehensive data extracted for SWIGGY
2025-10-06 12:47:59,894 - INFO - Comprehensive data extracted for SWIGGY
2025-10-06 12:48:00,264 - INFO - Comprehensive data extracted for SWIGGY
2025-10-06 12:48:00,562 - INFO - Comprehensive data extracted for SWIGGY
2025-10-06 12:48:00,787 - INFO - Processing TVSMOTOR (173/200)...
2025-10-06 12:48:01,653 - INFO - Comprehensive data extracted for TVSMOTOR
2025-10-06 12:48:02,062 - INFO - Comprehensive data extracted for TVSMOTOR
2025-10-06 12:48:02,223 - INFO - Comprehensive data extracted for TVSMOTOR
2025-10-06 12:48:02,514 - INFO - Comprehensive data extracted for TVSMOTOR
2025-10-06 12:48:02,660 - INFO - Comprehensive data extracted for TVSMOTOR
2025-10-06 12:48:03,150 - INFO - Comprehensive data extracted for TVSMOTOR
2025-10-06 12:48:03,381 - INFO - Comprehensive data extracted for TVSMOTOR
2025-10-06 12:48:03,689 - INFO - Comprehensive data extracted for TVSMOTOR
2025-10-06 12:48:03,864 - INFO - Comprehensive data extracted for TVSMOTOR
2025-10-06 12:48:03,865 - INFO - Processing TATACOMM (174/200)...
2025-10-06 12:48:04,494 - INFO - Comprehensive data extracted for TATACOMM
2025-10-06 12:48:04,871 - INFO - Comprehensive data extracted for TATACOMM
2025-10-06 12:48:05,028 - INFO - Comprehensive data extracted for TATACOMM
2025-10-06 12:48:05,191 - INFO - Comprehensive data extracted for TATACOMM
2025-10-06 12:48:05,486 - INFO - Comprehensive data extracted for TATACOMM
2025-10-06 12:48:05,971 - INFO - Comprehensive data extracted for TATACOMM
2025-10-06 12:48:06,130 - INFO - Comprehensive data extracted for TATACOMM
2025-10-06 12:48:06,594 - INFO - Comprehensive data extracted for TATACOMM
2025-10-06 12:48:06,769 - INFO - Comprehensive data extracted for TATACOMM
2025-10-06 12:48:06,769 - INFO - Processing TCS (175/200)...
2025-10-06 12:48:07,459 - INFO - Comprehensive data extracted for TCS
2025-10-06 12:48:07,715 - INFO - Comprehensive data extracted for TCS
2025-10-06 12:48:07,886 - INFO - Comprehensive data extracted for TCS
2025-10-06 12:48:08,057 - INFO - Comprehensive data extracted for TCS
2025-10-06 12:48:08,229 - INFO - Comprehensive data extracted for TCS
2025-10-06 12:48:08,924 - INFO - Comprehensive data extracted for TCS
2025-10-06 12:48:09,071 - INFO - Comprehensive data extracted for TCS
2025-10-06 12:48:09,330 - INFO - Comprehensive data extracted for TCS
2025-10-06 12:48:09,489 - INFO - Comprehensive data extracted for TCS
2025-10-06 12:48:09,490 - INFO - Processing TATACONSUM (176/200)...
2025-10-06 12:48:10,138 - INFO - Comprehensive data extracted for TATACONSUM
2025-10-06 12:48:10,411 - INFO - Comprehensive data extracted for TATACONSUM
2025-10-06 12:48:10,579 - INFO - Comprehensive data extracted for TATACONSUM
2025-10-06 12:48:10,747 - INFO - Comprehensive data extracted for TATACONSUM
2025-10-06 12:48:10,903 - INFO - Comprehensive data extracted for TATACONSUM
2025-10-06 12:48:11,498 - INFO - Comprehensive data extracted for TATACONSUM
2025-10-06 12:48:11,649 - INFO - Comprehensive data extracted for TATACONSUM
2025-10-06 12:48:11,939 - INFO - Comprehensive data extracted for TATACONSUM
2025-10-06 12:48:12,104 - INFO - Comprehensive data extracted for TATACONSUM
2025-10-06 12:48:12,105 - INFO - Processing TATAELXSI (177/200)...
2025-10-06 12:48:12,713 - INFO - Comprehensive data extracted for TATAELXSI
2025-10-06 12:48:12,941 - INFO - Comprehensive data extracted for TATAELXSI
2025-10-06 12:48:13,213 - INFO - Comprehensive data extracted for TATAELXSI
2025-10-06 12:48:13,444 - INFO - Comprehensive data extracted for TATAELXSI
2025-10-06 12:48:13,637 - INFO - Comprehensive data extracted for TATAELXSI
2025-10-06 12:48:13,793 - INFO - Comprehensive data extracted for TATAELXSI
2025-10-06 12:48:14,513 - INFO - Comprehensive data extracted for TATAELXSI
2025-10-06 12:48:14,650 - INFO - Comprehensive data extracted for TATAELXSI
2025-10-06 12:48:14,910 - INFO - Comprehensive data extracted for TATAELXSI
2025-10-06 12:48:15,146 - INFO - Comprehensive data extracted for TATAELXSI
2025-10-06 12:48:15,146 - INFO - Processing TATAMOTORS (178/200)...
2025-10-06 12:48:15,906 - INFO - Comprehensive data extracted for TATAMOTORS
2025-10-06 12:48:16,175 - INFO - Comprehensive data extracted for TATAMOTORS
2025-10-06 12:48:16,545 - INFO - Comprehensive data extracted for TATAMOTORS
2025-10-06 12:48:16,728 - INFO - Comprehensive data extracted for TATAMOTORS
2025-10-06 12:48:16,913 - INFO - Comprehensive data extracted for TATAMOTORS
2025-10-06 12:48:17,531 - INFO - Comprehensive data extracted for TATAMOTORS
2025-10-06 12:48:17,703 - INFO - Comprehensive data extracted for TATAMOTORS
2025-10-06 12:48:18,067 - INFO - Comprehensive data extracted for TATAMOTORS
2025-10-06 12:48:18,400 - INFO - Comprehensive data extracted for TATAMOTORS
2025-10-06 12:48:18,400 - INFO - Processing TATAPOWER (179/200)...
2025-10-06 12:48:19,375 - INFO - Comprehensive data extracted for TATAPOWER
2025-10-06 12:48:19,688 - INFO - Comprehensive data extracted for TATAPOWER
2025-10-06 12:48:19,868 - INFO - Comprehensive data extracted for TATAPOWER
2025-10-06 12:48:20,104 - INFO - Comprehensive data extracted for TATAPOWER
2025-10-06 12:48:20,498 - INFO - Comprehensive data extracted for TATAPOWER
2025-10-06 12:48:21,250 - INFO - Comprehensive data extracted for TATAPOWER
2025-10-06 12:48:21,861 - INFO - Comprehensive data extracted for TATAPOWER
2025-10-06 12:48:22,096 - INFO - Comprehensive data extracted for TATAPOWER
2025-10-06 12:48:22,410 - INFO - Comprehensive data extracted for TATAPOWER
2025-10-06 12:48:22,410 - INFO - Processing TATASTEEL (180/200)...
2025-10-06 12:48:22,889 - INFO - Comprehensive data extracted for TATASTEEL
2025-10-06 12:48:23,100 - INFO - Comprehensive data extracted for TATASTEEL
2025-10-06 12:48:23,415 - INFO - Comprehensive data extracted for TATASTEEL
2025-10-06 12:48:23,570 - INFO - Comprehensive data extracted for TATASTEEL
2025-10-06 12:48:23,732 - INFO - Comprehensive data extracted for TATASTEEL
2025-10-06 12:48:23,890 - INFO - Comprehensive data extracted for TATASTEEL
2025-10-06 12:48:24,512 - INFO - Comprehensive data extracted for TATASTEEL
2025-10-06 12:48:24,694 - INFO - Comprehensive data extracted for TATASTEEL
2025-10-06 12:48:25,094 - INFO - Comprehensive data extracted for TATASTEEL
2025-10-06 12:48:25,252 - INFO - Comprehensive data extracted for TATASTEEL
2025-10-06 12:48:25,253 - INFO - Processing TATATECH (181/200)...
2025-10-06 12:48:25,989 - INFO - Comprehensive data extracted for TATATECH
2025-10-06 12:48:26,203 - INFO - Comprehensive data extracted for TATATECH
2025-10-06 12:48:26,349 - INFO - Comprehensive data extracted for TATATECH
2025-10-06 12:48:26,530 - INFO - Comprehensive data extracted for TATATECH
2025-10-06 12:48:26,667 - INFO - Comprehensive data extracted for TATATECH
2025-10-06 12:48:27,026 - INFO - Comprehensive data extracted for TATATECH
2025-10-06 12:48:27,156 - INFO - Comprehensive data extracted for TATATECH
2025-10-06 12:48:27,613 - INFO - Comprehensive data extracted for TATATECH
2025-10-06 12:48:27,687 - INFO - Processing TECHM (182/200)...
2025-10-06 12:48:28,409 - INFO - Comprehensive data extracted for TECHM
2025-10-06 12:48:28,716 - INFO - Comprehensive data extracted for TECHM
2025-10-06 12:48:28,886 - INFO - Comprehensive data extracted for TECHM
2025-10-06 12:48:29,122 - INFO - Comprehensive data extracted for TECHM
2025-10-06 12:48:29,358 - INFO - Comprehensive data extracted for TECHM
2025-10-06 12:48:30,397 - INFO - Comprehensive data extracted for TECHM
2025-10-06 12:48:30,622 - INFO - Comprehensive data extracted for TECHM
2025-10-06 12:48:31,021 - INFO - Comprehensive data extracted for TECHM
2025-10-06 12:48:31,156 - INFO - Comprehensive data extracted for TECHM
2025-10-06 12:48:31,157 - INFO - Processing TITAN (183/200)...
2025-10-06 12:48:31,840 - INFO - Comprehensive data extracted for TITAN
2025-10-06 12:48:32,165 - INFO - Comprehensive data extracted for TITAN
2025-10-06 12:48:32,438 - INFO - Comprehensive data extracted for TITAN
2025-10-06 12:48:32,604 - INFO - Comprehensive data extracted for TITAN
2025-10-06 12:48:32,775 - INFO - Comprehensive data extracted for TITAN
2025-10-06 12:48:33,198 - INFO - Comprehensive data extracted for TITAN
2025-10-06 12:48:33,612 - INFO - Comprehensive data extracted for TITAN
2025-10-06 12:48:33,962 - INFO - Comprehensive data extracted for TITAN
2025-10-06 12:48:34,108 - INFO - Comprehensive data extracted for TITAN
2025-10-06 12:48:34,109 - INFO - Processing TORNTPHARM (184/200)...
2025-10-06 12:48:34,831 - INFO - Comprehensive data extracted for TORNTPHARM
2025-10-06 12:48:34,987 - INFO - Comprehensive data extracted for TORNTPHARM
2025-10-06 12:48:35,379 - INFO - Comprehensive data extracted for TORNTPHARM
2025-10-06 12:48:35,555 - INFO - Comprehensive data extracted for TORNTPHARM
2025-10-06 12:48:35,764 - INFO - Comprehensive data extracted for TORNTPHARM
2025-10-06 12:48:35,927 - INFO - Comprehensive data extracted for TORNTPHARM
2025-10-06 12:48:36,603 - INFO - Comprehensive data extracted for TORNTPHARM
2025-10-06 12:48:36,747 - INFO - Comprehensive data extracted for TORNTPHARM
2025-10-06 12:48:36,994 - INFO - Comprehensive data extracted for TORNTPHARM
2025-10-06 12:48:37,143 - INFO - Comprehensive data extracted for TORNTPHARM
2025-10-06 12:48:37,144 - INFO - Processing TORNTPOWER (185/200)...
2025-10-06 12:48:37,718 - INFO - Comprehensive data extracted for TORNTPOWER
2025-10-06 12:48:38,060 - INFO - Comprehensive data extracted for TORNTPOWER
2025-10-06 12:48:38,214 - INFO - Comprehensive data extracted for TORNTPOWER
2025-10-06 12:48:38,500 - INFO - Comprehensive data extracted for TORNTPOWER
2025-10-06 12:48:38,642 - INFO - Comprehensive data extracted for TORNTPOWER
2025-10-06 12:48:39,107 - INFO - Comprehensive data extracted for TORNTPOWER
2025-10-06 12:48:39,356 - INFO - Comprehensive data extracted for TORNTPOWER
2025-10-06 12:48:39,732 - INFO - Comprehensive data extracted for TORNTPOWER
2025-10-06 12:48:39,878 - INFO - Comprehensive data extracted for TORNTPOWER
2025-10-06 12:48:39,879 - INFO - Processing TRENT (186/200)...
2025-10-06 12:48:40,352 - INFO - Comprehensive data extracted for TRENT
2025-10-06 12:48:40,511 - INFO - Comprehensive data extracted for TRENT
2025-10-06 12:48:40,766 - INFO - Comprehensive data extracted for TRENT
2025-10-06 12:48:40,984 - INFO - Comprehensive data extracted for TRENT
2025-10-06 12:48:41,121 - INFO - Comprehensive data extracted for TRENT
2025-10-06 12:48:41,261 - INFO - Comprehensive data extracted for TRENT
2025-10-06 12:48:41,930 - INFO - Comprehensive data extracted for TRENT
2025-10-06 12:48:42,142 - INFO - Comprehensive data extracted for TRENT
2025-10-06 12:48:42,388 - INFO - Comprehensive data extracted for TRENT
2025-10-06 12:48:42,522 - INFO - Comprehensive data extracted for TRENT
2025-10-06 12:48:42,522 - INFO - Processing TIINDIA (187/200)...
2025-10-06 12:48:43,145 - INFO - Comprehensive data extracted for TIINDIA
2025-10-06 12:48:43,390 - INFO - Comprehensive data extracted for TIINDIA
2025-10-06 12:48:43,602 - INFO - Comprehensive data extracted for TIINDIA
2025-10-06 12:48:43,758 - INFO - Comprehensive data extracted for TIINDIA
2025-10-06 12:48:43,962 - INFO - Comprehensive data extracted for TIINDIA
2025-10-06 12:48:44,637 - INFO - Comprehensive data extracted for TIINDIA
2025-10-06 12:48:44,779 - INFO - Comprehensive data extracted for TIINDIA
2025-10-06 12:48:45,029 - INFO - Comprehensive data extracted for TIINDIA
2025-10-06 12:48:45,159 - INFO - Comprehensive data extracted for TIINDIA
2025-10-06 12:48:45,160 - INFO - Processing UPL (188/200)...
2025-10-06 12:48:45,679 - INFO - Comprehensive data extracted for UPL
2025-10-06 12:48:45,884 - INFO - Comprehensive data extracted for UPL
2025-10-06 12:48:46,205 - INFO - Comprehensive data extracted for UPL
2025-10-06 12:48:46,358 - INFO - Comprehensive data extracted for UPL
2025-10-06 12:48:46,579 - INFO - Comprehensive data extracted for UPL
2025-10-06 12:48:46,756 - INFO - Comprehensive data extracted for UPL
2025-10-06 12:48:47,216 - INFO - Comprehensive data extracted for UPL
2025-10-06 12:48:47,672 - INFO - Comprehensive data extracted for UPL
2025-10-06 12:48:47,928 - INFO - Comprehensive data extracted for UPL
2025-10-06 12:48:48,094 - INFO - Comprehensive data extracted for UPL
2025-10-06 12:48:48,095 - INFO - Processing ULTRACEMCO (189/200)...
2025-10-06 12:48:48,727 - INFO - Comprehensive data extracted for ULTRACEMCO
2025-10-06 12:48:48,984 - INFO - Comprehensive data extracted for ULTRACEMCO
2025-10-06 12:48:49,116 - INFO - Comprehensive data extracted for ULTRACEMCO
2025-10-06 12:48:49,257 - INFO - Comprehensive data extracted for ULTRACEMCO
2025-10-06 12:48:49,465 - INFO - Comprehensive data extracted for ULTRACEMCO
2025-10-06 12:48:49,915 - INFO - Comprehensive data extracted for ULTRACEMCO
2025-10-06 12:48:50,073 - INFO - Comprehensive data extracted for ULTRACEMCO
2025-10-06 12:48:50,491 - INFO - Comprehensive data extracted for ULTRACEMCO
2025-10-06 12:48:50,635 - INFO - Comprehensive data extracted for ULTRACEMCO
2025-10-06 12:48:50,635 - INFO - Processing UNIONBANK (190/200)...
2025-10-06 12:48:52,164 - INFO - Comprehensive data extracted for UNIONBANK
2025-10-06 12:48:52,415 - INFO - Comprehensive data extracted for UNIONBANK
2025-10-06 12:48:52,757 - INFO - Comprehensive data extracted for UNIONBANK
2025-10-06 12:48:52,895 - INFO - Comprehensive data extracted for UNIONBANK
2025-10-06 12:48:53,044 - INFO - Comprehensive data extracted for UNIONBANK
2025-10-06 12:48:53,218 - INFO - Comprehensive data extracted for UNIONBANK
2025-10-06 12:48:53,654 - INFO - Comprehensive data extracted for UNIONBANK
2025-10-06 12:48:53,865 - INFO - Comprehensive data extracted for UNIONBANK
2025-10-06 12:48:54,126 - INFO - Comprehensive data extracted for UNIONBANK
2025-10-06 12:48:54,461 - INFO - Comprehensive data extracted for UNIONBANK
2025-10-06 12:48:54,461 - INFO - Processing UNITDSPR (191/200)...
2025-10-06 12:48:54,990 - INFO - Comprehensive data extracted for UNITDSPR
2025-10-06 12:48:55,172 - INFO - Comprehensive data extracted for UNITDSPR
2025-10-06 12:48:55,306 - INFO - Comprehensive data extracted for UNITDSPR
2025-10-06 12:48:55,436 - INFO - Comprehensive data extracted for UNITDSPR
2025-10-06 12:48:55,576 - INFO - Comprehensive data extracted for UNITDSPR
2025-10-06 12:48:55,986 - INFO - Comprehensive data extracted for UNITDSPR
2025-10-06 12:48:56,131 - INFO - Comprehensive data extracted for UNITDSPR
2025-10-06 12:48:56,464 - INFO - Comprehensive data extracted for UNITDSPR
2025-10-06 12:48:56,541 - INFO - Processing VBL (192/200)...
2025-10-06 12:48:57,137 - INFO - Comprehensive data extracted for VBL
2025-10-06 12:48:57,413 - INFO - Comprehensive data extracted for VBL
2025-10-06 12:48:57,557 - INFO - Comprehensive data extracted for VBL
2025-10-06 12:48:57,700 - INFO - Comprehensive data extracted for VBL
2025-10-06 12:48:57,834 - INFO - Comprehensive data extracted for VBL
2025-10-06 12:48:59,317 - INFO - Comprehensive data extracted for VBL
2025-10-06 12:48:59,558 - INFO - Comprehensive data extracted for VBL
2025-10-06 12:48:59,807 - INFO - Comprehensive data extracted for VBL
2025-10-06 12:49:00,009 - INFO - Comprehensive data extracted for VBL
2025-10-06 12:49:00,009 - INFO - Processing VEDL (193/200)...
2025-10-06 12:49:00,561 - INFO - Comprehensive data extracted for VEDL
2025-10-06 12:49:00,817 - INFO - Comprehensive data extracted for VEDL
2025-10-06 12:49:01,173 - INFO - Comprehensive data extracted for VEDL
2025-10-06 12:49:01,390 - INFO - Comprehensive data extracted for VEDL
2025-10-06 12:49:01,607 - INFO - Comprehensive data extracted for VEDL
2025-10-06 12:49:01,779 - INFO - Comprehensive data extracted for VEDL
2025-10-06 12:49:02,379 - INFO - Comprehensive data extracted for VEDL
2025-10-06 12:49:02,600 - INFO - Comprehensive data extracted for VEDL
2025-10-06 12:49:02,887 - INFO - Comprehensive data extracted for VEDL
2025-10-06 12:49:03,056 - INFO - Comprehensive data extracted for VEDL
2025-10-06 12:49:03,057 - INFO - Processing VMM (194/200)...
2025-10-06 12:49:03,597 - INFO - Comprehensive data extracted for VMM
2025-10-06 12:49:03,788 - INFO - Comprehensive data extracted for VMM
2025-10-06 12:49:04,119 - INFO - Comprehensive data extracted for VMM
2025-10-06 12:49:04,237 - INFO - Comprehensive data extracted for VMM
2025-10-06 12:49:04,517 - INFO - Comprehensive data extracted for VMM
2025-10-06 12:49:04,641 - INFO - Comprehensive data extracted for VMM
2025-10-06 12:49:05,201 - INFO - Comprehensive data extracted for VMM
2025-10-06 12:49:06,233 - ERROR - $VMM.NS: possibly delisted; no price data found  (1d 2024-05-26 12:49:03.057311 -> 2024-12-07 12:49:03.057311) (Yahoo error = "Data doesn't exist for startDate = 1716707943, endDate = 1733555943")
2025-10-06 12:49:06,696 - ERROR - $VMM.NS: possibly delisted; no price data found  (1d 2024-05-03 12:49:03.057311 -> 2024-11-14 12:49:03.057311) (Yahoo error = "Data doesn't exist for startDate = 1714720743, endDate = 1731568743")
2025-10-06 12:49:06,697 - INFO - Processing IDEA (195/200)...
2025-10-06 12:49:07,452 - INFO - Comprehensive data extracted for IDEA
2025-10-06 12:49:07,678 - INFO - Comprehensive data extracted for IDEA
2025-10-06 12:49:07,881 - INFO - Comprehensive data extracted for IDEA
2025-10-06 12:49:08,018 - INFO - Comprehensive data extracted for IDEA
2025-10-06 12:49:08,146 - INFO - Comprehensive data extracted for IDEA
2025-10-06 12:49:08,983 - INFO - Comprehensive data extracted for IDEA
2025-10-06 12:49:09,138 - INFO - Comprehensive data extracted for IDEA
2025-10-06 12:49:09,358 - INFO - Comprehensive data extracted for IDEA
2025-10-06 12:49:09,540 - INFO - Comprehensive data extracted for IDEA
2025-10-06 12:49:09,540 - INFO - Processing VOLTAS (196/200)...
2025-10-06 12:49:10,408 - INFO - Comprehensive data extracted for VOLTAS
2025-10-06 12:49:10,646 - INFO - Comprehensive data extracted for VOLTAS
2025-10-06 12:49:10,829 - INFO - Comprehensive data extracted for VOLTAS
2025-10-06 12:49:10,990 - INFO - Comprehensive data extracted for VOLTAS
2025-10-06 12:49:11,136 - INFO - Comprehensive data extracted for VOLTAS
2025-10-06 12:49:11,804 - INFO - Comprehensive data extracted for VOLTAS
2025-10-06 12:49:11,968 - INFO - Comprehensive data extracted for VOLTAS
2025-10-06 12:49:12,577 - INFO - Comprehensive data extracted for VOLTAS
2025-10-06 12:49:12,873 - INFO - Comprehensive data extracted for VOLTAS
2025-10-06 12:49:12,874 - INFO - Processing WAAREEENER (197/200)...
2025-10-06 12:49:13,689 - INFO - Comprehensive data extracted for WAAREEENER
2025-10-06 12:49:13,835 - INFO - Comprehensive data extracted for WAAREEENER
2025-10-06 12:49:14,058 - INFO - Comprehensive data extracted for WAAREEENER
2025-10-06 12:49:14,192 - INFO - Comprehensive data extracted for WAAREEENER
2025-10-06 12:49:14,619 - INFO - Comprehensive data extracted for WAAREEENER
2025-10-06 12:49:14,848 - INFO - Comprehensive data extracted for WAAREEENER
2025-10-06 12:49:15,415 - INFO - Comprehensive data extracted for WAAREEENER
2025-10-06 12:49:15,597 - INFO - Comprehensive data extracted for WAAREEENER
2025-10-06 12:49:15,833 - INFO - Processing WIPRO (198/200)...
2025-10-06 12:49:16,705 - INFO - Comprehensive data extracted for WIPRO
2025-10-06 12:49:16,989 - INFO - Comprehensive data extracted for WIPRO
2025-10-06 12:49:17,169 - INFO - Comprehensive data extracted for WIPRO
2025-10-06 12:49:17,550 - INFO - Comprehensive data extracted for WIPRO
2025-10-06 12:49:17,721 - INFO - Comprehensive data extracted for WIPRO
2025-10-06 12:49:18,526 - INFO - Comprehensive data extracted for WIPRO
2025-10-06 12:49:18,690 - INFO - Comprehensive data extracted for WIPRO
2025-10-06 12:49:18,992 - INFO - Comprehensive data extracted for WIPRO
2025-10-06 12:49:19,147 - INFO - Comprehensive data extracted for WIPRO
2025-10-06 12:49:19,148 - INFO - Processing YESBANK (199/200)...
2025-10-06 12:49:19,777 - INFO - Comprehensive data extracted for YESBANK
2025-10-06 12:49:19,996 - INFO - Comprehensive data extracted for YESBANK
2025-10-06 12:49:20,144 - INFO - Comprehensive data extracted for YESBANK
2025-10-06 12:49:20,410 - INFO - Comprehensive data extracted for YESBANK
2025-10-06 12:49:20,608 - INFO - Comprehensive data extracted for YESBANK
2025-10-06 12:49:21,004 - INFO - Comprehensive data extracted for YESBANK
2025-10-06 12:49:21,170 - INFO - Comprehensive data extracted for YESBANK
2025-10-06 12:49:21,625 - INFO - Comprehensive data extracted for YESBANK
2025-10-06 12:49:21,789 - INFO - Comprehensive data extracted for YESBANK
2025-10-06 12:49:21,789 - INFO - Processing ZYDUSLIFE (200/200)...
2025-10-06 12:49:22,602 - INFO - Comprehensive data extracted for ZYDUSLIFE
2025-10-06 12:49:22,914 - INFO - Comprehensive data extracted for ZYDUSLIFE
2025-10-06 12:49:23,129 - INFO - Comprehensive data extracted for ZYDUSLIFE
2025-10-06 12:49:23,512 - INFO - Comprehensive data extracted for ZYDUSLIFE
2025-10-06 12:49:23,715 - INFO - Comprehensive data extracted for ZYDUSLIFE
2025-10-06 12:49:24,169 - INFO - Comprehensive data extracted for ZYDUSLIFE
2025-10-06 12:49:24,334 - INFO - Comprehensive data extracted for ZYDUSLIFE
2025-10-06 12:49:24,603 - INFO - Comprehensive data extracted for ZYDUSLIFE
2025-10-06 12:49:24,843 - INFO - Comprehensive data extracted for ZYDUSLIFE
2025-10-06 12:49:24,844 - INFO - Collected 1855 training samples
2025-10-06 12:49:24,844 - INFO - Failed to collect 1145 samples
2025-10-06 12:49:24,844 - INFO - Label distribution: UP=655, HOLD=830, DOWN=370
2025-10-06 12:49:24,844 - INFO - Training improved ML model with 1855 samples...
2025-10-06 12:49:24,845 - INFO - Class weights: {-1: np.float64(1.6711711711711712), 0: np.float64(0.7449799196787149), 1: np.float64(0.9440203562340967)}
2025-10-06 12:49:24,849 - INFO - Running 5-fold cross-validation...
2025-10-06 12:49:38,211 - INFO - CV Accuracy: 43.53% (+/- 4.73%)
2025-10-06 12:49:41,485 - INFO - Train accuracy: 99.93%
2025-10-06 12:49:41,485 - INFO - Test accuracy: 39.62%
2025-10-06 12:49:41,486 - INFO - CV accuracy: 43.53%
2025-10-06 12:49:41,490 - INFO - 
Classification Report:
2025-10-06 12:49:41,495 - INFO - 
              precision    recall  f1-score   support

        DOWN       0.13      0.12      0.12        74
        HOLD       0.48      0.51      0.49       166
          UP       0.44      0.41      0.42       131

    accuracy                           0.40       371
   macro avg       0.35      0.35      0.35       371
weighted avg       0.39      0.40      0.39       371

2025-10-06 12:49:41,503 - INFO - Improved model saved to models\ml_predictor_improved_20251006_124941.pkl
2025-10-06 12:49:41,511 - INFO - Latest model updated: models\ml_predictor_latest.pkl
