symbol,FundamentalScore,TechnicalScore,OverallScore,FundamentalRating,TechnicalAnalysis,business_summary,sector,industry,employees,website,revenue_growth,earnings_growth,revenue_per_share,gross_margin,operating_margin,net_margin,roe,roa,debt_to_equity,current_ratio,quick_ratio,operating_cashflow,free_cashflow,pe_ratio,forward_pe,pb_ratio,ev_ebitda,ev_revenue,dividend_yield,market_cap,enterprise_value,quarterly_earnings_growth,quarterly_revenue_growth,peg_ratio,ps_ratio,beta,book_value,eps,forward_eps,shares_outstanding,insider_ownership,institutional_ownership,Close,Daily_Change,Weekly_Change,52W_High,52W_Low,All_Time_High,All_Time_Low,sma20,sma50,sma100,sma200,ema12,ema26,rsi14,macd,macd_signal,macd_hist,stoch_k,stoch_d,volatility,support_levels,resistance_levels,volume_sma20,current_volume,volume_trend,trend,technical_score,technical_analysis
INDIAMART,96.9,87.97,92.44,Strong Buy,Strong bullish trend across multiple timeframes Bullish MACD crossover Declining volume suggests weakening trend,0.0,0.0,0.0,0.0,0.0,0.123,0.346,238.267,0.55985,0.34025002,0.41307,0.31227,0.0847,1.489,2.251,2.229,6480280064.0,4728988672.0,26.456148,26.172445,7.6270237,24.553,9.08,1.16,155862384640.0,129765818368.0,0.348,0.0,0.0,10.906408,0.477,340.526,0.0,0.0,60011700.0,0.50591,0.27183,2597.199951171875,0.7564883566504754,-2.3572297256986063,,,3136.9157220494017,1876.7170112827462,2579.2250122070313,2584.7960009765625,2433.625920410156,2298.3117816162107,2604.612428176395,2589.1196247931216,55.27366314142626,15.49280338327344,12.715264064383593,2.777539318889847,60.111566877808194,72.18203757114006,0.07843317827241882,[],[],80620.15,57395.0,Decreasing,Strong Uptrend,87.97,Strong bullish trend across multiple timeframes Bullish MACD crossover Declining volume suggests weakening trend
MUTHOOTFIN,95.29,78.74,87.02,Strong Buy,Strong bullish trend across multiple timeframes Bearish MACD crossover Declining volume suggests weakening trend,0.0,0.0,0.0,30451.0,0.0,0.503,0.732,327.454,1.0,0.70499,0.4705,0.21574,0.04843,367.181,108.996,108.996,0.0,0.0,17.123013,49.863895,3.4887753,0.0,15.855,0.99,1058992291840.0,2084297900032.0,0.732,0.0,0.0,8.055855,0.526,756.082,0.0,52.9,401468000.0,0.73371005,0.16299999,2637.800048828125,-0.264670291544411,-1.42013600816856,,,2807.0,1734.8190964928322,2649.245007324219,2642.28400390625,2438.752801513672,2275.8372631835937,2663.2872932410037,2650.3051054479433,50.291222271449286,12.982187793060348,16.98301736555852,-4.000829572498173,53.05690655608411,58.0205834844434,0.10093073816438389,[],[],852931.55,494826.0,Decreasing,Uptrend,78.74,Strong bullish trend across multiple timeframes Bearish MACD crossover Declining volume suggests weakening trend
HINDALCO,73.09,98.09,85.59,Buy,Strong bullish trend across multiple timeframes Bullish MACD crossover Strong volume supporting price action,0.0,0.0,0.0,78999.0,0.0,0.127,0.303,1106.423,0.32362998,0.09327,0.068909995,0.14729999,0.0,53.056,0.0,0.0,0.0,0.0,9.250329,10.065124,1.2635156,5.99,0.806,0.71,1563289976832.0,1979368996864.0,0.303,0.0,0.0,0.6362208,1.018,557.136,0.0,0.0,2220740096.0,0.36817002,0.41632998,703.9500122070312,0.3635568440561343,-0.4736286786022226,,,767.0250525807884,542.4717959005195,692.0293670654297,682.6346435546875,655.8204119873047,643.0235708618164,700.764870875622,692.5839054580626,58.92786678435807,8.180965417559378,7.600992440385296,0.5799729771740818,72.84437196388721,77.75896833537179,0.09055624095569328,[],[],5259145.3,5335149.0,Increasing,Strong Uptrend,98.09,Strong bullish trend across multiple timeframes Bullish MACD crossover Strong volume supporting price action
DRREDDY,72.69,91.89,82.29,Buy,Strong bullish trend across multiple timeframes Bullish MACD crossover Strong volume supporting price action,0.0,0.0,0.0,27811.0,0.0,0.114,0.02,401.356,0.57653,0.20497,0.16993,0.17712,0.09712,13.751,1.893,1.156,52560998400.0,14228500480.0,18.48467,3.672583,2.9962645,11.572,3.095,0.63,1051316518912.0,1034522525696.0,0.019,0.0,0.0,3.1452057,0.311,420.557,0.0,343.11,832374976.0,0.29459,0.51247,1260.0999755859375,0.02380748898140883,-1.369755818285301,,,1406.072510170324,1013.5718351625553,1242.979998779297,1264.621240234375,1240.1297436523437,1231.0961206054687,1259.1595091123795,1256.4952897080377,68.18520787522746,2.664219404341793,-0.3027985759509395,2.9670179802927326,70.18482342862819,75.2501254736164,0.08557273832652693,[],[],1460097.9,2422956.0,Increasing,Sideways,91.89,Strong bullish trend across multiple timeframes Bullish MACD crossover Strong volume supporting price action
ACCELYA,84.18,79.86,82.02,Strong Buy,Strong bearish trend across multiple timeframes Bullish MACD crossover Strong volume supporting price action,0.0,0.0,0.0,2500.0,0.0,0.028,0.089,354.238,0.72636,0.33134997,0.24402,0.46033,0.24159001,22.338,2.938,2.323,1445630976.0,1124602496.0,16.18144,22.33866,7.5177135,10.254,3.77,5.72,20874336256.0,19933216768.0,0.088,0.0,0.0,3.948106,0.375,186.014,0.0,62.6,14926300.0,0.78664,0.00209,1398.4000244140625,-0.02859768373597582,-1.8253299322074423,,,1800.4226584021658,1218.5,1399.4300048828125,1403.91599609375,1384.7624963378905,1397.177448120117,1405.4303110913577,1403.0253721314727,55.98292753330852,2.4049389598849302,1.4497559016267303,0.9551830582581999,35.089785647793995,48.312771145115256,0.03850193285394115,[],[],16185.6,109451.0,Increasing,Sideways,79.86,Strong bearish trend across multiple timeframes Bullish MACD crossover Strong volume supporting price action
POLYCAB,82.81,76.19,79.5,Strong Buy,Strong bullish trend across multiple timeframes RSI indicates overbought conditions Bearish MACD crossover,0.0,0.0,0.0,0.0,0.0,0.257,0.493,1570.11,0.25282,0.13069999,0.093839996,0.23414,0.12966,1.947,2.193,1.135,30948489216.0,17420355584.0,48.3104,43.067112,10.239401,32.41,4.406,0.49,1067238031360.0,1040572678144.0,0.495,0.0,0.0,4.5190816,0.462,692.521,0.0,164.65,150506000.0,0.66462,0.16128,7091.0,-0.21811018082037448,-0.13379339483134967,,,7562.679389071101,4529.65245570749,6971.55,6821.33216796875,6284.956694335938,6223.522238769531,7047.799683141641,6956.077563262297,79.11813643926789,91.72211987934406,94.76950310459895,-3.0473832252548902,79.4501133786848,77.76832955404383,0.08131153302947083,[],[],234297.1,260270.0,Decreasing,Strong Uptrend,76.19,Strong bullish trend across multiple timeframes RSI indicates overbought conditions Bearish MACD crossover
ESCORTS,64.97,93.76,79.37,Buy,Strong bullish trend across multiple timeframes Bullish MACD crossover Declining volume suggests weakening trend,0.0,0.0,0.0,4622.0,0.0,0.082,3.704,924.645,0.28819,0.104729995,0.23209,0.0,0.0,1.015,0.0,0.0,0.0,0.0,31.949495,29.522549,3.850342,32.474,3.615,1.29,392914698240.0,367627960320.0,3.767,0.0,0.0,3.863392,0.131,926.619,0.0,120.85,110011000.0,0.73157996,0.12865,3567.800048828125,2.6645976909911218,-0.2237261561261472,,,4381.818554326479,2761.5532979782647,3461.230017089844,3398.2064892578123,3347.3121752929687,3312.8770947265625,3520.378855167308,3471.140794215311,68.70427415840216,49.238060951996886,45.159804991869876,4.078255960127009,54.66765510150552,57.80895621727117,0.12367308999853215,[],[],126548.45,153281.0,Decreasing,Strong Uptrend,93.76,Strong bullish trend across multiple timeframes Bullish MACD crossover Declining volume suggests weakening trend
WIPRO,72.48,85.78,79.13,Buy,Bullish MACD crossover Strong volume supporting price action High volatility detected,0.0,0.0,0.0,230000.0,0.0,0.008,0.105,85.319,0.30344,0.16057,0.15083,0.16362,0.07532,18.233,2.397,2.295,170585997312.0,116813996032.0,19.45476,9.865902,3.0054104,12.991,2.51,4.41,2611671990272.0,2240346587136.0,0.109,0.0,0.0,2.9259415,0.596,82.987,0.0,25.28,10471400448.0,0.65190005,0.12883,249.41000366210938,-0.49470986019137797,0.30968640377699863,,,317.35771613953585,223.60184572930416,246.36800079345704,253.21370361328124,248.32912521362306,266.7260199737549,249.390053294201,249.36281030076034,69.21366794785519,0.02724299344066594,-0.9243285758606867,0.9515715693013527,64.93229355993616,70.00005233959538,0.07152870148150021,[],[],8100635.8,10117017.0,Increasing,Downtrend,85.78,Bullish MACD crossover Strong volume supporting price action High volatility detected
LTIM,70.45,81.93,76.19,Buy,Bullish MACD crossover Declining volume suggests weakening trend High volatility detected,0.0,0.0,0.0,83889.0,0.0,0.076,0.106,1306.817,0.2755,0.14293,0.121920004,0.22132,0.11885,9.814,3.358,2.972,43308998656.0,26377750528.0,32.25776,25.841476,6.7050934,23.934,3.732,1.27,1521240899584.0,1444321820672.0,0.106,0.0,0.0,3.9302356,0.441,765.612,0.0,0.0,296272992.0,0.68723,0.1725,5133.5,0.2049580324028799,-1.7417934730596274,,,6707.319709479284,3767.94004002627,5122.0,5201.11,5015.232272949219,5276.213079833984,5155.500872432103,5153.2661295420185,61.40845070422535,2.234742890084817,-4.057640474350404,6.292383364435222,43.54566356426389,51.6419719163267,0.05748535174136954,[],[],212037.9,204015.0,Decreasing,Downtrend,81.93,Bullish MACD crossover Declining volume suggests weakening trend High volatility detected
CUMMINSIND,66.28,84.9,75.59,Buy,Strong bullish trend across multiple timeframes Bearish MACD crossover Declining volume suggests weakening trend,0.0,0.0,0.0,3025.0,0.0,0.255,0.306,396.186,0.35834998,0.24406,0.19498,0.0,0.0,0.392,0.0,0.0,0.0,0.0,49.504463,40.682613,14.02679,41.599,9.348,1.35,1060622630912.0,1026636972032.0,0.305,0.0,0.0,9.657871,0.624,272.778,0.0,0.0,277200000.0,0.5128,0.29473,3826.199951171875,-0.23466833840697365,-2.2931575288080985,,,3932.0,2555.8898632002074,3767.1699829101562,3574.88748046875,3287.827890625,3168.1977160644533,3814.2990508015946,3730.9411071333116,52.58644212642298,83.35794366828304,91.26585658100085,-7.907912912717805,61.943440376398705,70.2623833761101,0.10979649593143244,[],[],670099.0,430848.0,Decreasing,Strong Uptrend,84.9,Strong bullish trend across multiple timeframes Bearish MACD crossover Declining volume suggests weakening trend
BHARTIARTL,95.46,54.9,75.18,Strong Buy,Bearish MACD crossover Declining volume suggests weakening trend High volatility detected,0.0,0.0,0.0,28424.0,0.0,0.285,0.418,317.559,0.65817,0.31081,0.19215,0.29464,0.07039,126.505,0.424,0.177,1072185999360.0,252356493312.0,32.051586,28.050688,9.607862,14.934,7.467,0.85,11329098219520.0,13734048169984.0,0.43,0.0,0.0,6.15908,0.155,196.589,0.0,0.0,5698039808.0,0.53428,0.31891,1888.800048828125,0.4093388624806682,-2.301763765380016,,,2028.8391163856081,1498.472903016313,1899.7100036621093,1929.2031909179686,1877.4463061523438,1746.4469189453125,1902.3875821176753,1906.0694907221919,59.986791869410666,-3.681908604516593,-3.4308377773882355,-0.2510708271283577,43.11698303877998,49.344925657259516,0.05958102087455281,[],[],9113315.3,4339042.0,Decreasing,Sideways,54.9,Bearish MACD crossover Declining volume suggests weakening trend High volatility detected
MPHASIS,64.03,85.36,74.69,Buy,Bullish MACD crossover Strong volume supporting price action High volatility detected,0.0,0.0,0.0,30157.0,0.0,0.091,0.089,766.544,0.43137002,0.15297,0.119619995,0.17902,0.09029,19.454,1.464,1.209,15978810368.0,22564048896.0,30.580235,26.926792,5.2031913,20.334,3.537,2.04,530411421696.0,514269872128.0,0.092,0.0,0.0,3.647943,0.432,535.825,0.0,103.54,190248000.0,0.40617,0.41741002,2788.0,-1.5467210986965907,-2.127364164106782,,,3174.5174545010827,2004.4965700463554,2766.5549926757812,2774.5824951171876,2607.0782373046877,2649.129582519531,2812.824288158104,2783.8030556821745,59.21186293336355,29.021232475929537,21.582678818953543,7.438553656975994,57.29233822894334,66.51379287728425,0.11365089243356902,[],[],377389.8,220828.0,Increasing,Strong Uptrend,85.36,Bullish MACD crossover Strong volume supporting price action High volatility detected
ZYDUSLIFE,56.53,91.82,74.17,Hold,Strong bullish trend across multiple timeframes Bullish MACD crossover Strong volume supporting price action,0.0,0.0,0.0,27917.0,0.0,0.059,0.033,234.63,0.71442,0.2728,0.19368,0.0,0.0,12.209,0.0,0.0,0.0,0.0,21.599516,23.749723,4.121245,14.584,4.181,1.12,987161952256.0,987026882560.0,0.033,0.0,0.0,4.181525,0.459,238.047,0.0,0.0,1006230016.0,0.75163,0.14291,981.0499877929688,0.2503589074345003,-0.7837783268280774,,,1146.2196153886764,785.9961424555926,973.1199951171875,970.7619213867188,932.70224609375,933.7556008911133,983.813123369475,976.8520367027467,64.87738169439808,6.961086666728306,6.837337897741719,0.12374876898658727,53.09970423969302,61.16449339892025,0.09286476303678298,[],[],967364.55,833114.0,Increasing,Strong Uptrend,91.82,Strong bullish trend across multiple timeframes Bullish MACD crossover Strong volume supporting price action
CAPLIPOINT,68.92,78.33,73.62,Buy,Strong bullish trend across multiple timeframes Bearish MACD crossover Declining volume suggests weakening trend,0.0,0.0,0.0,0.0,0.0,0.112,0.233,261.636,0.60749,0.31647,0.28417,0.0,0.0,0.174,0.0,0.0,0.0,0.0,28.328835,20.965036,5.7484555,22.415,7.626,0.14,159715852288.0,151662968832.0,0.233,0.0,0.0,8.031047,0.048,365.072,0.0,0.0,76011696.0,0.73287004,0.04934,2098.60009765625,-2.671359559410058,-5.0879650414401905,,,2637.3363990620282,1596.7817537505716,2095.2399841308593,2074.9219970703125,2042.699375,2091.005513305664,2125.3622059365366,2105.9036613407666,53.711552583757204,19.458544595770036,20.130406066421685,-0.671861470651649,58.06114728727911,67.1633289802511,0.14244865764428236,[],[],160358.5,50682.0,Decreasing,Strong Uptrend,78.33,Strong bullish trend across multiple timeframes Bearish MACD crossover Declining volume suggests weakening trend
KRBL,69.73,75.87,72.8,Buy,Strong bullish trend across multiple timeframes Bearish MACD crossover Declining volume suggests weakening trend,0.0,0.0,0.0,0.0,0.0,0.321,0.741,261.282,0.25096,0.10767,0.09033,0.0,0.0,7.759,0.0,0.0,0.0,0.0,18.282444,11.496,1.882237,12.576,1.582,0.81,98674483200.0,94599569408.0,0.74,0.0,0.0,1.6503565,-0.249,229.036,0.0,37.5,228890000.0,0.77044,0.026010001,431.1000061035156,-2.1228302518744635,-9.764519915538328,,,495.0,241.25,433.86999969482423,403.8189971923828,367.2744985961914,326.12199951171874,447.33052758345866,432.18951746483583,64.8533457943582,15.14101011862283,18.729010860345756,-3.588000741722926,54.40564567660109,63.340976542406146,0.3877694295419821,[],[],3073477.6,435007.0,Decreasing,Uptrend,75.87,Strong bullish trend across multiple timeframes Bearish MACD crossover Declining volume suggests weakening trend
HDFCAMC,66.68,78.82,72.75,Buy,Strong bullish trend across multiple timeframes Bearish MACD crossover Declining volume suggests weakening trend,0.0,0.0,0.0,1618.0,0.0,0.266,0.236,201.768,0.90486,0.82316,0.60383,0.0,0.0,1.766,0.0,0.0,0.0,0.0,45.044525,43.339943,14.365957,30.774,25.277,1.65,1168748838912.0,1090052947968.0,0.238,0.0,0.0,27.101612,0.539,380.274,0.0,126.05,213939008.0,0.54066,0.2744,5463.0,-2.13185238265855,-6.262868908716546,,,5927.5,3497.4158867437145,5652.2,5432.9919921875,4987.128937988281,4476.683619384766,5661.98144181205,5600.393998444475,44.896907216494846,61.58744336757536,92.91730926832548,-31.32986590075012,37.72683858643744,56.8927093282394,0.09335982535657664,[],[],435600.9,464107.0,Decreasing,Uptrend,78.82,Strong bullish trend across multiple timeframes Bearish MACD crossover Declining volume suggests weakening trend
PERSISTENT,80.72,63.67,72.19,Strong Buy,Bullish MACD crossover Declining volume suggests weakening trend High volatility detected,0.0,0.0,0.0,22205.0,0.0,0.218,0.368,813.528,0.2851,0.15533,0.121149994,0.24719,0.13418001,4.872,2.445,1.867,14251669504.0,10492280832.0,54.34849,96.02715,12.009507,38.959,6.475,0.66,824840749056.0,811638849536.0,0.387,0.0,0.0,6.5802307,0.376,441.775,0.0,55.25,155468992.0,0.32157,0.39231,5305.5,-0.15055989460807107,-1.1827155894952535,,,6748.287564402237,4137.794052749045,5252.9,5513.741533203125,5481.0779296875,5662.368603515625,5320.586914708786,5339.798009401557,66.61129568106313,-19.21109469277053,-46.66612717379291,27.45503248102238,61.08714551355765,69.00040580244999,0.08314182216449757,[],[],405141.05,487634.0,Decreasing,Downtrend,63.67,Bullish MACD crossover Declining volume suggests weakening trend High volatility detected
APOLLOHOSP,46.25,97.41,71.83,Hold,Strong bullish trend across multiple timeframes Bullish MACD crossover Strong volume supporting price action,0.0,0.0,0.0,42497.0,0.0,0.149,0.418,1568.274,0.33824003,0.109069996,0.06978,0.0,0.0,90.886,0.0,0.0,0.0,0.0,69.446976,93.2598,13.323925,39.328,5.131,0.26,1094203801600.0,1157146214400.0,0.418,0.0,0.0,4.852237,0.161,571.153,0.0,81.6,143784992.0,0.29703,0.46141997,7610.0,-1.5269151138716408,-3.9929350911499406,,,7980.0,5993.328624607504,7562.39765625,7411.15484375,7177.248759765625,6978.551342773438,7703.9136240394,7577.168752712112,67.30368059038125,126.74487132728791,126.37449748164907,0.3703738456388379,72.17272910271281,79.93407676794259,0.15936568744542723,[],[],535508.5,481590.0,Increasing,Strong Uptrend,97.41,Strong bullish trend across multiple timeframes Bullish MACD crossover Strong volume supporting price action
CIPLA,61.3,81.98,71.64,Buy,Strong bullish trend across multiple timeframes RSI indicates overbought conditions Bullish MACD crossover,0.0,0.0,0.0,30313.0,0.0,0.032,0.102,340.307,0.66691,0.22311,0.19624001,0.0,0.0,1.404,0.0,0.0,0.0,0.0,23.811235,25.014164,4.1150475,16.682,4.305,0.82,1284046061568.0,1183020089344.0,0.102,0.0,0.0,4.6727214,0.097,386.241,0.0,63.54,807753984.0,0.30597,0.39456,1589.4000244140625,0.5758384676812334,-0.21346209880920286,,,1687.4334663463221,1323.5354497595179,1545.4450134277345,1519.47556640625,1501.170457763672,1479.780903930664,1570.7150211007588,1549.1092085456737,78.06070593245389,21.605812555085095,18.777262356542106,2.828550198542988,81.61979320950361,82.34341972500658,0.10182942048188824,[],[],1387410.15,1342344.0,Decreasing,Strong Uptrend,81.98,Strong bullish trend across multiple timeframes RSI indicates overbought conditions Bullish MACD crossover
ADANIPOWER,48.26,94.25,71.25,Hold,Strong bullish trend across multiple timeframes Bullish MACD crossover Declining volume suggests weakening trend,0.0,0.0,0.0,4176.0,0.0,-0.057,-0.113,144.449,0.43300998,0.32579,0.2242,0.0,0.0,68.48,0.0,0.0,0.0,0.0,19.23311,-269.3498,4.111422,12.983,4.895,0.0,2317055426560.0,2709937192960.0,-0.135,0.0,0.0,4.185689,0.25,146.093,0.0,-2.23,3856940032.0,0.72907996,0.16613,600.6500244140625,0.9580657349491428,1.0684901146768677,,,684.4500122070312,432.0,589.4750030517578,587.2610021972656,568.2255010986328,540.4639996337891,594.8941170025438,591.2242873274929,62.639675692531576,3.6698296750508916,3.277204992405742,0.3926246826451498,72.01502511750267,73.58744941524331,0.07522432320965104,[],[],2543011.7,3619098.0,Decreasing,Strong Uptrend,94.25,Strong bullish trend across multiple timeframes Bullish MACD crossover Declining volume suggests weakening trend
INDIANB,63.55,78.66,71.1,Buy,Strong bullish trend across multiple timeframes Bearish MACD crossover Declining volume suggests weakening trend,0.0,0.0,0.0,40071.0,0.0,0.185,-0.114,239.667,0.0,0.49471,0.33975,0.16314,0.0,0.0,0.0,0.0,0.0,0.0,8.019401,8.099963,1.1858978,0.0,2.711,2.49,879699558400.0,875099586560.0,-0.114,0.0,0.0,2.7251303,0.452,550.722,0.0,80.63,1346960000.0,0.76031,0.19042,653.0999755859375,0.03829363702980704,-2.6458970926393377,,,683.0999755859375,462.08521047524124,656.2575012207031,642.6570043945312,610.3509393310546,566.1946273803711,660.1288277170931,653.6175975960123,54.16344937948322,6.511230121080871,8.709101725296927,-2.197871604216056,39.83633654094644,54.57368221611173,0.10850826914697495,[],[],1343809.65,637887.0,Decreasing,Uptrend,78.66,Strong bullish trend across multiple timeframes Bearish MACD crossover Declining volume suggests weakening trend
M&M,63.4,78.67,71.03,Buy,Strong bullish trend across multiple timeframes Bearish MACD crossover Declining volume suggests weakening trend,0.0,0.0,0.0,324000.0,0.0,0.241,0.243,1520.778,0.3937,0.16755,0.08091,0.0,0.0,145.369,0.0,0.0,0.0,0.0,26.178204,24.335747,4.636157,14.674,2.697,0.79,3893823537152.0,4576755843072.0,0.244,0.0,0.0,2.2947273,0.509,690.119,0.0,0.0,1217010048.0,0.24478,0.50084,3199.5,-2.907172257718793,-5.98001763150161,,,3432.0,2405.672549234822,3279.5450073242187,3218.7745654296873,3076.6040673828124,2982.3993176269532,3304.06900883263,3272.876710617946,54.646279370395696,31.192298214683888,43.06338672355196,-11.87108850886807,48.027844605586445,61.51438423063322,0.10809439808477914,[],[],2514656.95,3017625.0,Decreasing,Uptrend,78.67,Strong bullish trend across multiple timeframes Bearish MACD crossover Declining volume suggests weakening trend
NAM-INDIA,63.13,78.46,70.8,Buy,Strong bullish trend across multiple timeframes Bearish MACD crossover Declining volume suggests weakening trend,0.0,0.0,0.0,1104.0,0.0,0.184,0.183,41.62,0.82974,0.69848996,0.5119,0.0,0.0,2.09,0.0,0.0,0.0,0.0,37.458233,29.061424,11.822798,25.867,17.605,2.55,499213205504.0,464337993728.0,0.192,0.0,0.0,18.927011,0.352,66.376,0.0,0.0,636062016.0,0.0062300004,0.88918,784.75,-1.7219787100814066,-9.261719124368318,,,887.9000244140625,491.8510683743227,821.3700012207031,813.2906140136719,746.1040405273437,686.8462084960937,822.0709520057331,820.1944056046883,45.21293539381766,1.876546401044834,7.353454164801423,-5.476907763756589,17.04207935349225,29.422922427782243,0.12904552877593176,[],[],716875.85,774225.0,Decreasing,Uptrend,78.46,Strong bullish trend across multiple timeframes Bearish MACD crossover Declining volume suggests weakening trend
BOSCHLTD,56.27,85.21,70.74,Hold,Strong bullish trend across multiple timeframes Bearish MACD crossover Declining volume suggests weakening trend,0.0,0.0,0.0,38655.0,0.0,0.109,1.394,6226.636,0.35812,0.11575,0.14512,0.0,0.0,0.856,0.0,0.0,0.0,0.0,44.247593,43.90534,8.53211,46.269,6.171,1.28,1179495301120.0,1133199884288.0,1.394,0.0,0.0,6.422727,0.496,4683.484,0.0,0.0,29493600.0,0.70677,0.16544001,39960.0,1.873804971319304,1.6147488874761695,,,41290.0,25574.485652963936,39351.75,37070.8651171875,33480.45396484375,31976.91798828125,39383.622537820425,38766.55704340385,69.21269095182139,617.0654944165726,751.4267357191386,-134.361241302566,65.74054797680706,59.72650268815496,0.07872287061018378,[],[],38749.25,46252.0,Decreasing,Strong Uptrend,85.21,Strong bullish trend across multiple timeframes Bearish MACD crossover Declining volume suggests weakening trend
CARTRADE,57.28,84.1,70.69,Hold,Strong bullish trend across multiple timeframes Bearish MACD crossover Declining volume suggests weakening trend,0.0,0.0,0.0,0.0,0.0,0.226,0.918,142.029,0.5704,0.19924,0.23083,0.0,0.0,5.647,0.0,0.0,0.0,0.0,78.75205,48.78252,5.120332,60.899,16.262,0.0,114159190016.0,109386817536.0,0.926,0.0,0.0,16.971876,0.15,468.329,0.0,0.0,47606000.0,0.026500002,0.62733,2398.0,5.56900726392251,2.1860506198292384,,,2534.800048828125,830.0,2313.495007324219,2023.7699951171876,1821.5064965820313,1668.87849609375,2347.5752752707485,2246.8088237062657,64.46039489681282,100.76645156448285,119.06824832786924,-18.301796763386392,58.308446104939584,62.729017726769115,0.19023507879877544,[],[],393045.4,452790.0,Decreasing,Strong Uptrend,84.1,Strong bullish trend across multiple timeframes Bearish MACD crossover Declining volume suggests weakening trend
ZFCVINDIA,47.35,93.47,70.41,Hold,Strong bullish trend across multiple timeframes Bullish MACD crossover Declining volume suggests weakening trend,0.0,0.0,0.0,2488.0,0.0,0.032,0.231,2035.483,0.41849998,0.101339996,0.12528,0.0,0.0,2.056,0.0,0.0,0.0,0.0,61.35036,42.998108,8.305036,41.646,6.545,0.13,266968973312.0,252671213568.0,0.231,0.0,0.0,6.914934,-0.122,1694.755,0.0,0.0,18967600.0,0.60277003,0.2725,14075.0,-0.39629184063406653,-3.5826825592546907,,,17275.36900138465,9547.387315786316,13882.44599609375,13488.90330078125,13249.928583984374,12552.736689453124,14163.353328861947,13886.432884349368,63.91675956893348,276.9204445125797,267.77654305588277,9.143901456696938,53.41750841750841,65.5922334428111,0.15318636395017582,[],[],10420.85,4024.0,Decreasing,Strong Uptrend,93.47,Strong bullish trend across multiple timeframes Bullish MACD crossover Declining volume suggests weakening trend
BAJAJ-AUTO,53.11,87.52,70.31,Hold,Strong bullish trend across multiple timeframes Bullish MACD crossover Declining volume suggests weakening trend,0.0,0.0,0.0,5598.0,0.0,0.112,0.136,1907.211,0.32651,0.23341998,0.14264,0.0,0.0,26.301,0.0,0.0,0.0,0.0,31.746292,50.41175,6.849951,19.231,4.529,2.43,2409793847296.0,2410951213056.0,0.138,0.0,0.0,4.526639,0.771,1260.082,0.0,171.22,279185984.0,0.58706003,0.15412,8631.5,-0.6674722366074026,-0.5530272481133691,,,12458.258373030149,6914.118957712413,8452.875,8359.1,8225.372900390625,8305.780395507812,8601.834554282435,8479.365139217247,67.43688489516475,122.46941506518851,101.23991864964358,21.22949641554493,74.95086802779112,79.63232463232464,0.12271825340749033,[],[],419688.15,344340.0,Decreasing,Strong Uptrend,87.52,Strong bullish trend across multiple timeframes Bullish MACD crossover Declining volume suggests weakening trend
ULTRACEMCO,55.03,85.24,70.13,Hold,Strong bullish trend across multiple timeframes Bearish MACD crossover Declining volume suggests weakening trend,0.0,0.0,0.0,0.0,0.0,0.177,0.285,2665.762,0.58189,0.15528,0.086339995,0.0,0.0,32.618,0.0,0.0,0.0,0.0,54.944576,92.23585,5.25842,28.605,5.035,0.61,3718093733888.0,3947925078016.0,0.312,0.0,0.0,4.7417393,0.43,2403.764,0.0,137.04,294152992.0,0.6117,0.22072001,12640.0,0.9504033224183361,0.40511557709110857,,,12930.0,9984.560419697713,12492.2,12313.98119140625,11907.08994140625,11520.752299804688,12588.28925831236,12477.18054838299,66.15384615384615,111.10870992936907,123.14160380222026,-12.03289387285119,57.03019764348253,57.82104374053903,0.07578760810933453,[],[],253190.65,177858.0,Decreasing,Strong Uptrend,85.24,Strong bullish trend across multiple timeframes Bearish MACD crossover Declining volume suggests weakening trend
INDHOTEL,73.01,66.21,69.61,Buy,Strong bearish trend across multiple timeframes Bearish MACD crossover Declining volume suggests weakening trend,0.0,0.0,0.0,20090.0,0.0,0.317,0.189,63.647,0.62501,0.23517,0.21564,0.18694,0.0,24.842,0.0,0.0,0.0,0.0,55.240353,43.932133,9.6732435,36.166,12.044,0.3,1079676305408.0,1092189552640.0,0.193,0.0,0.0,11.905813,-0.105,78.407,0.0,0.0,1423430016.0,0.40355,0.28861,758.4500122070312,-0.8756468657453165,-3.8537065753632027,,,892.27623330369,640.1675553908556,764.6599975585938,757.7359655761719,766.4193579101562,778.9120880126953,770.3552737826117,765.3091125144434,59.450469757592174,5.046161268168248,6.4248485046169765,-1.3786872364487284,39.018265153012656,45.30762072743394,0.10444116956130874,[],[],2493664.7,3485485.0,Decreasing,Sideways,66.21,Strong bearish trend across multiple timeframes Bearish MACD crossover Declining volume suggests weakening trend
ASHOKLEY,54.63,84.15,69.39,Hold,Strong bullish trend across multiple timeframes RSI indicates overbought conditions Bullish MACD crossover,0.0,0.0,0.0,9695.0,0.0,0.092,0.202,84.281,0.39693,0.18954,0.06476,0.0,0.0,315.502,0.0,0.0,0.0,0.0,23.646183,16.384516,6.096894,11.342,2.348,2.46,745759899648.0,1163185881088.0,0.2,0.0,0.0,1.5051601,0.349,20.827,0.0,7.75,5873050112.0,0.40135,0.28617,126.9800033569336,-2.187647363316192,-3.216458604776773,,,134.30999755859375,94.26325624087025,125.6424991607666,124.46019973754883,119.1441650390625,112.78567115783692,128.58937618864076,126.44887809660148,71.74568794162163,2.14049809203928,1.9081151214767962,0.23238297056248403,74.57366401142686,80.29859739605216,0.1853410534263876,[],[],15145735.4,10674470.0,Decreasing,Strong Uptrend,84.15,Strong bullish trend across multiple timeframes RSI indicates overbought conditions Bullish MACD crossover
PFIZER,67.35,71.39,69.37,Buy,Bearish MACD crossover Declining volume suggests weakening trend High volatility detected,0.0,0.0,0.0,1598.0,0.0,0.071,0.272,507.466,0.64405,0.32437,0.34832,0.0,0.0,2.57,0.0,0.0,0.0,0.0,29.15465,30.80048,5.5928946,28.319,9.008,0.68,235875139584.0,209133010944.0,0.272,0.0,0.0,10.160287,0.131,921.884,0.0,167.4,45747700.0,0.66942,0.17094,5156.0,-0.23219814241486336,-9.23334213537541,,,6412.559796765404,3678.861025955166,5275.975,5414.73,5104.66138671875,4878.680545654297,5350.161645819203,5346.32798400198,54.654346338124576,3.8336618172224917,15.601493148218758,-11.767831330996266,28.794992175273872,41.795629745551516,0.21128563188888735,[],[],65450.1,20961.0,Decreasing,Sideways,71.39,Bearish MACD crossover Declining volume suggests weakening trend High volatility detected
JBCHEPHARM,55.25,83.26,69.25,Hold,Strong bullish trend across multiple timeframes Bearish MACD crossover Strong volume supporting price action,0.0,0.0,0.0,5304.0,0.0,0.089,0.142,257.717,0.66019,0.236,0.17096001,0.0,0.0,0.812,0.0,0.0,0.0,0.0,39.99768,28.468615,7.818501,25.275,6.593,0.9,269887438848.0,264212185088.0,0.144,0.0,0.0,6.734511,-0.108,220.541,0.0,0.0,156456000.0,0.48055,0.28521,1724.300048828125,1.0489934457313943,-1.3501902429373103,,,1973.7939207389127,1380.3686984924757,1714.860009765625,1699.5992700195313,1665.7965161132813,1687.5105670166015,1721.4464112641174,1713.5962419651953,62.243452346326464,7.850169298922083,9.596722138417206,-1.7465528394951235,49.26836284311071,57.42512384803186,0.0487911970252918,[],[],166990.1,145296.0,Increasing,Strong Uptrend,83.26,Strong bullish trend across multiple timeframes Bearish MACD crossover Strong volume supporting price action
HINDUNILVR,40.55,97.9,69.22,Hold,Strong bullish trend across multiple timeframes Bullish MACD crossover Strong volume supporting price action,0.0,0.0,0.0,18802.0,0.0,0.051,0.056,272.073,0.50698,0.20327999,0.16886,0.0,0.0,3.322,0.0,0.0,0.0,0.0,57.809174,51.885445,12.650173,43.221,9.632,1.8,6249918234624.0,6157462667264.0,0.056,0.0,0.0,9.776496,0.37,210.258,0.0,0.0,2349590016.0,0.62264,0.18846,2659.800048828125,0.2034413307356875,1.1369309705562713,,,2980.78297188193,2113.771256648273,2580.6650268554686,2473.340009765625,2400.985849609375,2359.7742236328127,2625.3288960617883,2568.1702421258533,69.39362591413142,57.158653935935035,50.980691549474656,6.177962386460379,76.16446427703393,83.29227130477987,0.11048561210013727,[],[],1732399.3,1972773.0,Increasing,Strong Uptrend,97.9,Strong bullish trend across multiple timeframes Bullish MACD crossover Strong volume supporting price action
BAJFINANCE,74.48,63.86,69.17,Buy,Bullish MACD crossover Declining volume suggests weakening trend High volatility detected,0.0,0.0,0.0,64092.0,0.0,0.201,0.197,62.608,0.92751,0.60695,0.44939,0.20079,0.0,294.158,0.0,0.0,0.0,0.0,31.251333,21.689816,5.636204,0.0,21.344,0.5,5453546258432.0,8276125679616.0,0.201,0.0,0.0,14.0643835,0.476,155.752,0.0,0.0,6212389888.0,0.54904,0.25665,877.8499755859375,0.11404459461059613,-1.8613777992244285,,,978.7999877929688,642.0160368509909,881.567495727539,908.1979992675781,908.0682965087891,836.3561901855469,883.6527871463977,890.5484674707143,50.25658052529649,-6.895680324316572,-7.838737470769475,0.9430571464529027,39.60836148235179,42.87171822760532,0.06410071973419731,[],[],6204258.95,5672446.0,Decreasing,Sideways,63.86,Bullish MACD crossover Declining volume suggests weakening trend High volatility detected
RECLTD,80.3,57.71,69.0,Strong Buy,Strong bearish trend across multiple timeframes RSI indicates oversold conditions Bearish MACD crossover,0.0,0.0,0.0,0.0,0.0,0.048,0.291,82.008,0.98879,0.96138,0.78215,0.22323999,0.0,666.365,0.0,0.0,0.0,0.0,5.467042,5.1698675,1.1759053,0.0,27.587,2.97,921892945920.0,5957092376576.0,0.291,0.0,0.0,4.2692227,0.412,297.643,0.0,67.7,2633220096.0,0.52645,0.23872,350.0,-1.380668915399752,-6.815762962597038,,,608.1615491672904,347.9661069519371,377.7598175048828,385.63848754882815,393.7253778076172,421.9787455749512,369.20053741321567,377.2778068826829,22.25755129528497,-8.07726946946724,-5.031481936994406,-3.0457875324728336,3.953474413465221,4.101038563934123,0.12916006144761533,[],[],4974678.0,7976387.0,Increasing,Strong Downtrend,57.71,Strong bearish trend across multiple timeframes RSI indicates oversold conditions Bearish MACD crossover
LODHA,79.78,57.31,68.55,Buy,Strong bearish trend across multiple timeframes Bullish MACD crossover Declining volume suggests weakening trend,0.0,0.0,0.0,5359.0,0.0,0.227,0.416,146.301,0.40794998,0.26305,0.20323,0.15701,0.0,35.041,0.0,0.0,0.0,0.0,40.158302,28.839092,5.8945966,27.813,8.336,0.36,1191016005632.0,1215681134592.0,0.42,0.0,0.0,8.167321,0.235,202.27,0.0,0.0,998044032.0,0.71880996,0.1769,1192.300048828125,-1.3159992539585996,-5.4480532253667775,,,1525.9700387101068,1031.7490822642453,1233.7926635742188,1321.6294140625,1337.2325720214844,1286.9969561767577,1236.4256975624064,1260.2200626511926,48.611593104147865,-23.794365088786208,-25.34007023457943,1.545705145793221,17.764950361066163,28.570899391874395,0.09395474129713005,[],[],1008999.6,1005139.0,Decreasing,Strong Downtrend,57.31,Strong bearish trend across multiple timeframes Bullish MACD crossover Declining volume suggests weakening trend
TCS,75.29,61.64,68.47,Buy,Strong bearish trend across multiple timeframes Bullish MACD crossover Strong volume supporting price action,0.0,0.0,0.0,607979.0,0.0,0.013,0.06,707.965,0.38586,0.24457,0.19236,0.51589,0.24604,9.714,2.262,2.019,504099995648.0,341783740416.0,22.67495,19.942463,11.398934,16.502,4.237,1.98,11160722079744.0,10852784668672.0,0.06,0.0,0.0,4.357138,0.333,270.613,0.0,154.68,3618089984.0,0.71785,0.17117001,3084.699951171875,-0.29091379713765964,1.005237431953998,,,4514.598505669049,2991.60009765625,3065.3849853515626,3194.95318359375,3298.043195800781,3619.920909423828,3093.7997164451017,3109.573110413993,56.87446270728119,-15.773393968891469,-32.979527989201635,17.206134020310166,68.39006854200211,82.48092391214125,0.06105754196166078,[],[],2687887.7,2271789.0,Increasing,Downtrend,61.64,Strong bearish trend across multiple timeframes Bullish MACD crossover Strong volume supporting price action
FORTIS,52.38,84.49,68.44,Hold,Strong bullish trend across multiple timeframes Bearish MACD crossover Declining volume suggests weakening trend,0.0,0.0,0.0,12237.0,0.0,0.166,0.568,107.208,0.58652,0.17962,0.10731,0.0,0.0,26.993,0.0,0.0,0.0,0.0,79.39896,71.15534,7.7176433,43.142,8.777,0.11,688219881472.0,710367117312.0,0.568,0.0,0.0,8.502907,0.61,118.106,0.0,12.81,754958016.0,0.04072,0.81135005,911.5,0.010969451751097203,-3.804547333374597,,,971.0,533.7687474012656,910.160009765625,841.8220544433593,769.5791754150391,712.185891418457,918.7176631885998,893.8229129656376,58.492901972729825,24.894750222962216,31.28864246350972,-6.393892240547505,42.929134028300325,50.672871626499244,0.15131180365292995,[],[],2454614.9,963721.0,Decreasing,Strong Uptrend,84.49,Strong bullish trend across multiple timeframes Bearish MACD crossover Declining volume suggests weakening trend
EICHERMOT,51.06,85.69,68.38,Hold,Strong bullish trend across multiple timeframes RSI indicates overbought conditions Bullish MACD crossover,0.0,0.0,0.0,5178.0,0.0,0.078,0.094,707.054,0.43655,0.19928,0.24962,0.0,0.0,2.151,0.0,0.0,0.0,0.0,34.60143,29.872786,7.8568034,36.924,8.463,1.15,1673918676992.0,1640274591744.0,0.094,0.0,0.0,8.6364155,0.127,776.779,0.0,0.0,274278016.0,0.5125,0.30018,6103.0,-0.4891570194032302,3.012912482065988,,,6269.5,4451.035622592079,5843.325,5644.398740234375,5508.105424804688,5229.935803222656,5979.846788792393,5823.006016315763,83.03303303303304,156.84077247663026,128.69177510892285,28.14899736770741,80.71684762571971,86.07704871846495,0.1311098601864702,[],[],594609.35,496302.0,Increasing,Strong Uptrend,85.69,Strong bullish trend across multiple timeframes RSI indicates overbought conditions Bullish MACD crossover
RADICO,50.86,85.41,68.13,Hold,Strong bullish trend across multiple timeframes Bearish MACD crossover Declining volume suggests weakening trend,0.0,0.0,0.0,1494.0,0.0,0.325,0.682,390.145,0.42313,0.13008,0.07676,0.0,0.0,27.252,0.0,0.0,0.0,0.0,95.242065,72.21519,13.860813,52.326,7.444,0.14,381858480128.0,388625072128.0,0.687,0.0,0.0,7.3143826,0.431,205.796,0.0,39.5,133868000.0,0.44969,0.31138,2852.5,0.4401408450704247,-1.4612425077596969,,,2940.0,1804.9822551836696,2849.6100219726563,2743.9374169921875,2625.2491284179687,2459.2951000976564,2858.8542641142985,2820.6152710068204,51.8888604597195,38.23899310747811,43.75680913698351,-5.517816029505404,62.58620105945431,77.7311164223143,0.05850304740383998,[],[],422253.35,124344.0,Decreasing,Strong Uptrend,85.41,Strong bullish trend across multiple timeframes Bearish MACD crossover Declining volume suggests weakening trend
JKCEMENT,51.9,82.51,67.2,Hold,Strong bullish trend across multiple timeframes Bearish MACD crossover Strong volume supporting price action,0.0,0.0,0.0,4097.0,0.0,0.122,0.751,1626.523,0.63619,0.17502001,0.080249995,0.0,0.0,99.562,0.0,0.0,0.0,0.0,53.76548,100.02161,8.815008,25.925,4.633,0.22,536743542784.0,573895213056.0,0.811,0.0,0.0,4.3334312,0.469,788.031,0.0,69.45,77268200.0,0.54049,0.35886002,6946.5,-0.5654165473804706,-2.6282590412111007,,,7565.5,3882.1045251946025,6995.7,6571.26853515625,5936.53373046875,5246.8062194824215,7007.615955859104,6876.177906808387,51.51594354417146,131.43804905071738,181.05757678562924,-49.619527734911856,34.86158254537322,33.77246332019675,0.12444617746278142,[],[],119391.45,61210.0,Increasing,Uptrend,82.51,Strong bullish trend across multiple timeframes Bearish MACD crossover Strong volume supporting price action
JSWSTEEL,51.77,82.16,66.97,Hold,Strong bullish trend across multiple timeframes Bearish MACD crossover Stochastic indicates oversold conditions,0.0,0.0,0.0,15793.0,0.0,0.005,1.588,692.771,0.41368,0.11679,0.02865,0.0,0.0,122.497,0.0,0.0,0.0,0.0,51.82231,15.675613,3.1516027,13.353,1.978,0.27,2505129590784.0,3342656339968.0,1.585,0.0,0.0,1.4820796,0.645,325.739,0.0,0.0,2439620096.0,0.64299005,0.17442,1026.5999755859375,-0.888209384870775,-2.6550351458564325,,,1089.199951171875,877.6366579738332,1054.020001220703,1040.6184375,1018.3924603271485,990.9457052612305,1049.2340678981177,1048.0667769549198,41.56718097089537,1.1672909431979406,5.928306839184444,-4.761015895986503,8.7218186506123,14.709379939575683,0.058674151044792386,[],[],1585092.2,1062037.0,Decreasing,Uptrend,82.16,Strong bullish trend across multiple timeframes Bearish MACD crossover Stochastic indicates oversold conditions
OFSS,80.85,52.65,66.75,Strong Buy,Strong bearish trend across multiple timeframes Bearish MACD crossover Strong volume supporting price action,0.0,0.0,0.0,8045.0,0.0,0.064,0.04,801.475,0.524,0.44736,0.34564,0.32917,0.0,0.546,4.946,4.323,20586000384.0,0.0,30.120941,31.775862,10.673416,22.227,9.75,3.2,720800579584.0,678332268544.0,0.041,0.0,0.0,10.359902,0.104,777.024,0.0,261.0,86911504.0,0.72966003,0.119899996,8293.5,-0.9198972582282972,-4.66145533969422,,,12809.368589244788,6819.390435895526,8539.45,8761.78,8593.383286132812,9210.633251953124,8535.353096485984,8600.114777609198,39.58020989505247,-64.76168112321466,-53.029062378318216,-11.732618744896442,12.756232149619725,32.83911873226792,0.059709676516309734,[],[],86133.85,79570.0,Increasing,Strong Downtrend,52.65,Strong bearish trend across multiple timeframes Bearish MACD crossover Strong volume supporting price action
JINDALSTEL,47.3,85.95,66.62,Hold,Strong bullish trend across multiple timeframes Bearish MACD crossover Stochastic indicates oversold conditions,0.0,0.0,0.0,5918.0,0.0,-0.097,0.107,478.457,0.53977,0.18577999,0.06123,0.0,0.0,39.445,0.0,0.0,0.0,0.0,32.357166,46.52238,2.044721,13.219,2.266,0.21,962342027264.0,1097582116864.0,0.115,0.0,0.0,1.9866021,0.784,462.557,0.0,20.33,1017489984.0,0.63473,0.18304001,945.7999877929688,-1.9591607935013133,-5.1591889904268,,,1071.5741215614773,721.9178059348707,985.0768737792969,964.5090283203125,938.0238513183593,916.38466796875,979.4968834450467,978.2946699038017,41.58070418500786,1.202213541244987,7.485676715744228,-6.283463174499241,9.950714870848264,19.243858043892814,0.07953728525919225,[],[],1835605.35,968556.0,Increasing,Uptrend,85.95,Strong bullish trend across multiple timeframes Bearish MACD crossover Stochastic indicates oversold conditions
LAURUSLABS,54.16,78.87,66.52,Hold,Strong bullish trend across multiple timeframes Bearish MACD crossover Declining volume suggests weakening trend,0.0,0.0,0.0,6167.0,0.0,0.314,12.13,110.172,0.5464,0.16902,0.08583,0.0,0.0,60.048,0.0,0.0,0.0,0.0,90.86957,36.666668,10.331565,39.337,8.258,0.19,462576091136.0,489580265472.0,12.031,0.0,0.0,7.8024244,0.361,82.94,0.0,23.37,539825024.0,0.3216,0.32588002,856.9000244140625,-0.5916444995287096,-2.5253044919126832,,,922.5,426.11903655204225,858.6825073242187,814.6769995117188,717.5162994384766,644.4485908508301,864.9271909276456,850.6298521737524,64.04810201643323,14.2973387538932,18.88471176602819,-4.587373012134989,61.725523705575995,66.26147301368466,0.08768747184310764,[],[],1590899.95,646790.0,Decreasing,Uptrend,78.87,Strong bullish trend across multiple timeframes Bearish MACD crossover Declining volume suggests weakening trend
ICICIBANK,70.86,62.07,66.47,Buy,Bearish MACD crossover Stochastic indicates oversold conditions Strong volume supporting price action,0.0,0.0,0.0,182665.0,0.0,0.108,0.146,290.557,0.0,0.39253,0.2574,0.17884001,0.02229,0.0,0.0,0.0,0.0,0.0,19.012516,36.842384,3.026419,0.0,5.021,0.79,9981578444800.0,10316953944064.0,0.159,0.0,0.0,4.857579,0.495,461.866,0.0,37.94,7140919808.0,0.0223,0.54968,1397.800048828125,-0.0929116418051601,-2.6872719945603807,,,1488.5144734435703,1176.9188152937772,1428.7645935058595,1432.4606616210938,1420.2262475585937,1341.8138763427735,1421.1265830177056,1428.7584999911155,34.99059745056395,-7.631916973409943,-3.4079613878421346,-4.223955585567809,10.315672531332327,17.46336652172109,0.04310959568148736,[],[],7315207.05,8519507.0,Increasing,Sideways,62.07,Bearish MACD crossover Stochastic indicates oversold conditions Strong volume supporting price action
TATAINVEST,50.51,82.26,66.39,Hold,Strong bullish trend across multiple timeframes Bearish MACD crossover Stochastic indicates oversold conditions,0.0,0.0,0.0,24.0,0.0,0.021,0.116,61.111,0.99988,0.91756,1.05862,0.0,0.0,0.007,0.0,0.0,0.0,0.0,105.25869,0.0,1.1091145,-0.572,-0.498,0.4,344832278528.0,-1540837120.0,0.116,0.0,0.0,111.525215,-0.101,6144.992,0.0,0.0,50595300.0,0.73816,0.01719,6815.5,-0.27800131684834195,-1.4460270407056663,,,7630.054604987543,5125.035489715318,6917.2,6789.99,6552.4051123046875,6430.234697265625,6884.065425942063,6857.382936898472,40.270935960591125,26.682489043590977,46.391079338597635,-19.70859029500666,16.975257055484377,15.541266452573948,0.04901481066058649,[],[],111641.5,25761.0,Decreasing,Uptrend,82.26,Strong bullish trend across multiple timeframes Bearish MACD crossover Stochastic indicates oversold conditions
MARICO,43.18,89.31,66.25,Hold,Strong bullish trend across multiple timeframes Bearish MACD crossover Strong volume supporting price action,0.0,0.0,0.0,1908.0,0.0,0.233,0.084,88.44,0.48013002,0.18716998,0.1458,0.0,0.0,12.986,0.0,0.0,0.0,0.0,56.486378,51.296818,23.62793,43.889,8.091,1.45,941057245184.0,926168449024.0,0.086,0.0,0.0,8.220994,0.157,30.72,0.0,14.15,1296310016.0,0.58951,0.26377,725.8499755859375,2.0025295796653797,-1.865753852851848,,,759.0,570.8477879292012,718.525,712.9089575195312,706.829185180664,667.1624108886718,721.7073928070106,717.6827580480614,52.9723080287581,4.024634758949219,4.154963925776087,-0.13032916682686846,36.363598676869806,38.48831769665904,0.06861731986440874,[],[],2197051.95,2136019.0,Increasing,Strong Uptrend,89.31,Strong bullish trend across multiple timeframes Bearish MACD crossover Strong volume supporting price action
GRASIM,52.27,79.02,65.64,Hold,Strong bullish trend across multiple timeframes Bearish MACD crossover Declining volume suggests weakening trend,0.0,0.0,0.0,27327.0,0.0,0.185,0.152,2294.867,0.57729,0.17478001,0.026300002,0.0,0.0,118.847,0.0,0.0,0.0,0.0,46.083347,119.0223,1.9313936,13.863,2.678,0.36,1883391787008.0,4123132166144.0,0.174,0.0,0.0,1.2230911,0.275,1437.097,0.0,23.32,678553024.0,0.47854,0.24437,2775.60009765625,-0.3124645698848738,-3.6651345031667892,,,2898.39990234375,2268.696845700511,2779.330432128906,2770.788876953125,2717.6793359375,2602.5779321289065,2795.594852767872,2779.281775988066,55.11468860431014,16.313076779806124,17.86918349209494,-1.5561067122888161,52.000244608234404,56.770481618285054,0.0734552856625034,[],[],689100.5,542362.0,Decreasing,Uptrend,79.02,Strong bullish trend across multiple timeframes Bearish MACD crossover Declining volume suggests weakening trend
UPL,33.14,98.13,65.63,Sell,Strong bullish trend across multiple timeframes Bullish MACD crossover Strong volume supporting price action,0.0,0.0,0.0,12000.0,0.0,0.016,0.0,650.52,0.48235,0.062069997,0.0255,0.0,0.0,66.354,0.0,0.0,0.0,0.0,52.900963,14.923895,2.0689526,12.215,1.739,0.84,586161979392.0,813463371776.0,0.0,0.0,0.0,1.2528577,0.649,345.948,0.0,47.96,750608000.0,0.37993,0.39769,715.75,-0.13255367529655393,0.4631886780022576,,,741.0,488.52936345326924,703.5900054931641,686.6811901855468,664.6992657470703,619.0984017944336,711.1597792711423,703.3216559705985,56.413442938200944,7.838123300543771,7.117865462175049,0.7202578383687221,64.22697512173043,68.37375682982311,0.0874946857823282,[],[],2953016.05,2472182.0,Increasing,Strong Uptrend,98.13,Strong bullish trend across multiple timeframes Bullish MACD crossover Strong volume supporting price action
MOTILALOFS,67.47,63.67,65.57,Buy,Strong bullish trend across multiple timeframes Bearish MACD crossover Stochastic indicates oversold conditions,0.0,0.0,0.0,13540.0,0.0,0.215,0.31,125.564,0.82273,0.58137,0.37001,0.0,0.0,138.953,0.0,0.0,0.0,0.0,18.866638,17.043737,4.6373878,0.0,8.02,0.99,514731474944.0,602969473024.0,0.318,0.0,0.0,6.846436,-0.047,184.867,0.0,50.3,600409984.0,0.44224998,0.29596,857.2999877929688,-3.565805647585063,-7.742804649667068,,,1055.762147223656,513.0,921.0949951171875,910.9199963378907,828.1179968261719,798.765517578125,910.9387850073466,914.6017088628777,35.96746731108807,-3.662923855531062,5.149091069387621,-8.812014924918683,8.502922199736874,15.428747709025634,0.10827020741955269,[],[],816179.65,886375.0,Decreasing,Uptrend,63.67,Strong bullish trend across multiple timeframes Bearish MACD crossover Stochastic indicates oversold conditions
DIXON,41.75,89.08,65.41,Hold,Strong bullish trend across multiple timeframes Bearish MACD crossover Strong volume supporting price action,0.0,0.0,0.0,0.0,0.0,0.951,0.993,8837.697,0.07592,0.03036,0.02631,0.0,0.0,19.34,0.0,0.0,0.0,0.0,74.072426,90.30408,28.642084,46.873,1.81,0.03,1009372823552.0,816659824640.0,0.683,0.0,0.0,2.2372856,0.06,582.709,0.0,184.82,60477700.0,0.41761002,0.32006,16690.0,0.07195107327018224,-0.20926756352764864,,,19148.900390625,12017.703008681334,16592.4,15958.3,15621.0975,15582.419516601563,16665.719731056826,16478.028132414318,50.42121684867394,187.69159864250832,206.61869536477857,-18.92709672227025,64.08894136166863,70.67902373300099,0.09248108302651421,[],[],280855.85,197676.0,Increasing,Strong Uptrend,89.08,Strong bullish trend across multiple timeframes Bearish MACD crossover Strong volume supporting price action
TITAN,45.6,84.89,65.25,Hold,Strong bullish trend across multiple timeframes RSI indicates overbought conditions Bullish MACD crossover,0.0,0.0,0.0,9191.0,0.0,0.246,0.526,718.277,0.21545,0.09962,0.058280002,0.0,0.0,178.742,0.0,0.0,0.0,0.0,86.95902,64.592384,27.715149,58.188,5.346,0.3,3218908905472.0,3405898317824.0,0.526,0.0,0.0,5.0522013,0.297,130.932,0.0,56.18,887044992.0,0.582,0.19059,3628.800048828125,-0.2446574061415574,0.21541145617578472,,,3855.397419134134,2916.223769645376,3517.8049926757812,3509.343955078125,3471.6632470703125,3370.0791589355467,3582.244366320439,3534.790228920561,74.70695228950008,47.454137399878164,34.32653568172476,13.1276017181534,81.33361573972813,79.83669631054788,0.11130218097948,[],[],723783.45,660956.0,Decreasing,Strong Uptrend,84.89,Strong bullish trend across multiple timeframes RSI indicates overbought conditions Bullish MACD crossover
UNIONBANK,72.84,57.3,65.07,Buy,Bearish MACD crossover Stochastic indicates oversold conditions Declining volume suggests weakening trend,0.0,0.0,0.0,73945.0,0.0,0.086,0.216,68.709,0.0,0.42334,0.35869,0.16747,0.01293,0.0,0.0,0.0,0.0,0.0,5.0636916,7.148912,0.7836071,0.0,0.445,3.81,953055641600.0,233586229248.0,0.216,0.0,0.0,1.8171127,1.058,159.289,0.0,17.46,7633610240.0,0.74757004,0.13573,124.81999969482422,-1.7784089578744333,-7.376072437809055,,,153.45177265505194,97.50691716335714,132.31099853515624,137.47399353027345,134.16509841918946,123.74392665863037,131.22430281988375,133.3851160967777,35.305363031168014,-2.160813276893947,-1.4169731400231482,-0.7438401368707988,3.7577374062222986,12.780503059330167,0.12018310672238249,[],[],8911370.2,13165024.0,Decreasing,Sideways,57.3,Bearish MACD crossover Stochastic indicates oversold conditions Declining volume suggests weakening trend
TORNTPHARM,50.23,79.27,64.75,Hold,Strong bullish trend across multiple timeframes Bearish MACD crossover Declining volume suggests weakening trend,0.0,0.0,0.0,17059.0,0.0,0.112,0.198,349.635,0.75869006,0.26149,0.16917999,0.0,0.0,42.81,0.0,0.0,0.0,0.0,60.2437,39.815563,15.872053,32.387,10.396,0.9,1204796522496.0,1230414413824.0,0.199,0.0,0.0,10.179868,0.13,224.281,0.0,0.0,338444992.0,0.70589995,0.145,3559.800048828125,-0.4780635181996673,-3.40542149451053,,,3787.89990234375,2880.976428322467,3618.8250122070312,3502.749990234375,3361.2209008789064,3279.3150036621096,3614.1507561305048,3591.390972522448,47.66552621147136,22.75978360805675,41.22566916241687,-18.46588555436012,24.121362592339157,43.55704301730964,0.047680813556275244,[],[],286646.2,279287.0,Decreasing,Uptrend,79.27,Strong bullish trend across multiple timeframes Bearish MACD crossover Declining volume suggests weakening trend
CGPOWER,42.97,85.94,64.45,Hold,Bullish MACD crossover Strong volume supporting price action High volatility detected,0.0,0.0,0.0,0.0,0.0,0.292,0.114,69.052,0.29497,0.11734,0.094960004,0.0,0.0,1.018,0.0,0.0,0.0,0.0,106.32465,73.94036,27.615145,79.815,9.917,0.19,1093244747776.0,1047176740864.0,0.116,0.0,0.0,10.353491,0.561,25.142,0.0,9.39,1574599936.0,0.58693004,0.18234,694.2999877929688,4.563251173639871,2.1254707252989613,,,872.9628592880013,516.7217530215826,671.8924987792968,673.5799963378906,663.8314984130859,664.0571728515625,674.9522920812735,673.2537888759172,65.60401275594324,1.69850320535636,0.29074013930038495,1.407763066055975,54.46151411977464,50.48337573998998,0.05568970827291219,[],[],3099464.2,14580868.0,Increasing,Strong Uptrend,85.94,Bullish MACD crossover Strong volume supporting price action High volatility detected
EXIDEIND,49.8,78.77,64.28,Hold,Strong bullish trend across multiple timeframes RSI indicates overbought conditions Bullish MACD crossover,0.0,0.0,0.0,5133.0,0.0,0.058,0.239,205.803,0.32391998,0.08294,0.048460003,0.0,0.0,14.473,0.0,0.0,0.0,0.0,39.664665,23.780645,2.4207637,19.252,2.013,0.5,336812507136.0,352195084288.0,0.241,0.0,0.0,1.9249443,0.557,163.688,0.0,0.0,850000000.0,0.50928,0.21500999,396.25,0.5710659898477077,0.05050175816083691,,,531.6134025583541,326.2896726147736,387.10499572753906,385.6479364013672,381.76060302734373,386.2315621948242,392.6617258041423,389.09420070126026,71.32504999383963,3.56752510288203,2.310479461851801,1.2570456410302286,75.90053160341586,78.38657057527972,0.09751110362396176,[],[],3695396.95,2247248.0,Decreasing,Strong Uptrend,78.77,Strong bullish trend across multiple timeframes RSI indicates overbought conditions Bullish MACD crossover
ALKEM,59.33,68.59,63.96,Hold,RSI indicates overbought conditions Bullish MACD crossover Stochastic indicates overbought conditions,0.0,0.0,0.0,18785.0,0.0,0.112,0.218,1112.676,0.62261003,0.19322,0.17172001,0.0,0.0,11.106,0.0,0.0,0.0,0.0,27.777197,24.788502,5.2909446,23.534,4.595,0.3,634112966656.0,611362275328.0,0.218,0.0,0.0,4.7663903,0.342,1002.373,0.0,213.95,119565000.0,0.67245,0.21957001,5303.5,-1.3485863095238138,-2.1855403909996296,,,6378.9212703408975,4484.274290497364,5171.883251953125,5005.728701171875,5016.052275390625,5074.0484619140625,5310.470719536524,5190.2901441281365,72.36641221374046,120.18057540838709,110.03664776423408,10.14392764415301,84.89759171730812,89.00892790156799,0.1913438424913962,[],[],205096.7,115288.0,Decreasing,Strong Uptrend,68.59,RSI indicates overbought conditions Bullish MACD crossover Stochastic indicates overbought conditions
SBIN,66.36,61.16,63.76,Buy,Strong bullish trend across multiple timeframes Bearish MACD crossover Declining volume suggests weakening trend,0.0,0.0,0.0,236226.0,0.0,0.098,0.097,392.636,0.0,0.35021,0.22672,0.16584,0.01161,0.0,0.0,0.0,0.0,0.0,9.016854,9.70727,1.3760476,0.0,2.728,1.98,7407572353024.0,9559175331840.0,0.097,0.0,0.0,2.1141298,0.493,583.192,0.0,82.67,9230619648.0,0.56681997,0.287,802.5,0.06858130614091351,-1.6845329249617125,,,858.2173712226388,666.6146467698901,813.1450012207031,811.0550024414063,798.8003881835938,780.2018618774414,812.1490591355612,812.526780408368,48.529424964321436,-0.3777212728068662,2.004704680908606,-2.3824259537154724,24.069963393499773,33.4399708436232,0.0592241964860891,[],[],7463858.45,6861440.0,Decreasing,Uptrend,61.16,Strong bullish trend across multiple timeframes Bearish MACD crossover Declining volume suggests weakening trend
MAXHEALTH,57.2,70.24,63.72,Hold,RSI indicates oversold conditions Bearish MACD crossover Stochastic indicates oversold conditions,0.0,0.0,0.0,15114.0,0.0,0.314,0.302,77.308,0.62231,0.20653999,0.15274,0.0,0.0,32.09,0.0,0.0,0.0,0.0,98.071365,49.427643,11.96203,58.34,15.248,0.13,1122241740800.0,1145630621696.0,0.303,0.0,0.0,14.937173,0.333,96.497,0.0,0.0,972227008.0,0.23737,0.51453996,1154.300048828125,-0.508524615760475,-6.511695595957634,,,1314.300048828125,857.3606217919834,1230.9200012207032,1245.2691723632813,1193.6096948242186,1133.4872821044921,1204.2323928618775,1223.730110870671,29.741771942754156,-19.497718008793527,-9.237626721568965,-10.260091287224562,4.799747490890334,6.295241955474613,0.12596770529868093,[],[],2011232.65,1977662.0,Increasing,Sideways,70.24,RSI indicates oversold conditions Bearish MACD crossover Stochastic indicates oversold conditions
MARUTI,42.46,84.37,63.42,Hold,Strong bullish trend across multiple timeframes RSI indicates overbought conditions Bullish MACD crossover,0.0,0.0,0.0,19966.0,0.0,0.079,0.009,4953.499,0.295,0.07943,0.09332,0.0,0.0,0.09,0.0,0.0,0.0,0.0,31.948765,28.343395,4.8319325,23.342,2.93,0.91,4650334945280.0,4562420760576.0,0.009,0.0,0.0,2.9859836,0.189,3061.094,0.0,521.85,314403008.0,0.58294,0.30056,14791.0,0.2643709327548871,3.0803540316398426,,,14895.0,10610.16228851044,13537.4,12869.16029296875,12505.740625,12049.574799804688,14207.050837691026,13594.682740160582,98.45882870981946,612.3680975304433,484.4252338891672,127.94286364127606,95.04368610851856,95.4933937808894,0.2631620936641108,[],[],485159.0,621560.0,Increasing,Strong Uptrend,84.37,Strong bullish trend across multiple timeframes RSI indicates overbought conditions Bullish MACD crossover
MAPMYINDIA,62.66,64.08,63.37,Buy,Strong bearish trend across multiple timeframes RSI indicates oversold conditions Bearish MACD crossover,0.0,0.0,0.0,551.0,0.0,0.198,0.275,88.68,0.69247,0.40285,0.32580003,0.0,0.0,3.77,0.0,0.0,0.0,0.0,57.47814,35.878605,11.309471,47.13,17.81,0.21,89469304832.0,86088007680.0,0.287,0.0,0.0,18.509487,0.037,145.303,0.0,0.0,54420100.0,0.6929,0.10762,1643.300048828125,-1.1964828600270705,-4.989588805271383,,,2213.677371878034,1510.0513632207358,1745.270001220703,1770.4192358398439,1818.6174560546874,1744.820977783203,1711.3025534302365,1745.643322552958,20.392329389620116,-34.34076912272144,-21.43411056930556,-12.90665855341588,6.509457353149091,6.83744099961971,0.11689469329213159,[],[],48851.2,90264.0,Increasing,Strong Downtrend,64.08,Strong bearish trend across multiple timeframes RSI indicates oversold conditions Bearish MACD crossover
ICRA,62.86,63.7,63.28,Buy,Bullish MACD crossover Declining volume suggests weakening trend High volatility detected,0.0,0.0,0.0,1130.0,0.0,0.084,0.194,527.737,0.46613997,0.2864,0.34849998,0.0,0.0,1.242,0.0,0.0,0.0,0.0,34.013607,31.871492,5.7089615,28.854,9.808,0.96,60128436224.0,49794478080.0,0.195,0.0,0.0,11.843436,0.094,1094.77,0.0,196.1,9620550.0,0.64111,0.21124001,6250.0,-0.31897926634768536,-1.1935815350565204,,,7666.467387354439,4970.408959417513,6255.975,6529.979228515625,6286.528627929688,6162.748068847656,6268.83015638316,6342.159922894491,58.78378378378378,-73.32976651133049,-92.309237159501,18.979470648170505,52.368460287473674,53.57619539715305,0.07962519188774633,[],[],5010.8,4222.0,Decreasing,Sideways,63.7,Bullish MACD crossover Declining volume suggests weakening trend High volatility detected
PIDILITIND,47.61,78.93,63.27,Hold,Strong bullish trend across multiple timeframes Bearish MACD crossover Declining volume suggests weakening trend,0.0,0.0,0.0,8153.0,0.0,0.105,0.184,265.361,0.53929,0.22496,0.16163,0.0,0.0,4.561,0.0,0.0,0.0,0.0,71.4356,150.6321,15.905868,49.777,11.284,0.98,1551593111552.0,1523161235456.0,0.186,0.0,0.0,11.494934,0.344,191.772,0.0,20.25,508668992.0,0.69634,0.16018,3050.300048828125,-0.411370071414463,-1.1952546944600462,,,3380.787711457371,2595.9304504816755,3054.6867797851564,2999.578046875,2997.8582202148436,2934.3059545898436,3069.944878707054,3040.7795980641367,44.75820414590494,29.165280642917423,31.922783705213565,-2.7575030622961414,39.42515044945383,57.79841732862178,0.08247843714634019,[],[],387887.0,327043.0,Decreasing,Uptrend,78.93,Strong bullish trend across multiple timeframes Bearish MACD crossover Declining volume suggests weakening trend
PHOENIXLTD,47.16,78.79,62.98,Hold,Strong bearish trend across multiple timeframes Bullish MACD crossover Strong volume supporting price action,0.0,0.0,0.0,0.0,0.0,0.054,0.035,108.005,0.9406,0.49407002,0.25693,0.0,0.0,33.836,0.0,0.0,0.0,0.0,54.052498,33.40508,5.1430836,27.973,15.881,0.17,538425163776.0,613390352384.0,0.035,0.0,0.0,13.940106,0.386,292.276,0.0,0.0,357556000.0,0.47887,0.38214,1503.199951171875,-0.43054912964357595,-4.589022458148206,,,1968.0,1338.050048828125,1491.1199951171875,1514.61,1549.5225024414062,1586.7555017089844,1520.283828593619,1509.0593427915414,57.40739297214754,11.224485802077652,4.01367215153169,7.210813650545962,61.742792274746186,75.4550644559501,0.14626587319829867,[],[],612764.7,1254747.0,Increasing,Downtrend,78.79,Strong bearish trend across multiple timeframes Bullish MACD crossover Strong volume supporting price action
BAJAJFINSV,76.93,48.71,62.82,Buy,Strong bearish trend across multiple timeframes Bearish MACD crossover Declining volume suggests weakening trend,0.0,0.0,0.0,104668.0,0.0,0.129,0.301,850.155,0.50422,0.40112,0.07023,0.16087,0.0,221.494,0.0,0.0,0.0,0.0,32.46522,38.72698,4.2184467,12.366,4.651,0.05,3054424293376.0,6307371810816.0,0.305,0.0,0.0,2.2523878,0.634,453.603,0.0,49.41,1596249984.0,0.65821,0.13639,1913.5,-0.21380765739135166,-2.665447060548276,,,2133.960243351952,1550.8944651219051,1936.5099975585938,1983.8140405273436,1996.2272106933594,1868.7466778564453,1938.602532909679,1952.7589687626323,48.743951632427105,-14.156435852953337,-13.195235237904093,-0.9612006150492434,21.0283408334731,27.46986068319119,0.05405181328627727,[],[],1011261.8,735268.0,Decreasing,Sideways,48.71,Strong bearish trend across multiple timeframes Bearish MACD crossover Declining volume suggests weakening trend
MANAPPURAM,37.61,87.8,62.7,Sell,Strong bullish trend across multiple timeframes Bullish MACD crossover Declining volume suggests weakening trend,0.0,0.0,0.0,24650.0,0.0,-0.413,-0.761,46.589,0.96980006,0.12251,0.20056,0.0,0.0,289.801,0.0,0.0,0.0,0.0,27.932695,9.461401,1.780061,0.0,13.748,0.76,221300441088.0,548317528064.0,-0.751,0.0,0.0,5.5487456,0.688,146.877,0.0,0.0,846435008.0,0.35435,0.23736,261.45001220703125,-0.5893489707105459,-1.4697545908338716,,,284.3433253123895,136.2315245410832,261.0968185424805,265.6950323486328,251.0748718261719,219.8633766937256,263.96033964316473,263.2582049891699,51.39324524598741,0.7021346539948468,0.3910742381729442,0.3110604158219026,55.55999781843616,66.02122999008114,0.09499668810423977,[],[],4442365.8,3541918.0,Decreasing,Sideways,87.8,Strong bullish trend across multiple timeframes Bullish MACD crossover Declining volume suggests weakening trend
ENDURANCE,41.58,83.81,62.7,Hold,Strong bullish trend across multiple timeframes RSI indicates overbought conditions Bullish MACD crossover,0.0,0.0,0.0,4370.0,0.0,0.175,0.11,856.976,0.43036,0.0842,0.07125,0.0,0.0,16.505,0.0,0.0,0.0,0.0,46.944855,81.5,7.057978,24.956,3.276,0.35,403534053376.0,394902405120.0,0.11,0.0,0.0,3.3476634,0.757,406.462,0.0,35.2,140663008.0,0.75001,0.19479,2868.800048828125,0.3182186177441704,0.0802389265000869,,,3018.1255941643917,1668.4357694573519,2678.974987792969,2658.016416015625,2410.563474121094,2244.6838586425783,2780.4249527961856,2706.3912729843005,82.20635777067322,74.03367981188512,52.42090893622392,21.612770875661205,80.05485439342311,77.5667556963475,0.21924121597174162,[],[],203574.75,139756.0,Decreasing,Strong Uptrend,83.81,Strong bullish trend across multiple timeframes RSI indicates overbought conditions Bullish MACD crossover
GODREJCP,33.3,91.84,62.57,Sell,Strong bullish trend across multiple timeframes Bullish MACD crossover Strong volume supporting price action,0.0,0.0,0.0,2962.0,0.0,0.099,0.005,143.595,0.5276,0.17347,0.12617,0.0,0.0,33.689,0.0,0.0,0.0,0.0,68.50055,56.302673,10.593983,43.847,8.684,1.61,1271266803712.0,1276094054400.0,0.004,0.0,0.0,8.651269,0.272,117.293,0.0,22.07,1023070016.0,0.62406,0.20335,1242.5999755859375,-0.6396929598732615,-0.3848042916609451,,,1517.19988062802,971.6382841838788,1226.698553466797,1221.6124072265625,1228.068232421875,1168.751162109375,1238.2529028432189,1230.5493743691575,58.58601998270407,7.703528474061386,3.0915800027272877,4.611948471334099,78.75322997175478,85.6879183470292,0.09093326528193596,[],[],1402018.7,1808734.0,Increasing,Strong Uptrend,91.84,Strong bullish trend across multiple timeframes Bullish MACD crossover Strong volume supporting price action
INFY,61.63,63.49,62.56,Buy,Bullish MACD crossover Declining volume suggests weakening trend High volatility detected,0.0,0.0,0.0,323788.0,0.0,0.048,0.056,4.708,0.29834998,0.20886,0.16427,0.30365,0.14858,8.894,2.182,1.954,4184000000.0,3329062400.0,21.787992,20.320797,550.412,1356.802,312.174,4.29,6091888918528.0,6088649867264.0,0.06,0.0,0.0,312.34048,0.348,2.67,0.0,72.32,4145270016.0,0.15269,0.4905,1469.5999755859375,-2.03319781990442,-1.2033629858193229,,,1978.6106902340612,1288.8655111580174,1467.5299865722657,1539.1119946289064,1529.0856726074219,1663.1362774658203,1490.182726084003,1496.9411766583987,60.5061095886784,-6.758450574395738,-15.825428197661209,9.06697762326547,68.61331380208333,82.12442491319446,0.10135734822566969,[],[],8592143.1,8169075.0,Decreasing,Downtrend,63.49,Bullish MACD crossover Declining volume suggests weakening trend High volatility detected
GODREJIND,41.35,83.46,62.41,Hold,Strong bullish trend across multiple timeframes RSI indicates overbought conditions Bullish MACD crossover,0.0,0.0,0.0,1148.0,0.0,0.087,0.084,636.73,0.40623,0.26969,0.04701,0.0,0.0,178.419,0.0,0.0,0.0,0.0,41.157578,0.0,4.080888,21.482,3.689,0.0,414335041536.0,791028301824.0,0.083,0.0,0.0,1.9322805,0.385,301.454,0.0,0.0,336803008.0,0.85533,0.06366,1230.199951171875,-1.6154888713836413,-4.316714794102117,,,1390.0,766.0,1193.4899963378907,1183.8239965820312,1176.7764953613282,1105.4864959716797,1236.9981641343568,1206.1564652515403,72.40235162993538,30.841698882816445,23.886376258060746,6.9553226247556985,69.67976370376014,76.39957547254355,0.25385100141010597,[],[],216573.7,48641.0,Decreasing,Strong Uptrend,83.46,Strong bullish trend across multiple timeframes RSI indicates overbought conditions Bullish MACD crossover
COFORGE,54.86,69.53,62.2,Hold,Strong bullish trend across multiple timeframes Bullish MACD crossover Declining volume suggests weakening trend,0.0,0.0,0.0,25620.0,0.0,0.536,1.257,400.172,0.39745998,0.11327,0.07445,0.0,0.0,12.851,0.0,0.0,0.0,0.0,62.114555,8.263682,9.04698,30.045,4.467,0.93,576842170368.0,597835710464.0,1.383,0.0,0.0,4.3105183,0.286,190.594,0.0,208.66,334536992.0,0.00866,0.73024005,1724.300048828125,-0.7425686568231837,-0.22566268105177478,,,1991.5371549124939,1188.3612036691786,1690.8599975585937,1788.6829467773437,1685.4218884277343,1680.5447821044922,1714.4770208208154,1723.4011778666168,53.2877715537298,-8.924157045801394,-23.390320459912218,14.466163414110824,70.0281433589803,76.77161867107414,0.12235370232897413,[],[],1773097.75,868677.0,Decreasing,Sideways,69.53,Strong bullish trend across multiple timeframes Bullish MACD crossover Declining volume suggests weakening trend
GLAND,62.74,61.19,61.97,Buy,Strong bullish trend across multiple timeframes Bearish MACD crossover Declining volume suggests weakening trend,0.0,0.0,0.0,4351.0,0.0,0.074,0.498,347.194,0.57728,0.17714001,0.13465,0.0,0.0,3.428,0.0,0.0,0.0,0.0,39.997864,28.787878,3.369583,21.134,4.929,0.96,308340850688.0,281956876288.0,0.499,0.0,0.0,5.3901825,0.4,555.41,0.0,65.01,164756000.0,0.51842,0.36703998,1871.5,-0.8108993233081452,-4.388475699532912,,,2111.3311582004694,1266.0061416499243,1936.3396911621094,1910.95322265625,1708.5773559570312,1674.6104541015625,1925.062829550165,1928.4301531543244,38.49943216725932,-3.3673236041595374,9.505747701874952,-12.87307130603449,19.14135909417671,23.010870149228793,0.05594035288479331,[],[],265613.75,140575.0,Decreasing,Uptrend,61.19,Strong bullish trend across multiple timeframes Bearish MACD crossover Declining volume suggests weakening trend
DIVISLAB,59.92,63.55,61.73,Hold,Bullish MACD crossover Declining volume suggests weakening trend High volatility detected,0.0,0.0,0.0,10542.0,0.0,0.138,0.265,363.395,0.6034,0.25601998,0.23891,0.0,0.0,0.027,0.0,0.0,0.0,0.0,70.42035,108.90764,10.873941,51.957,16.499,0.49,1627723137024.0,1592490590208.0,0.267,0.0,0.0,16.864101,0.265,563.871,0.0,56.3,265468992.0,0.52097,0.28795,6131.5,-0.008153946510114363,-0.3251239535072781,,,7039.446635250951,4932.540321884288,6147.35,6484.98423828125,6354.518823242188,6088.500144042969,6156.559276046135,6250.8698356668565,63.04086538461538,-94.3105596207215,-118.30111770832673,23.990558087605223,64.37409024745271,63.33661010856275,0.09479633236677455,[],[],471208.9,283850.0,Decreasing,Sideways,63.55,Bullish MACD crossover Declining volume suggests weakening trend High volatility detected
NMDC,62.19,61.25,61.72,Buy,Strong bullish trend across multiple timeframes Bearish MACD crossover Declining volume suggests weakening trend,0.0,0.0,0.0,5677.0,0.0,0.245,0.0,28.708,0.52519,0.35167,0.25917,0.0,0.0,14.393,0.0,0.0,0.0,0.0,9.247313,2.6677008,2.036889,6.678,2.179,4.8,604877291520.0,549679955968.0,-0.002,0.0,0.0,2.3974345,0.832,33.777,0.0,25.79,8791820288.0,0.60797,0.18290001,68.80000305175781,0.10184736127640814,-1.9384272225830057,,,78.95749845721288,56.908884985540496,70.24767837524413,69.41605697631836,68.43968379974365,67.10390556335449,69.91857048187326,69.99504816869202,44.19478893884744,-0.07647768681876244,0.1799763783982812,-0.2564540652170436,13.736102465623508,20.56439943145163,0.0499171971039967,[],[],15818981.6,19089863.0,Decreasing,Uptrend,61.25,Strong bullish trend across multiple timeframes Bearish MACD crossover Declining volume suggests weakening trend
SCHAEFFLER,68.87,54.55,61.71,Buy,Bearish MACD crossover Declining volume suggests weakening trend High volatility detected,0.0,0.0,0.0,2922.0,0.0,0.117,0.172,561.588,0.37543,0.14852001,0.11532,0.19657,0.111820005,1.012,2.552,1.597,12865599488.0,4481287680.0,59.525932,44.417175,11.1035185,37.98,6.72,0.72,604490104832.0,589983711232.0,0.17,0.0,0.0,6.885316,-0.103,348.304,0.0,0.0,156304000.0,0.74299,0.17858,3867.39990234375,-0.2244574467455296,-3.6930062163844535,,,4374.89990234375,2799.3069877094117,3967.6700073242187,4032.95201171875,3886.864255371094,3605.7160632324217,3935.903196036971,3980.584842615533,37.9089594936599,-44.68164657856187,-40.540944556275264,-4.140702022286604,21.48830687364266,26.640020608393588,0.09463541983189169,[],[],46352.4,10580.0,Decreasing,Sideways,54.55,Bearish MACD crossover Declining volume suggests weakening trend High volatility detected
SBILIFE,41.02,82.29,61.66,Hold,Strong bullish trend across multiple timeframes Bearish MACD crossover Stochastic indicates oversold conditions,0.0,0.0,0.0,25672.0,0.0,0.125,0.145,1209.919,0.07353,0.01682,0.02052,0.14895001,0.00377,0.0,1.281,0.354,0.0,0.0,72.97898,68.885925,10.144855,0.0,1.472,0.15,1809977704448.0,1785270894592.0,0.144,0.0,0.0,1.4927965,0.381,177.972,0.0,26.21,1002480000.0,0.57874,0.29683,1805.5,-0.6219753701247277,-3.8246442742568054,,,1932.3222190371707,1369.9426261325289,1842.0950012207031,1831.5840014648438,1775.1755017089845,1619.2811468505859,1836.1763890179368,1835.736269867367,35.14960434809542,0.4401191505698989,6.475250175806587,-6.035131025236688,6.880034199970205,18.193795405306755,0.04589322684733239,[],[],831760.5,801378.0,Decreasing,Uptrend,82.29,Strong bullish trend across multiple timeframes Bearish MACD crossover Stochastic indicates oversold conditions
BRITANNIA,31.36,91.61,61.48,Sell,Strong bullish trend across multiple timeframes Bullish MACD crossover Strong volume supporting price action,0.0,0.0,0.0,5792.0,0.0,0.088,0.03,758.017,0.39445,0.14604001,0.12016,0.0,0.0,28.451,0.0,0.0,0.0,0.0,64.10567,71.57429,32.206333,44.172,7.685,1.29,1403380170752.0,1403093909504.0,0.03,0.0,0.0,7.6866503,0.529,180.834,0.0,81.37,240868000.0,0.51166,0.25293,5824.0,1.80038454815592,4.046449307726663,,,6386.20856861246,4447.712523679271,5557.417456054687,5620.857490234375,5507.362846679687,5163.081135253906,5622.614692815748,5591.675295861809,64.8440837249039,30.93939695393874,-10.533217796100871,41.47261475003961,89.22820786648437,76.87955851331007,0.11397714332075828,[],[],467363.25,699161.0,Increasing,Strong Uptrend,91.61,Strong bullish trend across multiple timeframes Bullish MACD crossover Strong volume supporting price action
VINATIORGA,59.53,63.27,61.4,Hold,Bullish MACD crossover Declining volume suggests weakening trend High volatility detected,0.0,0.0,0.0,0.0,0.0,0.033,0.238,218.5,0.41796002,0.2475,0.18773001,0.0,0.0,2.242,0.0,0.0,0.0,0.0,41.666264,27.766235,6.3471565,28.88,7.849,0.44,177397563392.0,177806966784.0,0.238,0.0,0.0,7.83067,0.165,269.475,0.0,0.0,103666000.0,0.75338,0.10909,1710.4000244140625,-1.0127900777091692,1.2011152666330904,,,2134.949951171875,1412.5,1710.7400024414062,1849.46400390625,1793.054998779297,1747.4842474365234,1711.7329423790868,1750.5476859170926,50.4318720373102,-38.814743538005814,-49.12622622194489,10.311482683939076,65.45167267363321,57.32515108402428,0.12312373811120364,[],[],51703.75,18479.0,Decreasing,Strong Downtrend,63.27,Bullish MACD crossover Declining volume suggests weakening trend High volatility detected
SANOFI,65.98,56.78,61.38,Buy,Strong bearish trend across multiple timeframes Bullish MACD crossover Declining volume suggests weakening trend,0.0,0.0,0.0,1225.0,0.0,-0.123,-0.326,860.227,0.5084,0.21117,0.18288,0.49431,0.22473,2.672,1.849,1.123,3904999936.0,2485250048.0,32.67899,25.244146,15.146207,23.145,5.832,2.27,118469402624.0,115541581824.0,-0.327,0.0,0.0,5.979981,0.083,339.623,0.0,203.77,23030600.0,0.60605,0.26139,5144.0,0.6653620352250478,-2.409409979131094,,,7464.647161852233,4814.6976141245605,5239.075,5694.86,5903.6321484375,5786.642580566407,5195.794937217823,5359.792082243509,46.988973706530956,-163.99714502568622,-185.4179417881761,21.420796762489886,28.0821177697017,28.245839998586458,0.14747826613731843,[],[],12575.3,7201.0,Decreasing,Strong Downtrend,56.78,Strong bearish trend across multiple timeframes Bullish MACD crossover Declining volume suggests weakening trend
AUBANK,67.57,54.87,61.22,Buy,Bearish MACD crossover Declining volume suggests weakening trend High volatility detected,0.0,0.0,0.0,50946.0,0.0,0.081,0.154,119.869,0.0,0.33545,0.24486,0.14696,0.0,0.0,0.0,0.0,0.0,0.0,24.506826,33.854317,3.114306,0.0,7.152,0.14,535123165184.0,637942169600.0,0.156,0.0,0.0,5.9989805,0.324,230.565,0.0,21.21,745193024.0,0.35195,0.44204,718.0499877929688,-1.5358261511184468,-3.2342834572885892,,,839.964104316448,488.84713286028926,743.0949981689453,770.9671044921874,729.3449841308594,647.1668550109863,740.7177212960632,747.6275119527724,40.55029080475529,-6.909790656709106,-5.787172866298141,-1.122617790410965,14.193858955655307,23.067465443785796,0.06329279788904701,[],[],2284393.25,3090760.0,Decreasing,Sideways,54.87,Bearish MACD crossover Declining volume suggests weakening trend High volatility detected
POLICYBZR,39.67,82.4,61.04,Sell,Strong bullish trend across multiple timeframes Bearish MACD crossover Strong volume supporting price action,0.0,0.0,0.0,0.0,0.0,0.334,0.389,116.459,0.61182,0.00068000006,0.07101,0.0,0.0,5.005,0.0,0.0,0.0,0.0,217.2761,68.96088,12.592893,438.35,14.776,0.0,811727650816.0,785304059904.0,0.406,0.0,0.0,15.273226,0.485,140.619,0.0,0.0,457968992.0,0.26948,0.47581002,1770.800048828125,-1.916471425614763,-7.185909839696258,,,2246.89990234375,1311.3499755859375,1830.4900024414062,1826.9640063476563,1771.189002685547,1762.2880010986328,1842.7984140654853,1834.8896869478326,49.62731721520035,7.908727117652688,14.558542200214102,-6.649815082561414,32.61071901946,54.31209887656095,0.1349636835854821,[],[],1174800.75,2869156.0,Increasing,Uptrend,82.4,Strong bullish trend across multiple timeframes Bearish MACD crossover Strong volume supporting price action
PNBHOUSING,64.51,57.28,60.9,Buy,Strong bearish trend across multiple timeframes Bullish MACD crossover Declining volume suggests weakening trend,0.0,0.0,0.0,2149.0,0.0,0.21,0.231,132.968,0.99587,0.76121,0.58946997,0.0,0.0,265.183,0.0,0.0,0.0,0.0,9.652875,11.098674,1.1612873,0.0,17.57,0.66,196276617216.0,607109185536.0,0.233,0.0,0.0,5.6803355,0.019,648.935,0.0,67.9,260452000.0,0.28049,0.47332,753.5999755859375,-1.753472709872661,-5.770556350617384,,,1196.1048748556198,742.9142491644864,782.1225006103516,952.2248583984375,993.1029449462891,927.4957147216796,789.65198993805,839.5504333238023,43.70640742044816,-49.89844338575233,-56.5639416954741,6.6654983097217695,18.151157757253433,32.439315209897195,0.09728572949340089,[],[],4730160.15,1227892.0,Decreasing,Strong Downtrend,57.28,Strong bearish trend across multiple timeframes Bullish MACD crossover Declining volume suggests weakening trend
CARERATING,67.11,54.57,60.84,Buy,Bearish MACD crossover Declining volume suggests weakening trend High volatility detected,0.0,0.0,0.0,598.0,0.0,0.19,0.239,139.475,0.5282,0.25922,0.34096,0.0,0.0,2.915,0.0,0.0,0.0,0.0,33.006756,24.501568,5.803278,26.213,9.756,1.15,46881304576.0,40712552448.0,0.243,0.0,0.0,11.234369,0.772,269.365,0.0,0.0,29990600.0,0.20446,0.34368,1563.199951171875,-1.4810613678183926,-1.6607967299654303,,,1951.6886569911,949.5590786430223,1626.539990234375,1730.6332861328126,1604.8531201171875,1440.7328479003907,1607.2702789230393,1649.8937056667153,39.595372776843504,-42.623426743675964,-40.69904215498045,-1.924384588695517,15.239985469844557,23.08643663968377,0.09328844751755735,[],[],66992.95,39279.0,Decreasing,Sideways,54.57,Bearish MACD crossover Declining volume suggests weakening trend High volatility detected
HDFCLIFE,38.83,82.77,60.8,Sell,Strong bullish trend across multiple timeframes Bearish MACD crossover Strong volume supporting price action,0.0,0.0,0.0,38159.0,0.0,0.093,0.14,463.277,0.08762,0.02242,0.01885,0.11622,0.00301,17.34,1.261,0.506,0.0,0.0,88.53784,122.547615,9.778231,96.858,1.668,0.27,1664115277824.0,1662543724544.0,0.144,0.0,0.0,1.6692487,0.649,78.956,0.0,6.3,2155450112.0,0.56099,0.26591,772.0499877929688,-0.42561267774270384,-2.1172757156299515,,,820.75,582.6893982272248,771.959994506836,772.9119970703125,755.5103979492187,696.3500741577149,778.3160717146009,773.9746868277704,58.82352941176471,4.341384886830497,5.13562212399154,-0.7942372371610436,36.24686706035453,44.72322047792616,0.09775543888006032,[],[],2108341.45,1865283.0,Increasing,Sideways,82.77,Strong bullish trend across multiple timeframes Bearish MACD crossover Strong volume supporting price action
RBLBANK,32.0,89.28,60.64,Sell,Strong bullish trend across multiple timeframes Bearish MACD crossover Strong volume supporting price action,0.0,0.0,0.0,0.0,0.0,0.0,-0.388,119.871,0.0,0.13151,0.07965,0.0,0.0,0.0,0.0,0.0,0.0,0.0,27.392445,13.400924,1.0115159,0.0,2.561,0.59,159930974208.0,186571882496.0,-0.39,0.0,0.0,2.1953552,0.851,258.078,0.0,19.48,612644992.0,0.12153,0.40066,261.04998779296875,4.066167606646975,3.120677103280811,,,272.8800048828125,146.10000610351562,258.04500045776365,255.43539978027343,229.7736994934082,196.05054985046388,256.4964394282502,256.26300203482253,49.33738534122166,0.23343739342766412,0.8192949303847504,-0.5858575369570863,41.39939837007835,30.53066642500271,0.07236987494585019,[],[],11690287.05,65899998.0,Increasing,Strong Uptrend,89.28,Strong bullish trend across multiple timeframes Bearish MACD crossover Strong volume supporting price action
NAVINFLUOR,60.57,60.64,60.61,Buy,Strong bullish trend across multiple timeframes Bearish MACD crossover Declining volume suggests weakening trend,0.0,0.0,0.0,0.0,0.0,0.385,1.286,514.437,0.55256003,0.23649,0.13898,0.0,0.0,55.852,0.0,0.0,0.0,0.0,65.789474,38.79038,8.851237,37.82,9.493,0.3,240207183872.0,242168004608.0,1.288,0.0,0.0,9.415828,0.23,529.587,0.0,0.0,51214300.0,0.29313,0.41053,4687.5,-0.4142766093052863,-6.062124248496992,,,5444.0,3151.348480412611,4954.339990234375,4934.171591796875,4644.778662109375,4201.0249377441405,4889.860575542467,4927.251181382049,33.56164383561644,-37.39060583958235,1.9958013456280455,-39.386407185210395,9.07053108537176,24.14421061024332,0.1106658850427942,[],[],140092.7,92859.0,Decreasing,Uptrend,60.64,Strong bullish trend across multiple timeframes Bearish MACD crossover Declining volume suggests weakening trend
LT,56.87,64.26,60.56,Hold,Strong bullish trend across multiple timeframes Bearish MACD crossover Stochastic indicates oversold conditions,0.0,0.0,0.0,54596.0,0.0,0.161,0.298,1954.798,0.36325002,0.10212,0.05903,0.0,0.0,114.735,0.0,0.0,0.0,0.0,31.250542,34.485733,5.0709524,18.927,2.175,0.94,4952671387648.0,5847697063936.0,0.298,0.0,0.0,1.8425012,0.497,710.123,0.0,104.42,1375360000.0,0.16620001,0.49723998,3601.0,1.1488413590021285,0.14461179991278605,,,3926.8766708182884,2937.900120111403,3618.4700439453127,3583.9340185546876,3517.3379956054687,3489.5301623535156,3591.77016027477,3592.7568807509824,49.06619984718755,-0.9867204762122128,8.332740681838743,-9.319461158050956,18.520433509980958,11.875956374437576,0.04875188705761935,[],[],1371538.1,1678055.0,Decreasing,Uptrend,64.26,Strong bullish trend across multiple timeframes Bearish MACD crossover Stochastic indicates oversold conditions
COALINDIA,54.43,66.67,60.55,Hold,Strong bearish trend across multiple timeframes Bearish MACD crossover Declining volume suggests weakening trend,0.0,0.0,0.0,220272.0,0.0,-0.039,-0.202,203.919,0.67774004,0.32039002,0.26373,0.0,0.0,9.15,0.0,0.0,0.0,0.0,6.9691334,14.738497,2.3312516,4.469,1.62,8.54,2309791154176.0,2035395330048.0,-0.202,0.0,0.0,1.8380243,0.044,160.772,0.0,25.43,6162729984.0,0.63137,0.25114,374.79998779296875,0.13358269204020168,0.09346390026128137,,,496.2579819786133,339.58072583613375,375.1576217651367,375.58840515136717,379.5865786743164,377.035873260498,375.6409661119379,375.6081051108118,50.262574048683454,0.03286100112615031,0.37671848696684396,-0.34385748584069364,35.46399122464573,36.92729904562272,0.05819462808561923,[],[],5845648.15,4578400.0,Decreasing,Strong Downtrend,66.67,Strong bearish trend across multiple timeframes Bearish MACD crossover Declining volume suggests weakening trend
3MINDIA,41.85,79.2,60.53,Hold,Strong bullish trend across multiple timeframes Bearish MACD crossover Declining volume suggests weakening trend,0.0,0.0,0.0,1213.0,0.0,0.143,0.131,4078.937,0.40228,0.18944,0.10808,0.0,0.0,5.39,0.0,0.0,0.0,0.0,69.929756,48.273697,18.765995,42.3,7.36,0.52,346671349760.0,338181128192.0,0.131,0.0,0.0,7.54461,0.112,1639.135,0.0,0.0,11265100.0,0.7648,0.09549,30760.0,0.9351927809680083,-0.3724696356275259,,,36946.20525032358,25588.262200074692,30839.75,30038.63265625,29696.67580078125,29579.46224609375,30692.59415296927,30613.954756703824,32.53521126760563,78.63939626544743,175.59237985177333,-96.9529835863259,24.177416017106978,22.355774757995917,0.05542456494213645,[],[],7577.8,4061.0,Decreasing,Uptrend,79.2,Strong bullish trend across multiple timeframes Bearish MACD crossover Declining volume suggests weakening trend
AMBUJACEM,62.9,57.61,60.25,Buy,Bearish MACD crossover Stochastic indicates oversold conditions Declining volume suggests weakening trend,0.0,0.0,0.0,3883.0,0.0,0.238,0.208,149.964,0.57084,0.10686,0.11682,0.0,0.0,1.236,0.0,0.0,0.0,0.0,32.14612,28.409607,2.5957146,22.755,3.846,0.36,1392129081344.0,1420651790336.0,0.219,0.0,0.0,3.768445,-0.137,216.973,0.0,0.0,2471820032.0,0.69111,0.19035,563.2000122070312,0.2492033543045169,-2.4170513067540256,,,640.9536499131659,451.39758011621313,585.2450012207031,588.0290014648438,569.1673803710937,545.4801309204101,577.4027808478309,583.9702437353128,38.60245250314492,-6.567462887481952,-3.3038545380344573,-3.2636083494474946,5.445784948216873,6.839329864604049,0.0887608586576867,[],[],1723673.35,1166207.0,Decreasing,Sideways,57.61,Bearish MACD crossover Stochastic indicates oversold conditions Declining volume suggests weakening trend
HINDPETRO,53.4,66.8,60.1,Hold,RSI indicates oversold conditions Bearish MACD crossover Stochastic indicates oversold conditions,0.0,0.0,0.0,8049.0,0.0,-0.028,5.483,2015.508,0.09472,0.05412,0.023810001,0.0,0.0,137.959,0.0,0.0,0.0,0.0,7.8312497,6.887138,1.5639042,6.737,0.343,2.79,799847546880.0,1471243616256.0,5.485,0.0,0.0,0.18649277,0.998,240.36,0.0,54.58,2127820032.0,0.54991,0.27786,375.8999938964844,-1.5324181017722704,-3.8003854391594705,,,445.4738008048647,280.20561449395166,391.4888854980469,408.06925231933593,396.93702026367185,374.9006024169922,387.680699494771,395.0574409518545,27.978588455051096,-7.37674145708354,-6.164599779832834,-1.212141677250706,3.38552077117952,6.858014035049678,0.07041327728758247,[],[],4664621.05,3112442.0,Decreasing,Sideways,66.8,RSI indicates oversold conditions Bearish MACD crossover Stochastic indicates oversold conditions
KAJARIACER,41.65,78.3,59.97,Hold,Strong bullish trend across multiple timeframes Bearish MACD crossover Declining volume suggests weakening trend,0.0,0.0,0.0,0.0,0.0,-0.01,0.215,291.404,0.38089,0.12988,0.067540005,0.0,0.0,9.746,0.0,0.0,0.0,0.0,53.76,34.18961,7.0191727,32.31,4.099,0.66,192655409152.0,190290018304.0,0.213,0.0,0.0,4.1502495,0.565,172.328,0.0,0.0,159272000.0,0.48061,0.36446998,1209.5999755859375,-0.9661084486866423,-5.240894979558364,,,1572.2296051246008,758.7000122070312,1247.3299926757813,1189.8919970703125,1053.2864984130858,1041.158500061035,1247.4938981669236,1231.6475439022242,38.06818333387575,15.846354264699357,26.626385565167435,-10.780031300468078,25.60046112570062,42.780185804340796,0.1448956795003595,[],[],702795.3,199924.0,Decreasing,Uptrend,78.3,Strong bullish trend across multiple timeframes Bearish MACD crossover Declining volume suggests weakening trend
ADANIPORTS,64.95,54.77,59.86,Buy,Bearish MACD crossover Declining volume suggests weakening trend High volatility detected,0.0,0.0,0.0,3118.0,0.0,0.312,0.065,151.115,0.66256,0.46465,0.34596002,0.0,0.0,79.193,0.0,0.0,0.0,0.0,25.12536,39.28187,4.5541744,17.27,10.16,0.53,2837341536256.0,3316690976768.0,0.065,0.0,0.0,8.691464,0.443,288.263,0.0,33.42,2160140032.0,0.65911,0.22188,1312.800048828125,-0.1976566472313701,-2.117499506239584,,,1492.2399519265955,990.8294504575306,1339.5500061035157,1388.3,1360.1653271484374,1259.356640625,1332.3618725051235,1351.659964122921,46.640979897369434,-19.29809161779758,-18.431076540039058,-0.8670150777585235,27.529613337024795,29.77058854044164,0.07275544107162175,[],[],2139532.5,1592903.0,Decreasing,Sideways,54.77,Bearish MACD crossover Declining volume suggests weakening trend High volatility detected
RELAXO,34.49,84.92,59.7,Sell,Bullish MACD crossover Strong volume supporting price action High volatility detected,0.0,0.0,0.0,7355.0,0.0,-0.125,0.101,108.237,0.58678,0.09137,0.06486,0.0,0.0,10.129,0.0,0.0,0.0,0.0,68.03419,37.934868,5.662726,29.704,4.383,0.63,119166935040.0,118169526272.0,0.102,0.0,0.0,4.420286,0.384,84.341,0.0,12.59,248939008.0,0.71269,0.118090004,477.6000061035156,6.678577860448587,0.15728216218942048,,,843.657042537799,387.89342632541104,451.86269226074216,461.17210876464844,441.7169445800781,494.3675617980957,461.3626315911025,460.34174360116214,66.80986934190722,1.0208879899403769,-0.4291321453208143,1.4500201352611912,49.785821706993126,45.61031218242704,0.15829389186841877,[],[],376102.3,3014412.0,Increasing,Downtrend,84.92,Bullish MACD crossover Strong volume supporting price action High volatility detected
RELIANCE,60.46,58.95,59.7,Buy,Bearish MACD crossover Strong volume supporting price action High volatility detected,0.0,0.0,0.0,403303.0,0.0,0.051,0.784,721.63,0.35601002,0.11929,0.083459996,0.0,0.0,36.605,0.0,0.0,0.0,0.0,22.522402,18.889353,2.1783233,12.542,2.199,0.41,18366307762176.0,21471938215936.0,0.783,0.0,0.0,1.8807513,0.218,623.048,0.0,71.85,13532499968.0,0.49662,0.28784,1357.199951171875,-2.070861731481788,-3.6900370282270667,,,1544.8301010282516,1110.415052053189,1389.72451171875,1434.9369775390626,1405.9557421875,1326.0914630126954,1389.7377716698363,1400.4358870747824,48.49325598176876,-10.698115404946066,-10.538984431755143,-0.15913097319092273,28.869152450253207,39.31345172413054,0.05476508977811727,[],[],9458043.3,18758842.0,Increasing,Sideways,58.95,Bearish MACD crossover Strong volume supporting price action High volatility detected
CANBK,61.69,57.64,59.66,Buy,Bearish MACD crossover Stochastic indicates oversold conditions Declining volume suggests weakening trend,0.0,0.0,0.0,81260.0,0.0,0.128,-0.214,63.358,0.0,0.36912,0.29004,0.16364,0.0,0.0,0.0,0.0,0.0,0.0,5.089706,5.4849443,0.8934149,0.0,1.148,3.85,941805666304.0,659827982336.0,-0.215,0.0,0.0,1.6389084,0.619,116.217,0.0,18.93,9070650368.0,0.64394,0.16125,103.83000183105469,-0.7645947083661508,-5.548984314733863,,,117.5,75.88121273073169,108.37150001525879,110.56380004882813,105.77678009033202,98.56695114135742,107.48306660014222,108.67550831568718,35.458468459901425,-1.192441715544959,-0.6171089271794878,-0.5753327883654711,2.334265200913975,6.434043510273902,0.0859267187389563,[],[],15548016.5,13999620.0,Decreasing,Sideways,57.64,Bearish MACD crossover Stochastic indicates oversold conditions Declining volume suggests weakening trend
ATUL,51.45,67.64,59.55,Hold,Bullish MACD crossover Strong volume supporting price action High volatility detected,0.0,0.0,0.0,3365.0,0.0,0.118,0.142,1949.408,0.35435,0.10383,0.08708999,0.0,0.0,3.563,0.0,0.0,0.0,0.0,37.036926,59.091766,3.301749,18.974,3.114,0.4,184850333696.0,178722652160.0,0.142,0.0,0.0,3.2207818,0.208,1901.568,0.0,106.25,29441800.0,0.49046,0.2601,6278.5,-0.5228551057593234,-1.0480693459416823,,,8152.751405196409,4736.170337848527,6477.35,6893.941142578125,6774.800600585938,6622.482822265625,6407.850059444225,6561.056156656918,30.827886710239653,-153.20609721269284,-157.30668327997932,4.100586067286486,10.852281713302306,23.653541461149768,0.0856436597291438,[],[],40113.6,47163.0,Increasing,Strong Downtrend,67.64,Bullish MACD crossover Strong volume supporting price action High volatility detected
PFC,67.89,51.13,59.51,Buy,Strong bearish trend across multiple timeframes Bearish MACD crossover Stochastic indicates oversold conditions,0.0,0.0,0.0,540.0,0.0,0.464,0.239,144.106,0.99402,0.93619,0.51127,0.0,0.0,627.973,0.0,0.0,0.0,0.0,5.154765,6.904892,1.0642651,0.0,23.369,3.9,1253048057856.0,11113667231744.0,0.239,0.0,0.0,2.634868,0.746,356.772,0.0,54.99,3300100096.0,0.55999,0.23305,379.70001220703125,-0.5369974572282277,-5.039388167789049,,,544.4426577460509,345.9338984023247,402.62840576171874,409.68383056640624,407.82201110839844,413.4905110168457,394.9866122599279,401.79829218145255,30.955712858865184,-6.8116799215246715,-3.8953438590323466,-2.916336062492325,4.252354975878425,4.8572102802873385,0.11238513764427686,[],[],5776440.15,7398515.0,Decreasing,Strong Downtrend,51.13,Strong bearish trend across multiple timeframes Bearish MACD crossover Stochastic indicates oversold conditions
HDFCBANK,55.76,61.91,58.83,Hold,Bearish MACD crossover Stochastic indicates oversold conditions Strong volume supporting price action,0.0,0.0,0.0,214521.0,0.0,0.011,-0.022,179.023,0.0,0.29772,0.25794,0.13925,0.01733,0.0,0.0,0.0,0.0,0.0,21.740917,9.875466,2.6859124,0.0,7.072,1.16,14610866372608.0,19350329229312.0,-0.013,0.0,0.0,5.340111,0.623,354.293,0.0,96.36,15346199552.0,0.00151,0.56134,951.5999755859375,-0.6473180503288378,-3.1253194124544414,,,1018.8499755859375,797.7241746370524,987.2124969482422,992.817353515625,970.5342858886719,915.8772201538086,977.4503971329221,985.4110868878608,31.146634861090405,-7.960689754938699,-3.2177847926976124,-4.742904962241086,6.365576221179854,9.086990968130054,0.05895288365850549,[],[],14598867.05,14823813.0,Increasing,Sideways,61.91,Bearish MACD crossover Stochastic indicates oversold conditions Strong volume supporting price action
AXISBANK,56.78,60.82,58.8,Hold,Strong bearish trend across multiple timeframes Bullish MACD crossover Stochastic indicates oversold conditions,0.0,0.0,0.0,104453.0,0.0,-0.017,-0.031,248.573,0.0,0.45122,0.36215,0.15557,0.01768,0.0,0.0,0.0,0.0,0.0,11.6690855,10.451104,1.6705477,0.0,6.225,0.1,3243704844288.0,4789242429440.0,-0.03,0.0,0.0,4.2160807,0.476,625.663,0.0,0.0,3102390016.0,0.022920001,0.67529,1045.199951171875,-0.6369496232229488,-2.399857377559511,,,1280.5556852451584,932.7028964179103,1067.384991455078,1118.6862646484376,1150.6957495117188,1106.5953588867187,1062.5449131592268,1078.7470852951365,42.06642232635798,-16.202172135909677,-16.820852444561087,0.6186803086514097,6.606393831479136,9.881940904042708,0.04289089094200219,[],[],5093596.5,4718016.0,Decreasing,Strong Downtrend,60.82,Strong bearish trend across multiple timeframes Bullish MACD crossover Stochastic indicates oversold conditions
SUPREMEIND,30.13,87.26,58.7,Sell,Strong bullish trend across multiple timeframes Bullish MACD crossover Declining volume suggests weakening trend,0.0,0.0,0.0,5374.0,0.0,-0.01,-0.26,820.289,0.30936,0.08656,0.0854,0.0,0.0,1.339,0.0,0.0,0.0,0.0,63.692314,101.29588,10.033887,40.804,5.368,0.76,567963156480.0,559279308800.0,-0.26,0.0,0.0,5.4511676,0.369,445.61,0.0,44.14,127027000.0,0.49164,0.30602,4471.2001953125,-0.7833086583268645,-2.2987437565797797,,,5571.778909144303,3078.275178277414,4391.594995117188,4325.394013671875,4054.928671875,4080.8332592773436,4485.889630544765,4403.180178067478,63.78795889581439,82.70945247728741,71.45283950835476,11.256612968932657,73.43994812968639,82.67063883346272,0.14934295103548245,[],[],168234.65,105834.0,Decreasing,Strong Uptrend,87.26,Strong bullish trend across multiple timeframes Bullish MACD crossover Declining volume suggests weakening trend
ASIANPAINT,28.11,89.29,58.7,Sell,Strong bullish trend across multiple timeframes Bearish MACD crossover Strong volume supporting price action,0.0,0.0,0.0,11111.0,0.0,-0.002,-0.06,352.993,0.41853002,0.14837,0.10629,0.0,0.0,11.418,0.0,0.0,0.0,0.0,67.108986,89.185555,12.452906,43.643,7.087,0.98,2414236925952.0,2398409195520.0,-0.06,0.0,0.0,7.134133,0.391,202.25,0.0,28.24,958563008.0,0.57905996,0.21632,2518.60009765625,1.1892365470570487,0.5629905233080379,,,3358.1080469753347,2105.3257388113384,2502.925,2429.5599951171876,2373.5493041992186,2334.4407287597655,2505.1026692535647,2480.0939426835384,57.77295459480262,25.008726570026283,32.95346590244693,-7.944739332420646,31.002331002331005,28.721889976619646,0.07079627666243607,[],[],1337216.85,1798653.0,Increasing,Strong Uptrend,89.29,Strong bullish trend across multiple timeframes Bearish MACD crossover Strong volume supporting price action
BANKBARODA,55.37,61.81,58.59,Hold,Bearish MACD crossover Stochastic indicates oversold conditions Strong volume supporting price action,0.0,0.0,0.0,75008.0,0.0,-0.006,-0.266,124.247,0.0,0.35212,0.30287,0.13797,0.01124,0.0,0.0,0.0,0.0,0.0,6.1873503,10.568769,0.7832959,0.0,1.818,3.59,1204047708160.0,1167850209280.0,-0.266,0.0,0.0,1.8741592,0.531,297.244,0.0,22.03,5171359744.0,0.64034,0.19629,232.8300018310547,-0.17578616551755522,-3.0803788153404454,,,258.05664364419215,184.3468766033746,240.3660011291504,241.11080047607422,237.80727172851562,229.42089889526366,238.26369820646119,239.92292401850014,38.617751605378785,-1.6592258120389545,-0.46064053735009,-1.1985852746888646,8.548370348498954,9.884694465965689,0.06882619875199315,[],[],5523595.45,5698267.0,Increasing,Sideways,61.81,Bearish MACD crossover Stochastic indicates oversold conditions Strong volume supporting price action
NAUKRI,65.99,51.12,58.55,Buy,Strong bearish trend across multiple timeframes Bullish MACD crossover Declining volume suggests weakening trend,0.0,0.0,0.0,6174.0,0.0,0.169,0.27,45.785,0.53838,0.29536,0.3459,0.0,0.0,0.726,0.0,0.0,0.0,0.0,86.22857,14.540685,2.518185,87.955,28.958,0.53,879153774592.0,858243989504.0,0.271,0.0,0.0,29.66399,0.69,539.317,0.0,93.4,647340992.0,0.46223998,0.37256,1358.0999755859375,-2.0129887744633868,-1.6297262348169195,,,1821.2694678741534,1154.1416390412078,1364.7299926757812,1409.1908129882813,1417.6414672851563,1478.854252319336,1379.6048330500628,1383.7764877589225,55.603251500718855,-4.171654708859705,-8.348856081881745,4.17720137302204,61.60138567692829,68.62784593209408,0.08762954894839922,[],[],1919494.7,1215734.0,Decreasing,Strong Downtrend,51.12,Strong bearish trend across multiple timeframes Bullish MACD crossover Declining volume suggests weakening trend
KOTAKBANK,55.66,60.78,58.22,Hold,Strong bearish trend across multiple timeframes Bullish MACD crossover Stochastic indicates oversold conditions,0.0,0.0,0.0,114000.0,0.0,0.02,-0.4,377.576,0.0,0.33905998,0.25509,0.13324,0.0,0.0,0.0,0.0,0.0,0.0,20.366755,17.22536,2.4747794,0.0,5.949,0.13,3897703792640.0,4465835376640.0,-0.4,0.0,0.0,5.191895,0.378,792.111,0.0,0.0,1988320000.0,0.28715,0.4692,1960.300048828125,0.802185326679794,-1.3238662579795668,,,2299.2489909588016,1677.1164572250893,1985.6649963378907,2083.476804199219,2100.900244140625,1988.2668634033203,1979.9818319307838,2009.597678507334,51.64219637566785,-29.61584657655021,-31.12740893888926,1.511562362339049,14.187410645634989,17.998707969078133,0.04710264609045346,[],[],3101711.05,3074358.0,Decreasing,Strong Downtrend,60.78,Strong bearish trend across multiple timeframes Bullish MACD crossover Stochastic indicates oversold conditions
NYKAA,31.25,85.19,58.22,Sell,Strong bullish trend across multiple timeframes RSI indicates overbought conditions Bullish MACD crossover,0.0,0.0,0.0,1981.0,0.0,0.234,1.667,30.033,0.44057998,0.029949998,0.00954,0.0,0.0,98.356,0.0,0.0,0.0,0.0,821.96423,181.22047,50.5713,204.08,8.001,0.0,658279563264.0,668753461248.0,1.419,0.0,0.0,7.875429,0.323,4.551,0.0,1.27,2860219904.0,0.59828,0.34713,230.14999389648438,-1.5780031214481904,2.3161693778478876,,,236.9600067138672,154.89999389648438,218.562996673584,213.53739807128906,204.08949920654297,186.71274925231933,225.7522498207486,219.95804640302543,85.75803248042996,5.794203417723168,4.3206857088054065,1.4735177089177611,88.44243861554787,90.58203048058886,0.18132427899693743,[],[],7611448.75,8204962.0,Increasing,Strong Uptrend,85.19,Strong bullish trend across multiple timeframes RSI indicates overbought conditions Bullish MACD crossover
NESTLEIND,30.55,85.44,57.99,Sell,Bullish MACD crossover Strong volume supporting price action High volatility detected,0.0,0.0,0.0,8419.0,0.0,0.059,-0.133,105.984,0.55291003,0.1851,0.1521,0.0,0.0,29.106,0.0,0.0,0.0,0.0,71.94772,59.736748,55.59723,48.713,10.966,1.73,2229511913472.0,2240427327488.0,-0.134,0.0,0.0,10.9124775,0.239,20.796,0.0,0.0,1928310016.0,0.62913,0.16192,1156.199951171875,-0.5333855051588454,-0.5761521284311066,,,1368.6044114434262,1046.1656514698666,1137.8775024414062,1168.9896411132813,1175.3694189453124,1136.0007916259765,1153.3737903991598,1152.577192436399,65.75194571453234,0.7965979627608704,-4.636720322778059,5.433318285538929,69.90436893130794,70.17160844586778,0.10631408945771248,[],[],1320075.0,1593255.0,Increasing,Sideways,85.44,Bullish MACD crossover Strong volume supporting price action High volatility detected
NLCINDIA,67.4,48.46,57.93,Buy,Strong bearish trend across multiple timeframes Bearish MACD crossover Declining volume suggests weakening trend,0.0,0.0,0.0,0.0,0.0,0.133,0.479,118.531,0.84207,0.103369996,0.18178,0.0,0.0,102.205,0.0,0.0,0.0,0.0,10.46236,9.875,1.7147101,11.948,3.497,1.33,312202002432.0,550128451584.0,0.426,0.0,0.0,1.9847049,0.409,131.305,0.0,0.0,1386640000.0,0.75245005,0.15027,225.14999389648438,-1.1198959534186703,-4.069025639511981,,,294.7781178125151,186.02999877929688,235.44449844360352,233.35879943847655,234.05139892578126,234.14230102539062,233.31945464594077,234.649383767159,40.36966912981952,-1.3299291212182425,-0.026154531427034222,-1.3037745897912083,29.43497329401954,37.85352525286029,0.07860538392231237,[],[],960479.8,538962.0,Decreasing,Strong Downtrend,48.46,Strong bearish trend across multiple timeframes Bearish MACD crossover Declining volume suggests weakening trend
SJVN,47.05,68.79,57.92,Hold,Strong bearish trend across multiple timeframes Bullish MACD crossover Declining volume suggests weakening trend,0.0,0.0,0.0,0.0,0.0,0.054,-0.363,7.914,0.98208,0.63429,0.22132999,0.0,0.0,190.462,0.0,0.0,0.0,0.0,53.52,25.10992,2.595898,26.324,19.379,1.92,368065085440.0,604452552704.0,-0.362,0.0,0.0,11.8004,0.409,36.08,0.0,3.73,3929799936.0,0.81848997,0.05736,93.66000366210938,-2.6099558642254883,-5.907170182174215,,,137.603930583635,80.54000091552734,95.12249984741212,97.02039993286132,97.2543002319336,98.13988975524903,96.44893939424148,96.26715279704773,53.02092410229771,0.18178659719374934,-0.025083705455197204,0.20687030264894654,48.87978972239241,66.53462325292301,0.12125242681317042,[],[],7577595.65,4893478.0,Decreasing,Strong Downtrend,68.79,Strong bearish trend across multiple timeframes Bullish MACD crossover Declining volume suggests weakening trend
HINDCOPPER,55.3,60.41,57.85,Hold,Strong bearish trend across multiple timeframes RSI indicates oversold conditions Bearish MACD crossover,0.0,0.0,0.0,0.0,0.0,0.046,0.188,21.671,0.86987,0.35051998,0.23211001,0.0,0.0,6.258,0.0,0.0,0.0,0.0,45.70576,0.0,8.336053,26.585,10.652,0.64,222318804992.0,223027806208.0,0.184,0.0,0.0,10.618313,1.668,27.579,0.0,0.0,967024000.0,0.66142,0.0762,229.89999389648438,-0.4374040750105168,-3.3952441281263845,,,353.0,183.82000732421875,238.68550033569335,255.47719848632812,242.80919967651369,243.4104499053955,236.0410954953868,242.4549244434822,29.705176503804665,-6.413828948095414,-5.959666909261758,-0.45416203883365647,17.465240009519928,14.081233808146946,0.08413106709085505,[],[],1897588.25,1479650.0,Decreasing,Strong Downtrend,60.41,Strong bearish trend across multiple timeframes RSI indicates oversold conditions Bearish MACD crossover
JUSTDIAL,60.8,54.54,57.67,Buy,Strong bearish trend across multiple timeframes Bullish MACD crossover Stochastic indicates oversold conditions,0.0,0.0,0.0,0.0,0.0,0.062,0.131,136.321,0.38463002,0.25089002,0.51986,0.0,0.0,2.167,0.0,0.0,0.0,0.0,11.416173,26.884348,1.4934288,5.574,1.467,0.0,68809613312.0,17009274880.0,0.131,0.0,0.0,5.9358544,0.206,541.673,0.0,30.09,85044704.0,0.74154997,0.12733,808.9500122070312,-0.20970975832141914,-3.079136339218713,,,1395.0,751.7999877929688,828.6800018310547,869.4990026855469,888.868501586914,915.6909994506836,825.0497233750887,838.7246694532657,36.10694686665922,-13.674946078177072,-13.79478408759749,0.11983800942041789,11.09490184490649,18.837635218109387,0.04561626952476475,[],[],84554.4,54930.0,Decreasing,Strong Downtrend,54.54,Strong bearish trend across multiple timeframes Bullish MACD crossover Stochastic indicates oversold conditions
GRANULES,44.67,70.27,57.47,Hold,Strong bearish trend across multiple timeframes RSI indicates overbought conditions Bullish MACD crossover,0.0,0.0,0.0,4066.0,0.0,0.026,-0.164,186.014,0.60175997,0.14699,0.10628,0.0,0.0,39.153,0.0,0.0,0.0,0.0,24.936678,17.148157,3.2132878,14.285,2.865,0.3,119441506304.0,129250025472.0,-0.163,0.0,0.0,2.6472852,-0.126,153.192,0.0,0.0,242644000.0,0.40151,0.29263002,492.25,5.350454788657033,7.360959651035981,,,718.802501498043,420.7138311311148,457.9600006103516,474.45258728027346,481.8065802001953,514.6090338134766,467.37341660372687,467.1923315894412,86.2448136960402,0.1810850142856566,-4.117671573722056,4.298756588007713,76.14576203738005,79.0151837382375,0.09834988388686629,[],[],2397964.4,16943450.0,Increasing,Downtrend,70.27,Strong bearish trend across multiple timeframes RSI indicates overbought conditions Bullish MACD crossover
INDIGO,31.98,82.65,57.32,Sell,Strong bullish trend across multiple timeframes Bearish MACD crossover Strong volume supporting price action,0.0,0.0,0.0,41049.0,0.0,0.047,-0.203,2115.312,0.33391,0.13699001,0.082049996,0.0,0.0,713.155,0.0,0.0,0.0,0.0,32.573704,27.48114,23.288813,22.932,3.079,0.18,2182433079296.0,2516775337984.0,-0.202,0.0,0.0,2.6703453,0.917,242.434,0.0,205.45,386544992.0,0.44785,0.34145,5646.0,-1.4143530644316393,-7.237328513924258,,,6232.5,3773.6230403526224,5932.687524414063,5851.257236328125,5612.758623046875,5023.745676269531,5930.674345663541,5909.945349819449,44.56303910138956,20.728995844092424,60.7028678376719,-39.97387199357948,24.393661720239006,45.66713442499972,0.10953860758742955,[],[],1592402.3,1628751.0,Increasing,Uptrend,82.65,Strong bullish trend across multiple timeframes Bearish MACD crossover Strong volume supporting price action
SAIL,56.32,57.84,57.08,Hold,Bearish MACD crossover Stochastic indicates oversold conditions Declining volume suggests weakening trend,0.0,0.0,0.0,53159.0,0.0,0.08,8.0,251.939,0.50877,0.0512,0.029070001,0.0,0.0,62.7,0.0,0.0,0.0,0.0,16.144218,12.677351,0.83169204,7.48,0.814,1.35,490128703488.0,849799217152.0,8.105,0.0,0.0,0.4694584,1.403,142.673,0.0,9.36,4130530048.0,0.64997,0.17343001,118.66000366210938,-0.4947558389019946,-2.6818638849192222,,,144.1999969482422,99.1500015258789,122.11200103759765,128.26800064086913,124.73240028381348,118.42209983825684,121.33248703832277,123.6398502779887,43.16506382862709,-2.307363239665932,-2.1959387333317335,-0.11142450633419854,11.961508190191381,17.219648972155852,0.06571300412065953,[],[],7794321.5,5165884.0,Decreasing,Sideways,57.84,Bearish MACD crossover Stochastic indicates oversold conditions Declining volume suggests weakening trend
DABUR,35.05,78.99,57.02,Sell,Strong bullish trend across multiple timeframes Bearish MACD crossover Declining volume suggests weakening trend,0.0,0.0,0.0,5341.0,0.0,0.017,0.025,71.214,0.47166002,0.16263,0.14117,0.0,0.0,8.478,0.0,0.0,0.0,0.0,52.057938,42.024193,8.550893,39.538,7.216,2.01,924269805568.0,910598012928.0,0.028,0.0,0.0,7.324685,0.235,60.941,0.0,12.4,1773689984.0,0.67658997,0.22007,521.0999755859375,1.4109176499877973,1.0471132928223437,,,661.9039373337285,428.9972997779444,517.8624969482422,507.62451171875,490.32908508300784,498.83260131835937,517.8736672910566,515.4133078397213,51.969677259856084,2.4603594513353073,2.8088486570317137,-0.3484892056964064,54.14458920103457,52.98856830200446,0.07589304521753634,[],[],2881512.35,3745766.0,Decreasing,Strong Uptrend,78.99,Strong bullish trend across multiple timeframes Bearish MACD crossover Declining volume suggests weakening trend
TECHM,56.28,57.66,56.97,Hold,Strong bearish trend across multiple timeframes Bullish MACD crossover Declining volume suggests weakening trend,0.0,0.0,0.0,148517.0,0.0,0.027,0.34,602.019,0.32074,0.11063,0.08514,0.0,0.0,7.287,0.0,0.0,0.0,0.0,28.984543,22.907068,4.7902374,18.89,2.365,3.04,1311090933760.0,1261446627328.0,0.34,0.0,0.0,2.4582648,0.342,309.254,0.0,64.67,885035008.0,0.36421,0.40881002,1481.4000244140625,-0.9494484757738619,-1.5681046900955176,,,1775.2631099366663,1187.6989464401065,1491.5399963378907,1547.96150390625,1522.2114233398438,1564.989517211914,1498.8563297904752,1506.7111698873487,50.24177944001143,-7.854840096873431,-11.087347236774658,3.2325071399012266,40.734859587516695,53.59642696673328,0.05945119210939478,[],[],1581970.5,2279980.0,Decreasing,Strong Downtrend,57.66,Strong bearish trend across multiple timeframes Bullish MACD crossover Declining volume suggests weakening trend
TTKPRESTIG,25.7,88.08,56.89,Sell,Strong bullish trend across multiple timeframes Bullish MACD crossover Declining volume suggests weakening trend,0.0,0.0,0.0,1470.0,0.0,0.036,-0.355,199.234,0.41287,0.0357,0.03557,0.0,0.0,9.59,0.0,0.0,0.0,0.0,92.63046,39.12137,4.7871914,40.762,3.254,0.91,89940598784.0,89033392128.0,-0.362,0.0,0.0,3.2871225,0.065,137.189,0.0,0.0,136948000.0,0.70956004,0.20639999,656.75,1.4755852306618689,0.33611064824083936,,,954.8625574684929,576.929167627347,642.3725006103516,631.4121875,631.1024389648437,685.6139434814453,647.1874838663102,641.3679079395328,62.30562851770084,5.819575926777475,5.631089481162077,0.18848644561539807,46.24002329547168,41.905058159546144,0.0674296545103643,[],[],74136.35,29246.0,Decreasing,Sideways,88.08,Strong bullish trend across multiple timeframes Bullish MACD crossover Declining volume suggests weakening trend
STARHEALTH,25.48,88.3,56.89,Sell,Strong bullish trend across multiple timeframes Bullish MACD crossover Declining volume suggests weakening trend,0.0,0.0,0.0,0.0,0.0,0.109,-0.175,281.525,0.20752001,0.08327,0.03566,0.0,0.0,6.608,0.0,0.0,0.0,0.0,45.045364,25.916111,3.2042825,0.0,1.576,0.0,263181238272.0,260447600640.0,-0.177,0.0,0.0,1.5922027,0.058,139.454,0.0,0.0,587785984.0,0.62391,0.25179002,446.8500061035156,0.9260318697946079,0.5173812560350433,,,647.0,327.29998779296875,438.76499633789064,433.19499938964844,426.27549926757814,428.21475021362306,440.5233788478329,438.50536153251966,59.29961156028511,2.018017315313216,1.7968511343288145,0.22116618098440144,41.59501329143888,35.68768650147894,0.04548751930660249,[],[],867838.65,1468323.0,Decreasing,Strong Uptrend,88.3,Strong bullish trend across multiple timeframes Bullish MACD crossover Declining volume suggests weakening trend
NHPC,58.12,55.22,56.67,Hold,Strong bearish trend across multiple timeframes Bearish MACD crossover Stochastic indicates oversold conditions,0.0,0.0,0.0,4240.0,0.0,0.193,0.039,10.858,0.8806,0.42497003,0.27943,0.0,0.0,92.053,0.0,0.0,0.0,0.0,29.033834,20.007774,1.955685,21.588,11.192,2.47,776377794560.0,1221584748544.0,0.035,0.0,0.0,7.113028,0.219,39.49,0.0,3.86,10044999680.0,0.68485,0.1558,77.2300033569336,-1.416891795819708,-4.311728121687663,,,98.01037645261837,69.24116197431437,81.82170906066895,83.95129531860351,84.7493921661377,81.35129810333252,80.39711015809002,81.96792216255989,34.873552580114065,-1.5708120044698717,-1.1363221413014934,-0.43448986316837823,10.217773778454445,13.312770147434447,0.10338367468116882,[],[],9571255.0,13508674.0,Increasing,Strong Downtrend,55.22,Strong bearish trend across multiple timeframes Bearish MACD crossover Stochastic indicates oversold conditions
BPCL,54.74,57.94,56.34,Hold,Bearish MACD crossover Stochastic indicates oversold conditions Declining volume suggests weakening trend,0.0,0.0,0.0,8747.0,0.0,-0.005,1.408,1029.26,0.13471,0.0692,0.039419997,0.0,0.0,75.077,0.0,0.0,0.0,0.0,7.5986195,9.941936,1.6429799,6.467,0.42,3.24,1337128779776.0,1845701902336.0,1.407,0.0,0.0,0.3040806,0.916,187.586,0.0,31.0,4338509824.0,0.54504,0.17743999,308.20001220703125,-0.8046346642349489,-2.607046826278081,,,363.24483766661757,230.5385511582654,316.6125061035156,326.12836181640625,315.9495394897461,292.6035667419434,314.9666994709818,319.12096536678973,33.766245204383964,-4.154265895807953,-3.3554161714089927,-0.7988497243989601,11.513687845039009,17.89682059609233,0.056398473794532486,[],[],5420729.7,4334416.0,Decreasing,Sideways,57.94,Bearish MACD crossover Stochastic indicates oversold conditions Declining volume suggests weakening trend
DLF,57.71,54.8,56.25,Hold,Bearish MACD crossover Declining volume suggests weakening trend High volatility detected,0.0,0.0,0.0,3103.0,0.0,0.994,0.18,37.755,0.42038,0.12136,0.47974998,0.0,0.0,9.644,0.0,0.0,0.0,0.0,40.808945,41.426567,4.299352,78.298,18.832,0.81,1829629198336.0,1760440221696.0,0.181,0.0,0.0,19.57239,0.472,171.898,0.0,17.84,2475310080.0,0.74138,0.12184,739.0499877929688,-1.3876875368159403,-3.081765179488827,,,922.2542982192264,596.8345296405167,763.7525024414062,802.0682763671875,767.3204766845703,756.4817764282227,759.5615991105802,773.0734032496578,46.533381102215024,-13.511804139077526,-13.024231485971978,-0.4875726531055484,16.847162142435142,26.666601736941903,0.0703879538094624,[],[],2390294.45,3054170.0,Decreasing,Strong Downtrend,54.8,Bearish MACD crossover Declining volume suggests weakening trend High volatility detected
REDINGTON,48.87,63.59,56.23,Hold,Bullish MACD crossover Declining volume suggests weakening trend High volatility detected,0.0,0.0,0.0,12062.0,0.0,0.219,0.117,1331.348,0.05197,0.013350001,0.015700001,0.0,0.0,30.537,0.0,0.0,0.0,0.0,11.518413,15.918705,2.159044,9.628,0.199,2.82,188329541632.0,207414476800.0,0.119,0.0,0.0,0.18089019,0.787,111.554,0.0,15.13,781774016.0,0.26005,0.37006,240.85000610351562,2.423989944707561,-1.0069859915788792,,,327.511218461602,155.15698268842897,241.75499954223633,276.83463012695313,265.94176208496094,239.33896125793456,241.12210006356287,251.79791861616303,49.73931151764484,-10.675818552600163,-12.055660174967109,1.3798416223669463,34.625323608709266,26.43587273486747,0.0911744797758948,[],[],2024764.4,1916842.0,Decreasing,Sideways,63.59,Bullish MACD crossover Declining volume suggests weakening trend High volatility detected
ABB,61.24,51.02,56.13,Buy,Strong bearish trend across multiple timeframes Bullish MACD crossover Declining volume suggests weakening trend,0.0,0.0,0.0,3625.0,0.0,0.122,-0.207,595.14,0.40743,0.137,0.14234,0.26575002,0.106759995,1.018,2.011,1.489,11100999680.0,7579737600.0,58.825603,51.44592,14.723338,45.788,7.987,0.87,1059328098304.0,1007359950848.0,-0.207,0.0,0.0,8.399306,0.68,339.529,0.0,97.17,211908000.0,0.75319,0.106639996,4999.0,-0.029997000299974985,-2.7715647184673786,,,8869.40288553787,4647.14638941201,5102.03876953125,5516.718076171875,5599.800107421875,5897.488330078125,5077.682430195079,5216.582067443495,39.79692555238447,-138.89963724841618,-154.5751958622314,15.675558613815213,17.681880178766846,23.55281044493087,0.09834089162998007,[],[],410399.95,251338.0,Decreasing,Strong Downtrend,51.02,Strong bearish trend across multiple timeframes Bullish MACD crossover Declining volume suggests weakening trend
OBEROIRLTY,50.34,61.61,55.98,Hold,Strong bearish trend across multiple timeframes Bullish MACD crossover Strong volume supporting price action,0.0,0.0,0.0,1470.0,0.0,-0.297,-0.279,133.905,0.64832,0.49488,0.42358002,0.0,0.0,21.015,0.0,0.0,0.0,0.0,28.409172,48.141068,3.7293599,20.795,11.987,0.62,585690120192.0,583595589632.0,-0.279,0.0,0.0,12.02979,0.352,431.924,0.0,33.46,363601984.0,0.67705,0.24134001,1610.800048828125,-0.49419321464632127,-2.9463098019146705,,,2335.483771502135,1448.4808471078381,1625.2449951171875,1753.1091162109376,1725.25439453125,1799.5581622314453,1637.9361821633631,1664.2969509231114,50.06754825660643,-26.360768759748225,-33.43970750597779,7.078938746229568,49.663879223564415,64.92409847849252,0.06418955680199086,[],[],416887.35,670647.0,Increasing,Strong Downtrend,61.61,Strong bearish trend across multiple timeframes Bullish MACD crossover Strong volume supporting price action
GLAXO,49.04,62.83,55.94,Hold,Bullish MACD crossover Declining volume suggests weakening trend High volatility detected,0.0,0.0,0.0,3113.0,0.0,-0.012,0.125,220.763,0.62396,0.29271,0.2541,0.0,0.0,0.51,0.0,0.0,0.0,0.0,49.749912,48.10017,24.178495,38.085,11.95,1.51,471795695616.0,446914265088.0,0.124,0.0,0.0,12.6157675,0.064,115.185,0.0,57.9,169406000.0,0.75625,0.083809994,2785.0,1.302198801977461,0.1654473391533573,,,3515.699951171875,1896.2766505968011,2788.2900146484376,3050.076005859375,3014.5676806640627,2678.825754394531,2790.29783680955,2866.4115331705007,60.28313175916472,-76.1136963609506,-93.30595337101909,17.192257010068488,69.42824741268878,69.56015823459815,0.16711229547009898,[],[],136561.9,70828.0,Decreasing,Sideways,62.83,Bullish MACD crossover Declining volume suggests weakening trend High volatility detected
BAYERCROP,45.93,65.21,55.57,Hold,RSI indicates oversold conditions Bearish MACD crossover Stochastic indicates oversold conditions,0.0,0.0,0.0,1169.0,0.0,0.174,0.096,1280.886,0.3746,0.16775998,0.10293,0.0,0.0,3.687,0.0,0.0,0.0,0.0,39.68368,26.762482,8.248481,33.835,3.943,2.39,235114594304.0,226956558336.0,0.096,0.0,0.0,4.0842614,0.319,634.238,0.0,0.0,44942100.0,0.7275,0.113450006,5231.5,-0.7117100018978917,-5.209277042942562,,,6772.560996546189,4192.9259762001775,5646.562915039062,5972.9006640625,5529.351103515625,5387.700231933593,5474.525025124142,5675.557547103707,23.64760432766616,-201.032521979565,-162.39829428399747,-38.63422769556752,4.163234875215899,3.2069007111756442,0.22926241029654099,[],[],33895.85,20747.0,Decreasing,Strong Downtrend,65.21,RSI indicates oversold conditions Bearish MACD crossover Stochastic indicates oversold conditions
AIAENG,61.5,49.48,55.49,Buy,Strong bearish trend across multiple timeframes Bearish MACD crossover Stochastic indicates oversold conditions,0.0,0.0,0.0,1306.0,0.0,0.019,0.188,460.581,0.53091997,0.26823,0.25687,0.0,0.0,7.072,0.0,0.0,0.0,0.0,25.839535,24.888435,4.119269,21.227,5.749,0.52,285215129600.0,247556390912.0,0.175,0.0,0.0,6.6230235,0.239,741.952,0.0,122.8,93320400.0,0.58533,0.34273,3056.300048828125,1.2891942647098142,-1.9033267097640083,,,4449.89990234375,3001.10009765625,3105.120007324219,3239.3420166015626,3262.744013671875,3344.182000732422,3089.021817834,3143.6469831031486,36.16770524358202,-54.62516526914851,-54.03661394989887,-0.588551319249639,9.357670446619325,12.016294027314666,0.05162026160558376,[],[],66475.1,162363.0,Increasing,Strong Downtrend,49.48,Strong bearish trend across multiple timeframes Bearish MACD crossover Stochastic indicates oversold conditions
NAZARA,46.57,64.39,55.48,Hold,RSI indicates oversold conditions Bearish MACD crossover Strong volume supporting price action,0.0,0.0,0.0,0.0,0.0,0.994,0.471,225.476,0.68083,-0.03424,0.04873,0.0,0.0,6.76,0.0,0.0,0.0,0.0,83.35247,71.54036,3.424225,70.258,5.456,0.0,107536785408.0,102174482432.0,0.703,0.0,0.0,5.7426457,-0.113,339.084,0.0,16.23,92616304.0,0.38069,0.32287,1161.0999755859375,1.8866269270447766,0.35436262626944437,,,1453.0,834.5499877929688,1296.4399841308593,1332.709990234375,1245.7334973144532,1105.2497488403321,1215.2976367773542,1276.2963236592752,21.101364835122524,-60.998686881921,-37.67162913573746,-23.32705774618354,29.42791203339532,27.409096258819613,0.41138567484376154,[],[],2661579.1,2327782.0,Increasing,Sideways,64.39,RSI indicates oversold conditions Bearish MACD crossover Strong volume supporting price action
PAGEIND,43.46,67.39,55.42,Hold,Bullish MACD crossover Strong volume supporting price action High volatility detected,0.0,0.0,0.0,20658.0,0.0,0.031,0.215,4459.374,0.57802,0.20361,0.15373999,0.0,0.0,18.605,0.0,0.0,0.0,0.0,64.516365,60.08348,35.1413,46.806,9.902,1.35,494508146688.0,492509036544.0,0.215,0.0,0.0,9.941952,0.101,1261.621,0.0,737.89,11153900.0,0.42887002,0.40386,44335.0,0.41902604756511863,-3.388537807801262,,,50417.84840921446,38554.311327759584,45368.621484375,46597.10703125,46049.8008984375,45150.59408203125,45190.012653140504,45632.97592017607,43.39478123136205,-442.96326703556406,-456.5434020005722,13.580134965008142,32.910857625686546,51.82950687823014,0.11111423388317382,[],[],26941.0,21171.0,Increasing,Strong Downtrend,67.39,Bullish MACD crossover Strong volume supporting price action High volatility detected
LICI,46.75,63.85,55.3,Hold,RSI indicates oversold conditions Bearish MACD crossover Declining volume suggests weakening trend,0.0,0.0,0.0,91606.0,0.0,0.062,0.039,1432.314,0.11715,0.058579996,0.05703,0.0,0.0,0.013,0.0,0.0,0.0,0.0,11.062573,14.080469,4.236412,6.935,0.519,1.41,5390479654912.0,4691632586752.0,0.031,0.0,0.0,0.59638137,0.529,201.149,0.0,60.52,6325000192.0,0.965,0.0125,852.1500244140625,-1.9953968471463468,-4.155882598863436,,,1073.7623406253458,705.9394661389632,891.1049926757812,909.2582397460938,879.014912109375,856.3709899902344,883.9105141847419,892.6567895528559,23.496084863868205,-8.74627536811397,-5.715593470659269,-3.030681897454701,11.61694365209834,20.43574608022473,0.0645070369121409,[],[],1091811.8,926244.0,Decreasing,Strong Downtrend,63.85,RSI indicates oversold conditions Bearish MACD crossover Declining volume suggests weakening trend
ABBOTINDIA,49.01,61.49,55.25,Hold,Bearish MACD crossover Stochastic indicates oversold conditions Strong volume supporting price action,0.0,0.0,0.0,3659.0,0.0,0.116,0.115,3101.217,0.45281,0.24511999,0.22038001,0.0,0.0,4.646,0.0,0.0,0.0,0.0,46.08268,37.413227,15.8021345,37.427,9.708,1.51,669302587392.0,639762956288.0,0.115,0.0,0.0,10.156506,0.086,1992.136,0.0,0.0,21249300.0,0.75514,0.07831,31480.0,0.015885623510714098,-3.5391450896277044,,,36491.75796901832,24977.130415708973,32714.25,33205.91890625,31694.68056640625,30069.64701171875,32204.16316596003,32667.567087332878,37.449392712550605,-463.4039213728465,-289.62952073364363,-173.7744006392029,15.193529751588665,12.673590763651044,0.10132178975556871,[],[],7222.1,4571.0,Increasing,Sideways,61.49,Bearish MACD crossover Stochastic indicates oversold conditions Strong volume supporting price action
LUPIN,67.83,42.14,54.98,Buy,Strong bearish trend across multiple timeframes Bearish MACD crossover Declining volume suggests weakening trend,0.0,0.0,0.0,24006.0,0.0,0.119,0.519,512.289,0.68307996,0.23226999,0.15825,0.0,0.0,31.5,0.0,0.0,0.0,0.0,23.474976,23.176369,5.0288877,16.484,3.81,0.63,865505050624.0,890632404992.0,0.521,0.0,0.0,3.7025514,0.302,376.803,0.0,81.76,456755008.0,0.47267,0.35715,1894.9000244140625,-0.39423885112228607,-4.041116561047953,,,2388.0473251603485,1784.1036108597868,1929.760009765625,1929.98748046875,1962.3928552246093,2018.8774969482422,1932.1290712669083,1934.8270612572192,45.40755729662906,-2.697989990310816,3.2733537887464688,-5.971343779057285,19.006855943073425,36.80783043140577,0.08586558317372799,[],[],1050716.6,865960.0,Decreasing,Strong Downtrend,42.14,Strong bearish trend across multiple timeframes Bearish MACD crossover Declining volume suggests weakening trend
POWERGRID,53.97,55.65,54.81,Hold,Strong bearish trend across multiple timeframes Bearish MACD crossover Stochastic indicates oversold conditions,0.0,0.0,0.0,0.0,0.0,0.017,-0.025,49.445,1.0,0.53735,0.33551997,0.0,0.0,145.251,0.0,0.0,0.0,0.0,17.213884,12.940762,2.7592325,9.854,8.28,4.27,2560920387584.0,3807518916608.0,-0.025,0.0,0.0,5.5693536,0.266,99.756,0.0,21.27,9300599808.0,0.51361,0.35306,275.25,0.2914876142782852,-2.8586574656915498,,,355.35694963907457,246.2353454650596,284.0479034423828,290.01845703125,293.94526733398436,293.4063505554199,281.61306785351127,285.09697548915324,32.35229422940621,-3.4839076356419696,-2.5383940216820644,-0.9455136139599052,10.295610260674662,11.1184326444624,0.0604399687006354,[],[],9551159.45,12841075.0,Increasing,Strong Downtrend,55.65,Strong bearish trend across multiple timeframes Bearish MACD crossover Stochastic indicates oversold conditions
TATACHEM,51.26,57.92,54.59,Hold,Bearish MACD crossover Stochastic indicates oversold conditions Declining volume suggests weakening trend,0.0,0.0,0.0,4789.0,0.0,-0.018,0.679,581.538,0.6095,0.09922,0.022739999,0.0217,0.0,31.43,0.0,0.0,0.0,0.0,73.53834,18.660316,1.0862,15.495,2.027,1.19,234706681856.0,300376981504.0,0.68,0.0,0.0,1.5840365,0.484,847.634,0.0,49.34,254756000.0,0.38691002,0.3006,920.7000122070312,0.3159756431285299,-1.8495790002362567,,,1233.062605979803,747.3406277921812,944.8600006103516,941.5900012207031,902.2320373535156,924.9000891113282,936.5614888240924,941.3961542644523,36.6944095138636,-4.834665440359913,-0.9630515278641045,-3.8716139124958087,11.657661592548232,15.424983106805279,0.05770896322534272,[],[],388393.75,429660.0,Decreasing,Strong Downtrend,57.92,Bearish MACD crossover Stochastic indicates oversold conditions Declining volume suggests weakening trend
CDSL,42.78,66.19,54.48,Hold,RSI indicates oversold conditions Bearish MACD crossover Stochastic indicates oversold conditions,0.0,0.0,0.0,403.0,0.0,0.029,-0.237,57.724,1.0,0.51362,0.4102,0.0,0.0,0.165,0.0,0.0,0.0,0.0,60.228333,45.090218,16.911442,41.293,23.915,0.88,297699606528.0,288478593024.0,-0.237,0.0,0.0,24.679869,0.216,84.227,0.0,31.59,209000000.0,0.0,0.13933,1424.4000244140625,-1.9008247648717336,-9.527438876649208,,,1973.707641734152,1038.978785448007,1538.1178466796875,1628.656416015625,1528.945654296875,1490.1639794921875,1514.0713675131412,1551.0204579037156,20.960525126020116,-36.94909039057438,-27.115761684429714,-9.83332870614467,2.287004379940934,5.571660949349526,0.13119500013048294,[],[],2293015.5,2043349.0,Decreasing,Strong Downtrend,66.19,RSI indicates oversold conditions Bearish MACD crossover Stochastic indicates oversold conditions
CHOLAFIN,60.09,48.3,54.2,Buy,Strong bearish trend across multiple timeframes Bearish MACD crossover Declining volume suggests weakening trend,0.0,0.0,0.0,45194.0,0.0,0.198,0.2,135.13,0.99908996,0.52505,0.39205003,0.0,0.0,743.089,0.0,0.0,0.0,0.0,26.88174,17.84135,5.0476985,0.0,25.518,0.1,1195233509376.0,2898688212992.0,0.201,0.0,0.0,10.522181,0.631,281.455,0.0,0.0,841299008.0,0.49966,0.32422,1420.699951171875,-1.3265798727952416,-6.784333447306212,,,1683.6423566086535,1166.3763087715367,1477.7249938964844,1521.8376977539062,1544.997989501953,1434.8997918701173,1476.1605471019466,1490.7311177768147,44.15833669159521,-14.570570674868122,-10.665162732736638,-3.9054079421314842,14.585856161324477,30.199639608644162,0.09544337213660979,[],[],1300130.4,871127.0,Decreasing,Strong Downtrend,48.3,Strong bearish trend across multiple timeframes Bearish MACD crossover Declining volume suggests weakening trend
ITC,59.71,48.65,54.18,Hold,Strong bearish trend across multiple timeframes Bearish MACD crossover Declining volume suggests weakening trend,0.0,0.0,0.0,22041.0,0.0,0.165,0.027,63.174,0.54919,0.29744,0.44154,0.0,0.0,0.405,0.0,0.0,0.0,0.0,25.705772,21.62269,7.322064,18.743,6.236,3.83,5132815171584.0,4929318551552.0,0.03,0.0,0.0,6.49392,0.057,55.961,0.0,18.95,12526699520.0,0.27374,0.49941003,409.75,2.207534606698136,2.8747207024728327,,,510.8746874239907,383.09149195819776,409.41500091552734,413.367001953125,416.86344055175783,422.3276890563965,405.96461289830984,409.06452453119823,44.45742219993847,-3.099911632888393,-2.9234586387013173,-0.1764529941870756,35.73957974271054,28.96912301981202,0.05983488279795236,[],[],13500318.05,25255050.0,Decreasing,Downtrend,48.65,Strong bearish trend across multiple timeframes Bearish MACD crossover Declining volume suggests weakening trend
RAMCOCEM,47.44,60.78,54.11,Hold,Bearish MACD crossover Stochastic indicates oversold conditions Strong volume supporting price action,0.0,0.0,0.0,3767.0,0.0,-0.009,1.209,356.447,0.53566,0.103,0.03771,0.0,0.0,62.883,0.0,0.0,0.0,0.0,77.54074,23.407871,3.3238714,22.305,3.441,0.19,247350476800.0,292428349440.0,1.288,0.0,0.0,2.9103925,-0.082,314.934,0.0,44.72,236292000.0,0.49558,0.37682,1046.800048828125,1.2085467862215316,-5.812486428547182,,,1206.9175149129653,786.842302621666,1096.718603515625,1104.6543237304688,1043.334437866211,978.8473614501953,1073.3032985906052,1092.6619748600292,30.180377338630038,-19.358676269423995,-11.82169679034314,-7.5369794790808555,14.597772894988827,15.683381541541797,0.17225377769830555,[],[],232261.25,177144.0,Increasing,Sideways,60.78,Bearish MACD crossover Stochastic indicates oversold conditions Strong volume supporting price action
METROPOLIS,41.53,66.45,53.99,Hold,Strong bullish trend across multiple timeframes RSI indicates overbought conditions Bearish MACD crossover,0.0,0.0,0.0,4823.0,0.0,0.232,0.175,273.143,0.77287,0.1526,0.108330004,0.0,0.0,15.295,0.0,0.0,0.0,0.0,74.08598,44.511475,8.51742,51.657,8.139,0.0,113574830080.0,114259746816.0,0.187,0.0,0.0,8.089889,0.089,256.944,0.0,0.0,51807500.0,0.4989,0.42924,2188.5,0.050292479901425935,1.5403865085943158,,,2318.300048828125,1315.0,2103.8950073242186,1955.1260034179688,1814.1505029296875,1843.4955029296875,2146.922851069349,2080.706586723228,78.14222869484027,66.21626434612062,66.65226578318907,-0.4360014370684411,87.37068179128342,87.22125909758097,0.12962174065814255,[],[],61093.2,42879.0,Decreasing,Strong Uptrend,66.45,Strong bullish trend across multiple timeframes RSI indicates overbought conditions Bearish MACD crossover
IPCALAB,50.24,57.36,53.8,Hold,Strong bearish trend across multiple timeframes Bullish MACD crossover Declining volume suggests weakening trend,0.0,0.0,0.0,16778.0,0.0,0.103,0.212,360.896,0.65825,0.13701999,0.085030004,0.0,0.0,16.246,0.0,0.0,0.0,0.0,45.05044,28.932081,5.0547686,21.679,4.021,0.29,351227838464.0,368203235328.0,0.213,0.0,0.0,3.8354368,0.162,273.88,0.0,47.85,253704000.0,0.45049998,0.41774,1384.4000244140625,-2.403946111098876,-2.3970670766200297,,,1753.4666317784045,1166.5810746222649,1395.6445190429688,1418.1924462890624,1407.8625280761719,1453.7929760742188,1403.1556772609304,1409.5065074608967,49.6111434372618,-6.350830199966367,-9.914628542374732,3.563798342408365,64.34330761984555,71.07106077995901,0.08925550610091422,[],[],167681.0,156601.0,Decreasing,Strong Downtrend,57.36,Strong bearish trend across multiple timeframes Bullish MACD crossover Declining volume suggests weakening trend
HCLTECH,55.83,51.54,53.69,Hold,Strong bearish trend across multiple timeframes Bullish MACD crossover Declining volume suggests weakening trend,0.0,0.0,0.0,0.0,0.0,0.054,-0.077,5.174,0.34719002,0.16305,0.14229,0.24607,0.13249,9.377,2.264,2.065,2571000064.0,1986625024.0,23.254477,20.711847,483.32227,1363.94,280.94,3.71,3941504122880.0,3939058581504.0,-0.093,0.0,0.0,281.11432,0.23,3.01,0.0,70.24,2709309952.0,0.61254,0.26243,1454.800048828125,0.3448751435787045,-0.7842869547191822,,,1960.5729817705587,1277.881429445961,1480.645001220703,1559.0244189453124,1570.795418701172,1648.8128918457032,1479.3502180356443,1498.4024023686843,44.70351671740045,-19.05218433304003,-21.595874703138623,2.5436903700985916,24.571422702709146,39.29834409930479,0.04560139068385392,[],[],3062994.8,3404604.0,Decreasing,Strong Downtrend,51.54,Strong bearish trend across multiple timeframes Bullish MACD crossover Declining volume suggests weakening trend
NATCOPHARM,56.06,51.02,53.54,Hold,Strong bearish trend across multiple timeframes Bearish MACD crossover Stochastic indicates oversold conditions,0.0,0.0,0.0,0.0,0.0,-0.025,-0.281,245.423,0.83107,0.38633,0.38619,0.0,0.0,3.67,0.0,0.0,0.0,0.0,9.090909,20.886843,2.0297158,6.739,3.009,0.93,154392821760.0,132261789696.0,-0.281,0.0,0.0,3.5122802,0.188,424.69,0.0,41.27,179110000.0,0.51265997,0.1296,862.0,-0.5939023547329558,-2.3174131026283518,,,1630.6266548963351,725.1377126890426,892.3078521728515,933.0823596191407,892.2023956298829,1023.0534893798828,877.9136809135686,900.4998924957586,34.6422698866986,-22.586211582190003,-20.317664408147554,-2.2685471740424497,12.654212470937916,7.991132449525627,0.12332340954724354,[],[],479611.0,244492.0,Decreasing,Strong Downtrend,51.02,Strong bearish trend across multiple timeframes Bearish MACD crossover Stochastic indicates oversold conditions
DMART,21.72,85.0,53.36,Sell,Strong bullish trend across multiple timeframes RSI indicates overbought conditions Bullish MACD crossover,0.0,0.0,0.0,16959.0,0.0,0.163,-0.001,947.321,0.1479,0.06524,0.043909997,0.0,0.0,3.825,0.0,0.0,0.0,0.0,114.95287,90.981445,14.435056,67.223,5.027,0.0,3094625910784.0,3098813661184.0,-0.001,0.0,0.0,5.0197825,0.431,329.448,0.0,52.27,650732992.0,0.77642995,0.12695,4755.60009765625,1.1851357788433603,1.2088255582220375,,,5484.85009765625,3340.0,4470.489990234375,4294.933969726562,4218.203984375,3961.5367407226563,4620.986366687719,4466.774552245207,90.19635843862592,154.21181444251215,130.37922482002966,23.832589622482487,87.88863244727669,87.88586383585488,0.20001660475505204,[],[],573127.75,591567.0,Increasing,Strong Uptrend,85.0,Strong bullish trend across multiple timeframes RSI indicates overbought conditions Bullish MACD crossover
AJANTPHARM,54.21,52.21,53.21,Hold,Strong bearish trend across multiple timeframes Bearish MACD crossover Strong volume supporting price action,0.0,0.0,0.0,9628.0,0.0,0.138,0.046,384.735,0.76052004,0.25733,0.19351,0.0,0.0,1.343,0.0,0.0,0.0,0.0,33.332436,24.955683,8.215236,23.656,6.362,2.18,309709930496.0,305751982080.0,0.039,0.0,0.0,6.4444633,0.172,301.586,0.0,99.28,124936000.0,0.66389,0.21667999,2477.60009765625,-1.2239345602300666,-6.0981581331722605,,,3453.641070368612,2327.300048828125,2628.8300170898438,2653.67,2625.7789892578126,2696.2657446289063,2597.3607790175724,2634.2886173112374,32.933035004547904,-36.92783829366499,-16.30068393325179,-20.6271543604132,15.757719457222713,23.48994889984611,0.10388310604641406,[],[],88837.2,351127.0,Increasing,Strong Downtrend,52.21,Strong bearish trend across multiple timeframes Bearish MACD crossover Strong volume supporting price action
TIMKEN,43.38,62.84,53.11,Hold,Bullish MACD crossover Declining volume suggests weakening trend High volatility detected,0.0,0.0,0.0,1282.0,0.0,0.032,0.083,421.883,0.3848,0.15026,0.1435,0.0,0.0,0.584,0.0,0.0,0.0,0.0,47.620773,121.455,7.6364574,36.209,6.691,1.25,217246662656.0,212298432512.0,0.082,0.0,0.0,6.846887,0.36,378.212,0.0,23.78,75218704.0,0.52397996,0.3298,2888.199951171875,0.18036597890651596,-3.064274167750458,,,3918.394009322238,2179.442318317679,2957.494970703125,3196.42533203125,3026.5763671875,2957.830693359375,2948.9544995563747,3030.2746508520613,48.98634196747789,-81.32015129568663,-89.8505771536888,8.530425858002175,26.159733441918092,41.662801514279856,0.16611914093565164,[],[],90793.6,46016.0,Decreasing,Strong Downtrend,62.84,Bullish MACD crossover Declining volume suggests weakening trend High volatility detected
ADANIGREEN,57.45,48.2,52.83,Hold,Strong bearish trend across multiple timeframes Bearish MACD crossover Declining volume suggests weakening trend,0.0,0.0,0.0,1247.0,0.0,0.341,0.62,78.283,0.84446,0.59868,0.13846,0.0,0.0,354.583,0.0,0.0,0.0,0.0,91.716866,35.694607,13.50712,24.025,18.661,0.0,1504698957824.0,2305903558656.0,0.599,0.0,0.0,12.176895,0.871,67.631,0.0,0.0,1647180032.0,0.80179,0.11659,913.5,-0.8304862629655352,-4.56540029771536,,,2091.0,758.0,946.0075012207031,982.2369982910157,973.4364990234375,998.916499633789,941.0153372178294,956.57504218714,49.83328652553282,-15.559704969310587,-13.784724737468828,-1.7749802318417593,19.670518499139327,31.048200686902373,0.10529195131118535,[],[],1420559.9,1477870.0,Decreasing,Strong Downtrend,48.2,Strong bearish trend across multiple timeframes Bearish MACD crossover Declining volume suggests weakening trend
EMAMILTD,47.41,58.23,52.82,Hold,Bearish MACD crossover Strong volume supporting price action High volatility detected,0.0,0.0,0.0,3217.0,0.0,-0.002,0.074,87.205,0.69066,0.18772,0.21488,0.0,0.0,3.333,0.0,0.0,0.0,0.0,30.575691,25.2487,9.279301,24.168,6.388,1.74,250376388608.0,243202670592.0,0.076,0.0,0.0,6.5763745,0.325,61.815,0.0,0.0,436500000.0,0.57467,0.28678,573.5999755859375,1.0837894522174096,-7.371824693429552,,,846.2894400385488,506.02915795916346,594.1174987792969,582.5210009765625,593.856820678711,588.0412875366211,587.7583199116065,588.4612746772113,46.78383102621681,-0.7029547656048862,2.6599740938293217,-3.362928859434208,21.967352066415916,28.879975248163106,0.127037575044993,[],[],1173504.6,855383.0,Increasing,Strong Downtrend,58.23,Bearish MACD crossover Strong volume supporting price action High volatility detected
ABFRL,20.47,85.02,52.74,Sell,Bullish MACD crossover Strong volume supporting price action High volatility detected,0.0,0.0,0.0,0.0,0.0,-0.466,0.0,69.081,0.5773,-0.11135,-0.056760002,0.0,0.0,73.632,0.0,0.0,0.0,0.0,0.0,40.710526,1.2770138,6.941,1.511,0.0,94056054784.0,113499267072.0,0.0,0.0,0.0,1.2520825,-0.357,60.571,0.0,1.9,1215980032.0,0.53962004,0.21942,77.3499984741211,-0.9349428020162365,-4.800001878004812,,,364.3999938964844,70.55000305175781,76.9625,76.25359970092774,132.08289993286132,202.79585029602052,78.48332877042081,78.1756653465839,58.826803808218344,0.3076634238369138,-0.39077155553807064,0.6984349793749844,58.88887261969992,74.96069920521587,0.14838360094342845,[],[],12883888.0,4996185.0,Increasing,Sideways,85.02,Bullish MACD crossover Strong volume supporting price action High volatility detected
SOLARINDS,48.11,57.29,52.7,Hold,Bearish MACD crossover Stochastic indicates oversold conditions Declining volume suggests weakening trend,0.0,0.0,0.0,2403.0,0.0,0.271,0.182,885.149,0.47647,0.22227,0.15751,0.0,0.0,21.491,0.0,0.0,0.0,0.0,99.009544,449.93478,28.459024,62.537,15.585,0.07,1248310853632.0,1248312295424.0,0.182,0.0,0.0,15.58458,-0.172,484.732,0.0,30.66,90490096.0,0.7315,0.15035,13795.0,-0.1303120249040779,-7.073088582014142,,,17809.339853072794,8477.425518411364,14568.0,15359.9470703125,14868.446884765624,12368.326142578126,14367.327192083332,14658.707345491133,39.90922844175491,-291.3801534078011,-233.3896560391634,-57.990497368637705,7.526470957303284,12.225064264636961,0.12133805352632272,[],[],123367.65,99713.0,Decreasing,Sideways,57.29,Bearish MACD crossover Stochastic indicates oversold conditions Declining volume suggests weakening trend
TATAPOWER,47.4,57.94,52.67,Hold,Bearish MACD crossover Stochastic indicates oversold conditions Declining volume suggests weakening trend,0.0,0.0,0.0,22572.0,0.0,0.043,0.092,206.922,0.35639,0.16513,0.06131,0.0,0.0,148.176,0.0,0.0,0.0,0.0,29.507097,21.850256,3.3228242,12.387,2.667,0.6,1195536416768.0,1766237536256.0,0.092,0.0,0.0,1.8054092,0.589,112.6,0.0,0.0,3195340032.0,0.47244,0.19814,374.1499938964844,0.8218775917017807,-2.9694014589713102,,,491.9546624593605,324.4405281971199,383.88749542236326,394.7209991455078,391.5247644042969,384.64249588012694,381.19959738886195,386.36596647287024,43.88962988331142,-5.166369084008295,-4.097752578069583,-1.0686165059387118,12.68597362755917,14.279205626065133,0.0562143116818193,[],[],4440089.3,5793121.0,Decreasing,Strong Downtrend,57.94,Bearish MACD crossover Stochastic indicates oversold conditions Declining volume suggests weakening trend
CHOLAHLDNG,47.71,57.37,52.54,Hold,Bearish MACD crossover Stochastic indicates oversold conditions Declining volume suggests weakening trend,0.0,0.0,0.0,48434.0,0.0,0.132,0.055,1003.686,0.75723,0.31213,0.11694,0.0,0.0,650.265,0.0,0.0,0.0,0.0,14.705582,0.0,2.5892167,0.0,11.487,0.08,324348772352.0,2164898136064.0,0.055,0.0,0.0,1.721031,0.57,666.495,0.0,0.0,187776992.0,0.46939,0.31535998,1725.699951171875,-1.921003059285309,-7.34994234985944,,,2230.063342416436,1356.4152502024224,1834.6599914550782,1966.0068676757812,1920.8860986328125,1730.286015625,1816.2043820656872,1866.269366124766,33.35939958126448,-50.064984059078824,-42.10567391371058,-7.959310145368242,4.776587915159159,10.546381254337286,0.11262015738636819,[],[],205087.7,187640.0,Decreasing,Strong Downtrend,57.37,Bearish MACD crossover Stochastic indicates oversold conditions Declining volume suggests weakening trend
HAVELLS,25.4,79.32,52.36,Sell,Strong bearish trend across multiple timeframes Bullish MACD crossover Strong volume supporting price action,0.0,0.0,0.0,7532.0,0.0,-0.06,-0.145,342.072,0.32886,0.07514,0.0659,0.0,0.0,3.819,0.0,0.0,0.0,0.0,67.56422,48.960205,11.49072,46.424,4.323,0.66,958531371008.0,926228480000.0,-0.148,0.0,0.0,4.4734325,0.382,132.768,0.0,31.16,626942016.0,0.63587004,0.22598,1525.5999755859375,0.4080525913026767,-1.8022657337800174,,,2092.610206213487,1376.0090566150764,1513.934991455078,1531.4579956054688,1544.6232470703126,1564.3406384277343,1529.179782435009,1525.7323492641017,57.29807495480742,3.4474331709072885,0.8513206235252078,2.5961125473820807,53.266970440472015,62.574444054990835,0.09262069387760163,[],[],974026.15,1112664.0,Increasing,Downtrend,79.32,Strong bearish trend across multiple timeframes Bullish MACD crossover Strong volume supporting price action
ADANIENT,40.82,63.55,52.19,Hold,Bullish MACD crossover Declining volume suggests weakening trend High volatility detected,0.0,0.0,0.0,11571.0,0.0,-0.138,-0.511,816.548,0.48520002,0.09227,0.06758,0.14343001,0.0,162.597,0.0,0.0,0.0,0.0,41.32364,34.147713,5.4325705,26.89,3.713,0.06,2590787764224.0,3504555950080.0,-0.495,0.0,0.0,2.744957,0.71,413.193,0.0,0.0,1154179968.0,0.77475,0.15343,2244.699951171875,-1.3405415196273474,-3.4496087806199616,,,3209.359124234907,2023.9650760561603,2304.109997558594,2465.09,2455.40423828125,2413.917102050781,2303.5531282526263,2356.0981153882003,58.84226842418824,-52.54498713557405,-53.4245398529701,0.8795527173960522,39.29456193119816,44.298652468787736,0.09498338426831178,[],[],965428.65,795699.0,Decreasing,Strong Downtrend,63.55,Bullish MACD crossover Declining volume suggests weakening trend High volatility detected
SYNGENE,47.24,57.12,52.18,Hold,Bearish MACD crossover Stochastic indicates oversold conditions Declining volume suggests weakening trend,0.0,0.0,0.0,6533.0,0.0,0.107,0.144,92.684,0.68193,0.114350006,0.13608,0.0,0.0,12.226,0.0,0.0,0.0,0.0,49.75358,37.1454,5.322732,23.746,6.521,0.2,251407138816.0,243033309184.0,0.145,0.0,0.0,6.7452016,0.023,117.59,0.0,16.85,401672992.0,0.53104,0.32025,625.9000244140625,-0.5244735742126694,-6.2181597965080275,,,958.7403573186607,598.3893124980021,664.6925018310546,660.0689794921875,657.1145672607422,723.800149230957,653.2261158342819,660.8956586373561,37.71451754820737,-7.669542803074137,-2.321874073390982,-5.347668729683155,9.261746386099135,16.31304726530135,0.1376344062547339,[],[],623034.5,368869.0,Decreasing,Strong Downtrend,57.12,Bearish MACD crossover Stochastic indicates oversold conditions Declining volume suggests weakening trend
VOLTAS,22.87,81.31,52.09,Sell,Bullish MACD crossover Declining volume suggests weakening trend High volatility detected,0.0,0.0,0.0,1912.0,0.0,-0.2,-0.579,436.255,0.22722,0.04064,0.04488,0.0,0.0,13.638,0.0,0.0,0.0,0.0,69.92367,40.590843,6.980182,48.948,3.096,0.51,454635978752.0,446763925504.0,-0.58,0.0,0.0,3.150554,0.02,196.843,0.0,33.85,330884992.0,0.34837002,0.39079,1374.0,1.0814353449444924,0.8292396883413211,,,1934.1035964872967,1128.6994082869699,1326.2549987792968,1337.0819970703126,1299.2915539550781,1415.5660455322266,1346.664051884649,1337.4596159967468,62.11669268764779,9.204435887902264,2.7076703635330097,6.496765524369254,80.01906356988188,77.94167389035557,0.11885272040305755,[],[],1139287.0,1097616.0,Decreasing,Downtrend,81.31,Bullish MACD crossover Declining volume suggests weakening trend High volatility detected
SUNDARMFIN,53.06,50.9,51.98,Hold,Strong bearish trend across multiple timeframes Bearish MACD crossover Strong volume supporting price action,0.0,0.0,0.0,5132.0,0.0,0.11,0.093,369.55,0.88435996,0.57161,0.47134998,0.0,0.0,398.31,0.0,0.0,0.0,0.0,25.772541,68.96409,3.7832384,0.0,24.567,0.78,495264169984.0,1000625602560.0,0.093,0.0,0.0,12.159749,0.314,1187.792,0.0,65.16,110213000.0,0.0,0.13106,4493.7001953125,-2.847315038955145,-14.70464887615327,,,5496.850006500418,3897.398034972494,4725.990014648438,4902.270927734375,4978.205380859375,4703.169113769532,4797.792452374797,4820.977395648691,49.717666479211914,-23.184943273893623,-12.270629919773667,-10.914313354119956,25.23584905660378,39.953839120072196,0.23476563139306975,[],[],119675.65,105456.0,Increasing,Strong Downtrend,50.9,Strong bearish trend across multiple timeframes Bearish MACD crossover Strong volume supporting price action
HONAUT,38.63,64.49,51.56,Sell,Bullish MACD crossover Stochastic indicates overbought conditions Strong volume supporting price action,0.0,0.0,0.0,3140.0,0.0,0.232,-0.087,4991.008,0.37201,0.10827,0.11597,0.0,0.0,2.499,0.0,0.0,0.0,0.0,67.11363,122.672585,8.482011,56.196,7.04,0.27,342520496128.0,310625599488.0,-0.087,0.0,0.0,7.762856,0.448,4567.313,0.0,315.8,8841520.0,0.75171995,0.13949001,38740.0,-0.7048571062411857,2.122050876499282,,,51855.771748182226,30939.54399954985,37618.75,38843.1,37557.46396484375,37992.8343359375,38081.88745716607,38162.84951829367,65.77851790174854,-80.96206112759683,-329.04190022629876,248.07983909870194,84.80179517813924,82.909059409272,0.10109168513241593,[],[],3194.0,3358.0,Increasing,Sideways,64.49,Bullish MACD crossover Stochastic indicates overbought conditions Strong volume supporting price action
FEDERALBNK,44.93,58.07,51.5,Hold,Bearish MACD crossover Stochastic indicates oversold conditions Declining volume suggests weakening trend,0.0,0.0,0.0,15545.0,0.0,0.018,-0.111,55.195,0.0,0.38036,0.29911,0.0,0.0,0.0,0.0,0.0,0.0,0.0,11.739743,16.399488,1.3638337,0.0,3.618,0.63,471119659008.0,489859743744.0,-0.106,0.0,0.0,3.4797125,0.338,140.567,0.0,11.69,2457459968.0,0.087510005,0.59504,191.7100067138672,-0.026067894451764495,-2.358148981553143,,,218.67621963798794,171.62108444662016,195.18694915771485,203.99908752441405,201.3023066711426,197.0256435394287,194.60164342324725,197.62370492601968,36.71908142530018,-3.0220615027724307,-2.9276687309399736,-0.09439277183245709,10.898258010983904,11.387811470242658,0.04304610434848062,[],[],7503166.55,4184028.0,Decreasing,Strong Downtrend,58.07,Bearish MACD crossover Stochastic indicates oversold conditions Declining volume suggests weakening trend
SBICARD,40.39,61.63,51.01,Hold,Strong bearish trend across multiple timeframes Bullish MACD crossover Strong volume supporting price action,0.0,0.0,0.0,4098.0,0.0,0.089,-0.066,107.682,0.2616,0.27589,0.18332,0.0,0.0,326.132,0.0,0.0,0.0,0.0,40.642387,24.541843,5.5415707,0.0,11.584,0.31,765422141440.0,1186638594048.0,-0.065,0.0,0.0,7.4721403,0.284,144.995,0.0,32.74,951544000.0,0.68587,0.22292,803.5,-0.01244096428257846,-2.131546894031666,,,1027.25,657.8345140590833,805.6824951171875,868.1519958496094,891.7184985351563,830.3169088745117,811.989571732205,825.8768401018227,59.96397970084687,-13.887268369617686,-18.3270332371389,4.4397648675212125,51.3604735911777,61.929478317221175,0.06166170777235713,[],[],679268.1,1142474.0,Increasing,Strong Downtrend,61.63,Strong bearish trend across multiple timeframes Bullish MACD crossover Strong volume supporting price action
HAL,46.91,54.89,50.9,Hold,Bearish MACD crossover Declining volume suggests weakening trend High volatility detected,0.0,0.0,0.0,22033.0,0.0,0.108,-0.037,470.29,0.58149,0.17774999,0.26423,0.0,0.0,0.147,0.0,0.0,0.0,0.0,34.84198,33.840508,8.283022,30.325,8.0,0.69,2898370756608.0,2516272021504.0,-0.037,0.0,0.0,9.215084,0.523,523.07,0.0,128.03,668774976.0,0.71639,0.13664,4332.60009765625,-0.2785024768637623,-3.1604806066998226,,,5147.661407909133,3035.8246466639143,4462.082763671875,4671.314765625,4667.219616699219,4301.113784179687,4430.453618596998,4508.409497092226,32.35375872899834,-77.95587849522781,-76.47949610358646,-1.4763823916413514,15.047560825041792,29.244002427149823,0.0605819288308029,[],[],1321307.7,1036537.0,Decreasing,Sideways,54.89,Bearish MACD crossover Declining volume suggests weakening trend High volatility detected
CLEDUCATE,29.49,72.27,50.88,Sell,Strong bullish trend across multiple timeframes RSI indicates overbought conditions Bullish MACD crossover,0.0,0.0,0.0,0.0,0.0,0.55,0.0,77.066,0.26089,0.06018,-0.04724,0.0,0.0,97.872,0.0,0.0,0.0,0.0,0.0,0.0,2.3508658,22.31,1.574,0.0,5961928704.0,6462306816.0,0.0,0.0,0.0,1.452212,-0.437,46.77,0.0,0.0,54224000.0,0.63699,0.04783,109.94999694824219,-3.6371617715842186,-0.6595621204560587,,,136.97999572753906,67.5,100.61599998474121,96.06939987182618,92.27829986572266,97.70299999237061,108.440968776152,102.52791335971693,79.45374303579122,5.913055416435071,4.59174134966499,1.3213140667700811,81.69024111008142,86.01848517130951,0.4476729963888336,[],[],190507.3,96830.0,Decreasing,Strong Uptrend,72.27,Strong bullish trend across multiple timeframes RSI indicates overbought conditions Bullish MACD crossover
CYIENT,46.46,55.13,50.8,Hold,Strong bearish trend across multiple timeframes Bullish MACD crossover Strong volume supporting price action,0.0,0.0,0.0,11884.0,0.0,0.022,0.068,671.663,0.30945998,0.09505,0.084580004,0.0,0.0,8.937,0.0,0.0,0.0,0.0,20.70555,14.2927065,2.423161,14.08,1.703,2.23,128867778560.0,125944832000.0,0.069,0.0,0.0,1.7422805,0.692,482.015,0.0,81.72,110332000.0,0.23837,0.49644002,1168.0,-0.7309175390433631,-5.348460291734202,,,2120.487275271491,1072.3513485917751,1195.3749938964843,1245.2826708984376,1246.216015625,1420.948060913086,1200.428013370746,1213.2817568073879,45.06749990492972,-12.853743436641935,-14.615264438109463,1.7615210014675284,22.101154648994804,43.0315037288134,0.08705073913195914,[],[],290678.75,246542.0,Increasing,Strong Downtrend,55.13,Strong bearish trend across multiple timeframes Bullish MACD crossover Strong volume supporting price action
COLPAL,40.02,61.32,50.67,Hold,Strong bearish trend across multiple timeframes Bullish MACD crossover Strong volume supporting price action,0.0,0.0,0.0,2198.0,0.0,-0.042,-0.119,219.792,0.68544,0.28941,0.23312001,0.0,0.0,3.655,0.0,0.0,0.0,0.0,45.454193,38.001957,38.103176,33.204,10.508,2.32,634788249600.0,628143489024.0,-0.119,0.0,0.0,10.619592,0.315,61.197,0.0,61.36,271985984.0,0.5142,0.18884,2331.800048828125,3.053878072541716,1.413473635881668,,,3818.084124653987,2151.0,2256.0700073242188,2324.1580126953127,2420.882795410156,2524.32490234375,2281.87456578758,2284.060157391454,64.41818547097789,-2.185591603873945,-14.910382890509764,12.724791286635819,65.37635908698157,61.520762328789026,0.0932308609494938,[],[],611737.65,1598897.0,Increasing,Downtrend,61.32,Strong bearish trend across multiple timeframes Bullish MACD crossover Strong volume supporting price action
PAYTM,26.67,74.31,50.49,Sell,Strong bullish trend across multiple timeframes RSI indicates overbought conditions Bearish MACD crossover,0.0,0.0,0.0,39368.0,0.0,0.277,0.0,114.869,0.29381,-0.03661,0.04137,0.0,0.0,1.07,0.0,0.0,0.0,0.0,256.26328,-244.82759,5.119092,-105.641,8.746,0.0,770644115456.0,639919128576.0,0.0,0.0,0.0,10.53325,-0.718,235.784,0.0,-4.93,638478976.0,0.32575,0.38077998,1207.0,-1.9337055479308418,-4.554798094096846,,,1291.5999755859375,540.0999755859375,1165.8650024414062,1051.53,962.2715002441406,899.4397500610352,1212.1093288709774,1154.541036307165,74.18060779609105,57.56829256381229,58.92529723428817,-1.357004670475881,74.6248277234544,81.25480374089109,0.2694908193790291,[],[],6693007.35,3601954.0,Decreasing,Strong Uptrend,74.31,Strong bullish trend across multiple timeframes RSI indicates overbought conditions Bearish MACD crossover
BHARATFORG,48.25,52.4,50.33,Hold,Strong bearish trend across multiple timeframes Bearish MACD crossover Strong volume supporting price action,0.0,0.0,0.0,3972.0,0.0,-0.048,0.36,315.703,0.55280995,0.11431,0.06848,0.0,0.0,72.742,0.0,0.0,0.0,0.0,51.283592,30.155312,5.7179317,22.321,3.852,0.77,529101062144.0,574861737984.0,0.399,0.0,0.0,3.5449693,0.49,193.549,0.0,0.0,478088992.0,0.45683998,0.40449002,1106.699951171875,-1.5916792461902918,-4.107098641085882,,,1618.6236122634707,914.8537033202958,1153.5799987792968,1212.5140625,1196.007724609375,1201.241763305664,1142.7753605986697,1166.2773578494118,37.95523946186227,-23.50199725074208,-20.73299483415872,-2.7690024165833584,16.65192490678607,23.559494466102308,0.08508362129595648,[],[],1051912.75,1414573.0,Increasing,Strong Downtrend,52.4,Strong bearish trend across multiple timeframes Bearish MACD crossover Strong volume supporting price action
GUJGASLTD,45.05,55.55,50.3,Hold,Strong bearish trend across multiple timeframes Bullish MACD crossover Strong volume supporting price action,0.0,0.0,0.0,0.0,0.0,-0.13,-0.008,231.121,0.20603001,0.10035,0.07199,0.0,0.0,1.767,0.0,0.0,0.0,0.0,25.192194,14.80586,3.4027212,15.284,1.802,1.39,288951566336.0,286621335552.0,-0.009,0.0,0.0,1.816444,0.234,123.269,0.0,28.33,688390016.0,0.74987,0.16016,419.45001220703125,0.08351374335917594,-2.9163235602208126,,,684.0952539687155,360.25,426.9774993896484,451.80099914550783,454.8889993286133,455.53649978637696,427.1406913498365,434.97370327650515,37.47045633597964,-7.833011926668632,-8.277750192406655,0.4447382657380228,14.868628835027202,24.64741180958102,0.04535835810565859,[],[],234764.05,181463.0,Increasing,Strong Downtrend,55.55,Strong bearish trend across multiple timeframes Bullish MACD crossover Strong volume supporting price action
GSPL,45.77,54.28,50.03,Hold,Strong bearish trend across multiple timeframes RSI indicates oversold conditions Bearish MACD crossover,0.0,0.0,0.0,0.0,0.0,-0.131,-0.023,307.705,0.24997999,0.12892,0.06273,0.0,0.0,0.888,0.0,0.0,0.0,0.0,15.577645,19.601082,1.4061689,5.5,0.846,1.72,163564765184.0,141731659776.0,-0.161,0.0,0.0,0.9765053,0.468,206.163,0.0,14.79,564211008.0,0.4911,0.35707,289.8999938964844,-0.27520408563901366,-5.168471599486402,,,464.5990042704623,261.45001220703125,301.9574966430664,317.3739978027344,322.15949951171876,326.22900024414065,299.09284488431865,306.00107717957815,27.399426875621813,-6.908232295259495,-6.2195705289526355,-0.6886617663068595,3.842361049798104,6.186656725597026,0.07173290360648116,[],[],526551.9,333482.0,Decreasing,Strong Downtrend,54.28,Strong bearish trend across multiple timeframes RSI indicates oversold conditions Bearish MACD crossover
JUBLFOOD,42.16,57.77,49.97,Hold,Strong bearish trend across multiple timeframes Bullish MACD crossover Declining volume suggests weakening trend,0.0,0.0,0.0,10298.0,0.0,0.17,0.636,135.008,0.52523,0.09634,0.02913,0.0,0.0,200.461,0.0,0.0,0.0,0.0,158.92404,21.542553,19.632524,37.995,5.375,0.19,412841017344.0,455276986368.0,0.644,0.0,0.0,4.874431,0.135,31.975,0.0,29.14,657651968.0,0.42407,0.39492,627.75,-1.2272815581438778,1.3889970518980777,,,795.3633603262236,557.2784032778388,634.9999969482421,664.1130395507812,674.9537005615234,673.3475323486329,635.4738617622365,642.7893762582352,51.80130266029219,-7.315514495998627,-9.104035016585936,1.7885205205873085,33.734917041607595,41.633169931867656,0.047826799229583924,[],[],1732256.9,756600.0,Decreasing,Strong Downtrend,57.77,Strong bearish trend across multiple timeframes Bullish MACD crossover Declining volume suggests weakening trend
FLUOROCHEM,54.82,45.12,49.97,Hold,Strong bearish trend across multiple timeframes Bearish MACD crossover Stochastic indicates oversold conditions,0.0,0.0,0.0,0.0,0.0,0.09,0.707,440.899,0.51797,0.18345,0.12845999,0.0,0.0,28.497,0.0,0.0,0.0,0.0,60.245285,33.720512,5.1700196,33.024,8.081,0.09,375038902272.0,391291437056.0,0.704,0.0,0.0,7.7455373,-0.383,660.365,0.0,0.0,109850000.0,0.67684,0.11283,3414.10009765625,-0.19293868535192882,0.7436099040597721,,,4880.9501953125,3102.865373114886,3457.9299560546874,3479.7339892578125,3652.367995605469,3785.098494873047,3426.4024428159746,3457.501947213957,30.28154912090993,-31.0995043979824,-30.289194337118825,-0.8103100608635749,17.223314648383774,15.678318583707343,0.08801712972556577,[],[],122838.3,28256.0,Decreasing,Strong Downtrend,45.12,Strong bearish trend across multiple timeframes Bearish MACD crossover Stochastic indicates oversold conditions
FACT,21.48,78.32,49.9,Sell,Strong bullish trend across multiple timeframes Bearish MACD crossover Declining volume suggests weakening trend,0.0,0.0,0.0,0.0,0.0,0.739,0.0,70.791,0.28468,0.01633,0.02096,0.0,0.0,131.658,0.0,0.0,0.0,0.0,624.93243,0.0,43.780178,314.348,12.367,0.1,598476914688.0,555782963200.0,0.0,0.0,0.0,13.316947,0.445,21.126,0.0,0.0,647072000.0,0.0,0.00127,924.9000244140625,-0.04862497257754894,-8.475579082036798,,,1112.0,565.0,961.4824981689453,960.6689965820312,908.7984973144531,874.9332498168945,963.551363198389,962.4383357833915,49.77787073281554,1.113027414997532,6.28938426748436,-5.176356852486828,26.289065678914387,41.232644187079536,0.14266102385063018,[],[],587716.2,239918.0,Decreasing,Uptrend,78.32,Strong bullish trend across multiple timeframes Bearish MACD crossover Declining volume suggests weakening trend
NTPC,51.01,48.77,49.89,Hold,Strong bearish trend across multiple timeframes Bearish MACD crossover Declining volume suggests weakening trend,0.0,0.0,0.0,16646.0,0.0,-0.03,0.097,192.524,0.44237998,0.16983,0.12835,0.0,0.0,130.856,0.0,0.0,0.0,0.0,17.98737,13.596928,1.7253458,10.687,3.017,3.54,3176144044032.0,5631844548608.0,0.098,0.0,0.0,1.701434,0.301,189.846,0.0,24.09,9696669696.0,0.53253,0.38,327.54998779296875,-0.9824667835338641,-2.804157924935091,,,442.2557615548011,292.79998779296875,335.0074996948242,336.6760015869141,340.60800079345705,338.32922119140625,334.1867170804726,335.51233914855374,39.25373270294153,-1.3256220680811452,-0.4654064234240797,-0.8602156446570656,15.189774248059871,25.94560043222698,0.04777947917922438,[],[],8960352.85,11813425.0,Decreasing,Strong Downtrend,48.77,Strong bearish trend across multiple timeframes Bearish MACD crossover Declining volume suggests weakening trend
SONATSOFTW,42.6,56.61,49.61,Hold,Strong bearish trend across multiple timeframes Bullish MACD crossover Declining volume suggests weakening trend,0.0,0.0,0.0,6414.0,0.0,0.173,0.037,381.568,0.13619,0.045050003,0.040430002,0.0,0.0,30.248,0.0,0.0,0.0,0.0,22.723446,16.526142,5.710356,14.639,0.904,1.61,97415610368.0,95748874240.0,0.035,0.0,0.0,0.91944885,0.4,61.441,0.0,21.23,277656000.0,0.42006,0.32369998,350.8500061035156,-2.051927932170894,-6.973349653609507,,,687.5993440081212,282.45617737789513,361.1424621582031,392.8509747314453,385.08185974121096,449.5797576904297,364.7795107919494,373.72039927195846,50.86325937740789,-8.94088848000905,-10.199103334883713,1.2582148548746623,40.660352800259936,54.01490238185797,0.16422553162561226,[],[],4098383.6,1196113.0,Decreasing,Strong Downtrend,56.61,Strong bearish trend across multiple timeframes Bullish MACD crossover Declining volume suggests weakening trend
APLLTD,50.37,48.5,49.44,Hold,Strong bearish trend across multiple timeframes Bearish MACD crossover Declining volume suggests weakening trend,0.0,0.0,0.0,16571.0,0.0,0.095,0.148,347.141,0.72232,0.12134,0.08842,0.0,0.0,24.232,0.0,0.0,0.0,0.0,30.48975,21.539082,3.547911,19.012,2.872,1.17,184199692288.0,195895820288.0,0.146,0.0,0.0,2.7004554,0.467,264.085,0.0,43.5,196563008.0,0.70453,0.16514,936.9500122070312,0.16570320210753664,-3.1976455652811264,,,1289.562796062957,717.2260087371483,957.9225036621094,975.3070288085937,945.7539135742187,947.3270782470703,957.0388144388347,965.1246195541491,45.90965373512733,-8.085805115314429,-5.699790225814685,-2.3860148894997435,21.841159521322158,39.051070341986424,0.07489683669029469,[],[],96960.9,67309.0,Decreasing,Strong Downtrend,48.5,Strong bearish trend across multiple timeframes Bearish MACD crossover Declining volume suggests weakening trend
PETRONET,40.5,58.35,49.42,Hold,Strong bearish trend across multiple timeframes Bullish MACD crossover Stochastic indicates oversold conditions,0.0,0.0,0.0,0.0,0.0,-0.114,-0.239,329.549,0.12597,0.08016,0.07501,0.0,0.0,13.365,0.0,0.0,0.0,0.0,10.906516,11.99911,2.0335171,6.338,0.666,3.71,404250001408.0,329535062016.0,-0.238,0.0,0.0,0.81754595,0.282,132.529,0.0,22.46,1500000000.0,0.50171,0.26976,269.5,-0.7731981061573467,-2.6900205375192665,,,361.0976977947631,266.91207490651425,275.34000091552736,290.6709332275391,297.6778060913086,304.4342344665527,274.082666227841,280.04963097792495,45.76271186440678,-5.966964750083946,-6.028603508504066,0.0616387584201199,13.37649904727291,12.64374067539888,0.0645990765758998,[],[],1683524.2,2352789.0,Increasing,Strong Downtrend,58.35,Strong bearish trend across multiple timeframes Bullish MACD crossover Stochastic indicates oversold conditions
GAIL,40.87,57.69,49.28,Hold,Strong bearish trend across multiple timeframes Bullish MACD crossover Declining volume suggests weakening trend,0.0,0.0,0.0,5010.0,0.0,0.016,-0.256,216.597,0.17745,0.07579,0.08167,0.0,0.0,25.335,0.0,0.0,0.0,0.0,9.783494,10.25904,1.3387015,9.047,0.934,4.33,1138146410496.0,1330170822656.0,-0.256,0.0,0.0,0.7988315,0.668,129.282,0.0,16.87,6575079936.0,0.58983004,0.26062,173.07000732421875,1.0804848092081043,-2.1152594796771007,,,234.72022292857122,149.6568887751788,173.4574996948242,180.3571743774414,183.70986114501954,179.37867721557618,173.87372467918985,175.85434602993558,55.29221363669246,-1.9806213507457358,-2.1562658360207863,0.1756444852750505,32.73285926698568,37.82515509152342,0.05607436443958156,[],[],9176204.85,8823629.0,Decreasing,Strong Downtrend,57.69,Strong bearish trend across multiple timeframes Bullish MACD crossover Declining volume suggests weakening trend
BALKRISIND,40.79,57.35,49.07,Hold,Strong bearish trend across multiple timeframes RSI indicates oversold conditions Bearish MACD crossover,0.0,0.0,0.0,3758.0,0.0,0.017,-0.412,542.71,0.50368,0.115229994,0.13851,0.0,0.0,31.455,0.0,0.0,0.0,0.0,30.488747,21.02552,4.2606564,20.038,4.36,0.7,442579910656.0,457424666624.0,-0.412,0.0,0.0,4.218072,0.442,537.335,0.0,0.0,193316992.0,0.58559,0.30926,2289.39990234375,-1.2721549546051536,-5.161561626190969,,,3137.48230558384,2145.669496645434,2433.1250122070314,2530.3941357421877,2535.932824707031,2617.097969970703,2384.4258586930036,2454.430092199157,18.813211000932085,-70.00423350615347,-57.567176152331925,-12.437057353821544,12.145746816938,9.334035542992547,0.16457930778647678,[],[],245914.9,263321.0,Increasing,Strong Downtrend,57.35,Strong bearish trend across multiple timeframes RSI indicates oversold conditions Bearish MACD crossover
IRCTC,48.66,49.46,49.06,Hold,Strong bearish trend across multiple timeframes Bearish MACD crossover Stochastic indicates oversold conditions,0.0,0.0,0.0,1393.0,0.0,0.035,0.073,58.934,0.37948,0.33233002,0.28364,0.0,0.0,2.451,0.0,0.0,0.0,0.0,41.310448,33.65516,15.110719,34.342,11.274,1.73,553559982080.0,531761397760.0,0.075,0.0,0.0,11.735765,0.097,45.792,0.0,20.56,800000000.0,0.62397,0.1735,691.9500122070312,-1.1005519814681342,-4.558619005926722,,,947.0931229398926,655.0960495884809,720.5630187988281,747.4585083007812,756.0352099609376,759.398062133789,715.4791042916091,726.5882635322251,30.720410297987243,-11.109159240616009,-9.711042443877869,-1.3981167967381403,6.8846965575805905,9.871069300089749,0.05437220382664071,[],[],731538.45,856066.0,Increasing,Strong Downtrend,49.46,Strong bearish trend across multiple timeframes Bearish MACD crossover Stochastic indicates oversold conditions
LICHSGFIN,49.37,48.72,49.05,Hold,Strong bearish trend across multiple timeframes Bearish MACD crossover Declining volume suggests weakening trend,0.0,0.0,0.0,2352.0,0.0,0.076,0.044,153.687,0.98707,0.77322996,0.65067,0.0,0.0,722.142,0.0,0.0,0.0,0.0,5.5525556,8.707654,0.8400323,0.0,34.499,1.8,305394974720.0,2916010950656.0,0.044,0.0,0.0,3.6130686,0.42,660.927,0.0,63.76,550062976.0,0.02338,0.76115996,555.2000122070312,1.4341896357427109,-2.2276946240692097,,,722.8208814566949,475.329321666055,564.3265075683594,585.3034167480469,586.5810205078125,576.72292678833,561.7055535936391,570.2537505146685,39.480470678028304,-8.54819692102933,-8.306347467889163,-0.24184945314016737,22.741403366799627,22.005618275849685,0.05280693021126688,[],[],1807017.4,1722586.0,Decreasing,Strong Downtrend,48.72,Strong bearish trend across multiple timeframes Bearish MACD crossover Declining volume suggests weakening trend
KALYANKJIL,48.36,49.4,48.88,Hold,Strong bearish trend across multiple timeframes Bearish MACD crossover Stochastic indicates oversold conditions,0.0,0.0,0.0,12534.0,0.0,0.313,0.488,259.434,0.13091,0.05645,0.02991,0.0,0.0,103.243,0.0,0.0,0.0,0.0,64.96778,36.076477,10.818437,38.384,2.088,0.3,521079357440.0,559352971264.0,0.486,0.0,0.0,1.9453621,0.126,46.601,0.0,0.0,1032550016.0,0.62778,0.24346,504.1499938964844,-1.1761246832862837,-1.3694610356226655,,,795.4000244140625,399.3999938964844,534.0225006103516,560.4209985351563,547.0434997558593,566.2105006408691,515.965400431191,535.568326811358,39.06892239617821,-19.60292638016699,-17.535698917750306,-2.0672274624166853,12.56699253960376,7.683100333236136,0.2853264538502347,[],[],7182115.6,3445371.0,Decreasing,Strong Downtrend,49.4,Strong bearish trend across multiple timeframes Bearish MACD crossover Stochastic indicates oversold conditions
GRINDWELL,35.78,61.36,48.57,Sell,Strong bearish trend across multiple timeframes Bullish MACD crossover Strong volume supporting price action,0.0,0.0,0.0,2429.0,0.0,-0.003,0.013,253.702,0.54166,0.14781,0.1317,0.0,0.0,3.681,0.0,0.0,0.0,0.0,46.727436,37.095913,7.6750507,33.696,5.884,1.09,173221724160.0,165306105856.0,0.014,0.0,0.0,6.1656985,0.361,203.712,0.0,0.0,110720000.0,0.58305,0.21222,1563.5,0.9621609614467896,2.0161832771952826,,,2606.079328372314,1342.6953674667652,1513.7600036621093,1627.146171875,1666.0991955566406,1750.1950018310547,1539.7596118973343,1561.653777876705,66.01124350001228,-21.894165979370655,-37.831861501842795,15.93769552247214,73.07862758782254,75.965848437936,0.08928914797692859,[],[],54373.3,23505.0,Increasing,Downtrend,61.36,Strong bearish trend across multiple timeframes Bullish MACD crossover Strong volume supporting price action
TORNTPOWER,43.05,53.8,48.42,Hold,Strong bearish trend across multiple timeframes RSI indicates oversold conditions Bearish MACD crossover,0.0,0.0,0.0,7969.0,0.0,-0.125,-0.282,567.719,0.26243,0.13822,0.098000005,0.0,0.0,48.528,0.0,0.0,0.0,0.0,22.125473,40.545094,3.5108147,13.984,2.5,1.55,618843930624.0,700973907968.0,-0.248,0.0,0.0,2.2071693,0.396,349.577,0.0,30.27,503904000.0,0.6229,0.24892999,1227.300048828125,-1.6822878457558588,-4.266766862080729,,,2007.619084117887,1202.9704790719366,1303.925,1362.7499975585938,1411.2548596191407,1426.4400689697266,1279.9714355246604,1309.9945649387992,19.017678249994077,-30.023129414138793,-24.43163085749479,-5.591498556644005,5.182031889090022,7.693992420686161,0.12041761313781926,[],[],522028.6,430488.0,Decreasing,Strong Downtrend,53.8,Strong bearish trend across multiple timeframes RSI indicates oversold conditions Bearish MACD crossover
CONCOR,45.45,51.05,48.25,Hold,Strong bearish trend across multiple timeframes Bearish MACD crossover Stochastic indicates oversold conditions,0.0,0.0,0.0,0.0,0.0,0.024,0.035,117.262,0.38108003,0.12588,0.14513,0.0,0.0,6.899,0.0,0.0,0.0,0.0,31.057125,18.827204,3.2442126,19.085,4.167,1.21,401639211008.0,372402978816.0,0.032,0.0,0.0,4.493855,0.157,162.551,0.0,28.01,761617984.0,0.54799,0.4246,527.3499755859375,-0.28363431393526595,-3.750693176205222,,,965.7789463087223,479.5788920211633,547.7572875976563,580.2064807128907,579.5611053466797,612.7606059265137,540.440976368022,555.2431327505433,33.351190751767916,-14.802156382521275,-14.144918684894765,-0.6572376976265097,11.451738305537901,10.176105792317836,0.12015831501009315,[],[],1332277.4,826127.0,Decreasing,Strong Downtrend,51.05,Strong bearish trend across multiple timeframes Bearish MACD crossover Stochastic indicates oversold conditions
LTTS,40.88,55.37,48.12,Hold,Strong bearish trend across multiple timeframes Bullish MACD crossover Strong volume supporting price action,0.0,0.0,0.0,21028.0,0.0,0.164,0.007,1046.067,0.45492,0.13304,0.11457,0.0,0.0,9.473,0.0,0.0,0.0,0.0,35.334225,28.58932,7.354977,24.774,3.864,1.3,447196856320.0,427879890944.0,0.007,0.0,0.0,4.03815,0.213,574.237,0.0,147.73,105883000.0,0.74104,0.14586,4223.5,-0.06624718588100764,-1.1861914041392474,,,5928.154648573642,3931.1564735945385,4232.955029296875,4297.644033203125,4303.9742504882815,4633.683067626953,4257.188261265234,4262.39745549953,53.89079952278929,-5.209194234295865,-14.762746837698565,9.5535526034027,45.022500527871635,58.288280956738,0.06263178068375758,[],[],43535.75,28840.0,Increasing,Strong Downtrend,55.37,Strong bearish trend across multiple timeframes Bullish MACD crossover Strong volume supporting price action
BANDHANBNK,41.77,54.37,48.07,Hold,Bearish MACD crossover Declining volume suggests weakening trend High volatility detected,0.0,0.0,0.0,75032.0,0.0,-0.224,-0.65,62.195,0.0,0.22322,0.205,0.0,0.0,0.0,0.0,0.0,0.0,0.0,12.690196,5.0689225,1.0611714,0.0,2.966,0.93,260735844352.0,297144844288.0,-0.65,0.0,0.0,2.6025636,0.445,152.473,0.0,31.92,1610969984.0,0.46769002,0.26397,161.8000030517578,-0.6935430398453568,-6.59816022495241,,,213.48972540941415,126.99983993801509,166.74633560180663,173.89487274169923,169.58750213623046,161.13738586425782,167.22923402878695,169.0829719763683,47.017989808353036,-1.853737947581351,-1.5163832744480048,-0.3373546731333461,12.432473870909048,25.253251489925916,0.11302430256610663,[],[],3620219.0,3480939.0,Decreasing,Sideways,54.37,Bearish MACD crossover Declining volume suggests weakening trend High volatility detected
SUNPHARMA,49.57,46.45,48.01,Hold,Strong bearish trend across multiple timeframes Bearish MACD crossover Strong volume supporting price action,0.0,0.0,0.0,43000.0,0.0,0.095,-0.195,224.239,0.78248,0.24344999,0.19287,0.0,0.0,3.259,0.0,0.0,0.0,0.0,36.765045,48.79131,5.297483,23.41,6.677,1.0,3825731633152.0,3590813646848.0,-0.196,0.0,0.0,7.114055,0.313,300.992,0.0,32.68,2399330048.0,0.55612,0.2474,1594.5,0.5549630509619208,-2.8809871739184367,,,1942.2129644874753,1547.9543734723854,1620.3799926757813,1658.0270434570311,1685.8295043945313,1714.1243041992188,1617.5485966221909,1634.2261310985155,52.120528035629256,-16.67753447632458,-13.94822523444252,-2.7293092418820617,27.05888463680569,36.37377913193304,0.05484150592647238,[],[],2580281.05,3176534.0,Increasing,Strong Downtrend,46.45,Strong bearish trend across multiple timeframes Bearish MACD crossover Strong volume supporting price action
GRAPHITE,38.59,57.41,48.0,Sell,Bearish MACD crossover Stochastic indicates oversold conditions Declining volume suggests weakening trend,0.0,0.0,0.0,1678.0,0.0,-0.087,-0.433,127.914,0.52035,0.028570002,0.14380999,0.0,0.0,2.943,0.0,0.0,0.0,0.0,27.775965,9.933878,1.7013226,38.393,2.785,2.15,99798056960.0,69544853504.0,-0.435,0.0,0.0,3.9966705,1.222,300.237,0.0,0.0,195376000.0,0.65958,0.12377,510.79998779296875,-0.9117385464658123,-5.6171514649621335,,,611.671781892142,358.89784025832853,534.1049957275391,547.29724609375,520.2195303344727,501.2483839416504,529.5267146482619,536.7057775391502,38.76184108941426,-7.179062890888304,-4.564519340001281,-2.6145435508870225,11.36521866879747,18.417299114319274,0.10946779545730917,[],[],813832.25,272063.0,Decreasing,Sideways,57.41,Bearish MACD crossover Stochastic indicates oversold conditions Declining volume suggests weakening trend
TATACONSUM,38.11,57.67,47.89,Sell,Strong bearish trend across multiple timeframes Bullish MACD crossover Declining volume suggests weakening trend,0.0,0.0,0.0,10595.0,0.0,0.098,0.105,183.1,0.40660998,0.09584,0.07328,0.0,0.0,11.186,0.0,0.0,0.0,0.0,79.38897,71.31192,5.2707872,45.194,5.879,0.77,1054249582592.0,1060942381056.0,0.151,0.0,0.0,5.8422914,0.424,202.133,0.0,14.94,989534016.0,0.34375,0.31676,1065.4000244140625,0.2823795115831862,-1.7249286590720558,,,1225.2193886679818,876.4046328021277,1069.060009765625,1081.9800122070312,1099.176123046875,1029.4672314453126,1073.4426009645595,1074.151201888117,55.34919280311034,-0.7086009235574693,-1.286030797113161,0.5774298735556918,45.56845838177038,53.30768448268055,0.058469962656614215,[],[],708076.8,1079893.0,Decreasing,Sideways,57.67,Strong bearish trend across multiple timeframes Bullish MACD crossover Declining volume suggests weakening trend
ETERNAL,19.14,76.46,47.8,Strong Sell,Bearish MACD crossover Strong volume supporting price action High volatility detected,0.0,0.0,0.0,16375.0,0.0,0.704,-0.893,26.715,0.58589,-0.02777,0.01289,0.0,0.0,6.747,0.0,0.0,0.0,0.0,897.00006,112.15865,10.096804,472.552,11.109,0.0,2852910792704.0,2577769955328.0,-0.901,0.0,0.0,12.2949095,0.328,31.094,0.0,0.0,9079919616.0,0.30278,0.48115003,313.95001220703125,-0.491279807597067,-2.439395861937632,,,331.3500061035156,194.8000030517578,311.89499816894534,287.74019805908205,,,315.2761569266983,306.71523680324987,61.42324023751151,8.560920123448454,10.189147952826167,-1.6282278293777122,59.81676963560699,66.11664402035917,0.10367666643610801,[],[],70642125.5,62441100.0,Increasing,Sideways,76.46,Bearish MACD crossover Strong volume supporting price action High volatility detected
CAMS,44.08,51.43,47.75,Hold,Strong bearish trend across multiple timeframes Bearish MACD crossover Stochastic indicates oversold conditions,0.0,0.0,0.0,7932.0,0.0,0.069,0.004,292.868,0.65462995,0.37678,0.32595003,0.0,0.0,7.911,0.0,0.0,0.0,0.0,38.91199,32.758003,16.373608,28.365,12.264,1.19,183413702656.0,177249107968.0,0.008,0.0,0.0,12.690946,0.154,226.291,0.0,0.0,49496400.0,0.03767,0.58862996,3705.199951171875,1.298630304128201,-5.116518535931503,,,5301.947964899499,3008.406776566888,3792.621618652344,3998.01634765625,3945.4544897460937,4042.1631604003906,3781.3769534405087,3848.7721521600133,46.866139092435446,-67.3951987195046,-61.633671082641904,-5.761527636862702,11.34648911275526,15.21069120473885,0.0822629274265306,[],[],378537.85,334539.0,Decreasing,Strong Downtrend,51.43,Strong bearish trend across multiple timeframes Bearish MACD crossover Stochastic indicates oversold conditions
WHIRLPOOL,31.59,63.59,47.59,Sell,Bullish MACD crossover Declining volume suggests weakening trend High volatility detected,0.0,0.0,0.0,2193.0,0.0,-0.026,0.013,619.189,0.34463,0.06479,0.04595,0.0,0.0,7.126,0.0,0.0,0.0,0.0,45.667133,28.96659,4.1756024,29.236,1.816,0.38,165009719296.0,142610939904.0,0.013,0.0,0.0,2.1007419,0.274,311.476,0.0,0.0,126872000.0,0.51,0.35884,1300.5999755859375,0.3084991574361595,-0.7966424815469164,,,2440.289555852968,895.5466107079515,1288.9851440429688,1344.8662182617188,1283.7218493652344,1366.3284729003906,1293.6443242595608,1307.46412752569,52.40943128592806,-13.819803266129156,-18.37921078797882,4.559407521849664,64.42488742383152,63.084981353772456,0.09121181691744214,[],[],160143.85,63439.0,Decreasing,Downtrend,63.59,Bullish MACD crossover Declining volume suggests weakening trend High volatility detected
MRF,39.94,54.62,47.28,Sell,Bearish MACD crossover Declining volume suggests weakening trend High volatility detected,0.0,0.0,0.0,17850.0,0.0,0.067,-0.124,67553.3,0.34547,0.0837,0.06278,0.0,0.0,20.397,0.0,0.0,0.0,0.0,33.222557,26.60457,3.2334242,15.109,2.081,0.3,598462496768.0,596243120128.0,-0.124,0.0,0.0,2.0888538,0.333,43593.105,0.0,5298.15,4241140.0,0.47962,0.17712,140955.0,-0.9277807063784893,-4.840506329113925,,,152767.25626352726,101968.69403906824,144254.5,144979.5159375,139582.764375,128465.0290625,144132.68591657846,144682.35170892224,43.08688387635756,-549.6657923437888,-234.86407460062009,-314.8017177431687,36.40985529917874,51.018989266936096,0.08779583612662502,[],[],6561.4,7056.0,Decreasing,Sideways,54.62,Bearish MACD crossover Declining volume suggests weakening trend High volatility detected
ROUTE,40.15,54.26,47.2,Hold,Strong bearish trend across multiple timeframes Bullish MACD crossover Stochastic indicates oversold conditions,0.0,0.0,0.0,520.0,0.0,-0.048,-0.325,718.476,0.14883,0.0915,0.064899996,0.0,0.0,19.0,0.0,0.0,0.0,0.0,18.180746,11.171937,2.1968129,8.788,0.993,1.65,53418815488.0,44910264320.0,-0.322,0.0,0.0,1.1810404,0.293,385.991,0.0,75.9,62997600.0,0.74858004,0.10007,847.9500122070312,-0.8767315322902647,-4.975622187892393,,,1690.4819803915696,847.0,877.8824981689453,937.034306640625,957.0488128662109,1091.3164556884765,873.9806482512636,893.9971120202023,40.79084476657805,-20.016463768938706,-20.321744097537575,0.3052803285988688,5.127900433311031,14.277788780195031,0.07421581724573079,[],[],66708.2,67492.0,Decreasing,Strong Downtrend,54.26,Strong bearish trend across multiple timeframes Bullish MACD crossover Stochastic indicates oversold conditions
THERMAX,43.42,50.78,47.1,Hold,Strong bearish trend across multiple timeframes Bearish MACD crossover Strong volume supporting price action,0.0,0.0,0.0,5601.0,0.0,-0.016,0.315,919.322,0.45481998,0.08196,0.06481,0.0,0.0,34.752,0.0,0.0,0.0,0.0,53.764668,39.905453,7.318459,36.155,3.393,0.44,361316909056.0,351337283584.0,0.316,0.0,0.0,3.489481,0.226,438.289,0.0,80.38,112644000.0,0.73684,0.20445,3207.60009765625,0.6558554870121691,-0.9143659323518127,,,5696.018202674428,2938.1952228728974,3362.6349853515626,3491.926142578125,3444.2151342773436,3681.998006591797,3281.158613709801,3381.0920756487812,33.10925266246818,-99.93346193898014,-90.04754455616245,-9.885917382817695,24.023416184238428,24.381815596121424,0.24696636887670606,[],[],426578.35,168858.0,Increasing,Strong Downtrend,50.78,Strong bearish trend across multiple timeframes Bearish MACD crossover Strong volume supporting price action
KPITTECH,38.47,55.67,47.07,Sell,Strong bearish trend across multiple timeframes Bullish MACD crossover Strong volume supporting price action,0.0,0.0,0.0,12873.0,0.0,0.128,-0.159,221.444,0.34585,0.16962999,0.13419,0.0,0.0,11.842,0.0,0.0,0.0,0.0,40.32859,32.219635,11.087414,28.017,5.163,0.71,323461251072.0,310614687744.0,-0.158,0.0,0.0,5.376258,-0.033,107.374,0.0,0.0,271702016.0,0.45515,0.26731002,1190.5,0.5150266345996801,-0.5097756736080927,,,1863.526291357532,1015.6100283950327,1205.1,1240.9135913085938,1259.824444580078,1309.760565185547,1201.3429137387322,1215.1604350725368,49.86688156250068,-13.817521333804507,-14.393340576465889,0.5758192426613817,24.725059354530142,25.748931757411743,0.03282884203480806,[],[],730183.6,730129.0,Increasing,Strong Downtrend,55.67,Strong bearish trend across multiple timeframes Bullish MACD crossover Strong volume supporting price action
DEEPAKNTR,41.85,51.5,46.67,Hold,Strong bearish trend across multiple timeframes Bullish MACD crossover Declining volume suggests weakening trend,0.0,0.0,0.0,1757.0,0.0,-0.128,-0.446,586.939,0.22713,0.07318,0.07582,0.11849,0.0,23.356,0.0,0.0,0.0,0.0,40.159477,26.84277,4.525367,25.343,3.095,0.42,243917848576.0,247762124800.0,-0.446,0.0,0.0,3.04708,0.117,395.084,0.0,0.0,136392992.0,0.49776,0.25768,1787.9000244140625,-1.2046155355033283,-0.9583385345530271,,,3011.337982082546,1774.6558662628224,1825.3299926757813,1890.01796875,1929.7796447753906,2120.4041400146484,1823.0751128905251,1844.242980617178,46.24106966621636,-21.167867726652958,-22.705756883026172,1.5378891563732147,37.97384025224674,52.34202133544392,0.04974977231177764,[],[],132128.25,113754.0,Decreasing,Strong Downtrend,51.5,Strong bearish trend across multiple timeframes Bullish MACD crossover Declining volume suggests weakening trend
GMMPFAUDLR,27.63,65.57,46.6,Sell,RSI indicates oversold conditions Bearish MACD crossover Stochastic indicates oversold conditions,0.0,0.0,0.0,744.0,0.0,0.012,-0.559,713.736,0.56648,0.08211,0.01275,0.0,0.0,82.593,0.0,0.0,0.0,0.0,129.87872,22.7853,5.1779537,17.583,1.779,0.17,52959580160.0,57083609088.0,-0.559,0.0,0.0,1.6508391,0.09,227.503,0.0,0.0,44957200.0,0.41474,0.22006,1178.0,-1.1081222055868256,-3.5296025262187225,,,1475.1493143190805,990.3417291023092,1270.2549926757813,1270.83580078125,1184.7512951660156,1174.882204284668,1229.749329688505,1255.727854156716,25.281400351439103,-25.978524468210935,-12.383853633367927,-13.594670834843008,5.539903896346991,4.7122180238586315,0.193096217562143,[],[],50962.1,37201.0,Decreasing,Sideways,65.57,RSI indicates oversold conditions Bearish MACD crossover Stochastic indicates oversold conditions
TRITURBINE,36.38,56.29,46.34,Sell,Strong bearish trend across multiple timeframes Bullish MACD crossover Declining volume suggests weakening trend,0.0,0.0,0.0,928.0,0.0,-0.199,-0.194,60.423,0.50115,0.17748,0.17854999,0.0,0.0,3.206,0.0,0.0,0.0,0.0,48.06481,140.6775,13.402007,38.199,8.289,0.77,165011505152.0,158640717824.0,-0.194,0.0,0.0,8.622191,0.262,38.733,0.0,3.69,317880000.0,0.59805,0.26172,519.0999755859375,-0.9351191629890288,-3.0625629157913115,,,881.9361040925888,460.29998779296875,535.5374908447266,591.8139990234375,574.0450006103515,613.1744380187988,531.3323223229855,551.4038119213674,49.6387287060737,-20.071489598381845,-22.3401179031582,2.268628304776353,51.74521999524793,51.46084687507075,0.19646725744350438,[],[],980961.25,965572.0,Decreasing,Strong Downtrend,56.29,Strong bearish trend across multiple timeframes Bullish MACD crossover Declining volume suggests weakening trend
HAPPSTMNDS,40.94,51.51,46.22,Hold,Strong bearish trend across multiple timeframes Bearish MACD crossover Stochastic indicates oversold conditions,0.0,0.0,0.0,4886.0,0.0,0.358,-0.341,142.538,0.32516,0.23209,0.08885,0.0,0.0,0.0,0.0,0.0,0.0,0.0,44.6327,25.127293,5.3845563,0.0,0.0,1.24,84784062464.0,0.0,-0.288,0.0,0.0,3.949102,0.096,104.939,0.0,0.0,150047008.0,0.46258998,0.15377,565.0499877929688,-0.2999580427051174,-4.520108237879528,,,825.5626854429854,516.4392664977645,587.2274963378907,611.9975573730469,602.1980432128906,649.8551675415039,582.685228976605,592.2816053061864,31.992224260686896,-9.596376329581403,-8.383202579199578,-1.2131737503818254,6.481141803102492,11.331460934125003,0.07436763327484369,[],[],311065.55,139319.0,Decreasing,Strong Downtrend,51.51,Strong bearish trend across multiple timeframes Bearish MACD crossover Stochastic indicates oversold conditions
ASTRAZEN,34.28,58.14,46.21,Sell,Bearish MACD crossover Strong volume supporting price action High volatility detected,0.0,0.0,0.0,600.0,0.0,0.358,0.0,741.858,0.44274,0.12262999,0.09884,0.0,0.0,4.638,0.0,0.0,0.0,0.0,114.93683,0.0,27.456675,72.638,11.132,0.38,211735855104.0,206508392448.0,0.0,0.0,0.0,11.413839,0.126,308.14,0.0,0.0,25000000.0,0.81589997,0.06136,8460.5,1.5788209869131986,0.8162535748331701,,,10654.58192950054,6198.812075243067,8583.0,8852.5653515625,8759.341088867188,7935.510012207032,8425.923882855332,8610.013500850104,42.13516746411483,-184.0896179947722,-172.71770088173074,-11.371917113041462,30.616560924027983,20.531621359449222,0.135930089375243,[],[],33085.5,24461.0,Increasing,Sideways,58.14,Bearish MACD crossover Strong volume supporting price action High volatility detected
SKFINDIA,37.61,54.17,45.89,Sell,Bearish MACD crossover Declining volume suggests weakening trend High volatility detected,0.0,0.0,0.0,1727.0,0.0,0.064,-0.255,1010.99,0.37258,0.112799995,0.105100006,0.0,0.0,0.266,0.0,0.0,0.0,0.0,41.839424,31.049143,8.44908,29.595,4.252,0.33,219504721920.0,212465549312.0,-0.256,0.0,0.0,4.392862,0.323,525.501,0.0,0.0,49438000.0,0.53116,0.29279,4440.0,-1.1554109279387603,-1.534644555911191,,,5563.873386939384,3530.7663158911523,4582.090014648437,4742.74396484375,4503.906477050781,4372.645562744141,4528.717413651708,4609.732292941996,38.26311583395701,-81.01487929028826,-78.6125386411131,-2.4023406491751587,27.011864327865485,28.281591231702876,0.13271284371079026,[],[],25504.95,37386.0,Decreasing,Sideways,54.17,Bearish MACD crossover Declining volume suggests weakening trend High volatility detected
IDFCFIRSTB,32.33,58.93,45.63,Sell,Bearish MACD crossover Strong volume supporting price action High volatility detected,0.0,0.0,0.0,42190.0,0.0,0.043,-0.322,28.513,0.0,0.10383,0.06202,0.03599,0.00389,0.0,0.0,0.0,0.0,0.0,39.07471,12.312613,1.2820561,0.0,3.671,0.37,498926911488.0,770220949504.0,-0.294,0.0,0.0,2.3779235,0.604,53.032,0.0,0.0,7338240000.0,0.11326,0.36121,67.98999786376953,-0.08817808272931771,-2.4253766274463073,,,78.19406329631497,52.288854643874124,69.33850059509277,71.79638488769531,69.34133060455322,65.25610683441163,69.22404412621052,69.92981232141217,44.49901260197179,-0.7057681952016566,-0.6184571003740472,-0.08731109482760935,12.253428007190337,24.18539734228135,0.05698504874342301,[],[],14407926.05,20587732.0,Increasing,Sideways,58.93,Bearish MACD crossover Strong volume supporting price action High volatility detected
MFSL,13.17,78.1,45.63,Strong Sell,Strong bullish trend across multiple timeframes RSI indicates overbought conditions Bullish MACD crossover,0.0,0.0,0.0,10.0,0.0,0.087,-0.451,1381.553,0.1183,0.01039,0.00567,0.0,0.0,22.445,0.0,0.0,0.0,0.0,200.02496,112.041954,10.524103,74.025,1.19,0.0,550555942912.0,565534195712.0,-0.453,0.0,0.0,1.1585442,0.709,152.241,0.0,14.3,343624992.0,0.025729999,0.83939004,1602.199951171875,-0.4040529742830534,-3.435390650761627,,,1674.800048828125,950.0,1575.5999938964844,1577.3460009765624,1471.1669982910157,1288.0372512817382,1610.161647720642,1586.80226862905,70.02882148519852,23.35937909159179,21.066970365368842,2.2924087262229484,64.53609099521377,74.8558190982152,0.16450235531470828,[],[],527211.7,344013.0,Decreasing,Strong Uptrend,78.1,Strong bullish trend across multiple timeframes RSI indicates overbought conditions Bullish MACD crossover
AUROPHARMA,45.43,45.22,45.33,Hold,Strong bearish trend across multiple timeframes Bearish MACD crossover Stochastic indicates oversold conditions,0.0,0.0,0.0,27707.0,0.0,0.04,-0.095,550.669,0.58805,0.15222,0.105900005,0.0,0.0,25.31,0.0,0.0,0.0,0.0,17.63727,16.501846,1.827797,8.971,1.865,0.39,597006352384.0,597224259584.0,-0.103,0.0,0.0,1.8641971,0.132,562.371,0.0,62.29,580801984.0,0.54153997,0.29633,1027.9000244140625,0.1558974480966313,-2.1420410774029675,,,1586.0463578222204,1006.2228922021169,1060.79189453125,1103.4195776367187,1135.7753479003907,1162.3619128417968,1052.0775190259467,1072.3901669284835,45.707388284195204,-20.31264790253681,-18.228090334449508,-2.084557568087302,10.17600658743176,16.376525797863923,0.07751231540777297,[],[],1403436.5,882168.0,Decreasing,Strong Downtrend,45.22,Strong bearish trend across multiple timeframes Bearish MACD crossover Stochastic indicates oversold conditions
PSPPROJECT,20.98,69.31,45.15,Sell,Strong bullish trend across multiple timeframes Bullish MACD crossover Declining volume suggests weakening trend,0.0,0.0,0.0,0.0,0.0,-0.169,-0.988,614.5,0.12442,0.01526,0.00921,0.0,0.0,22.46,0.0,0.0,0.0,0.0,121.882774,14.6898575,2.2369134,20.469,1.124,0.0,27202203648.0,27049359360.0,-0.988,0.0,0.0,1.1302105,0.061,306.762,0.0,0.0,39641800.0,0.71086,0.083409995,686.2000122070312,-1.9784266591592936,2.2348032966622355,,,843.4500122070312,565.4000244140625,682.4125,742.3530017089844,697.758999633789,669.8747494506836,686.2059684214098,702.3513014282258,50.56223810382555,-16.14533300681603,-21.299751184472537,5.154418177656506,71.6164613844211,69.56976479063194,0.14426241046262261,[],[],352050.85,44917.0,Decreasing,Sideways,69.31,Strong bullish trend across multiple timeframes Bullish MACD crossover Declining volume suggests weakening trend
IRCON,38.27,51.14,44.7,Sell,Strong bearish trend across multiple timeframes Bearish MACD crossover Stochastic indicates oversold conditions,0.0,0.0,0.0,834.0,0.0,-0.219,-0.265,109.043,0.11096,0.09111,0.06511,0.0,0.0,67.576,0.0,0.0,0.0,0.0,22.580282,15.371045,2.385395,17.998,1.386,1.65,150783524864.0,142179958784.0,-0.265,0.0,0.0,1.4698069,0.601,67.209,0.0,10.43,940515968.0,0.65169,0.03132,160.32000732421875,-0.5026981530738772,-6.349667014525573,,,262.5748194789889,134.24000549316406,168.70900039672853,183.1038003540039,180.7836001586914,183.7895706176758,166.80271108401297,172.01179268384604,42.29139756053607,-5.20908159983307,-5.149810616379795,-0.05927098345327497,9.767642149763123,17.23910610467844,0.11139913931111725,[],[],2013128.75,1516319.0,Decreasing,Strong Downtrend,51.14,Strong bearish trend across multiple timeframes Bearish MACD crossover Stochastic indicates oversold conditions
INDUSINDBK,28.01,60.13,44.07,Sell,Strong bearish trend across multiple timeframes RSI indicates oversold conditions Bearish MACD crossover,0.0,0.0,0.0,44974.0,0.0,-0.259,-0.722,228.772,0.0,0.16028999,0.056599997,0.0,0.0,0.0,0.0,0.0,0.0,0.0,57.14838,7.6568646,0.88837904,0.0,2.916,1.92,576126648320.0,519680294912.0,-0.722,0.0,0.0,3.232408,0.646,832.415,0.0,96.58,779075968.0,0.1689,0.48805,739.5,-0.9509745269366432,-2.710166589606533,,,1498.0,606.0,777.9600006103516,819.5780004882813,810.1250012207031,874.3605017089844,764.8326732857333,784.5428603928176,29.321137669051453,-19.710187107084266,-17.479507844101256,-2.23067926298301,3.122910731498404,4.47329000722272,0.11184802063152863,[],[],3588045.7,2538543.0,Decreasing,Strong Downtrend,60.13,Strong bearish trend across multiple timeframes RSI indicates oversold conditions Bearish MACD crossover
CROMPTON,30.2,57.75,43.98,Sell,Strong bearish trend across multiple timeframes Bullish MACD crossover Declining volume suggests weakening trend,0.0,0.0,0.0,2333.0,0.0,-0.065,-0.195,119.997,0.32939,0.07616,0.06816,0.0,0.0,12.438,0.0,0.0,0.0,0.0,40.342297,45.020466,6.266973,26.699,2.734,0.91,212471480320.0,211170918400.0,-0.194,0.0,0.0,2.7507248,0.205,52.657,0.0,7.33,643852992.0,0.0029300002,0.78670996,330.0,1.8361402348926026,4.199553924953547,,,479.72940569011513,298.34412991637464,322.54000396728514,333.67173461914064,336.35678009033205,349.94900741577146,324.4597200878233,326.25596090007684,62.146205026184646,-1.7962408122535294,-3.231592348380041,1.4353515361265115,67.56393197396112,63.77709841607987,0.05004915981760543,[],[],2097694.9,3392084.0,Decreasing,Downtrend,57.75,Strong bearish trend across multiple timeframes Bullish MACD crossover Declining volume suggests weakening trend
BERGEPAINT,30.04,57.41,43.72,Sell,Bearish MACD crossover Stochastic indicates oversold conditions Declining volume suggests weakening trend,0.0,0.0,0.0,4760.0,0.0,0.036,-0.109,100.002,0.4044,0.13573,0.09794,0.0,0.0,10.869,0.0,0.0,0.0,0.0,54.332314,43.1331,10.097756,40.718,5.319,0.71,621419364352.0,619903123456.0,-0.11,0.0,0.0,5.3320303,0.471,52.784,0.0,0.0,1165890048.0,0.90850997,0.1441,533.0,0.8514664143803197,1.1385199240986799,,,625.3033370363257,434.8316579245351,543.1585296630859,559.0773620605469,555.5015841674805,516.1927615356445,535.2566273793534,544.378500575023,39.35103198100455,-9.12187319566965,-8.313707797903238,-0.8081653977664125,16.25450140054069,10.060011097710602,0.10925830926767842,[],[],542553.0,258794.0,Decreasing,Sideways,57.41,Bearish MACD crossover Stochastic indicates oversold conditions Declining volume suggests weakening trend
ONGC,39.65,46.68,43.16,Sell,Strong bearish trend across multiple timeframes Bearish MACD crossover Strong volume supporting price action,0.0,0.0,0.0,24378.0,0.0,-0.021,-0.014,522.333,0.18049,0.1013,0.05486,0.0,0.0,50.187,0.0,0.0,0.0,0.0,8.157417,6.5410023,0.85608375,5.34,0.73,6.31,2941263806464.0,4799893864448.0,-0.013,0.0,0.0,0.44754097,0.383,272.999,0.0,35.73,12580299776.0,0.69208,0.21823,233.7100067138672,0.1371126976543957,-1.091872972014274,,,320.0240242396589,205.0,235.65049896240234,240.55760009765626,241.64800003051758,242.57043281555175,235.56576767789585,237.26964820756334,50.904233519647846,-1.7038805296674866,-1.6188489242592874,-0.0850316054081992,24.541545880559724,29.796600516176934,0.03225162515560768,[],[],8329089.55,9928988.0,Increasing,Strong Downtrend,46.68,Strong bearish trend across multiple timeframes Bearish MACD crossover Strong volume supporting price action
INDIGOPNTS,38.57,47.62,43.09,Sell,Strong bearish trend across multiple timeframes Bearish MACD crossover Declining volume suggests weakening trend,0.0,0.0,0.0,1045.0,0.0,-0.007,-0.013,280.981,0.45859,0.09547,0.10569999,0.0,0.0,2.646,0.0,0.0,0.0,0.0,37.177147,29.632633,5.085036,21.358,3.739,0.32,52383879168.0,50045227008.0,-0.01,0.0,0.0,3.9134092,0.369,216.262,0.0,0.0,47634700.0,0.53924,0.31656998,1099.699951171875,0.21870976368887352,-3.161326627850547,,,1715.0142702473443,907.2039086126512,1144.3848388671875,1165.3171557617188,1095.0528338623046,1170.0607104492187,1124.9574277886195,1141.0216491096662,31.986260766755407,-16.064221321046716,-11.253200664337452,-4.811020656709264,23.55029295639469,28.816536458424054,0.1633068852276328,[],[],44952.1,34820.0,Decreasing,Strong Downtrend,47.62,Strong bearish trend across multiple timeframes Bearish MACD crossover Declining volume suggests weakening trend
SYMPHONY,32.33,52.83,42.58,Sell,Strong bearish trend across multiple timeframes Bullish MACD crossover Stochastic indicates oversold conditions,0.0,0.0,0.0,486.0,0.0,-0.527,-0.524,208.309,0.48150003,0.09562001,0.11613,0.0,0.0,18.628,0.0,0.0,0.0,0.0,35.84101,30.321636,8.4270115,26.541,4.437,0.43,64091017216.0,63606919168.0,-0.523,0.0,0.0,4.4703226,0.233,110.751,0.0,30.78,68671400.0,0.75782996,0.11416,933.2999877929688,-0.9761286161306337,-2.932918586274702,,,1860.8694616163223,925.7999877929688,979.5376739501953,1063.9153430175782,1124.6811309814452,1189.8310433959962,959.9328317834859,1001.3794172701183,35.19592614295972,-41.44658548663244,-42.35291456733406,0.9063290807016173,13.828344697028099,12.90653453857454,0.216529999969979,[],[],73253.95,19699.0,Decreasing,Strong Downtrend,52.83,Strong bearish trend across multiple timeframes Bullish MACD crossover Stochastic indicates oversold conditions
BHEL,19.13,65.43,42.28,Strong Sell,RSI indicates oversold conditions Bearish MACD crossover Stochastic indicates oversold conditions,0.0,0.0,0.0,41132.0,0.0,0.0,0.0,81.325,0.32708,-0.11148,0.01023,0.0,0.0,36.464,0.0,0.0,0.0,0.0,250.61446,27.441952,2.9297595,110.994,2.625,0.24,724303282176.0,743877312512.0,0.0,0.0,0.0,2.5556307,0.777,70.999,0.0,7.58,3482060032.0,0.64233,0.17953,208.00999450683594,-0.23979665875614176,-4.840112543256736,,,294.3315304372383,175.63094183264417,222.57649917602538,241.4762661743164,240.491494140625,228.1621826171875,216.3413624539425,225.33840535215188,23.82478051918976,-8.997042898209372,-8.370365943339232,-0.6266769548701401,5.832084834814608,3.0638311874004844,0.2069225352835141,[],[],7359587.3,6491590.0,Decreasing,Strong Downtrend,65.43,RSI indicates oversold conditions Bearish MACD crossover Stochastic indicates oversold conditions
VGUARD,26.37,57.41,41.89,Sell,Strong bearish trend across multiple timeframes Bullish MACD crossover Declining volume suggests weakening trend,0.0,0.0,0.0,3133.0,0.0,-0.007,-0.253,127.253,0.35158002,0.066350006,0.05184,0.0,0.0,6.365,0.0,0.0,0.0,0.0,55.220367,60.558334,7.5477777,35.5,2.855,0.41,158418419712.0,158929108992.0,-0.254,0.0,0.0,2.8457718,0.13,48.14,0.0,6.0,435993984.0,0.57173,0.32048,363.3500061035156,1.6079418070075624,-2.3777554576201676,,,475.1616296799235,298.84379967142706,366.45250396728517,380.40534606933596,374.6948843383789,378.9576124572754,366.1769371726401,371.1609280773147,53.27028770220607,-4.983990904674556,-5.058167561705305,0.0741766570307485,36.616223267834584,44.71386225536616,0.0840367803149094,[],[],196648.75,108550.0,Decreasing,Strong Downtrend,57.41,Strong bearish trend across multiple timeframes Bullish MACD crossover Declining volume suggests weakening trend
GODREJPROP,32.69,50.95,41.82,Sell,Strong bearish trend across multiple timeframes Bullish MACD crossover Declining volume suggests weakening trend,0.0,0.0,0.0,4199.0,0.0,-0.412,0.065,158.498,0.43573,-0.61057,0.32044998,0.0,0.0,71.934,0.0,0.0,0.0,0.0,38.760197,79.33605,3.388412,-974.664,13.547,0.0,586658938880.0,625637064704.0,0.154,0.0,0.0,12.702644,0.483,574.812,0.0,24.55,301206016.0,0.53731996,0.25023,1947.699951171875,-1.8593179919378033,-5.1244559489613035,,,3399.0,1900.0,2017.660009765625,2184.9260107421874,2189.978005371094,2299.857998046875,2012.4966864325042,2065.212786448478,46.55073240411935,-52.71610001597355,-58.10994983794789,5.393849821974335,28.089845402956612,39.83258711937283,0.10458780866417534,[],[],816279.65,718751.0,Decreasing,Strong Downtrend,50.95,Strong bearish trend across multiple timeframes Bullish MACD crossover Declining volume suggests weakening trend
ASTRAL,25.97,56.77,41.37,Sell,Strong bearish trend across multiple timeframes Bullish MACD crossover Declining volume suggests weakening trend,0.0,0.0,0.0,0.0,0.0,-0.016,-0.326,216.332,0.38873002,0.083009996,0.08339,0.0,0.0,6.315,0.0,0.0,0.0,0.0,75.1686,45.43268,10.099225,41.034,6.236,0.28,365289897984.0,362293493760.0,-0.326,0.0,0.0,6.2872615,0.424,134.644,0.0,29.93,268635008.0,0.55293,0.23754999,1359.800048828125,-0.14686443885216782,-4.582129526103184,,,2032.6373759467613,1230.1541251402011,1375.2693603515625,1439.1688696289064,1422.5921130371094,1476.7717883300782,1378.9396472301837,1394.517387343,48.123574741146726,-15.5777401128164,-20.512031894672972,4.934291781856572,58.48093844734809,65.21906624223517,0.14817131043046447,[],[],1289461.5,517230.0,Decreasing,Strong Downtrend,56.77,Strong bearish trend across multiple timeframes Bullish MACD crossover Declining volume suggests weakening trend
SIEMENS,33.92,48.49,41.2,Sell,Strong bearish trend across multiple timeframes Bearish MACD crossover Declining volume suggests weakening trend,0.0,0.0,0.0,9434.0,0.0,-0.165,-0.268,640.457,0.32396,0.103590004,0.10742,0.0,0.0,1.094,0.0,0.0,0.0,0.0,45.047787,35.933613,8.842127,36.403,4.517,0.39,1091047849984.0,1030200754176.0,-0.268,0.0,0.0,4.7836194,0.476,346.489,0.0,85.26,356120992.0,0.76282996,0.090059996,3063.699951171875,0.6736330286843506,-3.450775295756614,,,8113.15043985426,2450.0,3102.235009765625,3140.8080078125,3108.9255078125,4585.808837890625,3098.2188542187755,3113.105186575867,53.60940364260766,-14.886332357091305,-8.93714312301639,-5.949189234074915,40.84945186491935,44.07526706709229,0.0762440051510837,[],[],446553.15,430652.0,Decreasing,Strong Downtrend,48.49,Strong bearish trend across multiple timeframes Bearish MACD crossover Declining volume suggests weakening trend
BIOCON,34.03,48.06,41.05,Sell,Strong bearish trend across multiple timeframes Bearish MACD crossover Declining volume suggests weakening trend,0.0,0.0,0.0,0.0,0.0,0.148,-0.953,131.416,0.60433,0.07456,0.02441,0.0,0.0,66.259,0.0,0.0,0.0,0.0,108.859375,35.11593,1.928229,19.094,3.906,0.14,464897474560.0,615999209472.0,-0.952,0.0,0.0,2.9478557,0.23,180.658,0.0,9.92,1334569984.0,0.56068003,0.27746,348.3500061035156,-1.3871178758625313,-3.101528204863524,,,406.0,290.61144213644866,360.26500091552737,370.3446563720703,351.8110235595703,352.46544326782225,358.0107378855631,363.38799053132345,55.45851673869616,-5.377252645760336,-4.489587976062867,-0.887664669697469,60.270264771607536,63.41171199271474,0.11940589077645734,[],[],3037586.3,1810109.0,Decreasing,Strong Downtrend,48.06,Strong bearish trend across multiple timeframes Bearish MACD crossover Declining volume suggests weakening trend
HATSUN,29.92,51.51,40.72,Sell,Strong bearish trend across multiple timeframes Bullish MACD crossover Declining volume suggests weakening trend,0.0,0.0,0.0,5313.0,0.0,0.091,0.036,400.029,0.30893,0.08636,0.0318,0.0,0.0,149.657,0.0,0.0,0.0,0.0,69.91759,40.214447,11.557225,21.274,2.506,1.35,198435045376.0,223380717568.0,0.036,0.0,0.0,2.2258608,-0.034,77.073,0.0,22.15,222748000.0,0.76619005,0.10715,890.75,-0.5692890243817694,-2.431678833473405,,,1337.6106210226744,854.1925578285621,896.9099975585938,923.9069787597656,923.9364819335938,957.1090219116211,897.4430248553116,905.4102441070453,48.0495631460654,-7.967219251733695,-9.125756597529005,1.1585373457953096,27.296538416714032,32.61151100361872,0.04905118954358804,[],[],24324.55,11662.0,Decreasing,Strong Downtrend,51.51,Strong bearish trend across multiple timeframes Bullish MACD crossover Declining volume suggests weakening trend
RAJESHEXPO,37.44,41.9,39.67,Sell,Strong bearish trend across multiple timeframes Bearish MACD crossover Declining volume suggests weakening trend,0.0,0.0,0.0,0.0,0.0,1.178,0.0,14315.894,0.00119,0.00014,0.00022,0.00611,0.00296,5.833,1.283,0.508,77375537152.0,75265499136.0,84.1875,3.5022001,0.3105938,24.229,0.01,0.0,51788607488.0,40496627712.0,0.0,0.0,0.0,0.012240295,0.109,563.791,0.0,50.0,295260000.0,0.71296996,0.14850001,175.11000061035156,-0.4491150162277524,-7.613165129745192,,,302.95001220703125,151.11000061035156,181.32499923706055,191.9481994628906,193.04529998779296,198.72504989624022,180.67727628293406,184.672514529933,43.10484957824362,-3.9952382469989516,-3.9703323468546636,-0.02490590014428795,12.28263348757585,25.901782620698373,0.10954504417846517,[],[],351096.05,248757.0,Decreasing,Strong Downtrend,41.9,Strong bearish trend across multiple timeframes Bearish MACD crossover Declining volume suggests weakening trend
EASEMYTRIP,35.05,43.86,39.45,Sell,Strong bearish trend across multiple timeframes Bearish MACD crossover Stochastic indicates oversold conditions,0.0,0.0,0.0,0.0,0.0,-0.254,0.0,1.641,0.68157,0.098579995,0.1389,0.0,0.0,5.071,0.0,0.0,0.0,0.0,39.61905,11.093333,4.4349675,18.632,5.384,0.0,30294949888.0,29532010496.0,-0.959,0.0,0.0,5.523105,-0.057,1.876,0.0,0.0,3636849920.0,0.49233,0.03865,8.319999694824219,-1.886790755296608,-7.039107573932402,,,22.190000534057617,8.289999961853027,9.06649990081787,9.87339994430542,10.760899982452393,12.498099999427795,8.81477255839254,9.238138987491075,38.483963393357364,-0.42336642909853417,-0.375370644101133,-0.04799578499740115,7.051258146730099,7.443649526879962,0.21368574518459446,[],[],25866175.35,18269408.0,Decreasing,Strong Downtrend,43.86,Strong bearish trend across multiple timeframes Bearish MACD crossover Stochastic indicates oversold conditions
PRAJIND,25.95,52.46,39.2,Sell,Strong bearish trend across multiple timeframes RSI indicates oversold conditions Bearish MACD crossover,0.0,0.0,0.0,1844.0,0.0,-0.084,-0.937,172.338,0.37101,0.01627,0.0442,0.0,0.0,14.102,0.0,0.0,0.0,0.0,51.2844,17.275938,5.2053957,32.852,2.161,1.53,71972200448.0,68491993088.0,-0.937,0.0,0.0,2.2710593,0.375,75.172,0.0,22.65,183812992.0,0.34631002,0.27593002,391.29998779296875,-1.1244503365840153,-3.999023078131958,,,863.8071738496072,390.0,422.9874984741211,461.39282653808596,474.2253717041016,569.9059954833984,408.8412113443311,428.6856368251691,19.358337506890933,-19.844425480838026,-18.791523129260057,-1.0529023515779699,2.491328391297243,4.631111199986292,0.2540223525487459,[],[],721626.35,583179.0,Decreasing,Strong Downtrend,52.46,Strong bearish trend across multiple timeframes RSI indicates oversold conditions Bearish MACD crossover
ATGL,29.63,45.84,37.73,Sell,Strong bearish trend across multiple timeframes Bearish MACD crossover Strong volume supporting price action,0.0,0.0,0.0,578.0,0.0,0.203,-0.038,47.58,0.31604,0.17232999,0.123789996,0.0,0.0,43.596,0.0,0.0,0.0,0.0,383.83118,0.0,15.452383,59.467,12.712,0.04,650097721344.0,665217269760.0,-0.038,0.0,0.0,12.42316,0.965,38.253,0.0,0.0,1099810048.0,0.79767996,0.07298,591.0999755859375,-0.24470715330398018,-4.314046849706599,,,861.679669518305,532.4020332032183,609.6124938964844,631.9919995117187,638.0098187255859,644.3359606933594,614.3610911132193,619.2150656196994,52.4999976524962,-4.853974506480085,-4.831264559308984,-0.02270994717110142,39.39266715894168,64.03954142373216,0.11564281918990693,[],[],682517.65,839227.0,Increasing,Strong Downtrend,45.84,Strong bearish trend across multiple timeframes Bearish MACD crossover Strong volume supporting price action
BATAINDIA,25.37,45.3,35.34,Sell,Strong bearish trend across multiple timeframes Bearish MACD crossover Strong volume supporting price action,0.0,0.0,0.0,3961.0,0.0,-0.003,-0.701,271.312,0.55574,0.098450005,0.05984,0.0,0.0,91.84,0.0,0.0,0.0,0.0,67.575386,42.5698,8.961228,32.724,4.283,1.73,141136592896.0,149302919168.0,-0.701,0.0,0.0,4.0486617,0.341,122.539,0.0,0.0,128528000.0,0.50459,0.33073002,1098.0999755859375,1.7324393875223443,-1.8326479927966988,,,1467.8265429621163,1025.0999755859375,1135.9800048828124,1182.5808178710938,1199.9188647460937,1257.1581579589845,1110.1014023284617,1139.6783726644576,37.52596844135034,-29.57697033599584,-26.311103930316698,-3.265866405679141,33.09739871352658,34.11413255305361,0.17003114211774445,[],[],252715.3,730659.0,Increasing,Strong Downtrend,45.3,Strong bearish trend across multiple timeframes Bearish MACD crossover Strong volume supporting price action
BLUEDART,28.34,42.31,35.33,Sell,Strong bearish trend across multiple timeframes Bearish MACD crossover Declining volume suggests weakening trend,0.0,0.0,0.0,12703.0,0.0,0.074,-0.086,2454.429,0.22062,0.05179,0.04256,0.0,0.0,64.625,0.0,0.0,0.0,0.0,53.76318,27.884136,8.534385,22.278,2.362,0.45,133154013184.0,137556082688.0,-0.086,0.0,0.0,2.2864711,0.038,657.048,0.0,0.0,23727900.0,0.76321,0.16301,5607.5,0.49283154121864126,-4.178058783321936,,,9447.758265914965,5341.851324003666,5814.0607421875,6277.38943359375,6392.788178710937,6531.765837402344,5788.02757051583,5967.439457323091,36.55264922870557,-179.411886807261,-176.7494381418855,-2.662448665375507,12.53528151185131,25.111261689680614,0.06876525398547009,[],[],24977.9,33645.0,Decreasing,Strong Downtrend,42.31,Strong bearish trend across multiple timeframes Bearish MACD crossover Declining volume suggests weakening trend
MCDHOLDING,3.33,33.0,18.16,Strong Sell,Strong bearish trend across multiple timeframes Bearish MACD crossover Declining volume suggests weakening trend,0.0,0.0,0.0,0.0,0.0,0.0,0.0,0.0,0.0,0.0,0.0,0.0,0.0,0.0,0.0,0.0,0.0,0.0,0.0,0.0,-28.210915,0.0,0.0,0.0,968962496.0,0.0,0.0,0.0,0.0,0.0,0.0,-2.437,0.0,0.0,13992300.0,0.0,0.0,68.75,0.0,0.0,,,68.75,68.75,68.75,68.75,68.75,68.75,68.75,68.75,50.0,0.0,0.0,0.0,,,,[],[],0.0,0.0,Decreasing,Sideways,33.0,Strong bearish trend across multiple timeframes Bearish MACD crossover Declining volume suggests weakening trend
LXMACHIN,3.33,0.0,1.67,Strong Sell,No technical data available,0.0,0.0,0.0,0.0,0.0,0.0,0.0,0.0,0.0,0.0,0.0,0.0,0.0,0.0,0.0,0.0,0.0,0.0,0.0,0.0,0.0,0.0,0.0,0.0,0.0,0.0,0.0,0.0,0.0,0.0,0.0,0.0,0.0,0.0,0.0,0.0,0.0,,,,,,,,,,,,,,,,,,,,,,,,,,,,
CENTURYTEX,3.33,0.0,1.67,Strong Sell,No technical data available,0.0,0.0,0.0,0.0,0.0,0.0,0.0,0.0,0.0,0.0,0.0,0.0,0.0,0.0,0.0,0.0,0.0,0.0,0.0,0.0,0.0,0.0,0.0,0.0,0.0,0.0,0.0,0.0,0.0,0.0,0.0,0.0,0.0,0.0,0.0,0.0,0.0,,,,,,,,,,,,,,,,,,,,,,,,,,,,
