symbol,FundamentalScore,TechnicalScore,OverallScore,FundamentalRating,TechnicalAnalysis,business_summary,sector,industry,employees,website,revenue_growth,earnings_growth,revenue_per_share,gross_margin,operating_margin,net_margin,roe,roa,debt_to_equity,current_ratio,quick_ratio,operating_cashflow,free_cashflow,pe_ratio,forward_pe,pb_ratio,ev_ebitda,ev_revenue,dividend_yield,market_cap,enterprise_value,quarterly_earnings_growth,quarterly_revenue_growth,peg_ratio,ps_ratio,beta,book_value,eps,forward_eps,shares_outstanding,insider_ownership,institutional_ownership,Close,Daily_Change,Weekly_Change,52W_High,52W_Low,All_Time_High,All_Time_Low,sma20,sma50,sma100,sma200,ema12,ema26,rsi14,macd,macd_signal,macd_hist,stoch_k,stoch_d,volatility,support_levels,resistance_levels,volume_sma20,current_volume,volume_trend,trend,technical_score,technical_analysis
MUTHOOTFIN,95.29,94.02,94.66,Strong Buy,Strong bullish trend across multiple timeframes Bullish MACD crossover Declining volume suggests weakening trend,0.0,0.0,0.0,30451.0,0.0,0.503,0.732,327.454,1.0,0.70499,0.4705,0.21574,0.04843,367.181,108.996,108.996,0.0,0.0,17.391811,50.67297,3.545383,0.0,15.986,0.97,1076175175680.0,2101480914944.0,0.732,0.0,0.0,8.186566,0.526,756.082,0.0,52.9,401468000.0,0.73370004,0.16305,2680.60009765625,0.17938742583651912,-2.785225480795195,,,2807.0,1734.8190964928322,2644.720007324219,2639.537998046875,2425.4656188964846,2259.7956860351565,2667.9930475320302,2646.637939657897,57.27047477115631,21.35510787413341,16.833424046242175,4.521683827891234,61.59200325915021,69.18212209629301,0.09832046711949921,[],[],846033.85,294041.0,Decreasing,Strong Uptrend,94.02,Strong bullish trend across multiple timeframes Bullish MACD crossover Declining volume suggests weakening trend
INDIAMART,96.37,88.07,92.22,Strong Buy,Strong bullish trend across multiple timeframes Bullish MACD crossover Declining volume suggests weakening trend,0.0,0.0,0.0,0.0,0.0,0.123,0.346,238.267,0.55985,0.34025002,0.41307,0.31227,0.0847,1.489,2.251,2.229,6480280064.0,4728988672.0,27.17513,26.911104,7.8422794,25.385,9.388,1.12,160261242880.0,134164676608.0,0.348,0.0,0.0,11.214216,0.477,340.526,0.0,0.0,60011700.0,0.50591,0.27186,2670.5,0.39851490828319847,4.89826179511923,,,3136.9157220494017,1876.7170112827462,2570.415002441406,2573.6860009765624,2411.6723022460938,2294.2140130615235,2596.9323946487452,2579.834955444309,59.19466709746661,17.09743920443634,5.0776277373509355,12.019811467085406,88.18610020036277,78.13281423144433,0.06813548485542231,[],[],85922.25,53643.0,Decreasing,Strong Uptrend,88.07,Strong bullish trend across multiple timeframes Bullish MACD crossover Declining volume suggests weakening trend
HINDALCO,73.09,98.21,85.65,Buy,Strong bullish trend across multiple timeframes Bullish MACD crossover Strong volume supporting price action,0.0,0.0,0.0,78999.0,0.0,0.127,0.303,1106.423,0.32362998,0.09327,0.068909995,0.14729999,0.0,53.056,0.0,0.0,0.0,0.0,9.251183,9.918714,1.2639643,5.992,0.806,0.71,1563845197824.0,1979923955712.0,0.303,0.0,0.0,0.6364468,1.018,557.136,0.0,0.0,2220740096.0,0.36731,0.41841,704.2000122070312,-0.4382829972343849,1.287308479975735,,,767.0250525807884,542.4717959005195,687.8931457519532,677.2902136230468,653.9582580566406,642.4305142211914,695.8444750533689,687.6212967842407,65.89081180768835,8.223178269128198,6.101478937196366,2.121699331931832,75.79944476202574,77.94037278751695,0.0788230208397663,[],[],5026307.3,5623045.0,Increasing,Strong Uptrend,98.21,Strong bullish trend across multiple timeframes Bullish MACD crossover Strong volume supporting price action
ACCELYA,84.13,86.11,85.12,Strong Buy,Bullish MACD crossover Strong volume supporting price action High volatility detected,0.0,0.0,0.0,2500.0,0.0,0.028,0.089,354.238,0.72636,0.33134997,0.24402,0.46033,0.24159001,22.338,2.938,2.323,1445630976.0,1124602496.0,16.314083,22.519169,7.578461,10.341,3.802,5.67,21041604608.0,20101898240.0,0.088,0.0,0.0,3.9797425,0.375,186.014,0.0,62.6,14926300.0,0.78664,0.00209,1409.699951171875,-1.032018603638718,0.9307654080672467,,,1800.4226584021658,1218.5,1394.589990234375,1403.9019946289063,1380.098994140625,1400.3075323486328,1402.8260277746476,1400.7264717654555,55.76920132725976,2.099556009192156,-1.376658308226614,3.47621431741877,67.87896387866654,62.27409113767445,0.039277304514511675,[],[],11002.3,4635.0,Increasing,Strong Uptrend,86.11,Bullish MACD crossover Strong volume supporting price action High volatility detected
POLYCAB,82.8,84.96,83.88,Strong Buy,Strong bullish trend across multiple timeframes Bullish MACD crossover Stochastic indicates overbought conditions,0.0,0.0,0.0,0.0,0.0,0.257,0.493,1570.11,0.25282,0.13069999,0.093839996,0.23414,0.12966,1.947,2.193,1.135,30948489216.0,17420355584.0,48.309296,43.124813,10.2531185,32.455,4.412,0.49,1069058293760.0,1042002477056.0,0.495,0.0,0.0,4.526789,0.462,692.521,0.0,164.65,150506000.0,0.66464996,0.16128,7100.5,0.22584515491566037,1.8723098995695908,,,7562.679389071101,4529.65245570749,6916.025,6709.85439453125,6187.360043945312,6213.5128515625,7002.956180046753,6897.604857061651,69.52935468219312,105.35132298510143,92.9008998440834,12.450423141018035,84.0702947845805,85.8649723409521,0.07883667833819652,[],[],271961.7,172189.0,Decreasing,Strong Uptrend,84.96,Strong bullish trend across multiple timeframes Bullish MACD crossover Stochastic indicates overbought conditions
BHARTIARTL,95.05,70.14,82.59,Strong Buy,Strong bullish trend across multiple timeframes Bullish MACD crossover Declining volume suggests weakening trend,0.0,0.0,0.0,28424.0,0.0,0.285,0.418,317.559,0.65817,0.31081,0.19215,0.29464,0.07039,126.505,0.424,0.177,1072185999360.0,252356493312.0,32.784466,28.390528,9.834223,15.229,7.614,0.83,11593110781952.0,14005055782912.0,0.43,0.0,0.0,6.302611,0.155,196.589,0.0,0.0,5698039808.0,0.53428,0.31776,1933.300048828125,0.1761761941577733,3.17536548455164,,,2028.8391163856081,1452.8542505000953,1903.8800170898437,1923.4492456054688,1868.6408947753907,1738.1396057128907,1907.3638091945472,1908.7411187995222,61.53846596980791,-1.3773096049749256,-6.968020416869661,5.590710811894735,71.22866931510855,63.31747411346209,0.060791888509448146,[],[],9246836.2,3271920.0,Decreasing,Strong Uptrend,70.14,Strong bullish trend across multiple timeframes Bullish MACD crossover Declining volume suggests weakening trend
MOTILALOFS,66.94,98.18,82.56,Buy,Strong bullish trend across multiple timeframes Bullish MACD crossover Strong volume supporting price action,0.0,0.0,0.0,13540.0,0.0,0.215,0.31,125.564,0.82273,0.58137,0.37001,0.0,0.0,138.953,0.0,0.0,0.0,0.0,20.450045,18.474155,5.0265865,0.0,8.594,0.91,557484933120.0,646090063872.0,0.318,0.0,0.0,7.415099,-0.047,184.867,0.0,50.3,599510976.0,0.50911,0.33933,929.25,-2.1120813284305484,0.00537965909515048,,,1055.762147223656,513.0,924.8524963378907,902.9679956054688,813.6849963378907,799.8848657226563,934.7962379612469,923.5462533302089,52.44415254006209,11.249984631038046,10.701364393736908,0.5486202373011384,62.334317623330854,72.99788433749191,0.08223228096936604,[],[],1032525.05,605404.0,Increasing,Strong Uptrend,98.18,Strong bullish trend across multiple timeframes Bullish MACD crossover Strong volume supporting price action
SBIN,66.36,94.36,80.36,Buy,Strong bullish trend across multiple timeframes Bullish MACD crossover Declining volume suggests weakening trend,0.0,0.0,0.0,236226.0,0.0,0.098,0.097,392.636,0.0,0.35021,0.22672,0.16584,0.01161,0.0,0.0,0.0,0.0,0.0,9.166199,9.873594,1.3996248,0.0,2.764,1.95,7534493040640.0,9686097068032.0,0.097,0.0,0.0,2.1503532,0.493,583.192,0.0,82.67,9230619648.0,0.56596,0.28242,816.25,-1.1444849300379811,-1.2461421505154835,,,858.2173712226388,666.6146467698901,811.370004272461,809.4060021972656,796.3314324951172,780.7848889160156,819.8658183402672,815.2106003065693,69.19751942164777,4.655218033697906,3.4586917514511795,1.1965262822467269,72.07647206994744,78.60925553998868,0.0637462564242471,[],[],8212588.45,5097647.0,Decreasing,Strong Uptrend,94.36,Strong bullish trend across multiple timeframes Bullish MACD crossover Declining volume suggests weakening trend
HDFCAMC,65.97,91.3,78.63,Buy,Strong bullish trend across multiple timeframes Bullish MACD crossover Stochastic indicates overbought conditions,0.0,0.0,0.0,1618.0,0.0,0.266,0.236,201.768,0.90486,0.82316,0.60383,0.0,0.0,1.766,0.0,0.0,0.0,0.0,48.077873,46.23562,15.325792,32.977,27.086,1.54,1246836555776.0,1168087449600.0,0.238,0.0,0.0,28.912354,0.539,380.274,0.0,126.05,213939008.0,0.54066,0.27919,5828.0,0.586813945460829,6.137315607357485,,,5869.5,3497.4158867437145,5632.525,5358.749990234375,4899.037915039063,4442.757943115234,5669.020182890648,5565.279793123528,65.54744525547446,103.74038976712018,99.5708325793399,4.169557187780271,92.68886244758038,93.2432881303025,0.07021289440148226,[],[],474944.45,593439.0,Decreasing,Strong Uptrend,91.3,Strong bullish trend across multiple timeframes Bullish MACD crossover Stochastic indicates overbought conditions
ESCORTS,64.97,88.86,76.91,Buy,Strong bullish trend across multiple timeframes RSI indicates overbought conditions Bullish MACD crossover,0.0,0.0,0.0,4622.0,0.0,0.082,3.704,924.645,0.28819,0.104729995,0.23209,0.0,0.0,1.015,0.0,0.0,0.0,0.0,31.948446,29.537445,3.8522844,32.492,3.617,1.29,392695283712.0,367829319680.0,3.767,0.0,0.0,3.8612347,0.131,926.619,0.0,120.85,110011000.0,0.73157996,0.12866999,3569.60009765625,-0.17338640548166806,4.972800989744153,,,4381.818554326479,2761.5532979782647,3440.105017089844,3367.663837890625,3334.7209399414064,3315.622117919922,3502.193352438938,3446.291148848686,74.56586999439003,55.9022035902517,35.57562611521436,20.32657747503734,72.29207948520131,74.85854706257015,0.11439540403840347,[],[],128289.55,30566.0,Increasing,Strong Uptrend,88.86,Strong bullish trend across multiple timeframes RSI indicates overbought conditions Bullish MACD crossover
CAPLIPOINT,68.3,84.38,76.34,Buy,Strong bullish trend across multiple timeframes Bullish MACD crossover Stochastic indicates overbought conditions,0.0,0.0,0.0,0.0,0.0,0.112,0.233,261.636,0.60749,0.31647,0.28417,0.0,0.0,0.174,0.0,0.0,0.0,0.0,29.326391,21.659342,5.938829,23.196,7.892,0.14,164800970752.0,156946350080.0,0.233,0.0,0.0,8.286744,0.048,365.072,0.0,0.0,76011696.0,0.73293996,0.04405,2168.10009765625,-1.9447333047282522,1.5408461613310775,,,2637.3363990620282,1596.7817537505716,2086.1499877929687,2072.9839990234377,2037.6787512207031,2089.484076538086,2127.6454098883473,2099.2920180464184,66.1232550811028,28.353391841928897,15.9334701194201,12.419921722508796,85.03722507708244,84.42460041237995,0.13657865207006056,[],[],152059.9,172520.0,Decreasing,Strong Uptrend,84.38,Strong bullish trend across multiple timeframes Bullish MACD crossover Stochastic indicates overbought conditions
ULTRACEMCO,55.09,95.21,75.15,Hold,Strong bullish trend across multiple timeframes Bullish MACD crossover Stochastic indicates overbought conditions,0.0,0.0,0.0,0.0,0.0,0.177,0.285,2665.762,0.58189,0.15528,0.086339995,0.0,0.0,32.618,0.0,0.0,0.0,0.0,54.6445,91.86369,5.237203,28.496,5.016,0.62,3703092019200.0,3932923101184.0,0.312,0.0,0.0,4.7226076,0.43,2403.764,0.0,137.04,294152992.0,0.6117,0.21978001,12589.0,-2.1833721833721786,2.208329950474952,,,12930.0,9984.560419697713,12404.25,12185.62966796875,11846.0582421875,11481.801665039062,12576.744370333441,12420.868627035785,64.11625148279953,155.8757432976563,121.43643223458089,34.43931106307541,81.3575000302689,88.58854624191811,0.07907869222572712,[],[],258088.0,226948.0,Increasing,Strong Uptrend,95.21,Strong bullish trend across multiple timeframes Bullish MACD crossover Stochastic indicates overbought conditions
JSWSTEEL,51.67,98.38,75.03,Hold,Strong bullish trend across multiple timeframes Bullish MACD crossover Strong volume supporting price action,0.0,0.0,0.0,15793.0,0.0,0.005,1.588,692.771,0.41368,0.11679,0.02865,0.0,0.0,122.497,0.0,0.0,0.0,0.0,53.182045,16.103159,3.2375612,13.626,2.018,0.27,2572823298048.0,3410989678592.0,1.585,0.0,0.0,1.5221285,0.645,325.739,0.0,0.0,2439620096.0,0.64305,0.17518,1054.5999755859375,-1.6047837710955082,0.8703946041068944,,,1089.199951171875,877.6366579738332,1052.1400085449218,1035.5253210449218,1018.359633178711,989.5534963989257,1060.7368089623255,1051.034492271131,58.43825501137297,9.702316691194483,9.046098501404877,0.6562181897896053,69.70351565997125,79.55213860127768,0.061980563808849386,[],[],1795469.4,1950366.0,Increasing,Strong Uptrend,98.38,Strong bullish trend across multiple timeframes Bullish MACD crossover Strong volume supporting price action
CANBK,61.69,88.17,74.93,Buy,Strong bullish trend across multiple timeframes Bullish MACD crossover Declining volume suggests weakening trend,0.0,0.0,0.0,81260.0,0.0,0.128,-0.214,63.358,0.0,0.36912,0.29004,0.16364,0.0,0.0,0.0,0.0,0.0,0.0,5.3887258,5.807184,0.9459029,0.0,1.245,3.64,997317935104.0,715158978560.0,-0.215,0.0,0.0,1.7355095,0.619,116.217,0.0,18.93,9070650368.0,0.64394,0.16114001,109.93000030517578,-1.0263792138117345,0.6132144937265549,,,117.5,75.88121273073169,109.24199981689453,110.87860000610351,104.87513984680176,98.42853775024415,110.08252145574143,110.07804741457639,66.47632619660287,0.004474041165039466,-0.31298087622081944,0.3174549173858589,74.44800050702803,82.28217972667359,0.05752622884246174,[],[],20420335.9,12854408.0,Decreasing,Sideways,88.17,Strong bullish trend across multiple timeframes Bullish MACD crossover Declining volume suggests weakening trend
CARTRADE,57.51,92.34,74.92,Hold,Strong bullish trend across multiple timeframes Bullish MACD crossover Declining volume suggests weakening trend,0.0,0.0,0.0,0.0,0.0,0.226,0.918,142.029,0.5704,0.19924,0.23083,0.0,0.0,5.647,0.0,0.0,0.0,0.0,77.5256,47.738922,5.0107937,59.543,15.9,0.0,111580184576.0,106951262208.0,0.926,0.0,0.0,16.58846,0.15,468.329,0.0,0.0,47494100.0,0.02656,0.62893003,2346.699951171875,-3.416059664485238,1.1116398773626912,,,2534.800048828125,830.0,2238.4449829101563,1954.4659912109375,1785.6674926757812,1639.0837451171874,2328.366944227685,2192.0024513014596,60.53444468574221,136.36449292622547,132.96893652124348,3.3955564049819884,73.8266850839721,80.95922662779815,0.2664820065537673,[],[],735760.7,375791.0,Decreasing,Strong Uptrend,92.34,Strong bullish trend across multiple timeframes Bullish MACD crossover Declining volume suggests weakening trend
KRBL,69.73,79.23,74.48,Buy,Strong bullish trend across multiple timeframes RSI indicates overbought conditions Bullish MACD crossover,0.0,0.0,0.0,0.0,0.0,0.321,0.741,261.282,0.25096,0.10767,0.09033,0.0,0.0,7.759,0.0,0.0,0.0,0.0,20.038101,12.621333,2.0664873,13.86,1.744,0.74,108390907904.0,104256831488.0,0.74,0.0,0.0,1.8128662,-0.249,229.036,0.0,37.5,228890000.0,0.77044,0.025980001,473.29998779296875,-0.9314520579866592,0.798637013627923,,,495.0,241.25,423.6999969482422,396.9809967041016,360.9049984741211,322.9314994812012,453.3964846673571,428.7637275941454,79.48644096603067,24.63275707321168,19.261196806224476,5.371560266987203,84.14814513406635,83.78189149707431,0.3773310977641107,[],[],3007413.75,1031873.0,Decreasing,Strong Uptrend,79.23,Strong bullish trend across multiple timeframes RSI indicates overbought conditions Bullish MACD crossover
LUPIN,67.25,81.65,74.45,Buy,Bullish MACD crossover Declining volume suggests weakening trend High volatility detected,0.0,0.0,0.0,24006.0,0.0,0.119,0.519,512.289,0.68307996,0.23226999,0.15825,0.0,0.0,31.5,0.0,0.0,0.0,0.0,24.448435,24.152395,5.2406693,17.158,3.966,0.61,902341132288.0,927066292224.0,0.521,0.0,0.0,3.8601327,0.302,376.803,0.0,81.76,456755008.0,0.47267,0.35875,1974.699951171875,0.6216535628980946,0.6678209496828957,,,2388.0473251603485,1784.1036108597868,1939.6100036621094,1933.3210009765626,1966.241043701172,2024.2424432373048,1951.572624180347,1941.7606734523538,66.00119597036554,9.811950727993235,4.581729970321101,5.230220757672134,70.73214903961947,70.32110842666187,0.08512690062445523,[],[],1101622.0,380574.0,Decreasing,Sideways,81.65,Bullish MACD crossover Declining volume suggests weakening trend High volatility detected
ASHOKLEY,54.46,94.39,74.42,Hold,Strong bullish trend across multiple timeframes Bullish MACD crossover Stochastic indicates overbought conditions,0.0,0.0,0.0,9695.0,0.0,0.092,0.202,84.281,0.39693,0.18954,0.06476,0.0,0.0,315.502,0.0,0.0,0.0,0.0,24.43203,16.929031,6.299515,11.583,2.398,2.38,770544173056.0,1187970154496.0,0.2,0.0,0.0,1.555182,0.349,20.827,0.0,7.75,5873050112.0,0.40135,0.286,131.1999969482422,0.14502896677577315,7.576252814965723,,,134.30999755859375,94.26325624087025,123.66249961853028,123.16849990844726,117.73421669006348,112.17114757537841,127.0471372234146,124.80206566488647,67.46057061585446,2.2450715585281245,0.9165158663628095,1.328555692165315,86.87339238918878,91.36944977682698,0.1607565114378842,[],[],15322168.2,11093419.0,Increasing,Strong Uptrend,94.39,Strong bullish trend across multiple timeframes Bullish MACD crossover Stochastic indicates overbought conditions
LODHA,78.94,69.87,74.41,Buy,Strong bullish trend across multiple timeframes Bullish MACD crossover Declining volume suggests weakening trend,0.0,0.0,0.0,5359.0,0.0,0.227,0.416,146.301,0.40794998,0.26305,0.20323,0.15701,0.0,35.041,0.0,0.0,0.0,0.0,42.55822,30.500792,6.234241,29.382,8.807,0.34,1259481858048.0,1284248961024.0,0.42,0.0,0.0,8.636822,0.235,202.27,0.0,0.0,998044032.0,0.71880996,0.17658001,1261.0,-2.1987804803000888,2.724629379919885,,,1525.9700387101068,1031.7490822642453,1235.7943603515625,1343.1398291015626,1335.3519299316406,1286.0205047607421,1255.2855573347917,1276.7293060509317,62.385471793687095,-21.443748716139908,-34.13793090316963,12.694182187029725,74.81968718890185,81.1530047084435,0.08766358340908569,[],[],1647810.5,789131.0,Decreasing,Sideways,69.87,Strong bullish trend across multiple timeframes Bullish MACD crossover Declining volume suggests weakening trend
M&M,62.3,86.04,74.17,Buy,Strong bullish trend across multiple timeframes RSI indicates overbought conditions Bullish MACD crossover,0.0,0.0,0.0,324000.0,0.0,0.241,0.243,1520.778,0.3937,0.16755,0.08091,0.0,0.0,145.369,0.0,0.0,0.0,0.0,27.85463,25.770714,4.9310336,15.402,2.831,0.74,4141485129728.0,4803925114880.0,0.244,0.0,0.0,2.4406805,0.509,690.119,0.0,0.0,1217010048.0,0.24478,0.49855,3403.0,0.8266392562141789,4.213881967641608,,,3432.0,2405.672549234822,3255.1599975585937,3188.7040234375,3041.49556640625,2971.962635498047,3314.015492665595,3258.1118367763365,72.43599685148249,55.903655889258516,39.26098231810633,16.642673571152187,86.93233386083953,83.8528874945055,0.09617969521964133,[],[],2563117.2,2509867.0,Increasing,Strong Uptrend,86.04,Strong bullish trend across multiple timeframes RSI indicates overbought conditions Bullish MACD crossover
BAJFINANCE,74.25,74.08,74.16,Buy,Strong bullish trend across multiple timeframes Bullish MACD crossover Strong volume supporting price action,0.0,0.0,0.0,64092.0,0.0,0.201,0.197,62.608,0.92751,0.60695,0.44939,0.20079,0.0,294.158,0.0,0.0,0.0,0.0,31.844072,22.100636,5.7431045,0.0,21.61,0.49,5557913124864.0,8379492204544.0,0.201,0.0,0.0,14.33354,0.476,155.752,0.0,0.0,6212389888.0,0.54977,0.25736,894.5,-0.12281996604766032,3.836553174837709,,,978.7999877929688,642.0160368509909,883.5099975585938,912.31,907.4062390136719,831.5238830566407,888.1054823006572,895.0605368631826,56.754838315620475,-6.955054562525447,-10.51378048612658,3.5587259236011324,61.75981040088234,65.72300981879998,0.0672310468972505,[],[],7965844.15,6424895.0,Increasing,Sideways,74.08,Strong bullish trend across multiple timeframes Bullish MACD crossover Strong volume supporting price action
NAM-INDIA,61.88,85.89,73.89,Buy,Strong bullish trend across multiple timeframes RSI indicates overbought conditions Bullish MACD crossover,0.0,0.0,0.0,1104.0,0.0,0.184,0.183,41.62,0.82974,0.69848996,0.5119,0.0,0.0,2.09,0.0,0.0,0.0,0.0,41.144146,32.027744,13.029558,28.699,19.532,2.31,549959827456.0,515177676800.0,0.192,0.0,0.0,20.851004,0.352,66.376,0.0,0.0,635902016.0,0.0062300004,0.8892,864.8499755859375,0.28408523916028106,7.494871506788892,,,887.9000244140625,491.8510683743227,819.7874969482422,805.2717333984375,733.8618591308593,684.0552145385742,836.7935902536382,823.3885677584321,76.9774377768224,13.405022495206026,8.106325325134474,5.298697170071552,80.46416374701883,85.68659828096399,0.11097554858430987,[],[],745606.35,1060312.0,Increasing,Strong Uptrend,85.89,Strong bullish trend across multiple timeframes RSI indicates overbought conditions Bullish MACD crossover
CUMMINSIND,66.06,81.69,73.88,Buy,Strong bullish trend across multiple timeframes RSI indicates overbought conditions Bullish MACD crossover,0.0,0.0,0.0,3025.0,0.0,0.255,0.306,396.186,0.35834998,0.24406,0.19498,0.0,0.0,0.392,0.0,0.0,0.0,0.0,50.758263,41.637424,14.355995,42.607,9.575,1.32,1085558292480.0,1051529510912.0,0.305,0.0,0.0,9.884932,0.624,272.778,0.0,0.0,277200000.0,0.5128,0.29499,3916.0,0.7642217738908386,3.4746994318932467,,,3932.0,2555.8898632002074,3693.27998046875,3516.4991357421877,3244.1899682617186,3159.635167236328,3781.360515727907,3679.13141858176,83.05730216501078,102.22909714614707,91.41255746529635,10.816539680850724,90.93911645926197,80.98822011243175,0.1311332033748013,[],[],696849.75,558580.0,Decreasing,Strong Uptrend,81.69,Strong bullish trend across multiple timeframes RSI indicates overbought conditions Bullish MACD crossover
BANKBARODA,55.37,92.32,73.84,Hold,Strong bullish trend across multiple timeframes Bullish MACD crossover Strong volume supporting price action,0.0,0.0,0.0,75008.0,0.0,-0.006,-0.266,124.247,0.0,0.35212,0.30287,0.13797,0.01124,0.0,0.0,0.0,0.0,0.0,6.3856993,10.904675,0.80819124,0.0,1.877,3.48,1242419036160.0,1206109208576.0,-0.266,0.0,0.0,1.933886,0.531,297.244,0.0,22.03,5171359744.0,0.64034,0.19908,240.22999572753906,-1.2861624239654756,-1.0462612761958923,,,258.05664364419215,184.3468766033746,241.67399978637695,241.2832000732422,237.2439109802246,229.78071083068846,242.65102595164598,242.13537836412166,58.56852580020129,0.5156475875243132,0.4865672857603086,0.029080301764004557,58.40342489024885,72.89638340549776,0.0431899970238275,[],[],5865405.85,5946024.0,Increasing,Uptrend,92.32,Strong bullish trend across multiple timeframes Bullish MACD crossover Strong volume supporting price action
PFIZER,65.74,81.87,73.81,Buy,Strong bullish trend across multiple timeframes RSI indicates overbought conditions Bullish MACD crossover,0.0,0.0,0.0,1598.0,0.0,0.071,0.272,507.466,0.64405,0.32437,0.34832,0.0,0.0,2.57,0.0,0.0,0.0,0.0,32.050774,33.862007,6.1488214,31.494,10.018,0.62,259320840192.0,232578711552.0,0.272,0.0,0.0,11.170207,0.131,921.884,0.0,167.4,45747700.0,0.66942,0.17243999,5668.5,-0.21124900977026462,6.39076576576576,,,6412.559796765404,3678.861025955166,5284.475,5459.30947265625,5054.877849121094,4878.387498779297,5455.276399579418,5380.94417672284,76.78883071553228,74.33222285657757,-5.541123111187893,79.87334596776546,78.57763867153538,80.27009795397902,0.18842616608968762,[],[],63539.9,24723.0,Increasing,Strong Uptrend,81.87,Strong bullish trend across multiple timeframes RSI indicates overbought conditions Bullish MACD crossover
GRASIM,52.21,95.22,73.72,Hold,Strong bullish trend across multiple timeframes Bullish MACD crossover Stochastic indicates overbought conditions,0.0,0.0,0.0,27327.0,0.0,0.185,0.152,2294.867,0.57729,0.17478001,0.026300002,0.0,0.0,118.847,0.0,0.0,0.0,0.0,46.72534,120.66038,1.957975,13.951,2.694,0.36,1909312585728.0,4149051392000.0,0.174,0.0,0.0,1.2399243,0.275,1437.097,0.0,23.32,678553024.0,0.47854,0.24556999,2813.800048828125,-2.3392997183807496,1.7686045864779176,,,2898.39990234375,2268.696845700511,2765.8432495117186,2760.972080078125,2710.6093017578123,2598.802042236328,2801.460186656163,2775.1533592405017,60.16905317790711,26.306827415661246,14.587208237955842,11.719619177705404,82.7656362591623,86.41902872508133,0.07840120217298018,[],[],705926.05,671902.0,Increasing,Strong Uptrend,95.22,Strong bullish trend across multiple timeframes Bullish MACD crossover Stochastic indicates overbought conditions
INDHOTEL,72.6,73.45,73.03,Buy,RSI indicates overbought conditions Bullish MACD crossover Stochastic indicates overbought conditions,0.0,0.0,0.0,20090.0,0.0,0.317,0.189,63.647,0.62501,0.23517,0.21564,0.18694,0.0,24.842,0.0,0.0,0.0,0.0,57.45448,45.693005,10.060964,37.599,12.521,0.29,1123156623360.0,1135461924864.0,0.193,0.0,0.0,12.38528,-0.105,78.407,0.0,0.0,1423430016.0,0.40355,0.2886,788.8499755859375,-0.8546532545050445,1.872538316931971,,,892.27623330369,618.9798152448892,758.5375,755.7166430664063,768.3665008544922,776.8049685668946,773.9893125182322,763.7801331448618,70.75717655058114,10.209179373370375,4.742151052254632,5.467028321115743,81.41634112002441,83.87121511569663,0.10507018346897112,[],[],2598268.55,1780524.0,Increasing,Strong Uptrend,73.45,RSI indicates overbought conditions Bullish MACD crossover Stochastic indicates overbought conditions
NMDC,62.19,83.35,72.77,Buy,Strong bullish trend across multiple timeframes Bearish MACD crossover Strong volume supporting price action,0.0,0.0,0.0,5677.0,0.0,0.245,0.0,28.708,0.52519,0.35167,0.25917,0.0,0.0,14.393,0.0,0.0,0.0,0.0,9.430108,2.7204344,2.0771532,6.823,2.226,4.7,616834138112.0,561636835328.0,-0.002,0.0,0.0,2.4448256,0.832,33.777,0.0,25.79,8791820288.0,0.60797,0.18294,70.16000366210938,-1.6816100588263105,1.095103918617446,,,78.95749845721288,56.908884985540496,70.46902160644531,69.26257568359375,68.35574359893799,67.23427974700928,70.55165725013443,70.21848305814362,53.089590137262796,0.3331741919908069,0.3574049866920014,-0.02423079470119449,59.35191704841163,58.94990839097624,0.04044235034253552,[],[],16634810.7,8184283.0,Increasing,Uptrend,83.35,Strong bullish trend across multiple timeframes Bearish MACD crossover Strong volume supporting price action
PERSISTENT,80.6,64.85,72.72,Strong Buy,Bullish MACD crossover Stochastic indicates overbought conditions Strong volume supporting price action,0.0,0.0,0.0,22205.0,0.0,0.218,0.368,813.528,0.2851,0.15533,0.121149994,0.24719,0.13418001,4.872,2.445,1.867,14251669504.0,10492280832.0,54.94269,97.17647,12.153246,39.431,6.553,0.65,834713026560.0,821477441536.0,0.387,0.0,0.0,6.658988,0.376,441.775,0.0,55.25,155468992.0,0.32157,0.39337003,5369.0,0.4020570359981379,1.5125732652675472,,,6748.287564402237,4137.794052749045,5201.775,5573.563935546875,5466.634716796875,5666.936274414063,5278.322030431163,5330.7692597907435,67.80544296467863,-52.44722935958089,-96.57674702256698,44.12951766298609,91.23160141719273,84.93069049868028,0.06545714863702103,[],[],443150.4,477641.0,Increasing,Downtrend,64.85,Bullish MACD crossover Stochastic indicates overbought conditions Strong volume supporting price action
INDIANB,63.55,81.72,72.63,Buy,Strong bullish trend across multiple timeframes RSI indicates overbought conditions Bullish MACD crossover,0.0,0.0,0.0,40071.0,0.0,0.185,-0.114,239.667,0.0,0.49471,0.33975,0.16314,0.0,0.0,0.0,0.0,0.0,0.0,8.229985,8.312663,1.2170388,0.0,2.782,2.42,902799949824.0,898199912448.0,-0.114,0.0,0.0,2.7966907,0.452,550.722,0.0,80.63,1346960000.0,0.76031,0.19042,670.25,-0.08943513568938632,0.2992891881780757,,,683.0999755859375,462.08521047524124,650.2300018310547,640.4640051269531,605.0271380615235,564.2491586303711,663.555180804812,652.3895973712628,80.25909634820694,11.165583433549273,9.4952533200814,1.6703301134678732,81.99921154293304,84.52083439254852,0.12769538790392793,[],[],1462513.85,805749.0,Decreasing,Strong Uptrend,81.72,Strong bullish trend across multiple timeframes RSI indicates overbought conditions Bullish MACD crossover
MPHASIS,63.6,81.6,72.6,Buy,Bullish MACD crossover Declining volume suggests weakening trend High volatility detected,0.0,0.0,0.0,30157.0,0.0,0.091,0.089,766.544,0.43137002,0.15297,0.119619995,0.17902,0.09029,19.454,1.464,1.209,15978810368.0,22564048896.0,31.248354,27.512074,5.316288,20.79,3.616,2.0,541940482048.0,525799030784.0,0.092,0.0,0.0,3.727235,0.432,535.825,0.0,103.54,190248000.0,0.40617,0.41812,2848.60009765625,-0.2031882317098499,4.720246628526681,,,3174.5174545010827,2004.4965700463554,2737.3550048828124,2751.2758447265624,2582.129580078125,2647.915993652344,2768.560454635689,2751.731826124369,59.91739135513646,16.82862851131995,1.0421857324305641,15.786442778889384,89.42320833435114,74.55038409986277,0.09000619912688919,[],[],524627.35,283753.0,Decreasing,Strong Uptrend,81.6,Bullish MACD crossover Declining volume suggests weakening trend High volatility detected
NAVINFLUOR,59.89,85.19,72.54,Hold,Strong bullish trend across multiple timeframes Bearish MACD crossover Declining volume suggests weakening trend,0.0,0.0,0.0,0.0,0.0,0.385,1.286,514.437,0.55256003,0.23649,0.13898,0.0,0.0,55.852,0.0,0.0,0.0,0.0,70.42559,41.6288,9.498912,40.476,10.159,0.28,257892106240.0,259177431040.0,1.288,0.0,0.0,10.1090555,0.23,529.587,0.0,0.0,51209300.0,0.29315,0.41081002,5030.5,0.8116232464929762,0.6502601040416112,,,5444.0,3151.348480412611,5017.07998046875,4919.8643359375,4621.134248046875,4173.55412109375,4997.353520802431,4977.564851681753,51.11764705882353,19.788669120678605,25.927935371777206,-6.139266251098601,49.61637890571404,43.06142270170344,0.08135616354435152,[],[],136076.35,44428.0,Decreasing,Strong Uptrend,85.19,Strong bullish trend across multiple timeframes Bearish MACD crossover Declining volume suggests weakening trend
TATAINVEST,59.49,85.26,72.38,Hold,Strong bullish trend across multiple timeframes Bearish MACD crossover Declining volume suggests weakening trend,0.0,0.0,0.0,24.0,0.0,0.021,0.116,61.111,0.99988,0.91756,1.05862,0.0,0.0,0.007,0.0,0.0,0.0,0.0,106.37594,0.0,1.1253879,1.307,1.138,0.39,349891788800.0,3518692608.0,0.116,0.0,0.0,113.16155,-0.101,6144.992,0.0,0.0,50595300.0,0.73816,0.015190001,6915.5,-0.5536381938452739,0.5817758708457577,,,8042.685069093923,5125.035489715318,6872.75,6763.17,6519.475927734375,6425.46345703125,6904.254262279065,6848.8738722491935,58.950201884253026,55.380390029871705,59.54705895434573,-4.166668924474024,21.96648079625893,23.500723363502416,0.07441712102929285,[],[],117302.7,15522.0,Decreasing,Strong Uptrend,85.26,Strong bullish trend across multiple timeframes Bearish MACD crossover Declining volume suggests weakening trend
BAJAJFINSV,76.57,67.93,72.25,Buy,Bullish MACD crossover Strong volume supporting price action High volatility detected,0.0,0.0,0.0,104668.0,0.0,0.129,0.301,850.155,0.50422,0.40112,0.07023,0.16087,0.0,221.494,0.0,0.0,0.0,0.0,33.33164,39.787495,4.3339663,12.53,4.713,0.05,3138067890176.0,6390884073472.0,0.305,0.0,0.0,2.314068,0.634,453.603,0.0,49.41,1596249984.0,0.65821,0.13635,1965.9000244140625,-0.7121199790877553,2.119372985587753,,,2133.960243351952,1550.8944651219051,1946.5450073242187,1990.680732421875,1996.8284338378905,1863.8405767822267,1955.9800304785217,1964.8242077889963,60.867651110106635,-8.844177310474606,-16.15349011956173,7.309312809087125,61.339676352776685,63.63396683048936,0.05691310540509577,[],[],1239707.65,709444.0,Increasing,Sideways,67.93,Bullish MACD crossover Strong volume supporting price action High volatility detected
ZYDUSLIFE,56.47,87.93,72.2,Hold,Strong bullish trend across multiple timeframes Bullish MACD crossover Declining volume suggests weakening trend,0.0,0.0,0.0,27917.0,0.0,0.059,0.033,234.63,0.71442,0.2728,0.19368,0.0,0.0,12.209,0.0,0.0,0.0,0.0,21.741425,23.861643,4.1538014,14.7,4.214,1.11,994960211968.0,994825142272.0,0.033,0.0,0.0,4.214558,0.459,238.047,0.0,0.0,1006230016.0,0.75163,0.14373,988.7999877929688,0.3043213671280798,0.0,,,1206.1827206026999,785.9961424555926,971.0099975585938,966.8081896972657,926.8547198486328,933.3418347167968,977.3129866999187,970.5386831799941,65.48500489327523,6.774303519924615,3.849159374285644,2.925144145638971,79.85283581661967,80.11802559738106,0.08178231608195534,[],[],848532.8,307423.0,Decreasing,Strong Uptrend,87.93,Strong bullish trend across multiple timeframes Bullish MACD crossover Declining volume suggests weakening trend
OFSS,80.2,64.05,72.12,Strong Buy,Bullish MACD crossover Declining volume suggests weakening trend High volatility detected,0.0,0.0,0.0,8045.0,0.0,0.064,0.04,801.475,0.524,0.44736,0.34564,0.32917,0.0,0.546,4.946,4.323,20586000384.0,0.0,31.347464,33.042145,11.098757,23.168,10.162,3.07,749611909120.0,707052961792.0,0.041,0.0,0.0,10.774001,0.104,777.024,0.0,261.0,86911504.0,0.72926,0.119449995,8624.0,-0.862168065294866,0.43673207942700465,,,12809.368589244788,6819.390435895526,8568.425,8853.88,8552.215234375,9257.783120117187,8611.725823969415,8646.424197447883,61.58565361019349,-34.698373478468056,-66.2267356474112,31.528362168943147,70.15541223933013,71.7541684945151,0.0454202362773741,[],[],85909.8,34763.0,Decreasing,Downtrend,64.05,Bullish MACD crossover Declining volume suggests weakening trend High volatility detected
CIPLA,61.26,82.12,71.69,Buy,Strong bullish trend across multiple timeframes RSI indicates overbought conditions Bullish MACD crossover,0.0,0.0,0.0,30313.0,0.0,0.032,0.102,340.307,0.66691,0.22311,0.19624001,0.0,0.0,1.404,0.0,0.0,0.0,0.0,23.86575,25.067675,4.1238503,16.721,4.315,0.82,1286590562304.0,1185766440960.0,0.102,0.0,0.0,4.681981,0.097,386.241,0.0,63.54,807753984.0,0.30597,0.39637002,1592.800048828125,0.0,1.841435347066822,,,1687.4334663463221,1323.5354497595179,1538.5450073242187,1509.9303564453126,1493.74037109375,1479.5301031494141,1551.4091916100601,1531.8979017927254,73.0296942118402,19.511289817334728,12.723580947753149,6.787708869581579,88.32550589019093,82.71817798291833,0.08832797276148958,[],[],1754654.1,1574526.0,Decreasing,Strong Uptrend,82.12,Strong bullish trend across multiple timeframes RSI indicates overbought conditions Bullish MACD crossover
JBCHEPHARM,55.06,88.0,71.53,Hold,Strong bullish trend across multiple timeframes Bullish MACD crossover Declining volume suggests weakening trend,0.0,0.0,0.0,5304.0,0.0,0.089,0.142,257.717,0.66019,0.236,0.17096001,0.0,0.0,0.812,0.0,0.0,0.0,0.0,40.48877,28.858255,7.9255104,25.626,6.685,0.89,273469440000.0,267886166016.0,0.144,0.0,0.0,6.8238926,-0.108,220.541,0.0,0.0,156456000.0,0.48121,0.28519,1747.9000244140625,1.1574743745247584,1.8174447561956963,,,1974.3886879606102,1380.3686984924757,1721.5563903808593,1698.3621484375,1657.813165283203,1690.4352813720702,1721.0143910525608,1709.3210390981317,52.69169368837142,11.69335195442909,9.563810034212775,2.1295419202163153,72.03770422540991,60.27481331790914,0.07518921292379638,[],[],223225.5,250995.0,Decreasing,Strong Uptrend,88.0,Strong bullish trend across multiple timeframes Bullish MACD crossover Declining volume suggests weakening trend
UNIONBANK,72.84,69.86,71.35,Buy,Strong bullish trend across multiple timeframes Bullish MACD crossover Declining volume suggests weakening trend,0.0,0.0,0.0,73945.0,0.0,0.086,0.216,68.709,0.0,0.42334,0.35869,0.16747,0.01293,0.0,0.0,0.0,0.0,0.0,5.466937,7.718213,0.84600943,0.0,0.59,3.52,1028705288192.0,309471969280.0,0.216,0.0,0.0,1.9613477,1.058,159.289,0.0,17.46,7633610240.0,0.74757004,0.1356,134.75999450683594,-1.296421510500545,-0.05933093535112066,,,153.45177265505194,97.50691716335714,133.3024990081787,138.5546809387207,133.8320292663574,123.38433204650879,135.13813394937358,135.64800716863755,67.56326847272007,-0.5098732192639659,-1.2128524282262827,0.7029792089623168,78.9010210928535,85.83982246824603,0.08893581301761358,[],[],10330659.05,7284576.0,Decreasing,Sideways,69.86,Strong bullish trend across multiple timeframes Bullish MACD crossover Declining volume suggests weakening trend
ADANIPOWER,48.35,94.23,71.29,Hold,Strong bullish trend across multiple timeframes Bullish MACD crossover Declining volume suggests weakening trend,0.0,0.0,0.0,4176.0,0.0,-0.057,-0.113,144.449,0.43300998,0.32579,0.2242,0.0,0.0,68.48,0.0,0.0,0.0,0.0,19.048077,-266.50223,4.0679564,12.865,4.851,0.0,2292179533824.0,2685445603328.0,-0.135,0.0,0.0,4.1407514,0.25,146.093,0.0,-2.23,3856940032.0,0.72907996,0.16613,594.2999877929688,-0.3186890934518627,1.7549867672685293,,,697.5,432.0,585.7525024414062,583.1390026855469,564.2605004882812,540.5037496948243,592.1901523622801,588.511500695343,62.685863615968735,3.6786516669370712,2.3689076029861873,1.309744063950884,79.94021656623691,86.16756666798908,0.07661606447614779,[],[],2755099.65,1276557.0,Decreasing,Strong Uptrend,94.23,Strong bullish trend across multiple timeframes Bullish MACD crossover Declining volume suggests weakening trend
DRREDDY,72.68,69.74,71.21,Buy,Strong bullish trend across multiple timeframes Bullish MACD crossover Declining volume suggests weakening trend,0.0,0.0,0.0,27811.0,0.0,0.114,0.02,401.356,0.57653,0.20497,0.16993,0.17712,0.09712,13.751,1.893,1.156,52560998400.0,14228500480.0,18.760647,3.7235873,3.037876,11.735,3.139,0.63,1063442251776.0,1049089015808.0,0.019,0.0,0.0,3.181482,0.311,420.557,0.0,343.11,832374976.0,0.29459,0.51368,1277.5999755859375,0.07833307372115961,1.3646422436298211,,,1406.072510170324,1013.5718351625553,1247.8450073242188,1270.5268505859376,1233.5460266113282,1231.3110223388671,1252.241188339162,1252.372628449976,68.92429051742864,-0.1314401108140828,-6.4978504068190235,6.366410296004941,83.09473044254725,70.99175641458662,0.10118749761620811,[],[],1483002.8,1229920.0,Decreasing,Strong Uptrend,69.74,Strong bullish trend across multiple timeframes Bullish MACD crossover Declining volume suggests weakening trend
JINDALSTEL,46.98,95.34,71.16,Hold,Strong bullish trend across multiple timeframes Bullish MACD crossover Stochastic indicates overbought conditions,0.0,0.0,0.0,5918.0,0.0,-0.097,0.107,478.457,0.53977,0.18577999,0.06123,0.0,0.0,39.445,0.0,0.0,0.0,0.0,34.12902,49.053123,2.1559505,13.851,2.374,0.2,1014691856384.0,1150065704960.0,0.115,0.0,0.0,2.09467,0.784,462.557,0.0,20.33,1017489984.0,0.63473,0.18303,997.25,-1.0811907107176388,2.4429263854232275,,,1071.5741215614773,721.9178059348707,987.0433044433594,957.4242138671875,934.1116784667969,915.3971594238282,993.9526910819023,981.9746698658794,62.637724314021646,11.978021216022967,11.323041783843902,0.654979432179065,82.43633413980466,82.34474312754591,0.06636642586356063,[],[],1683557.25,1818098.0,Increasing,Strong Uptrend,95.34,Strong bullish trend across multiple timeframes Bullish MACD crossover Stochastic indicates overbought conditions
BOSCHLTD,56.46,84.96,70.71,Hold,Strong bullish trend across multiple timeframes Bearish MACD crossover Declining volume suggests weakening trend,0.0,0.0,0.0,38655.0,0.0,0.109,1.394,6226.636,0.35812,0.11575,0.14512,0.0,0.0,0.856,0.0,0.0,0.0,0.0,43.47802,43.20764,8.396527,45.504,6.069,1.3,1159835811840.0,1114471399424.0,1.394,0.0,0.0,6.3156753,0.496,4683.484,0.0,0.0,29493600.0,0.70677,0.16545999,39325.0,-0.37998733375553817,1.9178437216534894,,,41290.0,25574.485652963936,39257.57109375,36298.8879296875,32884.5608203125,31867.1461328125,39221.843285263436,38431.38222579732,42.06999255398362,790.4610594661135,964.685098450749,-174.2240389846355,49.508357915437564,53.053465240570176,0.10362596427283036,[],[],45948.45,14967.0,Decreasing,Strong Uptrend,84.96,Strong bullish trend across multiple timeframes Bearish MACD crossover Declining volume suggests weakening trend
MARICO,43.13,98.1,70.61,Hold,Strong bullish trend across multiple timeframes Bullish MACD crossover Strong volume supporting price action,0.0,0.0,0.0,1908.0,0.0,0.233,0.084,88.44,0.48013002,0.18716998,0.1458,0.0,0.0,12.986,0.0,0.0,0.0,0.0,56.8196,51.63958,23.785809,44.186,8.146,1.44,947279495168.0,932444110848.0,0.086,0.0,0.0,8.275352,0.157,30.72,0.0,14.15,1296310016.0,0.58951,0.26369,730.7000122070312,-1.2100333822230747,2.8358348828701363,,,759.0,570.8477879292012,712.9474884033203,709.9838647460938,703.961138305664,665.3284320068359,723.7552748458213,717.0440963953162,58.54514681621814,6.711178450505145,3.496924840099479,3.214253610405666,74.26154248253255,80.92327010151051,0.09026284406774034,[],[],2021326.6,1579250.0,Increasing,Strong Uptrend,98.1,Strong bullish trend across multiple timeframes Bullish MACD crossover Strong volume supporting price action
GLAND,62.22,78.78,70.5,Buy,Strong bullish trend across multiple timeframes Bearish MACD crossover Declining volume suggests weakening trend,0.0,0.0,0.0,4351.0,0.0,0.074,0.498,347.194,0.57728,0.17714001,0.13465,0.0,0.0,3.428,0.0,0.0,0.0,0.0,41.84267,30.109213,3.5242436,22.194,5.176,0.92,322493382656.0,296109473792.0,0.499,0.0,0.0,5.637586,0.4,555.41,0.0,65.01,164756000.0,0.51842,0.36703998,1957.4000244140625,0.6478802586173282,-0.9312695596386811,,,2111.3311582004694,1266.0061416499243,1968.787109375,1891.32990234375,1689.4762365722656,1670.8365795898437,1951.5036517134986,1937.9833082844896,49.13141985494656,13.520343429009017,21.75958533613483,-8.239241907125813,32.100602811847445,30.063735969474617,0.09727411143214801,[],[],324237.8,430408.0,Decreasing,Uptrend,78.78,Strong bullish trend across multiple timeframes Bearish MACD crossover Declining volume suggests weakening trend
WIPRO,72.48,67.81,70.15,Buy,Bullish MACD crossover Strong volume supporting price action High volatility detected,0.0,0.0,0.0,230000.0,0.0,0.008,0.105,85.319,0.30344,0.16057,0.15083,0.16362,0.07532,18.233,2.397,2.295,170585997312.0,116813996032.0,19.37958,9.835443,2.996132,12.944,2.501,4.42,2603584061440.0,2232284348416.0,0.109,0.0,0.0,2.9168804,0.596,82.987,0.0,25.28,10471300096.0,0.72822,0.14497,248.63999938964844,-0.5081846480135543,0.7414617921303046,,,317.35771613953585,223.60184572930416,246.19750213623047,253.8114749145508,248.41147079467774,267.1212775421143,246.95810782290033,248.39045465367843,59.10355650163743,-1.4323468307781013,-2.4929528920316253,1.060606061253524,78.47447353543305,72.84479654496397,0.06930738649009147,[],[],7880079.35,13572686.0,Increasing,Downtrend,67.81,Bullish MACD crossover Strong volume supporting price action High volatility detected
SBILIFE,40.87,98.63,69.75,Hold,Strong bullish trend across multiple timeframes Bullish MACD crossover Strong volume supporting price action,0.0,0.0,0.0,25672.0,0.0,0.125,0.145,1209.919,0.07353,0.01682,0.02052,0.14895001,0.00377,0.0,1.281,0.354,0.0,0.0,74.62866,70.92713,10.445463,0.0,1.517,0.15,1863610269696.0,1838894546944.0,0.144,0.0,0.0,1.5370306,0.381,177.972,0.0,26.21,1002480000.0,0.57874,0.29678,1859.0,-0.9748068157537482,0.9996753590201024,,,1932.3222190371707,1369.9426261325289,1845.5649963378905,1828.877998046875,1764.2705004882812,1614.9705169677734,1852.5783083139474,1841.3186391408176,65.42240145045363,11.25966917312985,9.688324535988258,1.5713446371415927,64.0712592437977,62.02714578694869,0.03666295905233956,[],[],883621.45,605948.0,Increasing,Strong Uptrend,98.63,Strong bullish trend across multiple timeframes Bullish MACD crossover Strong volume supporting price action
LAURUSLABS,53.94,84.91,69.42,Hold,Strong bullish trend across multiple timeframes Bearish MACD crossover Declining volume suggests weakening trend,0.0,0.0,0.0,6167.0,0.0,0.314,12.13,110.172,0.5464,0.16902,0.08583,0.0,0.0,60.048,0.0,0.0,0.0,0.0,93.42189,37.6166,10.599228,40.299,8.46,0.18,474560167936.0,501551661056.0,12.031,0.0,0.0,8.004563,0.361,82.94,0.0,23.37,539825024.0,0.3216,0.32593,879.0999755859375,-1.2136249614372208,2.256596848138037,,,922.5,426.11903655204225,861.8450012207031,794.4489965820312,704.3456707763672,635.1180320739746,865.403295264932,843.75750919087,59.42349020848204,21.645786074062016,22.73658218746066,-1.0907961133986426,86.11504741588676,77.37691439269277,0.10865917114878156,[],[],3166521.45,1548015.0,Decreasing,Strong Uptrend,84.91,Strong bullish trend across multiple timeframes Bearish MACD crossover Declining volume suggests weakening trend
EXIDEIND,49.8,88.93,69.37,Hold,Strong bullish trend across multiple timeframes Bullish MACD crossover Stochastic indicates overbought conditions,0.0,0.0,0.0,5133.0,0.0,0.058,0.239,205.803,0.32391998,0.08294,0.048460003,0.0,0.0,14.473,0.0,0.0,0.0,0.0,39.68437,23.768642,2.4195418,19.243,2.012,0.5,336642473984.0,352025083904.0,0.241,0.0,0.0,1.9239725,0.557,163.688,0.0,0.0,850000000.0,0.50928,0.2148,396.04998779296875,-1.0987699537858164,5.768453700568976,,,531.6134025583541,326.2896726147736,384.3874969482422,383.8672668457031,380.1584991455078,387.3812844848633,387.66760144722537,385.5436920397732,63.483138912319994,2.1239094074521745,-0.0029283530260418855,2.1268377604782165,88.37931314782959,82.43398829262402,0.08176055595085614,[],[],3587140.25,1862967.0,Increasing,Strong Uptrend,88.93,Strong bullish trend across multiple timeframes Bullish MACD crossover Stochastic indicates overbought conditions
HINDUNILVR,40.65,97.93,69.29,Hold,Strong bullish trend across multiple timeframes Bullish MACD crossover Strong volume supporting price action,0.0,0.0,0.0,18802.0,0.0,0.051,0.056,272.073,0.50698,0.20327999,0.16886,0.0,0.0,3.322,0.0,0.0,0.0,0.0,57.14689,51.302174,12.507966,42.728,9.522,1.83,6179186540544.0,6087210172416.0,0.056,0.0,0.0,9.665853,0.37,210.258,0.0,0.0,2349590016.0,0.62264,0.18846,2629.89990234375,-0.6835384311272619,6.018697041436183,,,2980.78297188193,2113.771256648273,2527.5750122070312,2435.642607421875,2378.705244140625,2354.929337158203,2571.699565376302,2522.071445273791,60.40414545769707,49.62812010251082,38.96296300179292,10.665157100717899,75.24701612049017,70.43318529203184,0.10680268605945654,[],[],1683977.1,1223445.0,Increasing,Strong Uptrend,97.93,Strong bullish trend across multiple timeframes Bullish MACD crossover Strong volume supporting price action
TCS,75.41,61.82,68.61,Buy,Strong bearish trend across multiple timeframes Bullish MACD crossover Strong volume supporting price action,0.0,0.0,0.0,607979.0,0.0,0.013,0.06,707.965,0.38586,0.24457,0.19236,0.51589,0.24604,9.714,2.262,2.019,504099995648.0,341783740416.0,22.42126,19.743988,11.285488,16.333,4.194,2.0,11049646424064.0,10741709012992.0,0.06,0.0,0.0,4.313774,0.333,270.613,0.0,154.68,3618089984.0,0.71785,0.17171,3054.0,-1.5664312552869153,1.048868433303518,,,4514.5980132595905,2991.60009765625,3051.790002441406,3227.7667333984373,3313.6270043945315,3642.140985107422,3058.8247008336302,3102.838657728418,58.11067694582322,-44.01395689478795,-60.10310408520421,16.089147190416256,73.66527378186514,62.02892448667823,0.043473229183524434,[],[],2798832.05,1593791.0,Increasing,Downtrend,61.82,Strong bearish trend across multiple timeframes Bullish MACD crossover Strong volume supporting price action
NTPC,51.01,86.1,68.55,Hold,Bullish MACD crossover Strong volume supporting price action High volatility detected,0.0,0.0,0.0,16646.0,0.0,-0.03,0.097,192.524,0.44237998,0.16983,0.12835,0.0,0.0,130.856,0.0,0.0,0.0,0.0,18.516483,13.989207,1.775123,10.861,3.066,3.44,3267777789952.0,5723457585152.0,0.098,0.0,0.0,1.7505214,0.301,189.846,0.0,24.09,9696669696.0,0.53025,0.36593,337.0,-0.5312833110456494,-0.6925021544861187,,,442.2557615548011,292.79998779296875,335.56750030517577,336.6900018310547,341.69000061035155,340.0102644348145,337.35359688460045,337.08239039489195,58.99704457089564,0.27120648970850425,-0.157239114055025,0.42844560376352925,72.04640819391282,69.09701097606448,0.040322194710325714,[],[],8903578.45,8534844.0,Increasing,Downtrend,86.1,Bullish MACD crossover Strong volume supporting price action High volatility detected
EICHERMOT,51.46,85.59,68.53,Hold,Strong bullish trend across multiple timeframes RSI indicates overbought conditions Bullish MACD crossover,0.0,0.0,0.0,5178.0,0.0,0.078,0.094,707.054,0.43655,0.19928,0.24962,0.0,0.0,2.151,0.0,0.0,0.0,0.0,33.669582,28.616179,7.6270084,35.822,8.21,1.18,1624960139264.0,1591336239104.0,0.094,0.0,0.0,8.383819,0.127,776.779,0.0,0.0,274278016.0,0.5125,0.30326998,5924.5,-0.8451882845188274,2.784524635669672,,,6024.5,4451.035622592079,5661.416259765625,5565.16908203125,5465.78517578125,5197.297509765625,5808.025661132773,5688.947493687422,83.63019508057675,119.07816744535103,86.06437299392813,33.013794451422896,86.28794157483198,87.30119492530015,0.140639632967064,[],[],489237.5,273421.0,Increasing,Strong Uptrend,85.59,Strong bullish trend across multiple timeframes RSI indicates overbought conditions Bullish MACD crossover
COALINDIA,54.43,81.86,68.14,Hold,Bullish MACD crossover Declining volume suggests weakening trend High volatility detected,0.0,0.0,0.0,220272.0,0.0,-0.039,-0.202,203.919,0.67774004,0.32039002,0.26373,0.0,0.0,9.15,0.0,0.0,0.0,0.0,6.9639206,14.724735,2.3290749,4.464,1.618,8.55,2307634233344.0,2033238802432.0,-0.202,0.0,0.0,1.8363079,0.044,160.772,0.0,25.43,6162729984.0,0.63137,0.25081,374.45001220703125,-0.9784428795907796,-1.2795385506104595,,,502.31102717035503,339.58072583613375,373.78128204345705,376.05685546875,380.05415924072264,378.0028872680664,377.04512853831875,376.04408358692336,69.25979252181281,1.0010449513953859,0.4587732249932591,0.5422717264021267,74.5055593650021,82.0756409890637,0.06428836975821879,[],[],6140552.75,4699261.0,Decreasing,Downtrend,81.86,Bullish MACD crossover Declining volume suggests weakening trend High volatility detected
LT,56.91,78.92,67.91,Hold,Strong bullish trend across multiple timeframes Bearish MACD crossover Declining volume suggests weakening trend,0.0,0.0,0.0,54596.0,0.0,0.161,0.298,1954.798,0.36325002,0.10212,0.05903,0.0,0.0,114.735,0.0,0.0,0.0,0.0,31.151348,34.435932,5.06363,18.904,2.173,0.95,4945519575040.0,5840545775616.0,0.298,0.0,0.0,1.8398405,0.497,710.123,0.0,104.42,1375360000.0,0.16620001,0.49698,3595.800048828125,-0.4650403690966032,-2.2083206736979832,,,3926.8766708182884,2937.900120111403,3609.2450317382813,3588.2180126953126,3507.5894580078125,3489.967604980469,3619.602623097616,3603.5707107110693,51.176306823633716,16.031912386546537,21.256529123901693,-5.224616737355156,15.396562937843598,23.211120244644547,0.08308091943439212,[],[],1840694.75,1060447.0,Decreasing,Uptrend,78.92,Strong bullish trend across multiple timeframes Bearish MACD crossover Declining volume suggests weakening trend
RADICO,50.78,85.02,67.9,Hold,Strong bullish trend across multiple timeframes Bearish MACD crossover Declining volume suggests weakening trend,0.0,0.0,0.0,1494.0,0.0,0.325,0.682,390.145,0.42313,0.13008,0.07676,0.0,0.0,27.252,0.0,0.0,0.0,0.0,96.15436,73.17468,14.044975,53.008,7.541,0.14,386932047872.0,393696378880.0,0.687,0.0,0.0,7.4115653,0.431,205.796,0.0,39.5,133868000.0,0.44969,0.31176,2890.39990234375,-0.15200174140374,1.1478094753146761,,,2940.0,1721.103895756986,2813.1400390625,2723.123759765625,2604.950646972656,2449.612431640625,2845.9509164229858,2800.97878190699,55.35045691519337,44.97213451599555,45.23743181023426,-0.26529729423871373,82.17843339175793,76.50976730699334,0.09812759924500723,[],[],421139.5,172629.0,Decreasing,Strong Uptrend,85.02,Strong bullish trend across multiple timeframes Bearish MACD crossover Declining volume suggests weakening trend
TORNTPHARM,49.92,85.36,67.64,Hold,Strong bullish trend across multiple timeframes Bearish MACD crossover Declining volume suggests weakening trend,0.0,0.0,0.0,17059.0,0.0,0.112,0.198,349.635,0.75869006,0.26149,0.16917999,0.0,0.0,42.81,0.0,0.0,0.0,0.0,62.115288,41.21912,16.43162,33.505,10.755,0.87,1247271321600.0,1272889344000.0,0.199,0.0,0.0,10.538756,0.13,224.281,0.0,0.0,338444992.0,0.70589995,0.14603,3685.300048828125,1.0391003865526605,1.7195707653360426,,,3787.89990234375,2880.976428322467,3641.150012207031,3465.214541015625,3342.2380834960936,3268.230155029297,3638.0188048518894,3587.2311722229297,50.86228980907585,50.78763262895973,56.67089570737042,-5.8832630784106925,74.05057887878395,64.29124062770983,0.06381324120169754,[],[],410396.6,279865.0,Decreasing,Strong Uptrend,85.36,Strong bullish trend across multiple timeframes Bearish MACD crossover Declining volume suggests weakening trend
MRF,39.28,95.07,67.17,Sell,Strong bullish trend across multiple timeframes Bullish MACD crossover Stochastic indicates overbought conditions,0.0,0.0,0.0,17850.0,0.0,0.067,-0.124,67553.3,0.34547,0.0837,0.06278,0.0,0.0,20.397,0.0,0.0,0.0,0.0,34.72225,27.84085,3.3836772,15.812,2.178,0.29,625589354496.0,624022585344.0,-0.124,0.0,0.0,2.1835365,0.333,43593.105,0.0,5298.15,4241140.0,0.47967,0.17875,147505.0,-0.4185654008438844,6.52103267737858,,,152767.25626352726,101968.69403906824,145456.5,144477.0409375,138409.507890625,128014.6855859375,145459.75360039595,145316.52903892286,53.44382264313388,143.22456147309276,-244.62283329015025,387.847394763243,86.69275905659327,81.36938335050179,0.09330220147121758,[],[],6070.1,3011.0,Increasing,Strong Uptrend,95.07,Strong bullish trend across multiple timeframes Bullish MACD crossover Stochastic indicates overbought conditions
LTIM,70.13,64.03,67.08,Buy,Bullish MACD crossover Declining volume suggests weakening trend High volatility detected,0.0,0.0,0.0,83889.0,0.0,0.076,0.106,1306.817,0.2755,0.14293,0.121920004,0.22132,0.11885,9.814,3.358,2.972,43308998656.0,26377750528.0,32.89573,26.29956,6.8239527,24.381,3.801,1.24,1547878268928.0,1471282151424.0,0.106,0.0,0.0,3.9990551,0.441,765.612,0.0,0.0,296272992.0,0.68723,0.16878,5224.5,-0.20057306590257618,2.2807361002349147,,,6707.319709479284,3767.94004002627,5100.225,5227.73,4973.426237792969,5291.80045288086,5143.370599548797,5145.0903008496025,69.86564299424185,-1.7197013008053545,-24.990988923664837,23.271287622859482,82.35588972431077,69.9081035923141,0.04710614885467054,[],[],214398.3,94919.0,Decreasing,Downtrend,64.03,Bullish MACD crossover Declining volume suggests weakening trend High volatility detected
JKCEMENT,52.1,82.01,67.06,Hold,Strong bullish trend across multiple timeframes Bearish MACD crossover Strong volume supporting price action,0.0,0.0,0.0,4097.0,0.0,0.122,0.751,1626.523,0.63619,0.17502001,0.080249995,0.0,0.0,99.562,0.0,0.0,0.0,0.0,52.91206,98.502525,8.68113,25.556,4.568,0.22,528591749120.0,565743386624.0,0.811,0.0,0.0,4.267617,0.469,788.031,0.0,69.45,77268200.0,0.54048,0.35622,6841.0,-4.107092795065881,-2.2923659215882353,,,7565.5,3882.1045251946025,6906.575,6490.573583984375,5856.4573974609375,5190.632393798828,7057.939369940026,6848.0249443682005,53.89689714146103,209.91442557182563,222.4958169846502,-12.581391412824559,58.79817790971038,78.21857703936203,0.174235922482336,[],[],108432.1,176038.0,Increasing,Uptrend,82.01,Strong bullish trend across multiple timeframes Bearish MACD crossover Strong volume supporting price action
NLCINDIA,67.4,66.62,67.01,Buy,Strong bearish trend across multiple timeframes Bearish MACD crossover Declining volume suggests weakening trend,0.0,0.0,0.0,0.0,0.0,0.133,0.479,118.531,0.84207,0.103369996,0.18178,0.0,0.0,102.205,0.0,0.0,0.0,0.0,10.906134,10.2938595,1.7874415,12.221,3.577,1.28,325444403200.0,562718507008.0,0.426,0.0,0.0,2.0688884,0.409,131.305,0.0,0.0,1386640000.0,0.75245005,0.15027,234.6999969482422,-0.9161135701766465,-1.21638092267925,,,294.7781178125151,186.02999877929688,237.52949981689454,233.03220001220703,234.65859924316408,234.73946014404297,236.7716039805554,236.30326861826998,50.894532230782744,0.4683353622854156,0.9501204782235182,-0.4817851159381026,39.32928888534113,41.49339604683865,0.06278415934946352,[],[],1106620.1,284810.0,Decreasing,Sideways,66.62,Strong bearish trend across multiple timeframes Bearish MACD crossover Declining volume suggests weakening trend
EMAMILTD,46.42,87.42,66.92,Hold,Strong bullish trend across multiple timeframes Bullish MACD crossover Declining volume suggests weakening trend,0.0,0.0,0.0,3217.0,0.0,-0.002,0.074,87.205,0.69066,0.18772,0.21488,0.0,0.0,3.333,0.0,0.0,0.0,0.0,32.672184,26.93679,9.899701,25.833,6.828,1.63,267116183552.0,259956326400.0,0.076,0.0,0.0,7.0160613,0.325,61.815,0.0,0.0,436500000.0,0.57467,0.28678,611.9500122070312,-1.178843406212149,5.082860455400784,,,846.289377002361,506.02915795916346,592.3549987792969,582.2680004882812,593.9321514892578,589.9631536865235,600.809268792427,593.5179092810796,47.063534098235614,7.291359511347423,4.230868943190768,3.0604905681566548,79.18947011304799,78.02546284370506,0.13299396785286577,[],[],677042.25,428662.0,Decreasing,Strong Uptrend,87.42,Strong bullish trend across multiple timeframes Bullish MACD crossover Declining volume suggests weakening trend
FORTIS,52.15,81.16,66.66,Hold,Strong bullish trend across multiple timeframes RSI indicates overbought conditions Bullish MACD crossover,0.0,0.0,0.0,12237.0,0.0,0.166,0.568,107.208,0.58652,0.17962,0.10731,0.0,0.0,26.993,0.0,0.0,0.0,0.0,81.32289,72.943016,7.911537,44.191,8.99,0.11,705432780800.0,727655645184.0,0.568,0.0,0.0,8.71557,0.61,118.106,0.0,12.81,754958016.0,0.04072,0.81291,934.4000244140625,-1.3877857156153972,0.2575133491483417,,,971.0,522.731754086126,896.7125061035156,829.45724609375,760.0996704101562,706.3701620483398,923.9746958928952,886.7790451889865,70.71961249822465,37.195650703908655,35.41224427195776,1.783406431950894,83.12344900152087,90.33627350656623,0.18443107508903267,[],[],2449786.1,1777906.0,Decreasing,Strong Uptrend,81.16,Strong bullish trend across multiple timeframes RSI indicates overbought conditions Bullish MACD crossover
ZFCVINDIA,46.98,85.6,66.29,Hold,Strong bullish trend across multiple timeframes RSI indicates overbought conditions Bullish MACD crossover,0.0,0.0,0.0,2488.0,0.0,0.032,0.231,2035.483,0.41849998,0.101339996,0.12528,0.0,0.0,2.056,0.0,0.0,0.0,0.0,63.69399,44.510296,8.597113,43.193,6.788,0.13,276357939200.0,262060163072.0,0.231,0.0,0.0,7.158124,-0.122,1694.755,0.0,0.0,18967600.0,0.60277003,0.27252,14570.0,-0.19180709686258401,6.048475143751375,,,17275.36900138465,9547.387315786316,13687.74248046875,13407.42701171875,13201.524375,12558.997153320313,14064.688506633844,13740.703050539667,78.37554869214372,323.9854560941767,203.5995766127828,120.38587948139389,92.66222954751824,91.0790383687879,0.14046845998211333,[],[],10067.35,21701.0,Increasing,Strong Uptrend,85.6,Strong bullish trend across multiple timeframes RSI indicates overbought conditions Bullish MACD crossover
ADANIPORTS,64.5,67.67,66.09,Buy,Bullish MACD crossover Strong volume supporting price action High volatility detected,0.0,0.0,0.0,3118.0,0.0,0.312,0.065,151.115,0.66256,0.46465,0.34596002,0.0,0.0,79.193,0.0,0.0,0.0,0.0,25.639456,40.131657,4.6526957,17.59,10.348,0.52,2897179836416.0,3378038964224.0,0.065,0.0,0.0,8.8747635,0.443,288.263,0.0,33.42,2160140032.0,0.65911,0.22167,1341.199951171875,-1.5127108912925236,3.145420349757755,,,1502.1916273167224,990.8294504575306,1356.3450012207031,1394.4819970703124,1352.899599609375,1260.014901123047,1350.8812152709602,1366.960751015084,48.93462912714664,-16.07953574412386,-18.802643452956605,2.723107708832746,63.25507843065336,64.43016790246863,0.08250577452624785,[],[],2045147.3,1210284.0,Increasing,Sideways,67.67,Bullish MACD crossover Strong volume supporting price action High volatility detected
ICICIBANK,70.86,61.21,66.03,Buy,Strong bullish trend across multiple timeframes Bearish MACD crossover Declining volume suggests weakening trend,0.0,0.0,0.0,182665.0,0.0,0.108,0.146,290.557,0.0,0.39253,0.2574,0.17884001,0.02229,0.0,0.0,0.0,0.0,0.0,19.532227,37.85978,3.109993,0.0,5.155,0.77,10255695085568.0,10592427442176.0,0.159,0.0,0.0,4.9909797,0.495,461.866,0.0,37.94,7139859968.0,0.02231,0.54978,1436.4000244140625,-0.6638987265516927,0.6375657026992387,,,1488.5144734435703,1167.5907626667606,1443.5355834960938,1431.9108862304688,1415.712071533203,1338.3208233642579,1435.9376486479848,1436.946602902592,36.26516051652244,-1.0089542546072607,-0.3533800230508948,-0.655574231556366,43.94990909659236,39.2127888211243,0.05385390012956155,[],[],7747980.85,6657207.0,Decreasing,Uptrend,61.21,Strong bullish trend across multiple timeframes Bearish MACD crossover Declining volume suggests weakening trend
RELIANCE,60.46,71.26,65.86,Buy,Strong bullish trend across multiple timeframes Bullish MACD crossover Stochastic indicates overbought conditions,0.0,0.0,0.0,403303.0,0.0,0.051,0.784,721.63,0.35601002,0.11929,0.083459996,0.0,0.0,36.605,0.0,0.0,0.0,0.0,23.42031,19.613083,2.261784,12.953,2.271,0.39,19069998727168.0,22175541100544.0,0.783,0.0,0.0,1.9528108,0.218,623.048,0.0,71.85,13532499968.0,0.49662998,0.28582,1409.199951171875,-1.0948973274587437,2.5767870931396875,,,1544.8301010282516,1110.415052053189,1391.8928527832031,1439.0633032226563,1398.7753210449218,1323.9452368164064,1400.5414131999964,1408.4253819430273,56.0526840585572,-7.883968743030891,-14.665531453629137,6.781562710598246,81.21028790856461,82.11162862107112,0.04878001405719301,[],[],9687218.8,5818868.0,Increasing,Sideways,71.26,Strong bullish trend across multiple timeframes Bullish MACD crossover Stochastic indicates overbought conditions
APOLLOHOSP,45.91,85.54,65.72,Hold,Strong bullish trend across multiple timeframes RSI indicates overbought conditions Bullish MACD crossover,0.0,0.0,0.0,42497.0,0.0,0.149,0.418,1568.274,0.33824003,0.109069996,0.06978,0.0,0.0,90.886,0.0,0.0,0.0,0.0,72.464096,97.08946,13.871064,40.855,5.331,0.25,1139136659456.0,1202079006720.0,0.418,0.0,0.0,5.0514917,0.161,571.153,0.0,81.6,143784992.0,0.29705,0.47934,7922.5,-0.05046363464328296,1.420962866816411,,,7980.0,5993.328624607504,7497.922338867187,7351.757734375,7133.603056640625,6964.846369628906,7679.989072890468,7519.188234309788,74.874388684623,160.80083858068065,99.60312344265682,61.197715138023824,96.00343763297319,94.30887320258677,0.1457077237949631,[],[],500712.65,843648.0,Increasing,Strong Uptrend,85.54,Strong bullish trend across multiple timeframes RSI indicates overbought conditions Bullish MACD crossover
AUBANK,67.47,63.95,65.71,Buy,Bullish MACD crossover Declining volume suggests weakening trend High volatility detected,0.0,0.0,0.0,50946.0,0.0,0.081,0.154,119.869,0.0,0.33545,0.24486,0.14696,0.0,0.0,0.0,0.0,0.0,0.0,25.317297,34.985855,3.218398,0.0,7.352,0.13,553193832448.0,655810953216.0,0.156,0.0,0.0,6.201561,0.324,230.565,0.0,21.21,745193024.0,0.35213003,0.44172,742.0499877929688,-1.3493783899685585,-1.1390871397636837,,,839.964104316448,488.84713286028926,743.15,775.2788366699219,719.6329864501953,643.8711820983887,748.4594414524703,752.9682036398777,50.44523578147793,-4.508762187407456,-7.08520628841758,2.576444101010124,37.51067659775627,43.51380154870399,0.054563803171248884,[],[],2453075.65,980129.0,Decreasing,Sideways,63.95,Bullish MACD crossover Declining volume suggests weakening trend High volatility detected
DIXON,41.68,87.85,64.77,Hold,Strong bullish trend across multiple timeframes Bullish MACD crossover Declining volume suggests weakening trend,0.0,0.0,0.0,0.0,0.0,0.951,0.993,8837.697,0.07592,0.03036,0.02631,0.0,0.0,19.34,0.0,0.0,0.0,0.0,74.62562,91.40244,28.990458,47.437,1.832,0.03,1021649813504.0,826487472128.0,0.683,0.0,0.0,2.2644975,0.06,582.709,0.0,184.82,60477700.0,0.41761002,0.31971002,16893.0,1.00448430493274,4.335742078932747,,,19148.900390625,12017.703008681334,16589.35,15761.9,15480.9780078125,15548.066264648438,16590.773392439998,16378.395156940058,50.642673521850895,212.37823549994027,209.8473409961186,2.530894503821685,79.94702406455298,80.09802258878415,0.08969390985263691,[],[],264361.15,304647.0,Decreasing,Strong Uptrend,87.85,Strong bullish trend across multiple timeframes Bullish MACD crossover Declining volume suggests weakening trend
PIDILITIND,47.53,81.74,64.63,Hold,Strong bullish trend across multiple timeframes RSI indicates overbought conditions Bullish MACD crossover,0.0,0.0,0.0,8153.0,0.0,0.105,0.184,265.361,0.53929,0.22496,0.16163,0.0,0.0,4.561,0.0,0.0,0.0,0.0,71.94593,152.45432,16.098284,50.39,11.423,0.97,1570362884096.0,1541930352640.0,0.186,0.0,0.0,11.633989,0.344,191.772,0.0,20.25,508668992.0,0.68195,0.14963001,3087.199951171875,0.26631864799853133,0.05834085969722569,,,3380.787711457371,2595.9304504816755,3001.574499511719,2987.4615869140625,2985.0205908203125,2934.864782714844,3058.0116382647284,3021.5020675363116,84.31169098659166,36.50957072841675,27.498799983380103,9.010770745036645,85.21991164426167,86.010593088368,0.12592215507611385,[],[],360684.9,357791.0,Decreasing,Strong Uptrend,81.74,Strong bullish trend across multiple timeframes RSI indicates overbought conditions Bullish MACD crossover
POLICYBZR,39.4,88.54,63.97,Sell,Strong bullish trend across multiple timeframes Bullish MACD crossover Stochastic indicates overbought conditions,0.0,0.0,0.0,0.0,0.0,0.334,0.389,116.459,0.61182,0.00068000006,0.07101,0.0,0.0,5.005,0.0,0.0,0.0,0.0,232.50607,74.42851,13.591334,474.184,15.984,0.0,875270307840.0,849500962816.0,0.406,0.0,0.0,16.468826,0.485,140.619,0.0,0.0,457968992.0,0.26948,0.4759,1911.199951171875,0.17296119899290474,4.198015595344695,,,2246.89990234375,1311.3499755859375,1823.6099975585937,1833.5620068359376,1760.5810021972657,1759.5157507324218,1864.811857838841,1838.7211892125586,68.13246100495789,26.090668626282422,11.739085728322898,14.351582897959524,88.47778414387521,87.80882015480582,0.12144626725216093,[],[],1063851.1,865772.0,Increasing,Strong Uptrend,88.54,Strong bullish trend across multiple timeframes Bullish MACD crossover Stochastic indicates overbought conditions
MARUTI,43.02,84.82,63.92,Hold,Strong bullish trend across multiple timeframes RSI indicates overbought conditions Bullish MACD crossover,0.0,0.0,0.0,19966.0,0.0,0.079,0.009,4953.499,0.295,0.07943,0.09332,0.0,0.0,0.09,0.0,0.0,0.0,0.0,31.055752,27.496408,4.68754,22.631,2.84,0.94,4511368740864.0,4423451934720.0,0.009,0.0,0.0,2.8967533,0.189,3061.094,0.0,521.85,314403008.0,0.58294,0.29964,14349.0,0.48319327731092265,10.923005565862699,,,14401.0,10610.16228851044,12954.771728515625,12648.93021484375,12344.206611328125,11960.351826171875,13554.18182239672,13078.105585867306,95.95868881903907,476.076236529414,280.81091860109484,195.26531792831918,95.150532574986,95.76357685337935,0.21792115029644926,[],[],442361.25,458935.0,Increasing,Strong Uptrend,84.82,Strong bullish trend across multiple timeframes RSI indicates overbought conditions Bullish MACD crossover
ALKEM,58.9,68.79,63.84,Hold,RSI indicates overbought conditions Bullish MACD crossover Stochastic indicates overbought conditions,0.0,0.0,0.0,18785.0,0.0,0.112,0.218,1112.676,0.62261003,0.19322,0.17172001,0.0,0.0,11.106,0.0,0.0,0.0,0.0,28.408377,25.361067,5.4131546,24.098,4.705,0.29,648759672832.0,626008981504.0,0.218,0.0,0.0,4.8764844,0.342,1002.373,0.0,213.95,119565000.0,0.67245,0.21956,5426.0,0.07377351530799547,1.4679756895745744,,,6378.9212703408975,4484.274290497364,5105.85234375,4961.423759765625,4996.325815429687,5080.603596191406,5252.860748629375,5123.515719715095,79.08228343635461,129.3450289142802,83.79865560015763,45.54637331412256,93.7037759700868,93.80085638688293,0.17074057863924996,[],[],193414.7,99592.0,Decreasing,Strong Uptrend,68.79,RSI indicates overbought conditions Bullish MACD crossover Stochastic indicates overbought conditions
UPL,33.14,94.06,63.6,Sell,Strong bullish trend across multiple timeframes Bullish MACD crossover Declining volume suggests weakening trend,0.0,0.0,0.0,12000.0,0.0,0.016,0.0,650.52,0.48235,0.062069997,0.0255,0.0,0.0,66.354,0.0,0.0,0.0,0.0,52.91359,14.938491,2.070976,12.223,1.74,0.84,586689413120.0,814054440960.0,0.0,0.0,0.0,1.253985,0.649,345.948,0.0,47.96,750608000.0,0.37993,0.39812002,716.4500122070312,0.5614428986545628,4.782451511083186,,,735.8499755859375,488.52936345326924,704.6725067138672,679.861787109375,661.4491052246094,615.8353109741211,703.6932053602287,697.5536907103309,68.7362877183878,6.139514649897819,6.127594879684029,0.011919770213790315,76.07626993793677,71.09229635800303,0.0944700417048304,[],[],2807921.0,1635644.0,Decreasing,Strong Uptrend,94.06,Strong bullish trend across multiple timeframes Bullish MACD crossover Declining volume suggests weakening trend
NAUKRI,65.93,60.49,63.21,Buy,Bullish MACD crossover Stochastic indicates overbought conditions Declining volume suggests weakening trend,0.0,0.0,0.0,6174.0,0.0,0.169,0.27,45.785,0.53838,0.29536,0.3459,0.0,0.0,0.726,0.0,0.0,0.0,0.0,87.71283,14.781584,2.5599043,89.448,29.45,0.52,893718953984.0,872805367808.0,0.271,0.0,0.0,30.155441,0.69,539.317,0.0,93.4,647340992.0,0.46223,0.37230998,1380.5999755859375,-2.2791670533205632,1.1132232972090206,,,1821.2694678741534,1154.1416390412078,1369.8150024414062,1417.2051342773439,1416.1491467285157,1482.9069763183593,1372.9499219119932,1382.4183491147064,52.26865747149294,-9.468427202713201,-17.863676558536326,8.395249355823125,80.46124950274523,80.50120658520552,0.10089069163516279,[],[],2022097.55,1083516.0,Decreasing,Downtrend,60.49,Bullish MACD crossover Stochastic indicates overbought conditions Declining volume suggests weakening trend
BAJAJ-AUTO,53.01,73.29,63.15,Hold,RSI indicates overbought conditions Bullish MACD crossover Stochastic indicates overbought conditions,0.0,0.0,0.0,5598.0,0.0,0.112,0.136,1907.211,0.32651,0.23341998,0.14264,0.0,0.0,26.301,0.0,0.0,0.0,0.0,31.948687,50.692093,6.8880434,19.338,4.554,2.42,2423194648576.0,2424355422208.0,0.138,0.0,0.0,4.5518117,0.771,1260.082,0.0,171.22,279185984.0,0.58706003,0.15416001,8679.5,-0.05757383844781083,5.673586169111822,,,12458.258373030149,6914.118957712413,8297.35,8318.0541015625,8176.47556640625,8328.368627929687,8495.935847422174,8381.816189606026,74.96069182389937,114.11965781614708,48.43415038038161,65.68550743576547,85.99605522682447,90.34709968499095,0.12073657740875031,[],[],401580.6,369875.0,Increasing,Strong Uptrend,73.29,RSI indicates overbought conditions Bullish MACD crossover Stochastic indicates overbought conditions
ICRA,62.83,63.27,63.05,Buy,Bullish MACD crossover Declining volume suggests weakening trend High volatility detected,0.0,0.0,0.0,1130.0,0.0,0.084,0.194,527.737,0.46613997,0.2864,0.34849998,0.0,0.0,1.242,0.0,0.0,0.0,0.0,34.130318,31.919937,5.7176394,28.907,9.826,0.96,60219834368.0,49885872128.0,0.195,0.0,0.0,11.861439,0.094,1094.77,0.0,196.1,9620550.0,0.64111,0.21124001,6259.5,-1.0433957789898085,1.9877800407331891,,,7666.467387354439,4970.408959417513,6324.6,6563.61060546875,6255.220014648437,6178.2803515625,6274.538426095172,6370.413918189618,38.404133180252586,-95.87549209444569,-111.37705049587645,15.501558401430756,42.36344166143023,37.37045074020725,0.1228615387317063,[],[],5007.1,2715.0,Decreasing,Sideways,63.27,Bullish MACD crossover Declining volume suggests weakening trend High volatility detected
METROPOLIS,41.61,84.37,62.99,Hold,Strong bullish trend across multiple timeframes Bullish MACD crossover Stochastic indicates overbought conditions,0.0,0.0,0.0,4823.0,0.0,0.232,0.175,273.143,0.77287,0.1526,0.108330004,0.0,0.0,15.295,0.0,0.0,0.0,0.0,73.51745,44.125034,8.443474,51.212,8.069,0.0,112396369920.0,113275543552.0,0.187,0.0,0.0,8.005948,0.089,256.944,0.0,0.0,51807500.0,0.4989,0.42926997,2169.5,0.6588387161961862,2.2721892265312515,,,2318.300048828125,1315.0,2062.985009765625,1916.852001953125,1789.201502685547,1842.659002685547,2114.0940030669617,2044.5425716621478,67.63919974644915,69.55143140481391,65.37726626981515,4.174165134998759,88.80046914153216,88.78679828052834,0.13768348170849176,[],[],73467.3,21497.0,Decreasing,Strong Uptrend,84.37,Strong bullish trend across multiple timeframes Bullish MACD crossover Stochastic indicates overbought conditions
NYKAA,31.27,94.7,62.98,Sell,Strong bullish trend across multiple timeframes Bullish MACD crossover Stochastic indicates overbought conditions,0.0,0.0,0.0,1981.0,0.0,0.234,1.667,30.033,0.44057998,0.029949998,0.00954,0.0,0.0,98.356,0.0,0.0,0.0,0.0,833.1111,177.11812,49.4265,199.534,7.823,0.0,643407151104.0,653856735232.0,1.419,0.0,0.0,7.6975007,0.323,4.551,0.0,1.27,2860219904.0,0.59838,0.33858,224.94000244140625,-0.004442990429665006,4.555174806898021,,,229.8000030517578,154.89999389648438,213.4649971008301,209.88259887695312,201.47069946289062,185.54649940490722,218.31151955455056,214.58204413111636,67.39945288150739,3.729475423434195,2.0796233863801366,1.6498520370540586,85.77502933675011,89.08966852732205,0.13044749458271943,[],[],5899480.3,4074027.0,Increasing,Strong Uptrend,94.7,Strong bullish trend across multiple timeframes Bullish MACD crossover Stochastic indicates overbought conditions
RECLTD,80.3,45.44,62.87,Strong Buy,Strong bearish trend across multiple timeframes Bearish MACD crossover Stochastic indicates oversold conditions,0.0,0.0,0.0,0.0,0.0,0.048,0.291,82.008,0.98879,0.96138,0.78215,0.22323999,0.0,666.365,0.0,0.0,0.0,0.0,5.86875,5.548006,1.2619145,0.0,27.899,2.77,989037461504.0,6024503230464.0,0.291,0.0,0.0,4.5801644,0.412,297.643,0.0,67.7,2633220096.0,0.52645,0.23879999,375.6000061035156,-1.3137151654800783,-1.5594238972120311,,,608.1615491672904,347.9661372196504,385.0003829956055,388.36389099121095,396.2661471557617,425.49052154541016,381.88801517608493,385.14714478872986,38.37302207455787,-3.2591296126449265,-2.6193898276730474,-0.6397397849718791,12.553807286839891,16.420925041956597,0.05561347897461216,[],[],5708283.2,3478895.0,Decreasing,Strong Downtrend,45.44,Strong bearish trend across multiple timeframes Bearish MACD crossover Stochastic indicates oversold conditions
SANOFI,65.73,59.99,62.86,Buy,Strong bearish trend across multiple timeframes Bullish MACD crossover Strong volume supporting price action,0.0,0.0,0.0,1225.0,0.0,-0.123,-0.326,860.227,0.5084,0.21117,0.18288,0.49431,0.22473,2.672,1.849,1.123,3904999936.0,2485250048.0,33.22218,25.668646,15.400901,23.544,5.933,2.24,120461549568.0,117533540352.0,-0.327,0.0,0.0,6.0805383,0.083,339.623,0.0,203.77,23030600.0,0.60605,0.26142,5230.5,-0.7683551508252728,3.043735224586297,,,7464.647161852233,4814.6976141245605,5375.2,5770.79,5928.081967773437,5813.367810058594,5246.904733411533,5437.451353953625,30.04372267332917,-190.54662054209166,-206.03484410994616,15.488223567854504,26.13415866953706,18.713735703557646,0.2259789812816673,[],[],12416.45,7436.0,Increasing,Strong Downtrend,59.99,Strong bearish trend across multiple timeframes Bullish MACD crossover Strong volume supporting price action
TITAN,45.63,79.74,62.69,Hold,Strong bullish trend across multiple timeframes RSI indicates overbought conditions Bullish MACD crossover,0.0,0.0,0.0,9191.0,0.0,0.246,0.526,718.277,0.21545,0.09962,0.058280002,0.0,0.0,178.742,0.0,0.0,0.0,0.0,86.21429,64.453545,27.655575,58.07,5.335,0.3,3211989876736.0,3398973784064.0,0.526,0.0,0.0,5.041342,0.297,130.932,0.0,56.18,887044992.0,0.582,0.19142,3621.0,0.12996574145991424,3.771424925181477,,,3855.397419134134,2916.223769645376,3460.45,3490.9694677734374,3443.668605957031,3358.9925793457032,3531.003742508172,3494.2178743016816,93.57142857142857,36.78586820649025,11.343645482041298,25.442222724448953,96.15793039556321,96.23587862004443,0.10093417240758706,[],[],695022.3,691835.0,Increasing,Strong Uptrend,79.74,Strong bullish trend across multiple timeframes RSI indicates overbought conditions Bullish MACD crossover
INFY,61.63,63.53,62.58,Buy,Bullish MACD crossover Declining volume suggests weakening trend High volatility detected,0.0,0.0,0.0,323788.0,0.0,0.048,0.056,4.708,0.29834998,0.20886,0.16427,0.30365,0.14858,8.894,2.182,1.954,4184000000.0,3329062400.0,22.221392,20.568308,557.1161,1373.337,315.979,4.24,6166089302016.0,6162848677888.0,0.06,0.0,0.0,316.14484,0.348,2.67,0.0,72.32,4145270016.0,0.15072,0.48951998,1487.5,-0.5947623809714586,2.7491918332875454,,,1978.6106902340612,1288.8655111580174,1468.1499877929687,1550.2319995117186,1528.3763134765625,1669.5814233398437,1468.4058146100865,1490.9167524104562,54.893390384010864,-22.510937800369675,-31.968527822800958,9.457590022431283,79.51003580373043,59.64442107973337,0.09670155843686884,[],[],8423655.7,5543397.0,Decreasing,Downtrend,63.53,Bullish MACD crossover Declining volume suggests weakening trend High volatility detected
INDIGO,31.07,94.08,62.58,Sell,Strong bullish trend across multiple timeframes Bullish MACD crossover Declining volume suggests weakening trend,0.0,0.0,0.0,41049.0,0.0,0.047,-0.203,2115.312,0.33391,0.13699001,0.082049996,0.0,0.0,713.155,0.0,0.0,0.0,0.0,35.086758,29.625214,25.1058,24.483,3.288,0.16,2352706224128.0,2686994874368.0,-0.202,0.0,0.0,2.8786852,0.917,242.434,0.0,205.45,386544992.0,0.44785,0.34265,6086.5,-0.20495163141498463,1.3994169096209985,,,6232.5,3773.6230403526224,5899.368725585938,5788.563125,5569.582563476562,4975.455269775391,6003.131479000153,5915.455730259843,69.44636071829211,87.67574874031015,66.30539110858831,21.370357631721845,78.5831820867266,78.83383711793003,0.09234088515327975,[],[],800653.7,596200.0,Decreasing,Strong Uptrend,94.08,Strong bullish trend across multiple timeframes Bullish MACD crossover Declining volume suggests weakening trend
GODREJCP,33.19,91.96,62.57,Sell,Strong bullish trend across multiple timeframes Bullish MACD crossover Strong volume supporting price action,0.0,0.0,0.0,2962.0,0.0,0.099,0.005,143.595,0.5276,0.17347,0.12617,0.0,0.0,33.689,0.0,0.0,0.0,0.0,69.45856,56.964203,10.718457,44.36,8.786,1.59,1286869876736.0,1291029970944.0,0.004,0.0,0.0,8.757451,0.272,117.293,0.0,22.07,1023070016.0,0.62406,0.2043,1257.199951171875,0.7856282320032548,6.10177443397093,,,1517.1997551477612,971.6382841838788,1217.9766235351562,1216.32515625,1223.837315673828,1168.7348162841797,1225.1776082876274,1222.5483714315797,49.07916901244828,2.6292368560477826,-2.8682471802557568,5.49748403630354,78.28901989935157,65.35990956403973,0.0791087747181805,[],[],1314558.4,1481336.0,Increasing,Strong Uptrend,91.96,Strong bullish trend across multiple timeframes Bullish MACD crossover Strong volume supporting price action
CGPOWER,43.07,81.97,62.52,Hold,Bullish MACD crossover Declining volume suggests weakening trend High volatility detected,0.0,0.0,0.0,0.0,0.0,0.292,0.114,69.052,0.29497,0.11734,0.094960004,0.0,0.0,1.018,0.0,0.0,0.0,0.0,104.111786,72.40149,27.04041,78.131,9.708,0.19,1070491697152.0,1025083965440.0,0.116,0.0,0.0,10.13801,0.561,25.142,0.0,9.39,1574599936.0,0.58693004,0.18293,679.8499755859375,0.33945654703066985,2.0872382497359343,,,872.9628592880013,516.7217530215826,668.1174987792969,674.0009973144531,660.7329986572265,665.0782806396485,672.6805573716135,671.9311317424575,66.10265064123087,0.7494256291560077,-0.8386880402221697,1.5881136693781774,77.58751851123468,74.52758703898904,0.05320841427704524,[],[],2269251.65,3733247.0,Decreasing,Strong Uptrend,81.97,Bullish MACD crossover Declining volume suggests weakening trend High volatility detected
COFORGE,54.71,69.62,62.17,Hold,Strong bullish trend across multiple timeframes Bullish MACD crossover Declining volume suggests weakening trend,0.0,0.0,0.0,0.0,0.0,0.536,1.257,400.172,0.39745998,0.11327,0.07445,0.0,0.0,12.851,0.0,0.0,0.0,0.0,62.889526,8.375826,9.169753,30.439,4.526,0.92,584904474624.0,605678534656.0,1.383,0.0,0.0,4.3707647,0.286,190.594,0.0,208.66,334536992.0,0.00866,0.71910006,1747.699951171875,1.128341659006371,6.437268646277405,,,1991.5371549124939,1184.8646502280792,1686.0080810546874,1794.9733203125,1677.1002783203126,1676.2812670898438,1691.4205590493964,1717.4014327982122,54.4477772916647,-25.98087374881584,-39.65533036834081,13.674456619524975,84.80787004434615,67.41805578936301,0.11261323010854592,[],[],2092458.3,2262754.0,Decreasing,Sideways,69.62,Strong bullish trend across multiple timeframes Bullish MACD crossover Declining volume suggests weakening trend
SUNDARMFIN,51.13,72.54,61.84,Hold,RSI indicates overbought conditions Bullish MACD crossover Stochastic indicates overbought conditions,0.0,0.0,0.0,5132.0,0.0,0.11,0.093,369.55,0.88435996,0.57161,0.47134998,0.0,0.0,398.31,0.0,0.0,0.0,0.0,30.21218,80.85328,4.4354568,0.0,26.681,0.66,580646141952.0,1086697766912.0,0.093,0.0,0.0,14.256052,0.314,1187.792,0.0,65.16,110213000.0,0.0,0.13122,5268.39990234375,0.9968560879819899,16.179673968075605,,,5496.850006500418,3897.398034972494,4737.27001953125,4912.438359375,4965.361142578125,4703.066357421875,4887.960288085821,4853.936482713387,71.91981485383835,34.02380537243425,-57.742202705833975,91.76600807826823,94.27131920224332,91.3441636813444,0.19567201825475117,[],[],72776.3,89827.0,Increasing,Strong Uptrend,72.54,RSI indicates overbought conditions Bullish MACD crossover Stochastic indicates overbought conditions
AMBUJACEM,62.62,60.89,61.75,Buy,Strong bullish trend across multiple timeframes Bearish MACD crossover Declining volume suggests weakening trend,0.0,0.0,0.0,3883.0,0.0,0.238,0.208,149.964,0.57084,0.10686,0.11682,0.0,0.0,1.236,0.0,0.0,0.0,0.0,32.886044,29.193888,2.6600084,23.305,3.939,0.35,1426610978816.0,1455012315136.0,0.219,0.0,0.0,3.8617861,-0.137,216.973,0.0,0.0,2471820032.0,0.69111,0.19014,577.1500244140625,-1.970271861730366,-0.15568954206579555,,,657.5927351977699,451.39758011621313,594.9024993896485,585.4250024414063,567.265952758789,545.4781945800781,588.6267500589126,590.7101570261159,31.242375243936436,-2.0834069672032456,0.0759467431134877,-2.1593537103167333,30.12464484267288,35.45858032201792,0.08583812502882236,[],[],2221554.75,1671189.0,Decreasing,Uptrend,60.89,Strong bullish trend across multiple timeframes Bearish MACD crossover Declining volume suggests weakening trend
SCHAEFFLER,68.65,54.59,61.62,Buy,Bearish MACD crossover Declining volume suggests weakening trend High volatility detected,0.0,0.0,0.0,2922.0,0.0,0.117,0.172,561.588,0.37543,0.14852001,0.11532,0.19657,0.111820005,1.012,2.552,1.597,12865599488.0,4481287680.0,60.976215,45.338276,11.333778,38.785,6.863,0.71,617025699840.0,602498007040.0,0.17,0.0,0.0,7.0281,-0.103,348.304,0.0,0.0,156304000.0,0.74299,0.17860001,3947.60009765625,-1.6958401858622851,2.3224493949261182,,,4374.89990234375,2799.3069877094117,3995.7800170898436,4042.9300048828127,3861.499245605469,3596.6266467285154,3965.9938609416768,4006.737472188147,39.68213044293246,-40.74361124647021,-39.84597314638056,-0.897638100089651,37.21186228446907,34.05061729779433,0.0909806936699491,[],[],61913.9,32174.0,Decreasing,Sideways,54.59,Bearish MACD crossover Declining volume suggests weakening trend High volatility detected
VINATIORGA,59.84,62.61,61.23,Hold,Bullish MACD crossover Declining volume suggests weakening trend High volatility detected,0.0,0.0,0.0,0.0,0.0,0.033,0.238,218.5,0.41796002,0.2475,0.18773001,0.0,0.0,2.242,0.0,0.0,0.0,0.0,40.813644,27.198053,6.217274,28.29,7.689,0.42,173682016256.0,174178467840.0,0.238,0.0,0.0,7.6666584,0.165,269.475,0.0,0.0,103666000.0,0.75338,0.109110005,1675.4000244140625,-0.8697681429631787,0.2453165479658903,,,2134.949951171875,1412.5,1738.7000061035155,1864.312001953125,1787.345498046875,1750.9497473144531,1709.1710686175086,1763.6857546320264,34.10296872787919,-54.51468601451779,-57.31153212007696,2.796846105559169,32.13908227029606,35.660637680658745,0.18869664010868017,[],[],64783.4,43492.0,Decreasing,Strong Downtrend,62.61,Bullish MACD crossover Declining volume suggests weakening trend High volatility detected
MANAPPURAM,37.47,84.86,61.16,Sell,Strong bullish trend across multiple timeframes Bullish MACD crossover Stochastic indicates overbought conditions,0.0,0.0,0.0,24650.0,0.0,-0.413,-0.761,46.589,0.96980006,0.12251,0.20056,0.0,0.0,289.801,0.0,0.0,0.0,0.0,28.498932,9.653198,1.8161455,0.0,13.861,0.75,225828683776.0,552803631104.0,-0.751,0.0,0.0,5.6622834,0.688,146.877,0.0,0.0,846435008.0,0.35435,0.23771,266.75,0.5276027376227788,0.28195488721804995,,,284.3433253123895,136.23152224037554,259.9902008056641,266.30771911621093,249.7700260925293,217.62760566711427,263.42782203125233,262.6985290924109,66.84874850207993,0.7292929388414109,-0.4493440118718588,1.1786369507132697,82.55752665803196,85.76303146535872,0.08873538798867152,[],[],4389504.3,1650988.0,Decreasing,Strong Uptrend,84.86,Strong bullish trend across multiple timeframes Bullish MACD crossover Stochastic indicates overbought conditions
ASIANPAINT,28.16,93.85,61.0,Sell,Strong bullish trend across multiple timeframes Bullish MACD crossover Declining volume suggests weakening trend,0.0,0.0,0.0,11111.0,0.0,-0.002,-0.06,352.993,0.41853002,0.14837,0.10629,0.0,0.0,11.418,0.0,0.0,0.0,0.0,66.66223,88.686264,12.383189,43.397,7.047,0.99,2400721043456.0,2384884400128.0,-0.06,0.0,0.0,7.094193,0.391,202.25,0.0,28.24,958563008.0,0.57905996,0.21643999,2504.5,-2.4195470775894568,-0.9570115727118966,,,3358.1080469753347,2105.3257388113384,2475.22001953125,2405.757998046875,2364.5370629882814,2342.909698486328,2518.479062097418,2473.746268375235,60.53915425191525,44.73279372218303,41.01429021589291,3.7185035062901193,75.66296126065363,86.10546510697533,0.11503350768250185,[],[],1066219.65,523774.0,Decreasing,Strong Uptrend,93.85,Strong bullish trend across multiple timeframes Bullish MACD crossover Declining volume suggests weakening trend
MAXHEALTH,56.73,65.12,60.92,Hold,Strong bullish trend across multiple timeframes Bearish MACD crossover Strong volume supporting price action,0.0,0.0,0.0,15114.0,0.0,0.314,0.302,77.308,0.62231,0.20653999,0.15274,0.0,0.0,32.09,0.0,0.0,0.0,0.0,105.26002,52.8704,12.795216,62.32,16.289,0.12,1200797515776.0,1223790952448.0,0.303,0.0,0.0,15.98276,0.333,96.497,0.0,0.0,972227008.0,0.23737,0.5144,1234.699951171875,-1.2319034249116179,1.1468829818957582,,,1314.300048828125,835.6356785262531,1251.925,1248.0976782226562,1189.8614038085936,1130.538626098633,1241.8026280837228,1245.1234012683299,47.1848435895814,-3.3207731846071056,0.04936388127371194,-3.3701370658808174,33.5040984033716,27.914405120395063,0.06309369393359235,[],[],1925086.25,1488893.0,Increasing,Uptrend,65.12,Strong bullish trend across multiple timeframes Bearish MACD crossover Strong volume supporting price action
HDFCLIFE,38.7,82.78,60.74,Sell,Strong bullish trend across multiple timeframes RSI indicates overbought conditions Bullish MACD crossover,0.0,0.0,0.0,38159.0,0.0,0.093,0.14,463.277,0.08762,0.02242,0.01885,0.11622,0.00301,17.34,1.261,0.506,0.0,0.0,90.039955,125.19841,9.989741,98.954,1.704,0.27,1700111319040.0,1698527051776.0,0.144,0.0,0.0,1.7053558,0.649,78.956,0.0,6.3,2155450112.0,0.56099,0.26569998,788.75,-0.8422920490555486,0.0,,,820.75,582.6893982272248,767.2224975585938,771.4571057128907,751.1061157226562,694.6480508422851,780.6543612632522,772.5317509520137,84.06951202803816,8.122610311238532,3.8074498139401065,4.315160497298425,74.30513144591731,75.04498206494246,0.09711534100456641,[],[],1908525.8,1331814.0,Increasing,Strong Uptrend,82.78,Strong bullish trend across multiple timeframes RSI indicates overbought conditions Bullish MACD crossover
DLF,57.26,63.56,60.41,Hold,Bullish MACD crossover Declining volume suggests weakening trend High volatility detected,0.0,0.0,0.0,3103.0,0.0,0.994,0.18,37.755,0.42038,0.12136,0.47974998,0.0,0.0,9.644,0.0,0.0,0.0,0.0,42.19978,42.74383,4.436061,80.886,19.455,0.79,1888661012480.0,1818610106368.0,0.181,0.0,0.0,20.20388,0.472,171.898,0.0,17.84,2475310080.0,0.74138,0.12154,762.5499877929688,-1.3773957896952127,1.4636418307055088,,,922.2542982192264,596.8345296405167,774.3125030517579,810.9855920410156,762.986943359375,757.5205639648437,769.9359455650656,782.562944305295,44.550442835454966,-12.626998740229396,-14.062143930286794,1.4351451900573977,46.95497401829226,50.06181431289385,0.093736513889376,[],[],2496790.8,1302086.0,Decreasing,Sideways,63.56,Bullish MACD crossover Declining volume suggests weakening trend High volatility detected
CARERATING,66.47,54.24,60.36,Buy,Bearish MACD crossover Declining volume suggests weakening trend High volatility detected,0.0,0.0,0.0,598.0,0.0,0.19,0.239,139.475,0.5282,0.25922,0.34096,0.0,0.0,2.915,0.0,0.0,0.0,0.0,34.246834,25.443575,6.026396,27.371,10.187,1.11,48683741184.0,42511474688.0,0.243,0.0,0.0,11.666295,0.772,269.365,0.0,0.0,29990600.0,0.20446,0.34598,1623.300048828125,2.120034836422624,-0.30093984097121496,,,1951.6886569911,949.5590786430223,1657.9849914550782,1753.4122534179687,1586.8162268066405,1439.070747680664,1631.959663439292,1674.1062869945201,42.1091156701743,-42.14662355522819,-39.02522191258225,-3.1214016426459352,25.701052652367242,17.711717157114084,0.12634117514662974,[],[],66657.7,40696.0,Decreasing,Sideways,54.24,Bearish MACD crossover Declining volume suggests weakening trend High volatility detected
PFC,67.89,52.75,60.32,Buy,Strong bearish trend across multiple timeframes Bearish MACD crossover Strong volume supporting price action,0.0,0.0,0.0,540.0,0.0,0.464,0.239,144.106,0.99402,0.93619,0.51127,0.0,0.0,627.973,0.0,0.0,0.0,0.0,5.4261093,7.271322,1.1207438,0.0,23.509,3.7,1319545077760.0,11180164775936.0,0.239,0.0,0.0,2.7746956,0.746,356.772,0.0,54.99,3300100096.0,0.55999,0.2333,399.8500061035156,-0.09993601411227848,-3.137115221077591,,,544.442595819828,345.9338984023247,407.4591461181641,410.6408673095703,408.78942443847654,414.81459381103514,406.61439610844616,408.80459882926607,49.65175319189731,-2.1902027208199115,-1.257311290920438,-0.9328914298994735,14.360694289172214,25.37346567184967,0.049681654586271745,[],[],5378686.3,6199157.0,Increasing,Strong Downtrend,52.75,Strong bearish trend across multiple timeframes Bearish MACD crossover Strong volume supporting price action
ENDURANCE,41.74,78.81,60.28,Hold,Strong bullish trend across multiple timeframes RSI indicates overbought conditions Bullish MACD crossover,0.0,0.0,0.0,4370.0,0.0,0.175,0.11,856.976,0.43036,0.0842,0.07125,0.0,0.0,16.505,0.0,0.0,0.0,0.0,46.51239,80.51136,6.9723616,24.647,3.235,0.35,398638972928.0,390007357440.0,0.11,0.0,0.0,3.3070545,0.757,406.462,0.0,35.2,140663008.0,0.75001,0.19481,2834.0,-1.13378684807256,8.907849249775612,,,3018.1255941643917,1668.4357694573519,2622.9713623046873,2624.4787841796874,2373.7749206542967,2235.6711694335936,2720.7376527412403,2657.8813830822774,74.12909065975363,62.8562696589629,26.655084175456707,36.201185483506194,83.52619706145303,86.22344172599496,0.1942779611263565,[],[],177877.6,90036.0,Increasing,Strong Uptrend,78.81,Strong bullish trend across multiple timeframes RSI indicates overbought conditions Bullish MACD crossover
ABB,61.13,59.27,60.2,Buy,Strong bearish trend across multiple timeframes RSI indicates oversold conditions Bullish MACD crossover,0.0,0.0,0.0,3625.0,0.0,0.122,-0.207,595.14,0.40743,0.137,0.14234,0.26575002,0.106759995,1.018,2.011,1.489,11100999680.0,7579737600.0,59.52269,52.10456,14.911834,46.404,8.095,0.85,1072890183680.0,1020920987648.0,-0.207,0.0,0.0,8.506839,0.68,339.529,0.0,97.17,211908000.0,0.75319,0.10687,5063.0,-1.5267917922785146,0.656063618290248,,,8869.403881170922,4647.146850237284,5209.8834228515625,5595.188369140625,5612.719677734375,5939.024802246094,5128.712512041802,5284.770832659026,28.656233063858664,-156.05832061722413,-172.38852606716705,16.330205449942923,21.617231215356757,17.943745200004223,0.17268882459231574,[],[],402010.95,219900.0,Decreasing,Strong Downtrend,59.27,Strong bearish trend across multiple timeframes RSI indicates oversold conditions Bullish MACD crossover
SAIL,56.32,63.72,60.02,Hold,Bullish MACD crossover Declining volume suggests weakening trend High volatility detected,0.0,0.0,0.0,0.0,0.0,0.08,8.0,251.939,0.50877,0.0512,0.029070001,0.0,0.0,62.7,0.0,0.0,0.0,0.0,16.611717,13.02671,0.8546116,7.599,0.827,1.31,503717232640.0,863305990144.0,8.105,0.0,0.0,0.48247385,1.403,142.673,0.0,9.36,4130530048.0,0.64997,0.17342,121.93000030517578,-1.0709936672001819,1.2960019298811964,,,144.1999969482422,99.1500015258789,123.61200065612793,129.0026007080078,124.54510017395019,118.40839981079101,123.28409114895854,125.3531435203717,54.056471888533544,-2.0690523714131643,-2.2408641228388833,0.17181175142571892,53.947361710154176,54.83871112305473,0.07756424910101099,[],[],10985539.3,5155189.0,Decreasing,Sideways,63.72,Bullish MACD crossover Declining volume suggests weakening trend High volatility detected
CHOLAFIN,59.16,60.69,59.92,Hold,Bullish MACD crossover Stochastic indicates overbought conditions Declining volume suggests weakening trend,0.0,0.0,0.0,45194.0,0.0,0.198,0.2,135.13,0.99908996,0.52505,0.39205003,0.0,0.0,743.089,0.0,0.0,0.0,0.0,28.816412,19.139862,5.4150753,0.0,26.284,0.09,1282223767552.0,2985641639936.0,0.201,0.0,0.0,11.287995,0.631,281.455,0.0,0.0,841208000.0,0.49966,0.32737,1524.0999755859375,0.38200135488957176,4.2832689419047165,,,1683.6423566086535,1166.3763087715367,1481.6200012207032,1531.4574658203126,1545.2139392089844,1430.1564294433595,1500.681816418717,1504.6038384152826,67.30244959713883,-3.9220219965654906,-14.09138601580038,10.169364019234889,88.50569635910915,90.53417890667545,0.080583833439074,[],[],1737334.15,559123.0,Decreasing,Sideways,60.69,Bullish MACD crossover Stochastic indicates overbought conditions Declining volume suggests weakening trend
TATACONSUM,37.91,81.94,59.92,Sell,Bullish MACD crossover Declining volume suggests weakening trend High volatility detected,0.0,0.0,0.0,10595.0,0.0,0.098,0.105,183.1,0.40660998,0.09584,0.07328,0.0,0.0,11.186,0.0,0.0,0.0,0.0,80.6622,72.56359,5.3633003,45.982,5.982,0.76,1072753803264.0,1079446011904.0,0.151,0.0,0.0,5.944835,0.424,202.133,0.0,14.94,989534016.0,0.34375,0.31685,1084.0999755859375,-0.3676132790873421,3.129758936669047,,,1225.2193886679818,876.4046328021277,1066.7100036621093,1082.3340112304688,1097.2574090576172,1027.3390371704102,1075.0986876011825,1074.6588860134734,55.12339423155934,0.4398015877090984,-4.632402036700571,5.07220362440967,79.19073818944516,82.70007713644476,0.0563754420410693,[],[],821413.85,394813.0,Decreasing,Strong Uptrend,81.94,Bullish MACD crossover Declining volume suggests weakening trend High volatility detected
RELAXO,34.51,84.72,59.61,Sell,Bullish MACD crossover Strong volume supporting price action High volatility detected,0.0,0.0,0.0,7355.0,0.0,-0.125,0.101,108.237,0.58678,0.09137,0.06486,0.0,0.0,10.129,0.0,0.0,0.0,0.0,68.02425,37.875298,5.653834,29.657,4.376,0.63,118706569216.0,117982412800.0,0.102,0.0,0.0,4.4032097,0.384,84.341,0.0,12.59,248939008.0,0.71269,0.1192,476.8500061035156,-0.883392214941181,9.910656474266656,,,843.657042537799,387.89342632541104,455.05394287109374,456.60064392089845,439.45953247070315,502.05974197387695,461.95418452700426,460.29065258030244,67.11318224957301,1.6635319467018235,-2.6572189605656336,4.320750907267457,75.8535467270779,74.8009260760104,0.17760255914065365,[],[],256785.45,67414.0,Increasing,Downtrend,84.72,Bullish MACD crossover Strong volume supporting price action High volatility detected
GODREJIND,40.63,78.5,59.56,Hold,Strong bullish trend across multiple timeframes RSI indicates overbought conditions Bullish MACD crossover,0.0,0.0,0.0,1148.0,0.0,0.087,0.084,636.73,0.40623,0.26969,0.04701,0.0,0.0,178.419,0.0,0.0,0.0,0.0,43.106792,0.0,4.2712984,22.007,3.779,0.0,433785995264.0,810357882880.0,0.083,0.0,0.0,2.0229914,0.385,301.454,0.0,0.0,336803008.0,0.85533,0.06367,1287.5999755859375,0.1477813242763748,8.98933036881786,,,1390.0,766.0,1167.75,1188.05599609375,1171.1019958496095,1100.7392456054688,1219.5980069394936,1187.6854201696933,82.43241571352704,31.912586769800328,10.171467484817404,21.741119284982922,84.66421503380064,88.01877004389588,0.2249876990050175,[],[],222559.7,93901.0,Increasing,Strong Uptrend,78.5,Strong bullish trend across multiple timeframes RSI indicates overbought conditions Bullish MACD crossover
KAJARIACER,41.03,78.05,59.54,Hold,Strong bullish trend across multiple timeframes Bearish MACD crossover Declining volume suggests weakening trend,0.0,0.0,0.0,0.0,0.0,-0.01,0.215,291.404,0.38089,0.12988,0.067540005,0.0,0.0,9.746,0.0,0.0,0.0,0.0,56.505543,36.01554,7.3940387,34.057,4.321,0.86,202944380928.0,200582578176.0,0.213,0.0,0.0,4.3718977,0.565,172.328,0.0,0.0,159272000.0,0.48061,0.36446998,1274.199951171875,-0.18018400533685863,0.5048037622072732,,,1572.2296051246008,758.7000122070312,1234.2949951171875,1173.5759985351563,1037.5909991455078,1041.0355001831056,1264.0458290995348,1231.4959626820362,68.10378266903692,32.549866417498606,33.42257177510212,-0.8727053576035146,72.97677546953034,75.77429635177954,0.1696707057358173,[],[],777346.75,52943.0,Decreasing,Strong Uptrend,78.05,Strong bullish trend across multiple timeframes Bearish MACD crossover Declining volume suggests weakening trend
NAZARA,46.58,72.22,59.4,Hold,Strong bullish trend across multiple timeframes RSI indicates oversold conditions Bearish MACD crossover,0.0,0.0,0.0,0.0,0.0,0.994,0.471,225.476,0.68083,-0.03424,0.04873,0.0,0.0,6.76,0.0,0.0,0.0,0.0,83.357346,71.28774,3.4121337,70.008,5.437,0.0,107157061632.0,101811593216.0,0.703,0.0,0.0,5.722368,-0.113,339.084,0.0,16.23,92616304.0,0.31375998,0.26478,1157.0,-3.999332320334714,-18.210093314842435,,,1453.0,834.5499877929688,1353.1799926757812,1350.8499951171875,1236.486998901367,1100.1614999389649,1313.7924005422387,1341.1518467947153,25.109152047260963,-27.359446252476573,-0.2879942431765512,-27.07145200930002,21.270125082419284,31.348618033957308,0.25267806406458865,[],[],1750250.45,3413962.0,Increasing,Uptrend,72.22,Strong bullish trend across multiple timeframes RSI indicates oversold conditions Bearish MACD crossover
ITC,60.27,58.52,59.4,Buy,Strong bearish trend across multiple timeframes RSI indicates oversold conditions Bearish MACD crossover,0.0,0.0,0.0,22041.0,0.0,0.165,0.027,63.174,0.54919,0.29744,0.44154,0.0,0.0,0.405,0.0,0.0,0.0,0.0,25.003138,21.018469,7.117457,18.198,6.055,3.94,4989384130560.0,4786031689728.0,0.03,0.0,0.0,6.312454,0.057,55.961,0.0,18.95,12526699520.0,0.29444,0.48558998,398.29998779296875,-1.7876957756687406,-3.196019935331962,,,510.8746565677832,383.09149195819776,410.94500122070315,414.66100158691404,416.7720458984375,423.85293319702146,408.57041230601794,411.61684356660993,23.50366121182637,-3.046431260591987,-1.7929284402478833,-1.2535028203441039,7.766384387992354,12.370641547459309,0.04779711792555809,[],[],12958139.45,13087624.0,Increasing,Strong Downtrend,58.52,Strong bearish trend across multiple timeframes RSI indicates oversold conditions Bearish MACD crossover
ATUL,51.02,67.68,59.35,Hold,Bullish MACD crossover Strong volume supporting price action High volatility detected,0.0,0.0,0.0,3365.0,0.0,0.118,0.142,1949.408,0.35435,0.10383,0.08708999,0.0,0.0,3.563,0.0,0.0,0.0,0.0,38.31525,61.152943,3.416917,19.659,3.226,0.38,191298093056.0,185170395136.0,0.142,0.0,0.0,3.3331258,0.208,1901.568,0.0,106.25,29441800.0,0.49046,0.26878,6497.5,2.4034672970843163,2.3389510159080196,,,8152.751405196409,4736.170337848527,6550.8,6954.68310546875,6754.36388671875,6653.488935546875,6484.755860104263,6643.10723610099,50.367647058823536,-158.35137599672726,-165.94617662590736,7.594800629180099,31.103236475313015,26.174936526461654,0.08156328681615965,[],[],37988.55,73693.0,Increasing,Strong Downtrend,67.68,Bullish MACD crossover Strong volume supporting price action High volatility detected
SUPREMEIND,29.77,88.49,59.13,Sell,Strong bullish trend across multiple timeframes Bullish MACD crossover Stochastic indicates overbought conditions,0.0,0.0,0.0,5374.0,0.0,-0.01,-0.26,820.289,0.30936,0.08656,0.0854,0.0,0.0,1.339,0.0,0.0,0.0,0.0,66.2259,105.07023,10.407756,42.348,5.571,0.73,589125779456.0,580441997312.0,-0.26,0.0,0.0,5.654281,0.369,445.61,0.0,44.14,127027000.0,0.49164,0.30627,4637.7998046875,1.3416638330121522,7.913525697905732,,,5606.509252594518,3078.275178277414,4343.025,4323.126455078125,4007.7386279296875,4079.1183618164064,4439.625440003457,4353.649363601706,68.38518924996109,85.97607640175102,44.7786212002221,41.19745520152892,89.49555402011303,90.46825466594555,0.12585046367880792,[],[],194327.85,136020.0,Increasing,Strong Uptrend,88.49,Strong bullish trend across multiple timeframes Bullish MACD crossover Stochastic indicates overbought conditions
PNBHOUSING,64.51,53.46,58.98,Buy,Strong bearish trend across multiple timeframes Bullish MACD crossover Declining volume suggests weakening trend,0.0,0.0,0.0,2149.0,0.0,0.21,0.231,132.968,0.99587,0.76121,0.58946997,0.0,0.0,265.183,0.0,0.0,0.0,0.0,10.245324,11.77835,1.2324039,0.0,17.917,0.63,208296493056.0,619107713024.0,0.233,0.0,0.0,6.0281963,0.019,648.935,0.0,67.9,260452000.0,0.28049,0.46589002,799.75,-0.5595275101025754,4.269882659713176,,,1196.1048748556198,742.9142491644864,836.6991973876953,979.4818859863282,999.5913433837891,932.2089279174804,810.5335201656391,869.5683741863006,47.37476826331843,-59.034854020661555,-67.02629766689887,7.991443646237315,42.20107254429441,30.431038571911486,0.4785409948925851,[],[],4645986.45,1548980.0,Decreasing,Strong Downtrend,53.46,Strong bearish trend across multiple timeframes Bullish MACD crossover Declining volume suggests weakening trend
HCLTECH,55.83,61.89,58.86,Hold,Strong bearish trend across multiple timeframes Bullish MACD crossover Strong volume supporting price action,0.0,0.0,0.0,0.0,0.0,0.054,-0.077,5.174,0.34719002,0.16305,0.14229,0.24607,0.13249,9.377,2.264,2.065,2571000064.0,1986625024.0,23.419582,20.87557,487.14288,1374.728,283.162,3.68,3972661248000.0,3970215706624.0,-0.093,0.0,0.0,283.33652,0.23,3.01,0.0,70.24,2709309952.0,0.61254,0.26313,1466.300048828125,-1.8212220402996304,-1.5773928869505016,,,1960.5729817705587,1277.881429445961,1479.5749938964843,1581.3570141601563,1570.8375915527345,1655.902388305664,1486.1025308688318,1508.5890473167203,54.36656684326575,-22.48651644788856,-28.823480646860567,6.336964198972005,49.41006116567214,50.77434957741267,0.035854855773212575,[],[],3197048.7,2802805.0,Increasing,Strong Downtrend,61.89,Strong bearish trend across multiple timeframes Bullish MACD crossover Strong volume supporting price action
SOLARINDS,47.74,69.88,58.81,Hold,Strong bullish trend across multiple timeframes Bullish MACD crossover Declining volume suggests weakening trend,0.0,0.0,0.0,2403.0,0.0,0.271,0.182,885.149,0.47647,0.22227,0.15751,0.0,0.0,21.491,0.0,0.0,0.0,0.0,106.38527,484.18134,30.62517,67.297,16.771,0.07,1343325470720.0,1343326912512.0,0.182,0.0,0.0,16.770794,-0.172,484.732,0.0,30.66,90490096.0,0.7315,0.14998001,14845.0,1.810575406350723,-1.6887417218543033,,,17809.339853072794,8477.425518411364,14638.2,15644.2501953125,14719.345283203125,12266.948896484375,14747.537259192412,14914.821611669518,62.92974588938714,-167.28435247710695,-227.17615068622865,59.8917982091217,61.10051497234408,62.11768007495643,0.0870636674251915,[],[],132820.85,140765.0,Decreasing,Sideways,69.88,Strong bullish trend across multiple timeframes Bullish MACD crossover Declining volume suggests weakening trend
HDFCBANK,55.76,61.4,58.58,Hold,Strong bullish trend across multiple timeframes Bearish MACD crossover Declining volume suggests weakening trend,0.0,0.0,0.0,214521.0,0.0,0.011,-0.022,358.046,0.0,0.29772,0.25794,0.13925,0.01733,0.0,0.0,0.0,0.0,0.0,22.473118,20.388128,2.772564,0.0,7.244,1.12,15082273636352.0,19820531679232.0,-0.013,0.0,0.0,5.512405,0.623,708.586,0.0,96.36,7673110016.0,0.00151,0.56116,1964.5999755859375,-1.3358766692557755,-1.3309226219141324,,,2037.699951171875,1595.4483492741049,1994.5349914550782,1983.0402124023437,1933.3746948242188,1826.53806640625,1987.1582132536366,1988.6020819550877,38.099998840331324,-1.4438687014510379,1.6307468714576325,-3.0746155729086704,28.72028928671922,36.56236661852393,0.03478951457423034,[],[],7396961.0,9916751.0,Decreasing,Uptrend,61.4,Strong bullish trend across multiple timeframes Bearish MACD crossover Declining volume suggests weakening trend
LICHSGFIN,49.37,67.78,58.58,Hold,Bullish MACD crossover Strong volume supporting price action High volatility detected,0.0,0.0,0.0,2352.0,0.0,0.076,0.044,153.687,0.98707,0.77322996,0.65067,0.0,0.0,722.142,0.0,0.0,0.0,0.0,5.6338735,8.83783,0.8525904,0.0,34.553,1.77,309960474624.0,2920575664128.0,0.044,0.0,0.0,3.667082,0.42,660.927,0.0,63.76,550062976.0,0.02338,0.76118,563.5,-0.7660431052143646,0.7331435573076028,,,722.8208814566949,475.329321666055,570.3348907470703,588.1932019042969,586.5911798095703,578.0244261169433,567.6941220890178,575.4916814601261,52.049285860396836,-7.797559371108264,-8.42335911446667,0.6257997433584066,44.98042817001357,46.24699088521038,0.07236232169087455,[],[],1894434.85,1778532.0,Increasing,Strong Downtrend,67.78,Bullish MACD crossover Strong volume supporting price action High volatility detected
MAPMYINDIA,62.19,54.79,58.49,Buy,Bearish MACD crossover Declining volume suggests weakening trend High volatility detected,0.0,0.0,0.0,551.0,0.0,0.198,0.275,88.68,0.69247,0.40285,0.32580003,0.0,0.0,3.77,0.0,0.0,0.0,0.0,60.60266,37.762814,11.903402,49.701,18.782,0.2,94130364416.0,90784464896.0,0.287,0.0,0.0,19.473772,0.037,145.303,0.0,0.0,54420100.0,0.6929,0.10835,1729.5999755859375,-0.7403170395444802,-2.836919313106412,,,2213.677371878034,1510.0513632207358,1783.35,1777.6167822265625,1821.3673876953126,1752.6558294677734,1768.627438864483,1781.3298753282688,43.101735920541934,-12.702436463785716,-8.025151994546981,-4.677284469238735,17.936439422518937,31.29289828292995,0.07118892045670366,[],[],56996.75,40643.0,Decreasing,Strong Downtrend,54.79,Bearish MACD crossover Declining volume suggests weakening trend High volatility detected
TECHM,55.96,60.87,58.41,Hold,Bullish MACD crossover Stochastic indicates overbought conditions Declining volume suggests weakening trend,0.0,0.0,0.0,148517.0,0.0,0.027,0.34,602.019,0.32074,0.11063,0.08514,0.0,0.0,7.287,0.0,0.0,0.0,0.0,29.411766,23.271997,4.86655,19.202,2.404,2.99,1331977650176.0,1282326921216.0,0.34,0.0,0.0,2.497427,0.342,309.254,0.0,64.67,885035008.0,0.36421,0.40775,1505.0,-1.0714552228326735,1.2309174298216874,,,1775.2631099366663,1187.6989464401065,1480.775,1564.0772094726562,1515.1510095214844,1568.1873791503906,1499.3222969367189,1509.7653804794095,63.98984020455798,-10.443083542690601,-19.139123114390948,8.696039571700346,86.53676831261525,80.35910278597613,0.06348122841717399,[],[],1554097.1,969599.0,Decreasing,Downtrend,60.87,Bullish MACD crossover Stochastic indicates overbought conditions Declining volume suggests weakening trend
3MINDIA,41.91,72.98,57.45,Hold,Bearish MACD crossover Declining volume suggests weakening trend High volatility detected,0.0,0.0,0.0,1213.0,0.0,0.143,0.131,4078.937,0.40228,0.18944,0.10808,0.0,0.0,5.39,0.0,0.0,0.0,0.0,69.44444,47.94413,18.637878,42.004,7.308,0.52,344527634432.0,335815442432.0,0.131,0.0,0.0,7.4979563,0.112,1639.135,0.0,0.0,11265100.0,0.7648,0.09753,30550.0,-1.0526315789473717,0.6589785831960571,,,36946.20525032358,25588.262200074692,30933.75,29912.171640625,29616.79876953125,29680.221796875,30818.65047489621,30636.908979766984,46.34397528321318,181.74149512922668,290.8040611740596,-109.06256604483292,34.938837920489284,38.76146788990826,0.05233993045316811,[],[],8430.35,3867.0,Decreasing,Uptrend,72.98,Bearish MACD crossover Declining volume suggests weakening trend High volatility detected
AXISBANK,56.78,57.98,57.38,Hold,Strong bearish trend across multiple timeframes Bullish MACD crossover Declining volume suggests weakening trend,0.0,0.0,0.0,104453.0,0.0,-0.017,-0.031,248.573,0.0,0.45122,0.36215,0.15557,0.01768,0.0,0.0,0.0,0.0,0.0,11.961354,10.711216,1.7116243,0.0,6.328,0.09,3322285391872.0,4868877058048.0,-0.03,0.0,0.0,4.3182178,0.476,625.663,0.0,0.0,3102330112.0,0.022920001,0.67537004,1070.9000244140625,-0.7414959513366126,0.25276852327369426,,,1280.5556852451584,932.7028964179103,1072.2999938964845,1134.73251953125,1152.50818359375,1109.2256030273438,1076.370544076839,1090.95188709965,55.065560127337385,-14.581343022811097,-19.48761248326614,4.906269460455043,56.761031186451724,65.22813775146064,0.027125686840091166,[],[],6548561.5,3853718.0,Decreasing,Strong Downtrend,57.98,Strong bearish trend across multiple timeframes Bullish MACD crossover Declining volume suggests weakening trend
CHOLAHLDNG,47.09,67.51,57.3,Hold,Bullish MACD crossover Strong volume supporting price action High volatility detected,0.0,0.0,0.0,48434.0,0.0,0.132,0.055,1003.686,0.75723,0.31213,0.11694,0.0,0.0,650.265,0.0,0.0,0.0,0.0,15.87353,0.0,2.7946196,0.0,11.624,0.07,349753409536.0,2190604894208.0,0.055,0.0,0.0,1.8558308,0.57,666.495,0.0,0.0,187776992.0,0.46939,0.31535,1862.5999755859375,-1.2302509620043978,-1.120134635710479,,,2230.063342416436,1356.4152502024224,1869.9542602539063,1987.9971557617187,1918.7008239746094,1728.697720336914,1876.2052799074086,1909.277196841949,55.038289895438304,-33.07191693454047,-39.728053398099284,6.656136463558816,52.70984384367504,54.0204419982235,0.09934122926734036,[],[],234848.55,97692.0,Increasing,Sideways,67.51,Bullish MACD crossover Strong volume supporting price action High volatility detected
HAL,46.45,68.07,57.26,Hold,Bullish MACD crossover Strong volume supporting price action High volatility detected,0.0,0.0,0.0,22033.0,0.0,0.108,-0.037,470.29,0.58149,0.17774999,0.26423,0.0,0.0,0.147,0.0,0.0,0.0,0.0,35.97105,34.937126,8.551436,31.457,8.299,0.67,2991430565888.0,2610168070144.0,-0.037,0.0,0.0,9.510959,0.523,523.07,0.0,128.03,668774976.0,0.71639,0.13661,4473.0,-0.02235136343317068,-1.471627569002476,,,5147.661407909133,3035.8246466639143,4488.234326171875,4722.21318359375,4661.012956542969,4299.081892089844,4486.72961398046,4556.25136130346,53.93935176352473,-69.52174732299954,-81.22576305868773,11.704015735688188,53.348755623529996,51.62153608050465,0.042522297637977546,[],[],1286181.95,1422976.0,Increasing,Sideways,68.07,Bullish MACD crossover Strong volume supporting price action High volatility detected
ADANIGREEN,57.08,56.97,57.02,Hold,Strong bearish trend across multiple timeframes Bullish MACD crossover Declining volume suggests weakening trend,0.0,0.0,0.0,1247.0,0.0,0.341,0.62,78.283,0.84446,0.59868,0.13846,0.0,0.0,354.583,0.0,0.0,0.0,0.0,96.20101,37.40217,14.153274,24.746,19.221,0.0,1578078175232.0,2375125827584.0,0.599,0.0,0.0,12.770722,0.871,67.631,0.0,0.0,1647180032.0,0.80179,0.11517,957.2000122070312,-0.9724770966612284,4.326976807305849,,,2091.0,758.0,962.4350036621094,986.2499987792969,973.7234991455078,1016.7032495117187,957.117433834517,968.782536978622,46.15769540607093,-11.665103144105046,-14.618230732209005,2.9531275881039587,62.527316572848285,59.373337005490555,0.1278818358305322,[],[],1835411.35,946994.0,Decreasing,Strong Downtrend,56.97,Strong bearish trend across multiple timeframes Bullish MACD crossover Declining volume suggests weakening trend
DIVISLAB,59.88,53.81,56.84,Hold,Bearish MACD crossover Declining volume suggests weakening trend High volatility detected,0.0,0.0,0.0,10542.0,0.0,0.138,0.265,363.395,0.6034,0.25601998,0.23891,0.0,0.0,0.027,0.0,0.0,0.0,0.0,70.91884,109.26288,10.90941,52.131,16.554,0.49,1633032470528.0,1597799923712.0,0.267,0.0,0.0,16.91911,0.265,563.871,0.0,56.3,265468992.0,0.52097,0.28794,6151.5,2.04877239548773,0.3098247044435398,,,7039.446635250951,4807.061837007692,6258.825,6522.8285546875,6326.678916015625,6081.2495703125,6140.1894013759465,6286.880054020199,42.05147615442846,-146.69065264425262,-146.48127102250456,-0.20938162174806507,28.4405521997065,25.697111033691744,0.16893769140350237,[],[],435781.4,681524.0,Decreasing,Sideways,53.81,Bearish MACD crossover Declining volume suggests weakening trend High volatility detected
STARHEALTH,25.5,88.11,56.8,Sell,Strong bullish trend across multiple timeframes Bullish MACD crossover Declining volume suggests weakening trend,0.0,0.0,0.0,0.0,0.0,0.109,-0.175,281.525,0.20752001,0.08327,0.03566,0.0,0.0,6.608,0.0,0.0,0.0,0.0,44.858727,25.782717,3.1877894,0.0,1.567,0.0,261388730368.0,259096838144.0,-0.177,0.0,0.0,1.5813583,0.058,139.454,0.0,0.0,587785984.0,0.62391,0.25179002,444.54998779296875,0.9881816141094735,1.368145061454773,,,647.0,327.29998779296875,436.9999969482422,433.07000061035154,421.67649932861326,429.3550003051758,439.6360225989474,437.3907771052727,58.72092404322138,2.2452454936747017,1.830426645392988,0.41481884828171367,46.87115565887015,45.767250614741876,0.06443554409744527,[],[],1017686.1,583530.0,Decreasing,Strong Uptrend,88.11,Strong bullish trend across multiple timeframes Bullish MACD crossover Declining volume suggests weakening trend
PHOENIXLTD,46.48,67.03,56.75,Hold,Strong bearish trend across multiple timeframes RSI indicates overbought conditions Bullish MACD crossover,0.0,0.0,0.0,0.0,0.0,0.054,0.035,108.005,0.9406,0.49407002,0.25693,0.0,0.0,33.836,0.0,0.0,0.0,0.0,56.82391,35.067337,5.3990064,29.193,16.574,0.17,564223344640.0,640141230080.0,0.035,0.0,0.0,14.608035,0.386,292.276,0.0,0.0,357556000.0,0.47887,0.38037,1578.0,0.15867978419550344,10.349650349650341,,,1968.0,1338.050048828125,1485.3450073242188,1520.0360009765625,1553.1430041503907,1586.077001953125,1507.3782227693373,1498.9247308011547,72.54481161794355,8.453491968182561,-9.773160243018989,18.22665221120155,93.95822244616032,90.28165628662583,0.1221730485644566,[],[],822088.2,940230.0,Increasing,Downtrend,67.03,Strong bearish trend across multiple timeframes RSI indicates overbought conditions Bullish MACD crossover
APLLTD,49.85,63.6,56.73,Hold,Bullish MACD crossover Declining volume suggests weakening trend High volatility detected,0.0,0.0,0.0,16571.0,0.0,0.095,0.148,347.141,0.72232,0.12134,0.08842,0.0,0.0,24.232,0.0,0.0,0.0,0.0,31.745926,22.404596,3.6904786,19.73,2.98,1.13,191570296832.0,203296423936.0,0.146,0.0,0.0,2.808512,0.467,264.085,0.0,43.5,196563008.0,0.70453,0.16514999,974.5999755859375,0.6922152084799293,1.8443976334981071,,,1289.562796062957,717.2260087371483,968.414096069336,976.6737866210938,943.4767077636719,950.5015240478516,969.1559229064609,972.1767702684898,55.223378138945364,-3.020847362028917,-5.38102024562452,2.3601728835956033,68.6383731212326,67.86828920855038,0.09015578470143631,[],[],97891.0,29523.0,Decreasing,Sideways,63.6,Bullish MACD crossover Declining volume suggests weakening trend High volatility detected
KOTAKBANK,55.66,57.51,56.58,Hold,Strong bearish trend across multiple timeframes Bullish MACD crossover Declining volume suggests weakening trend,0.0,0.0,0.0,114000.0,0.0,0.02,-0.4,377.576,0.0,0.33905998,0.25509,0.13324,0.0,0.0,0.0,0.0,0.0,0.0,20.618578,17.45646,2.5079818,0.0,6.018,0.13,3949996539904.0,4518127861760.0,-0.4,0.0,0.0,5.261551,0.378,792.111,0.0,0.0,1988320000.0,0.28715,0.46932,1986.5999755859375,-1.5462420699368873,0.4246296947427508,,,2299.2489909588016,1677.1164572250893,1994.7899963378907,2100.077224121094,2109.9421044921874,1982.8270275878906,2003.6436057578558,2031.4961436424264,48.76489744650853,-27.852537884570665,-35.522580428825705,7.67004254425504,67.8527287898465,79.6749756502855,0.07433054537006986,[],[],3889499.35,1791693.0,Decreasing,Sideways,57.51,Strong bearish trend across multiple timeframes Bullish MACD crossover Declining volume suggests weakening trend
AIAENG,61.13,51.37,56.25,Buy,Strong bearish trend across multiple timeframes Bullish MACD crossover Declining volume suggests weakening trend,0.0,0.0,0.0,1306.0,0.0,0.019,0.188,460.581,0.53091997,0.26823,0.25687,0.0,0.0,7.072,0.0,0.0,0.0,0.0,26.247465,25.307003,4.1885457,21.639,5.86,0.51,290011807744.0,252352397312.0,0.175,0.0,0.0,6.734408,0.239,741.952,0.0,122.8,93320400.0,0.58533,0.34385,3107.699951171875,-0.2535674103463448,-0.3495204945503261,,,4498.0,3025.0,3137.8800048828125,3267.942021484375,3273.4555126953123,3358.1660009765624,3127.432168659543,3177.494684004465,51.62590268093314,-50.06251534492185,-54.858011528340285,4.795496183418436,32.65308049772532,34.56494625126597,0.06255930863085646,[],[],57981.2,26993.0,Decreasing,Strong Downtrend,51.37,Strong bearish trend across multiple timeframes Bullish MACD crossover Declining volume suggests weakening trend
BANDHANBNK,41.77,70.61,56.19,Hold,Strong bullish trend across multiple timeframes Bullish MACD crossover Stochastic indicates overbought conditions,0.0,0.0,0.0,75032.0,0.0,-0.224,-0.65,62.195,0.0,0.22322,0.205,0.0,0.0,0.0,0.0,0.0,0.0,0.0,13.586666,5.427005,1.1361355,0.0,3.15,0.87,279068311552.0,315549712384.0,-0.65,0.0,0.0,2.785551,0.445,152.473,0.0,31.92,1610969984.0,0.46769002,0.2642,173.22999572753906,-2.030319787340018,6.028883921133232,,,213.48972540941415,126.99983993801509,168.1112159729004,174.9293618774414,168.80938018798827,161.47577934265138,170.31967298069725,170.8855671223925,68.28465639795786,-0.565894141695253,-2.0379349161815274,1.4720407744862745,87.25362868056493,86.3466686846349,0.11422601308989686,[],[],4939057.6,2286737.0,Increasing,Sideways,70.61,Strong bullish trend across multiple timeframes Bullish MACD crossover Stochastic indicates overbought conditions
JUSTDIAL,60.8,51.53,56.16,Buy,Strong bearish trend across multiple timeframes Bullish MACD crossover Declining volume suggests weakening trend,0.0,0.0,0.0,0.0,0.0,0.062,0.131,136.321,0.38463002,0.25089002,0.51986,0.0,0.0,2.167,0.0,0.0,0.0,0.0,11.77886,27.738453,1.5408744,6.29,1.656,0.0,70999506944.0,19194923008.0,0.131,0.0,0.0,6.1247654,0.206,541.673,0.0,30.09,85044704.0,0.74154997,0.12735,834.6500244140625,-0.7963334362978913,1.6935759261726968,,,1395.0,751.7999877929688,836.5699981689453,875.7660009765625,888.9420001220703,923.6477493286133,836.3513474798775,848.774653910327,54.31196290848819,-12.42330643044943,-15.661325479198794,3.238019048749365,62.0078946695551,59.51522849074016,0.04708831286476893,[],[],100499.0,61846.0,Decreasing,Strong Downtrend,51.53,Strong bearish trend across multiple timeframes Bullish MACD crossover Declining volume suggests weakening trend
SYNGENE,46.26,65.88,56.07,Hold,Strong bearish trend across multiple timeframes Bearish MACD crossover Declining volume suggests weakening trend,0.0,0.0,0.0,6533.0,0.0,0.107,0.144,92.684,0.68193,0.114350006,0.13608,0.0,0.0,12.226,0.0,0.0,0.0,0.0,52.926254,39.60831,5.675653,25.373,6.967,0.19,268076564480.0,259690938368.0,0.145,0.0,0.0,7.1924386,0.023,117.59,0.0,16.85,401672992.0,0.53104,0.32027,667.4000244140625,-0.059892690358998024,-0.029950745833906556,,,958.7403573186607,598.3893124980021,679.625,660.2237475585938,661.2430963134766,729.8988375854492,669.5722696915682,669.5281322922657,36.384351622103786,0.04413739930248539,2.017889263196928,-1.9737518638944427,37.92399749593704,38.72624834333719,0.13689221551355332,[],[],990186.9,196995.0,Decreasing,Sideways,65.88,Strong bearish trend across multiple timeframes Bearish MACD crossover Declining volume suggests weakening trend
HINDCOPPER,54.84,57.09,55.97,Hold,Strong bearish trend across multiple timeframes Bullish MACD crossover Declining volume suggests weakening trend,0.0,0.0,0.0,0.0,0.0,0.046,0.188,21.671,0.86987,0.35051998,0.23211001,0.0,0.0,6.258,0.0,0.0,0.0,0.0,47.406372,0.0,8.629029,27.515,11.025,0.39,230132367360.0,230831685632.0,0.184,0.0,0.0,10.991502,1.668,27.579,0.0,0.0,967024000.0,0.66142,0.077020004,237.97999572753906,-0.7631048954110264,-0.9201077028201055,,,353.0,183.82000732421875,244.08750076293944,257.6525988769531,242.19919952392578,244.91614990234376,242.01001589987197,247.5120897327045,51.57211759625886,-5.5020738328325365,-5.539425972141176,0.037352139308639565,27.529601943300516,28.46378324737817,0.11609900017631984,[],[],3978486.0,1133353.0,Decreasing,Strong Downtrend,57.09,Strong bearish trend across multiple timeframes Bullish MACD crossover Declining volume suggests weakening trend
DABUR,35.16,76.73,55.95,Sell,Bearish MACD crossover Strong volume supporting price action High volatility detected,0.0,0.0,0.0,5341.0,0.0,0.017,0.025,71.214,0.47166002,0.16263,0.14117,0.0,0.0,8.478,0.0,0.0,0.0,0.0,51.543457,41.60887,8.466386,39.141,7.144,2.04,915135397888.0,901470617600.0,0.028,0.0,0.0,7.2522964,0.235,60.941,0.0,12.4,1773689984.0,0.67658997,0.21792999,515.9500122070312,0.04847779602139557,3.004595427017942,,,661.9039373337285,428.9972997779444,517.7474990844727,503.3410546875,489.02594604492185,499.0113021850586,516.8225324588714,514.1275146913425,40.827534587099855,2.6950177675288387,3.1919586091083447,-0.496940841579506,50.63446722764417,52.4427590705217,0.07724385997454028,[],[],2835978.2,1596318.0,Increasing,Uptrend,76.73,Bearish MACD crossover Strong volume supporting price action High volatility detected
POWERGRID,53.97,57.84,55.91,Hold,Strong bearish trend across multiple timeframes Bullish MACD crossover Declining volume suggests weakening trend,0.0,0.0,0.0,0.0,0.0,0.017,-0.025,49.445,1.0,0.53735,0.33551997,0.0,0.0,145.251,0.0,0.0,0.0,0.0,17.698313,13.32158,2.8404307,10.05,8.444,4.15,2635324981248.0,3882923327488.0,-0.025,0.0,0.0,5.731165,0.266,99.756,0.0,21.27,9300599808.0,0.51361,0.35214,283.3500061035156,-0.22887109031139996,-1.4287754149815313,,,355.35694963907457,246.2353454650596,286.9042663574219,290.75077453613284,294.5399380493164,294.10192489624023,286.36155101230105,288.251398687886,33.622657855078046,-1.8898476755849742,-1.9246202207957774,0.034772545210803196,32.0801862225336,41.71363963829711,0.040676756709767385,[],[],9100976.9,6824793.0,Decreasing,Strong Downtrend,57.84,Strong bearish trend across multiple timeframes Bullish MACD crossover Declining volume suggests weakening trend
AJANTPHARM,53.26,58.43,55.84,Hold,Bearish MACD crossover Strong volume supporting price action High volatility detected,0.0,0.0,0.0,9628.0,0.0,0.138,0.046,384.735,0.76052004,0.25733,0.19351,0.0,0.0,1.343,0.0,0.0,0.0,0.0,35.458942,26.57635,8.748749,25.221,6.783,2.05,329643622400.0,325973671936.0,0.039,0.0,0.0,6.8592443,0.172,301.586,0.0,99.28,124936000.0,0.66389,0.21620001,2638.5,-0.6775832862789377,-1.7647680132229837,,,3453.641070368612,2327.300048828125,2686.85,2656.48798828125,2627.763483886719,2707.4704650878907,2670.6475005554457,2674.9403306530444,43.822197347707586,-4.292830097598653,-0.081866965663288,-4.210963131935365,54.0554750839975,53.37961908705794,0.10692253212715969,[],[],84391.85,51046.0,Increasing,Strong Downtrend,58.43,Bearish MACD crossover Strong volume supporting price action High volatility detected
RBLBANK,32.24,78.96,55.6,Sell,Strong bullish trend across multiple timeframes Bearish MACD crossover Declining volume suggests weakening trend,0.0,0.0,0.0,0.0,0.0,0.0,-0.388,119.871,0.0,0.13151,0.07965,0.0,0.0,0.0,0.0,0.0,0.0,0.0,26.535639,12.995379,0.98090494,0.0,2.495,0.59,154847789056.0,181764112384.0,-0.39,0.0,0.0,2.1255789,0.851,258.078,0.0,19.48,611683968.0,0.12172,0.40300998,253.14999389648438,-0.39346843360826833,0.5161754065768909,,,272.8800048828125,146.10000610351562,258.6735008239746,252.01119995117188,225.70029983520507,193.9192000579834,257.0348057770654,256.39963008145077,44.485627900793915,0.6351756956146346,2.0914327523426737,-1.456257056728039,19.729493510466273,31.556597894927645,0.07870208951612705,[],[],10118845.95,4286419.0,Decreasing,Uptrend,78.96,Strong bullish trend across multiple timeframes Bearish MACD crossover Declining volume suggests weakening trend
TATAPOWER,47.2,63.87,55.53,Hold,Bullish MACD crossover Declining volume suggests weakening trend High volatility detected,0.0,0.0,0.0,22572.0,0.0,0.043,0.092,206.922,0.35639,0.16513,0.06131,0.0,0.0,148.176,0.0,0.0,0.0,0.0,30.386133,22.518932,3.4245117,12.643,2.722,0.58,1232123199488.0,1802824187904.0,0.092,0.0,0.0,1.8606598,0.589,112.6,0.0,0.0,3195340032.0,0.47244,0.19809,385.6000061035156,-0.6313572391503985,0.07786616144616065,,,491.9546624593605,324.4405281971199,389.3624969482422,396.22239990234374,391.40459045410154,386.10892471313474,387.9754609840386,391.0316690575986,44.03229347249335,-3.056208073560015,-3.413255310360575,0.35704723680056016,57.382709145880675,53.424523473146174,0.06338981165876183,[],[],4745419.9,3042678.0,Decreasing,Strong Downtrend,63.87,Bullish MACD crossover Declining volume suggests weakening trend High volatility detected
GLAXO,48.99,61.83,55.41,Hold,Bullish MACD crossover Declining volume suggests weakening trend High volatility detected,0.0,0.0,0.0,3113.0,0.0,-0.012,0.125,220.763,0.62396,0.29271,0.2541,0.0,0.0,0.51,0.0,0.0,0.0,0.0,49.99643,48.338512,24.298304,38.284,12.013,1.5,474251067392.0,449252098048.0,0.124,0.0,0.0,12.681424,0.064,115.185,0.0,57.9,169406000.0,0.75627,0.0848,2798.800048828125,0.6617805758396322,1.054302070417501,,,3515.699951171875,1896.2766505968011,2860.7500122070314,3091.606005859375,3014.9654516601563,2674.825880126953,2800.371460004518,2897.351907695774,40.01740876944637,-96.9804476912559,-110.09530788509022,13.114860193834318,44.49841988636538,39.10989776089735,0.26683677777700804,[],[],128400.05,39428.0,Decreasing,Sideways,61.83,Bullish MACD crossover Declining volume suggests weakening trend High volatility detected
OBEROIRLTY,49.96,60.78,55.37,Hold,Bullish MACD crossover Stochastic indicates overbought conditions Declining volume suggests weakening trend,0.0,0.0,0.0,1470.0,0.0,-0.297,-0.279,133.905,0.64832,0.49488,0.42358002,0.0,0.0,21.015,0.0,0.0,0.0,0.0,29.241356,49.533775,3.837249,21.399,12.335,0.6,602633928704.0,600539463680.0,-0.279,0.0,0.0,12.377808,0.352,431.924,0.0,33.46,363601984.0,0.67705,0.24099001,1657.4000244140625,-0.1385748524116437,2.3591943178197683,,,2335.4835244254705,1448.4807277141135,1630.1299926757813,1774.9123828125,1723.9314099121093,1806.6637170410156,1644.56232403981,1675.5161537549245,69.29628634057258,-30.95382971511458,-44.21254023186769,13.258710516753112,82.79870311946776,80.44062728553506,0.07209866817276031,[],[],520129.6,585935.0,Decreasing,Downtrend,60.78,Bullish MACD crossover Stochastic indicates overbought conditions Declining volume suggests weakening trend
REDINGTON,48.87,61.6,55.23,Hold,Bullish MACD crossover Declining volume suggests weakening trend High volatility detected,0.0,0.0,0.0,12062.0,0.0,0.219,0.117,1331.348,0.05197,0.013350001,0.015700001,0.0,0.0,30.537,0.0,0.0,0.0,0.0,11.641149,16.080635,2.1810064,9.717,0.201,2.79,190283956224.0,209329815552.0,0.119,0.0,0.0,0.1827674,0.787,111.554,0.0,15.13,781774016.0,0.26005,0.36116,243.3000030517578,0.454172633103167,2.614929054677173,,,327.511218461602,155.15698268842897,251.62750091552735,282.1297229003906,265.28612030029296,238.15876014709474,246.17016612120312,258.627396553811,44.23617927755392,-12.4572304326079,-13.400112286175588,0.9428818535676875,37.633243405091,30.48686615356496,0.29017737025885393,[],[],2500001.05,1793596.0,Decreasing,Sideways,61.6,Bullish MACD crossover Declining volume suggests weakening trend High volatility detected
NHPC,57.65,52.77,55.21,Hold,Strong bearish trend across multiple timeframes Bearish MACD crossover Strong volume supporting price action,0.0,0.0,0.0,4240.0,0.0,0.193,0.039,10.858,0.8806,0.42497003,0.27943,0.0,0.0,92.053,0.0,0.0,0.0,0.0,30.342104,20.909327,2.0438085,22.206,11.512,2.37,811434115072.0,1256541519872.0,0.035,0.0,0.0,7.434208,0.219,39.49,0.0,3.86,10044999680.0,0.68485,0.15617,80.70999908447266,-1.3686945148728924,-1.955783061613381,,,98.01037645261837,69.24116197431437,82.90019340515137,84.42443740844726,84.93198852539062,81.39718341827393,82.54391682362754,83.42105211127051,43.16896117838075,-0.8771352876429717,-0.742371316480094,-0.13476397116287764,20.445566634733247,27.941270777295273,0.04827874885704164,[],[],8750687.55,8671203.0,Increasing,Strong Downtrend,52.77,Strong bearish trend across multiple timeframes Bearish MACD crossover Strong volume supporting price action
BAYERCROP,45.26,65.07,55.16,Hold,RSI indicates oversold conditions Bearish MACD crossover Stochastic indicates oversold conditions,0.0,0.0,0.0,1169.0,0.0,0.174,0.096,1280.886,0.3746,0.16775998,0.10293,0.0,0.0,3.687,0.0,0.0,0.0,0.0,41.842308,28.233229,8.701781,35.761,4.167,2.26,248205983744.0,239877406720.0,0.096,0.0,0.0,4.311677,0.319,634.238,0.0,0.0,44942100.0,0.7275,0.113450006,5519.0,-1.3495397265171127,-2.309938932648903,,,6772.560996546189,4192.9259762001775,5887.829125976563,5993.61046875,5504.18576171875,5418.000656738282,5684.876996438507,5840.74574161516,17.17024186100261,-155.86874517665274,-113.87531150483692,-41.99343367181582,11.097370902748096,10.774421476533112,0.2426509531687886,[],[],38405.85,21970.0,Decreasing,Sideways,65.07,RSI indicates oversold conditions Bearish MACD crossover Stochastic indicates oversold conditions
IPCALAB,49.82,60.2,55.01,Hold,Strong bullish trend across multiple timeframes Bearish MACD crossover Declining volume suggests weakening trend,0.0,0.0,0.0,16778.0,0.0,0.103,0.212,360.896,0.65825,0.13701999,0.085030004,0.0,0.0,16.246,0.0,0.0,0.0,0.0,46.29243,29.642635,5.1789103,22.187,4.115,0.28,359853752320.0,376829149184.0,0.213,0.0,0.0,3.9296324,0.162,273.88,0.0,47.85,253704000.0,0.45049998,0.41734,1418.4000244140625,4.363185188238972,3.843619522777386,,,1753.4666317784045,1166.5810746222649,1415.720965576172,1412.847587890625,1409.1001708984375,1457.7430920410156,1391.0999817931586,1407.6096263717538,44.587332990294364,-16.50964457859527,-14.583446689405287,-1.926197889189984,38.780047905968104,29.615423820623903,0.1550185510167442,[],[],221962.6,437422.0,Decreasing,Sideways,60.2,Strong bullish trend across multiple timeframes Bearish MACD crossover Declining volume suggests weakening trend
FACT,21.34,88.58,54.96,Sell,Strong bullish trend across multiple timeframes Bullish MACD crossover Stochastic indicates overbought conditions,0.0,0.0,0.0,0.0,0.0,0.739,0.0,70.791,0.28468,0.01633,0.02096,0.0,0.0,131.658,0.0,0.0,0.0,0.0,716.70215,0.0,47.834423,343.967,13.532,0.1,653898612736.0,608151797760.0,0.0,0.0,0.0,14.550157,0.445,21.126,0.0,0.0,647072000.0,0.0,0.00127,1010.5499877929688,-0.04451159317816478,4.861468817318304,,,1112.0,565.0,958.4349945068359,966.6939965820312,892.9829968261719,872.7687496948242,978.1999065196511,965.398527380978,66.05618792481687,12.801379138673155,4.480685522976995,8.320693615696161,86.38202064939851,81.56097732999211,0.11670442337997718,[],[],617339.7,787368.0,Increasing,Strong Uptrend,88.58,Strong bullish trend across multiple timeframes Bullish MACD crossover Stochastic indicates overbought conditions
ABBOTINDIA,48.88,60.71,54.8,Hold,Strong bullish trend across multiple timeframes Bearish MACD crossover Declining volume suggests weakening trend,0.0,0.0,0.0,3659.0,0.0,0.116,0.115,3101.217,0.45281,0.24511999,0.22038001,0.0,0.0,4.646,0.0,0.0,0.0,0.0,46.72863,37.882675,16.000414,37.918,9.836,1.49,678060949504.0,648156413952.0,0.115,0.0,0.0,10.2894125,0.086,1992.136,0.0,0.0,21249300.0,0.75514,0.07831,31875.0,-2.3287881109238517,-4.178566060423872,,,36491.75796901832,24977.130415708973,33225.25,33175.05109375,31619.4174609375,30011.10640625,32799.63692254521,33057.94646718567,34.93870402802102,-258.30954464046226,-112.18575291936213,-146.12379172110013,17.163684572339147,23.03732326573987,0.10376730462812428,[],[],7472.9,6997.0,Decreasing,Uptrend,60.71,Strong bullish trend across multiple timeframes Bearish MACD crossover Declining volume suggests weakening trend
BPCL,54.74,54.75,54.75,Hold,Bearish MACD crossover Declining volume suggests weakening trend High volatility detected,0.0,0.0,0.0,8747.0,0.0,-0.005,1.408,1029.26,0.13471,0.0692,0.039419997,0.0,0.0,75.077,0.0,0.0,0.0,0.0,7.800099,10.208065,1.6869596,6.592,0.428,3.16,1373136617472.0,1881494650880.0,1.407,0.0,0.0,0.31226927,0.916,187.586,0.0,31.0,4338509824.0,0.54504,0.17822,316.45001220703125,-1.0939208834082614,-0.5030578988668211,,,363.24483766661757,230.5385511582654,321.0548461914062,325.9003173828125,314.31166381835936,292.31475845336917,319.8396852921187,322.68565912315563,48.41987210177849,-2.845973831036929,-2.694008138014351,-0.15196569302257812,47.97258409847509,46.168278186174,0.07472534006474076,[],[],5835953.0,3007303.0,Decreasing,Sideways,54.75,Bearish MACD crossover Declining volume suggests weakening trend High volatility detected
BHARATFORG,48.05,61.39,54.72,Hold,Strong bearish trend across multiple timeframes Bullish MACD crossover Strong volume supporting price action,0.0,0.0,0.0,3972.0,0.0,-0.048,0.36,315.703,0.55280995,0.11431,0.06848,0.0,0.0,72.742,0.0,0.0,0.0,0.0,51.822796,30.599455,5.8021483,22.623,3.904,0.76,536964694016.0,582654623744.0,0.399,0.0,0.0,3.5976555,0.49,193.549,0.0,0.0,478088992.0,0.45683998,0.40417,1123.0,-2.6947384320104573,-4.8708174502329555,,,1636.5485720970496,914.8537033202958,1169.0049987792968,1226.7548852539062,1196.7442651367187,1207.5830786132813,1163.2310607729908,1182.1202140878315,45.65299788892386,-18.88915331484077,-19.274451961562786,0.38529864672201697,44.17262397315533,56.50151998151697,0.08572771112688518,[],[],940419.8,1414231.0,Increasing,Strong Downtrend,61.39,Strong bearish trend across multiple timeframes Bullish MACD crossover Strong volume supporting price action
CLEDUCATE,29.18,80.16,54.67,Sell,Strong bullish trend across multiple timeframes RSI indicates overbought conditions Bullish MACD crossover,0.0,0.0,0.0,0.0,0.0,0.55,0.0,77.066,0.26089,0.06018,-0.04724,0.0,0.0,97.872,0.0,0.0,0.0,0.0,0.0,0.0,2.4857814,23.532,1.66,0.0,6311674368.0,6816446464.0,0.0,0.0,0.0,1.5374033,-0.437,46.77,0.0,0.0,54224000.0,0.63533,0.04533,116.26000213623047,5.041562898146967,14.790682797673703,,,136.97999572753906,67.5,95.99850044250488,94.28540008544923,91.05900001525879,97.63950004577637,103.49056509704216,98.42668907866194,78.08871382898552,5.063876018380228,2.5324439406501273,2.5314320777301003,82.38016715569248,78.32982832230569,0.35890316534861383,[],[],178885.85,462221.0,Increasing,Strong Uptrend,80.16,Strong bullish trend across multiple timeframes RSI indicates overbought conditions Bullish MACD crossover
SIEMENS,33.51,75.53,54.52,Sell,Strong bearish trend across multiple timeframes Bullish MACD crossover Declining volume suggests weakening trend,0.0,0.0,0.0,9434.0,0.0,-0.165,-0.268,640.457,0.32396,0.103590004,0.10742,0.0,0.0,1.094,0.0,0.0,0.0,0.0,46.726547,37.21792,9.1581545,37.779,4.688,0.38,1130043146240.0,1069147357184.0,-0.268,0.0,0.0,4.9545913,0.476,346.489,0.0,85.26,356120992.0,0.76268,0.07803,3173.199951171875,-0.7506568361857813,0.13253238156751834,,,8113.15043985426,2450.0,3097.4900024414064,3163.33201171875,3214.8990087890625,4684.65888671875,3138.448478612988,3133.1078373127175,64.11320022903166,5.340641300270363,-10.629285403753022,15.969926704023385,82.50597787396423,78.39516028805323,0.0721326131306927,[],[],415932.7,290166.0,Decreasing,Downtrend,75.53,Strong bearish trend across multiple timeframes Bullish MACD crossover Declining volume suggests weakening trend
TATACHEM,51.08,57.65,54.36,Hold,Bearish MACD crossover Stochastic indicates oversold conditions Declining volume suggests weakening trend,0.0,0.0,0.0,4789.0,0.0,-0.018,0.679,581.538,0.6095,0.09922,0.022739999,0.0217,0.0,31.43,0.0,0.0,0.0,0.0,75.16426,19.011957,1.1066687,15.723,2.057,1.17,238973861888.0,304797810688.0,0.68,0.0,0.0,1.6128356,0.484,847.634,0.0,49.34,254756000.0,0.38691002,0.30218,938.0499877929688,-0.22867734377236548,0.4874116543083895,,,1233.062605979803,747.3406277921812,954.875,941.0890014648437,897.3398498535156,929.4202777099609,945.9205058296318,946.4139006809129,41.73016851814666,-0.4933948512810957,2.774868287234498,-3.268263138515594,16.475712812771548,17.792196955573726,0.08524466553074209,[],[],1042280.2,200904.0,Decreasing,Uptrend,57.65,Bearish MACD crossover Stochastic indicates oversold conditions Declining volume suggests weakening trend
FEDERALBNK,44.93,63.7,54.31,Hold,Bullish MACD crossover Declining volume suggests weakening trend High volatility detected,0.0,0.0,0.0,15545.0,0.0,0.018,-0.111,55.195,0.0,0.38036,0.29911,0.0,0.0,0.0,0.0,0.0,0.0,0.0,12.015911,16.795551,1.3967716,0.0,3.702,0.61,482497691648.0,501228240896.0,-0.106,0.0,0.0,3.5637512,0.338,140.567,0.0,11.69,2457459968.0,0.087510005,0.59467,196.33999633789062,-0.9534376382907217,0.8519085802678461,,,218.67621963798794,171.62108444662016,198.0311309814453,205.14113372802734,201.2742561340332,197.30817306518554,197.4098789046439,199.99534892319713,55.19603540499789,-2.585470018553224,-3.0126948676300946,0.42722484907687086,77.26950793625163,72.70058374722545,0.07968734097522648,[],[],8230790.2,2466153.0,Decreasing,Strong Downtrend,63.7,Bullish MACD crossover Declining volume suggests weakening trend High volatility detected
TIMKEN,42.92,65.66,54.29,Hold,Bullish MACD crossover Strong volume supporting price action High volatility detected,0.0,0.0,0.0,1282.0,0.0,0.032,0.083,421.883,0.3848,0.15026,0.1435,0.0,0.0,0.584,0.0,0.0,0.0,0.0,49.50849,126.22792,7.936554,37.666,6.96,1.2,226257944576.0,220835758080.0,0.082,0.0,0.0,7.1308923,0.36,378.212,0.0,23.78,75218704.0,0.52402997,0.33391997,3001.699951171875,0.7450898194957256,5.853933873765427,,,3918.394009322238,2179.442318317679,3049.8749877929686,3218.7778125,3015.0659106445314,2967.0425573730467,2971.3401605050626,3066.261033485364,36.429580041303446,-94.92087298030128,-101.80624418268553,6.885371202384249,37.660969940423975,25.631282528780165,0.284065633644893,[],[],93541.0,74144.0,Increasing,Sideways,65.66,Bullish MACD crossover Strong volume supporting price action High volatility detected
HINDPETRO,53.4,54.61,54.0,Hold,Bearish MACD crossover Declining volume suggests weakening trend High volatility detected,0.0,0.0,0.0,8049.0,0.0,-0.028,5.483,2015.508,0.09472,0.05412,0.023810001,0.0,0.0,137.959,0.0,0.0,0.0,0.0,8.144018,7.1592155,1.6256864,6.882,0.35,2.69,831445663744.0,1502841798656.0,5.485,0.0,0.0,0.1938602,0.998,240.36,0.0,54.58,2127820032.0,0.54968,0.27394,390.75,-0.6104524821934243,-0.9128961703554928,,,445.4738008048647,280.20561449395166,398.80891876220704,407.9686486816406,395.388000793457,374.65960876464845,395.38970751176544,401.04404946843243,47.61535478867778,-5.654341956666997,-5.136838696968933,-0.5175032596980635,34.59762406919362,30.943193786403768,0.08869466798387672,[],[],5367651.2,2627075.0,Decreasing,Sideways,54.61,Bearish MACD crossover Declining volume suggests weakening trend High volatility detected
SJVN,46.64,61.34,53.99,Hold,Strong bearish trend across multiple timeframes Bullish MACD crossover Strong volume supporting price action,0.0,0.0,0.0,0.0,0.0,0.054,-0.363,7.914,0.98208,0.63429,0.22132999,0.0,0.0,190.462,0.0,0.0,0.0,0.0,56.88,26.686327,2.7588692,27.33,20.119,1.81,391172292608.0,627543769088.0,-0.362,0.0,0.0,12.541231,0.409,36.08,0.0,3.73,3929799936.0,0.81848997,0.05737,99.54000091552734,2.2496173351131965,8.242716296780127,,,137.603930583635,80.54000091552734,94.56049957275391,96.95819961547852,97.0216000366211,98.50088890075683,95.68691929844556,95.78001575570939,64.6794718425696,-0.09309645726382598,-0.8420802966976905,0.7489838394338645,81.93931962648333,67.55824333249551,0.09139274687392417,[],[],7142476.0,13565811.0,Increasing,Strong Uptrend,61.34,Strong bearish trend across multiple timeframes Bullish MACD crossover Strong volume supporting price action
TTKPRESTIG,25.73,81.8,53.77,Sell,Bullish MACD crossover Declining volume suggests weakening trend High volatility detected,0.0,0.0,0.0,1470.0,0.0,0.036,-0.355,199.234,0.41287,0.0357,0.03557,0.0,0.0,9.59,0.0,0.0,0.0,0.0,92.58133,38.99032,4.7711554,40.624,3.243,0.92,89639313408.0,88732106752.0,-0.362,0.0,0.0,3.2761111,0.065,137.189,0.0,0.0,136948000.0,0.70954,0.19072,654.5499877929688,-0.5394298624320726,3.617219430802976,,,985.271591299497,576.929167627347,637.2797302246094,628.0660314941406,629.323871459961,691.0067938232422,645.4618170573751,638.1422919216026,65.29924016050542,7.319525135772551,4.9262596212559036,2.3932655145166475,65.51959331512141,71.85714555541848,0.06986757103169539,[],[],98292.9,21719.0,Decreasing,Sideways,81.8,Bullish MACD crossover Declining volume suggests weakening trend High volatility detected
RAMCOCEM,47.26,60.0,53.63,Hold,Strong bullish trend across multiple timeframes Bearish MACD crossover Declining volume suggests weakening trend,0.0,0.0,0.0,3767.0,0.0,-0.009,1.209,356.447,0.53566,0.103,0.03771,0.0,0.0,62.883,0.0,0.0,0.0,0.0,79.38609,24.000448,3.408016,22.782,3.514,0.19,253612212224.0,298690117632.0,1.288,0.0,0.0,2.9840698,-0.082,314.934,0.0,44.72,236292000.0,0.49558,0.37767,1073.300048828125,-3.4281064197406397,0.6187398479768458,,,1206.9175149129653,786.842302621666,1122.348046875,1105.4454248046875,1037.948963623047,975.4281280517578,1099.330262956271,1109.3022230089332,33.413254569344005,-9.971960052662098,-4.524204539328757,-5.447755513333341,42.34310456670465,40.772233281163025,0.17475150294468408,[],[],268398.75,353569.0,Decreasing,Uptrend,60.0,Strong bullish trend across multiple timeframes Bearish MACD crossover Declining volume suggests weakening trend
CYIENT,46.46,60.63,53.55,Hold,Bullish MACD crossover Stochastic indicates overbought conditions Declining volume suggests weakening trend,0.0,0.0,0.0,11884.0,0.0,0.022,0.068,671.663,0.30945998,0.09505,0.084580004,0.0,0.0,8.937,0.0,0.0,0.0,0.0,21.83351,15.052618,2.551995,14.845,1.795,2.11,135719387136.0,132785291264.0,0.069,0.0,0.0,1.8349136,0.692,482.015,0.0,81.72,110332000.0,0.23837,0.49659002,1230.0999755859375,-0.31604735932435624,4.867858106218037,,,2120.487275271491,1072.3513485917751,1202.4899963378907,1254.516552734375,1247.43453125,1434.191732788086,1207.8222974837784,1219.733411174367,65.66968006159073,-11.911113690588536,-20.61184343721429,8.700729746625754,91.50777255911231,80.1928721898025,0.08732151085090753,[],[],408639.85,154561.0,Decreasing,Downtrend,60.63,Bullish MACD crossover Stochastic indicates overbought conditions Declining volume suggests weakening trend
PAYTM,26.34,80.74,53.54,Sell,Strong bullish trend across multiple timeframes RSI indicates overbought conditions Bullish MACD crossover,0.0,0.0,0.0,39368.0,0.0,0.277,0.0,114.869,0.29381,-0.03661,0.04137,0.0,0.0,1.07,0.0,0.0,0.0,0.0,270.21368,-256.51117,5.3633833,-111.708,9.249,0.0,807420493824.0,676669161472.0,0.0,0.0,0.0,11.035913,-0.718,235.784,0.0,-4.93,638478976.0,0.32575,0.38072,1264.5999755859375,1.5253693298333815,9.841042469609661,,,1277.800048828125,505.54998779296875,1124.4899963378907,1014.8170007324219,940.6300006103515,888.1280001831054,1177.4602172149512,1113.7093583144147,86.10899020720112,63.750858900536514,50.74548470748619,13.005374193050322,95.92470591504666,95.81577325308213,0.2258699360820996,[],[],7066258.5,6068853.0,Decreasing,Strong Uptrend,80.74,Strong bullish trend across multiple timeframes RSI indicates overbought conditions Bullish MACD crossover
NATCOPHARM,56.06,50.81,53.44,Hold,Strong bearish trend across multiple timeframes Bearish MACD crossover Stochastic indicates oversold conditions,0.0,0.0,0.0,0.0,0.0,-0.025,-0.281,245.423,0.83107,0.38633,0.38619,0.0,0.0,3.67,0.0,0.0,0.0,0.0,9.310509,21.38236,2.0778685,6.926,3.092,0.91,158100619264.0,135924350976.0,-0.281,0.0,0.0,3.596629,0.188,424.69,0.0,41.27,179110000.0,0.51265997,0.13031,882.4500122070312,0.1418520180077154,1.146197473790278,,,1630.6266548963351,725.1377126890426,915.7321319580078,935.5429089355468,889.4004132080078,1036.8834448242187,897.9705687161511,918.2350274513814,37.27928849705495,-20.264458735230278,-15.94429235565918,-4.3201663795710985,18.521284607729147,17.93383808287165,0.14381918818765246,[],[],581435.85,259207.0,Decreasing,Strong Downtrend,50.81,Strong bearish trend across multiple timeframes Bearish MACD crossover Stochastic indicates oversold conditions
DMART,21.81,84.99,53.4,Sell,Strong bullish trend across multiple timeframes RSI indicates overbought conditions Bullish MACD crossover,0.0,0.0,0.0,16959.0,0.0,0.163,-0.001,947.321,0.1479,0.06524,0.043909997,0.0,0.0,3.825,0.0,0.0,0.0,0.0,112.35772,89.894775,14.262645,66.422,4.967,0.0,3057664131072.0,3061856600064.0,-0.001,0.0,0.0,4.959827,0.431,329.448,0.0,52.27,650732992.0,0.77636003,0.12725,4698.7998046875,0.1470598795235034,7.815143731610474,,,5484.85009765625,3340.0,4314.544995117188,4235.251977539063,4186.127487792969,3941.260244140625,4485.860089542804,4346.302679898549,80.91492177405021,139.55740964425513,83.93809565292223,55.6193139913329,91.88680491868006,94.42344996051914,0.20133352565101703,[],[],698343.25,449652.0,Increasing,Strong Uptrend,84.99,Strong bullish trend across multiple timeframes RSI indicates overbought conditions Bullish MACD crossover
PAGEIND,43.25,63.33,53.29,Hold,Bullish MACD crossover Declining volume suggests weakening trend High volatility detected,0.0,0.0,0.0,20658.0,0.0,0.031,0.215,4459.374,0.57802,0.20361,0.15373999,0.0,0.0,18.605,0.0,0.0,0.0,0.0,66.66715,61.872364,36.187572,48.206,10.198,1.31,509605675008.0,507232157696.0,0.215,0.0,0.0,10.245483,0.101,1261.621,0.0,737.89,11153900.0,0.42887002,0.40427,45655.0,-0.5120941381564603,4.917844421463857,,,50417.84840921446,38554.311327759584,45710.0814453125,46624.06546875,45940.1783203125,45110.06408203125,45341.222005747564,45815.856629209986,43.54335216190886,-474.6346234624216,-571.6276760098403,96.99305254741876,51.27499918374522,43.00393768090745,0.11689232465578435,[],[],24793.1,12049.0,Decreasing,Sideways,63.33,Bullish MACD crossover Declining volume suggests weakening trend High volatility detected
KALYANKJIL,48.24,58.13,53.19,Hold,Strong bearish trend across multiple timeframes RSI indicates oversold conditions Bearish MACD crossover,0.0,0.0,0.0,12534.0,0.0,0.313,0.488,259.434,0.13091,0.05645,0.02991,0.0,0.0,103.243,0.0,0.0,0.0,0.0,65.78507,36.57739,10.968648,38.879,2.115,0.29,527609036800.0,566573989888.0,0.486,0.0,0.0,1.9697396,0.126,46.601,0.0,0.0,1031900032.0,0.62818,0.24325001,511.1499938964844,0.029353013010635642,-4.189316982852043,,,795.4000244140625,399.3999938964844,557.7400039672851,561.6919989013672,546.1475,570.6590005493164,531.0119676718151,550.1825147486965,28.86203446075028,-19.17054707688135,-12.52750457589269,-6.643042500988658,6.34285035599306,5.807126333023175,0.3122577087373766,[],[],7004551.5,3661834.0,Decreasing,Strong Downtrend,58.13,Strong bearish trend across multiple timeframes RSI indicates oversold conditions Bearish MACD crossover
THERMAX,43.23,62.29,52.76,Hold,Strong bearish trend across multiple timeframes RSI indicates oversold conditions Bearish MACD crossover,0.0,0.0,0.0,5601.0,0.0,-0.016,0.315,919.322,0.45481998,0.08196,0.06481,0.0,0.0,34.752,0.0,0.0,0.0,0.0,54.644535,40.544914,7.435733,36.751,3.449,0.43,367106785280.0,357126995968.0,0.316,0.0,0.0,3.5453975,0.226,438.289,0.0,80.38,112644000.0,0.73684,0.20298,3259.0,0.6734229938510028,-0.46727693247297086,,,5696.018202674428,2938.1952228728974,3470.279992675781,3513.6196923828124,3457.415412597656,3717.7256286621096,3333.803898109441,3436.057234358759,14.173427129886733,-102.25333624931818,-76.43395531591716,-25.81938093340102,11.401712067990635,10.167753357651295,0.2964991850026809,[],[],142347.05,188786.0,Increasing,Strong Downtrend,62.29,Strong bearish trend across multiple timeframes RSI indicates oversold conditions Bearish MACD crossover
VOLTAS,23.02,82.4,52.71,Sell,Bullish MACD crossover Stochastic indicates overbought conditions Strong volume supporting price action,0.0,0.0,0.0,1912.0,0.0,-0.2,-0.579,436.255,0.22722,0.04064,0.04488,0.0,0.0,13.638,0.0,0.0,0.0,0.0,68.970436,39.976368,6.874514,48.194,3.048,0.52,447753551872.0,439881531392.0,-0.58,0.0,0.0,3.1028597,0.02,196.843,0.0,33.85,330884992.0,0.34837002,0.38985002,1353.199951171875,-0.6971453981362785,6.149976415189196,,,1934.1035964872967,1128.6994082869699,1319.714990234375,1331.2772802734376,1299.681319580078,1422.5082635498047,1333.1625972085903,1329.2937660973519,56.31614743714822,3.868831111238478,-3.9141136226817106,7.782944733920189,80.8277940964104,82.83118532636814,0.11007721438625268,[],[],1096312.45,616349.0,Increasing,Downtrend,82.4,Bullish MACD crossover Stochastic indicates overbought conditions Strong volume supporting price action
GAIL,40.87,63.66,52.27,Hold,Bullish MACD crossover Declining volume suggests weakening trend High volatility detected,0.0,0.0,0.0,5010.0,0.0,0.016,-0.256,216.597,0.17745,0.07579,0.08167,0.0,0.0,25.335,0.0,0.0,0.0,0.0,9.989265,10.480735,1.3676305,9.215,0.951,4.24,1162539827200.0,1354784178176.0,-0.256,0.0,0.0,0.81595254,0.668,129.282,0.0,16.87,6575079936.0,0.58984,0.24785,176.80999755859375,-0.5400273897703367,1.6558414328120108,,,234.72022292857122,149.6568887751788,175.29291839599608,181.7714193725586,184.15936950683593,179.9287545776367,175.63401794923396,177.3781430239707,59.21338107198204,-1.7441250747367292,-2.6503173750255367,0.9061923002888075,84.9807756844774,73.53025687175557,0.0843917021358102,[],[],10006444.75,6424964.0,Decreasing,Sideways,63.66,Bullish MACD crossover Declining volume suggests weakening trend High volatility detected
SONATSOFTW,41.94,61.91,51.92,Hold,Bullish MACD crossover Declining volume suggests weakening trend High volatility detected,0.0,0.0,0.0,6414.0,0.0,0.173,0.037,381.568,0.13619,0.045050003,0.040430002,0.0,0.0,30.248,0.0,0.0,0.0,0.0,24.160725,17.560057,6.0676093,15.571,0.961,1.52,103510155264.0,101843435520.0,0.035,0.0,0.0,0.9769717,0.4,61.441,0.0,21.23,277656000.0,0.41978002,0.32445,372.79998779296875,-1.1533888834450168,3.641916914475285,,,687.5993440081212,282.45617737789513,370.2761993408203,396.7286187744141,384.2148587036133,454.4669665527344,367.7317682724349,377.6813200937197,53.756634519583656,-9.949551821284786,-12.79466114268547,2.8451093214006846,69.04324863412819,54.009014580915384,0.2588577085699886,[],[],3696757.2,757145.0,Decreasing,Downtrend,61.91,Bullish MACD crossover Declining volume suggests weakening trend High volatility detected
ADANIENT,40.33,62.69,51.51,Hold,Bullish MACD crossover Declining volume suggests weakening trend High volatility detected,0.0,0.0,0.0,11571.0,0.0,-0.138,-0.511,816.548,0.48520002,0.09227,0.06758,0.14343001,0.0,162.597,0.0,0.0,0.0,0.0,42.73713,35.367764,5.6266685,27.6,3.811,0.06,2683352907776.0,3597122666496.0,-0.495,0.0,0.0,2.8430302,0.71,413.193,0.0,0.0,1154179968.0,0.77475,0.15342,2324.89990234375,-2.2000694052825898,1.8977823822842188,,,3209.359124234907,2023.9650760561603,2364.9650024414063,2486.156005859375,2459.335109863281,2430.837392578125,2347.848095678336,2395.7445622187843,47.337155304935926,-47.89646654044827,-58.75317771675173,10.856711176303456,68.26365035925714,62.67805639738236,0.18062378926750267,[],[],949424.1,584211.0,Decreasing,Strong Downtrend,62.69,Bullish MACD crossover Declining volume suggests weakening trend High volatility detected
CDSL,41.96,60.81,51.39,Hold,Strong bullish trend across multiple timeframes RSI indicates overbought conditions Bullish MACD crossover,0.0,0.0,0.0,403.0,0.0,0.029,-0.237,57.724,1.0,0.51362,0.4102,0.0,0.0,0.165,0.0,0.0,0.0,0.0,66.65537,49.83856,18.692345,45.781,26.514,0.79,329049604096.0,319828590592.0,-0.237,0.0,0.0,27.278845,0.216,84.227,0.0,31.59,209000000.0,0.0,0.14522,1574.4000244140625,0.3122028935369503,0.9360158436273025,,,1973.707641734152,1038.978785448007,1548.4309814453125,1646.2002661132813,1515.2036450195312,1492.0019665527343,1569.7457388773955,1586.099047411487,71.58737835296492,-16.35330853409141,-24.112355288327926,7.759046754236515,78.1129378006002,80.9112310019322,0.09375575614435104,[],[],2804355.7,1575909.0,Decreasing,Sideways,60.81,Strong bullish trend across multiple timeframes RSI indicates overbought conditions Bullish MACD crossover
IDFCFIRSTB,32.2,70.22,51.21,Sell,Strong bullish trend across multiple timeframes Bullish MACD crossover Declining volume suggests weakening trend,0.0,0.0,0.0,42190.0,0.0,0.043,-0.322,28.513,0.0,0.10383,0.06202,0.03599,0.00389,0.0,0.0,0.0,0.0,0.0,40.04598,12.618663,1.3139236,0.0,3.73,0.36,511215697920.0,782581694464.0,-0.294,0.0,0.0,2.436493,0.604,53.032,0.0,0.0,7336620032.0,0.11328,0.35939997,69.68000030517578,-0.5707784181330444,1.3232568075181472,,,78.19406329631497,52.288854643874124,69.63300018310547,71.93621871948243,68.76835178375244,65.18740451812744,70.03964821532225,70.51259549972247,60.25387037962838,-0.47294728440022027,-0.6741743660105608,0.20122708161034053,69.0151940758825,77.48967390365097,0.05285457661480542,[],[],15823512.5,15433275.0,Decreasing,Sideways,70.22,Strong bullish trend across multiple timeframes Bullish MACD crossover Declining volume suggests weakening trend
HONAUT,38.8,63.4,51.1,Sell,Bullish MACD crossover Declining volume suggests weakening trend High volatility detected,0.0,0.0,0.0,3140.0,0.0,0.232,-0.087,4991.008,0.37201,0.10827,0.11597,0.0,0.0,2.499,0.0,0.0,0.0,0.0,65.78925,120.61432,8.339696,55.157,6.91,0.28,336773480448.0,304878616576.0,-0.087,0.0,0.0,7.632606,0.448,4567.313,0.0,315.8,8841520.0,0.75177,0.14220999,38090.0,0.40859364702781065,2.7792768483540176,,,52852.966194135304,30939.54399954985,37669.0,38803.8,37374.88205078125,38121.0398828125,37674.44830709105,38048.972348083764,44.83319772172498,-374.5240409927137,-540.8268751629073,166.3028341701936,75.41932363933957,71.1372332503855,0.10971881192469053,[],[],2986.3,1842.0,Decreasing,Sideways,63.4,Bullish MACD crossover Declining volume suggests weakening trend High volatility detected
HAPPSTMNDS,40.46,61.39,50.92,Hold,Strong bearish trend across multiple timeframes Bullish MACD crossover Strong volume supporting price action,0.0,0.0,0.0,4886.0,0.0,0.358,-0.341,142.538,0.32516,0.23209,0.08885,0.0,0.0,0.0,0.0,0.0,0.0,0.0,46.745655,26.316843,5.6394663,0.0,0.0,1.18,88842797056.0,0.0,-0.288,0.0,0.0,4.138151,0.096,104.939,0.0,0.0,150047008.0,0.46258998,0.15614,591.7999877929688,-0.9125177408172869,1.6489136696417273,,,825.5626854429854,516.4392664977645,595.8599975585937,616.5779272460937,602.9159375,654.5719619750977,591.8468498829953,599.4566144856896,41.2371213859291,-7.609764602694213,-8.788149624198345,1.1783850215041323,35.148252923804584,32.034645537832624,0.08629339531643651,[],[],436721.55,216856.0,Increasing,Strong Downtrend,61.39,Strong bearish trend across multiple timeframes Bullish MACD crossover Strong volume supporting price action
GUJGASLTD,44.55,57.2,50.88,Hold,Strong bearish trend across multiple timeframes Bullish MACD crossover Declining volume suggests weakening trend,0.0,0.0,0.0,0.0,0.0,-0.13,-0.008,231.121,0.20603001,0.10035,0.07199,0.0,0.0,1.767,0.0,0.0,0.0,0.0,25.980158,15.250617,3.5049365,15.747,1.856,1.35,297453453312.0,295294173184.0,-0.009,0.0,0.0,1.8698897,0.234,123.269,0.0,28.33,688390016.0,0.74987,0.16045,432.04998779296875,-0.71239943628566,2.3208970498445725,,,684.0952539687155,360.25,433.6299987792969,456.23399841308594,454.0739990234375,458.02524932861326,432.2739462509637,440.2463821103061,54.237290083794065,-7.972435859342397,-9.696691692230898,1.7242558328885007,49.55811810020322,44.912575070912816,0.10506980430308398,[],[],230463.6,93675.0,Decreasing,Strong Downtrend,57.2,Strong bearish trend across multiple timeframes Bullish MACD crossover Declining volume suggests weakening trend
CONCOR,44.93,56.81,50.87,Hold,Strong bearish trend across multiple timeframes Bullish MACD crossover Declining volume suggests weakening trend,0.0,0.0,0.0,0.0,0.0,0.024,0.035,117.262,0.38108003,0.12588,0.14513,0.0,0.0,6.899,0.0,0.0,0.0,0.0,32.267376,19.560871,3.3706348,19.884,4.341,1.17,417328300032.0,388008083456.0,0.032,0.0,0.0,4.669397,0.157,162.551,0.0,28.01,761617984.0,0.54799,0.4246,547.9000244140625,-0.958059955896251,3.0274608857948193,,,995.8093080919842,478.3862926246822,561.6972442626953,586.8871862792969,580.2892108154297,620.6123666381836,553.4643993664679,566.6000441108829,38.109070680074254,-13.135644744415004,-13.77108198890334,0.6354372444883367,46.531674822748016,43.28763437162763,0.14398196236800023,[],[],1273103.7,540301.0,Decreasing,Strong Downtrend,56.81,Strong bearish trend across multiple timeframes Bullish MACD crossover Declining volume suggests weakening trend
GRAPHITE,38.01,63.6,50.8,Sell,Bullish MACD crossover Declining volume suggests weakening trend High volatility detected,0.0,0.0,0.0,1678.0,0.0,-0.087,-0.433,127.914,0.52035,0.028570002,0.14380999,0.0,0.0,2.943,0.0,0.0,0.0,0.0,29.16124,10.446325,1.7890867,41.236,2.991,2.05,104975228928.0,74693001216.0,-0.435,0.0,0.0,4.204004,1.222,300.237,0.0,0.0,195376000.0,0.65958,0.1238,537.1500244140625,-0.7483347563967624,0.5051945262161128,,,611.671781892142,358.89784025832853,539.7149993896485,548.0692919921875,518.6984643554688,501.21325119018553,540.934393422598,543.3979622782867,56.387112525201616,-2.463568855688777,-3.099782124725158,0.6362132690363809,39.62837802139655,41.02462110500258,0.08976381445871086,[],[],852274.25,205524.0,Decreasing,Sideways,63.6,Bullish MACD crossover Declining volume suggests weakening trend High volatility detected
BRITANNIA,31.73,69.73,50.73,Sell,Strong bullish trend across multiple timeframes Bullish MACD crossover Declining volume suggests weakening trend,0.0,0.0,0.0,5792.0,0.0,0.088,0.03,758.017,0.39445,0.14604001,0.12016,0.0,0.0,28.451,0.0,0.0,0.0,0.0,60.973064,68.15165,30.666246,42.06,7.318,1.35,1335761174528.0,1336012046336.0,0.03,0.0,0.0,7.316285,0.529,180.834,0.0,81.37,240868000.0,0.51166,0.25535,5545.5,-0.9289861545332734,4.58274398868459,,,6386.20856861246,4447.712523679271,5529.330810546875,5603.305634765625,5475.657890625,5160.384011230469,5519.600453624109,5544.470340798428,43.304413428894755,-24.869887174319047,-40.7868163300704,15.916929155751355,60.99827591518113,55.24202689280704,0.10213074360853383,[],[],388081.05,269981.0,Decreasing,Sideways,69.73,Strong bullish trend across multiple timeframes Bullish MACD crossover Declining volume suggests weakening trend
GSPL,45.77,54.99,50.38,Hold,Strong bearish trend across multiple timeframes Bullish MACD crossover Strong volume supporting price action,0.0,0.0,0.0,0.0,0.0,-0.131,-0.023,307.705,0.24997999,0.12892,0.06273,0.0,0.0,0.888,0.0,0.0,0.0,0.0,16.444324,20.669373,1.4828074,5.797,0.892,1.64,172479315968.0,149380710400.0,-0.161,0.0,0.0,1.0297264,0.468,206.163,0.0,14.79,564211008.0,0.4911,0.35707,305.70001220703125,0.2130878348055143,1.3762310005171363,,,464.5990042704623,261.45001220703125,308.5499969482422,320.512998046875,322.1049993896484,328.4980001831055,306.11662317214467,311.5629866127385,45.505652170558655,-5.446363440593814,-5.9998895193760795,0.5535260787822658,39.30284572056171,35.322546879966374,0.10139807072048601,[],[],462855.5,804986.0,Increasing,Strong Downtrend,54.99,Strong bearish trend across multiple timeframes Bullish MACD crossover Strong volume supporting price action
SBICARD,40.14,60.38,50.26,Hold,Bullish MACD crossover Stochastic indicates overbought conditions Declining volume suggests weakening trend,0.0,0.0,0.0,4098.0,0.0,0.089,-0.066,107.682,0.2616,0.27589,0.18332,0.0,0.0,326.132,0.0,0.0,0.0,0.0,41.675125,25.076359,5.6622643,0.0,11.747,0.3,781204455424.0,1203290374144.0,-0.065,0.0,0.0,7.6262093,0.284,144.995,0.0,32.74,951528000.0,0.68587995,0.22181,821.0,-0.5089689947771703,4.009631392028434,,,1027.25,657.8345140590833,811.1099975585937,885.32099609375,894.097998046875,827.3782794189453,813.9498318728943,832.6923565581312,59.51982878778068,-18.74252468523696,-25.98566205407082,7.24313736883386,88.39907704268741,85.2604879362761,0.11191476043678647,[],[],829872.5,303061.0,Decreasing,Sideways,60.38,Bullish MACD crossover Stochastic indicates overbought conditions Declining volume suggests weakening trend
TRITURBINE,36.09,64.32,50.2,Sell,Strong bearish trend across multiple timeframes RSI indicates oversold conditions Bullish MACD crossover,0.0,0.0,0.0,928.0,0.0,-0.199,-0.194,60.423,0.50115,0.17748,0.17854999,0.0,0.0,3.206,0.0,0.0,0.0,0.0,49.494904,144.72899,13.787984,39.343,8.538,0.75,169763815424.0,163390832640.0,-0.194,0.0,0.0,8.870509,0.262,38.733,0.0,3.69,317880000.0,0.59805,0.27983,534.0499877929688,-0.2707772562149824,4.449442703529205,,,881.9361040925888,460.29998779296875,552.5299926757813,598.1419995117187,574.7685009765624,616.0022987365722,537.0460377402683,560.6232724260193,28.901975671159022,-23.577234685751023,-24.612648123264357,1.0354134375133341,28.160960249254618,24.010472204062904,0.2931050488111412,[],[],944957.55,606329.0,Decreasing,Strong Downtrend,64.32,Strong bearish trend across multiple timeframes RSI indicates oversold conditions Bullish MACD crossover
SKFINDIA,37.43,62.91,50.17,Sell,RSI indicates oversold conditions Bearish MACD crossover Declining volume suggests weakening trend,0.0,0.0,0.0,1727.0,0.0,0.064,-0.255,1010.99,0.37258,0.112799995,0.105100006,0.0,0.0,0.266,0.0,0.0,0.0,0.0,42.371418,31.512085,8.575056,30.051,4.317,0.32,222777524224.0,215738351616.0,-0.256,0.0,0.0,4.4583592,0.323,525.501,0.0,0.0,49438000.0,0.53116,0.29283002,4506.2001953125,-0.0665306455703285,1.605415903325813,,,5563.873386939384,3530.7663158911523,4656.050024414062,4750.92228515625,4476.536323242188,4384.528131103516,4560.246632659474,4649.549339675851,25.394249585593016,-89.3027070163771,-75.55204694583131,-13.750660070545791,21.07328156514534,21.77041389836637,0.159476003487222,[],[],26238.5,7024.0,Decreasing,Sideways,62.91,RSI indicates oversold conditions Bearish MACD crossover Declining volume suggests weakening trend
SUNPHARMA,49.06,50.98,50.02,Hold,Strong bearish trend across multiple timeframes Bullish MACD crossover Declining volume suggests weakening trend,0.0,0.0,0.0,43000.0,0.0,0.095,-0.195,224.239,0.78248,0.24344999,0.19287,0.0,0.0,3.259,0.0,0.0,0.0,0.0,37.881866,50.238678,5.45463,24.15,6.888,0.97,3939220062208.0,3704302075904.0,-0.196,0.0,0.0,7.32509,0.313,300.992,0.0,32.68,2399330048.0,0.55612,0.24752001,1641.800048828125,0.09755503620805239,0.024370927751471427,,,1942.2129644874753,1547.9543734723854,1646.114990234375,1663.1091479492188,1691.4319775390625,1718.7210906982423,1636.2498698472418,1647.73922727704,53.84129488886581,-11.489357429798247,-13.730726218991489,2.241368789193242,56.81392028855129,43.78902196512619,0.1017648813045138,[],[],2358122.3,2098310.0,Decreasing,Strong Downtrend,50.98,Strong bearish trend across multiple timeframes Bullish MACD crossover Declining volume suggests weakening trend
FLUOROCHEM,54.77,45.09,49.93,Hold,Strong bearish trend across multiple timeframes Bearish MACD crossover Stochastic indicates oversold conditions,0.0,0.0,0.0,0.0,0.0,0.09,0.707,440.899,0.51797,0.18345,0.12845999,0.0,0.0,28.497,0.0,0.0,0.0,0.0,60.60531,33.820267,5.185314,33.118,8.104,0.09,376148361216.0,392400928768.0,0.704,0.0,0.0,7.7684503,-0.383,660.365,0.0,0.0,109850000.0,0.67684,0.11283,3424.199951171875,1.0416373999040607,1.0267318649552326,,,4880.9501953125,3102.865373114886,3480.864953613281,3494.715986328125,3674.4774975585938,3802.5329931640626,3437.7519241655946,3472.8430455463763,43.269770115101466,-35.091121380781715,-27.523233645916402,-7.567887734865312,11.594096540989964,11.163437841292298,0.0910018140573717,[],[],123561.95,61230.0,Decreasing,Strong Downtrend,45.09,Strong bearish trend across multiple timeframes Bearish MACD crossover Stochastic indicates oversold conditions
JUBLFOOD,42.25,57.58,49.91,Hold,Strong bearish trend across multiple timeframes Bullish MACD crossover Declining volume suggests weakening trend,0.0,0.0,0.0,10298.0,0.0,0.17,0.636,135.008,0.52523,0.09634,0.02913,0.0,0.0,200.461,0.0,0.0,0.0,0.0,156.35101,21.247427,19.363565,37.523,5.309,0.19,407185227776.0,449621360640.0,0.644,0.0,0.0,4.807653,0.135,31.975,0.0,29.14,657651968.0,0.42407,0.39571998,619.1500244140625,-1.3070776266813966,-2.009963070758669,,,795.3633603262236,557.2784032778388,638.3225006103515,668.4701196289062,676.7688726806641,672.173747253418,633.4524245389766,645.1124803444199,36.65107436776146,-11.660055805443221,-11.818369444166754,0.15831363872353243,15.875841694854111,22.701917205366403,0.06720004227842477,[],[],1493489.5,894008.0,Decreasing,Strong Downtrend,57.58,Strong bearish trend across multiple timeframes Bullish MACD crossover Declining volume suggests weakening trend
IRCTC,48.16,51.65,49.91,Hold,Strong bearish trend across multiple timeframes Bullish MACD crossover Declining volume suggests weakening trend,0.0,0.0,0.0,1393.0,0.0,0.035,0.073,58.934,0.37948,0.33233002,0.28364,0.0,0.0,2.451,0.0,0.0,0.0,0.0,43.28358,35.262646,15.832459,36.049,11.834,1.66,580000022528.0,558201372672.0,0.075,0.0,0.0,12.2963085,0.097,45.792,0.0,20.56,800000000.0,0.62397,0.17397,725.0,0.041394754783441456,0.1656244131447382,,,947.0931852909921,655.0960495884809,726.6298553466797,752.71333984375,756.8211669921875,762.3358361816406,726.586455267696,735.1302751733,55.40566802248863,-8.543819905603982,-10.23031479522993,1.6864948896259477,49.28540150176047,47.63287347809048,0.03536597921097413,[],[],658938.4,673850.0,Decreasing,Strong Downtrend,51.65,Strong bearish trend across multiple timeframes Bullish MACD crossover Declining volume suggests weakening trend
IRCON,37.77,61.03,49.4,Sell,Strong bearish trend across multiple timeframes Bullish MACD crossover Strong volume supporting price action,0.0,0.0,0.0,0.0,0.0,-0.219,-0.265,109.043,0.11096,0.09111,0.06511,0.0,0.0,67.576,0.0,0.0,0.0,0.0,24.111269,16.41323,2.5471292,19.292,1.486,1.55,161006927872.0,152401494016.0,-0.265,0.0,0.0,1.5694625,0.601,67.209,0.0,10.43,940515968.0,0.65169,0.03175,171.19000244140625,0.5934950106321946,3.513119716443769,,,268.97427381973654,134.24000549316406,172.38300018310548,186.56740020751954,180.47679992675782,184.93627983093262,170.95801344576367,175.76754890470787,45.40951425412556,-4.809535458944197,-5.684968566426472,0.8754331074822757,46.99828887430962,44.248688452115324,0.12164865068348721,[],[],2267145.8,2730972.0,Increasing,Strong Downtrend,61.03,Strong bearish trend across multiple timeframes Bullish MACD crossover Strong volume supporting price action
COLPAL,40.15,58.37,49.26,Hold,Strong bearish trend across multiple timeframes Bullish MACD crossover Stochastic indicates overbought conditions,0.0,0.0,0.0,2198.0,0.0,-0.042,-0.119,219.792,0.68544,0.28941,0.23312001,0.0,0.0,3.655,0.0,0.0,0.0,0.0,44.84689,37.472294,37.572105,32.737,10.361,2.35,625377411072.0,619303993344.0,-0.119,0.0,0.0,10.462154,0.315,61.197,0.0,61.36,271985984.0,0.5142,0.19018999,2299.300048828125,-2.1782578673420594,6.745591867600975,,,3818.084124653987,2151.0,2239.75,2333.982001953125,2424.5262060546875,2539.9217504882813,2268.7098280833015,2281.110437287686,55.23182846938592,-12.400609204384637,-32.53850206332873,20.13789285894409,85.43485252682338,86.19116338459281,0.08837629494369417,[],[],611103.45,621255.0,Increasing,Downtrend,58.37,Strong bearish trend across multiple timeframes Bullish MACD crossover Stochastic indicates overbought conditions
LTTS,40.7,57.73,49.22,Hold,Strong bearish trend across multiple timeframes Bullish MACD crossover Declining volume suggests weakening trend,0.0,0.0,0.0,21028.0,0.0,0.164,0.007,1046.067,0.45492,0.13304,0.11457,0.0,0.0,9.473,0.0,0.0,0.0,0.0,35.71357,28.932514,7.443269,25.085,3.912,1.29,452565139456.0,433247977472.0,0.007,0.0,0.0,4.086625,0.213,574.237,0.0,147.73,105883000.0,0.74104,0.14713,4274.2001953125,-0.3566803750437164,2.898560264968242,,,5928.154648573642,3931.1564735945385,4227.525048828125,4310.53802734375,4311.570871582031,4652.030177001953,4224.8860560384355,4249.874182228048,49.95334774103952,-24.988126189612558,-37.312698287239265,12.324572097626707,73.37772588888872,53.084580996577095,0.05235876792048037,[],[],43458.6,26056.0,Decreasing,Downtrend,57.73,Strong bearish trend across multiple timeframes Bullish MACD crossover Declining volume suggests weakening trend
HAVELLS,25.23,72.39,48.81,Sell,Strong bearish trend across multiple timeframes Bullish MACD crossover Stochastic indicates overbought conditions,0.0,0.0,0.0,7532.0,0.0,-0.06,-0.145,342.072,0.32886,0.07514,0.0659,0.0,0.0,3.819,0.0,0.0,0.0,0.0,68.971634,49.935814,11.719691,47.379,4.412,0.64,975960539136.0,945287528448.0,-0.148,0.0,0.0,4.554774,0.382,132.768,0.0,31.16,626942016.0,0.63587004,0.22586,1556.0,0.1544814914892889,5.19199914570585,,,2092.610206213487,1376.0090566150764,1511.1749938964845,1532.1299926757813,1543.7356481933593,1566.521485595703,1529.1940923313682,1524.111872200147,67.83285970272487,5.08222013122122,-4.743839095205544,9.826059226426764,82.51658682867937,84.81367761031272,0.08628983310384906,[],[],773894.3,457314.0,Decreasing,Downtrend,72.39,Strong bearish trend across multiple timeframes Bullish MACD crossover Stochastic indicates overbought conditions
ONGC,39.65,57.79,48.72,Sell,Strong bearish trend across multiple timeframes Bullish MACD crossover Declining volume suggests weakening trend,0.0,0.0,0.0,24378.0,0.0,-0.021,-0.014,522.333,0.18049,0.1013,0.05486,0.0,0.0,50.187,0.0,0.0,0.0,0.0,8.244592,6.61321,0.8655343,5.376,0.735,6.24,2972717154304.0,4832350961664.0,-0.013,0.0,0.0,0.4523269,0.383,272.999,0.0,35.73,12580299776.0,0.69208,0.21818,236.2899932861328,-0.8393134652525891,-0.27433491541141164,,,320.0240242396589,205.0,237.26649856567383,242.3633999633789,242.06970001220702,243.07095428466798,237.30481177350714,238.64227721559772,48.26869469470739,-1.3374654420905756,-1.7305076886704498,0.3930422465798742,60.37290146370652,58.94820184676686,0.04620669321078433,[],[],7936476.15,5423818.0,Decreasing,Strong Downtrend,57.79,Strong bearish trend across multiple timeframes Bullish MACD crossover Declining volume suggests weakening trend
ASTRAZEN,34.29,63.15,48.72,Sell,RSI indicates oversold conditions Bearish MACD crossover Declining volume suggests weakening trend,0.0,0.0,0.0,600.0,0.0,0.358,0.0,741.858,0.44274,0.12262999,0.09884,0.0,0.0,4.638,0.0,0.0,0.0,0.0,114.93798,0.0,27.36743,72.396,11.095,0.38,210825003008.0,205820903424.0,0.0,0.0,0.0,11.364738,0.126,308.14,0.0,0.0,25000000.0,0.81589997,0.06222,8433.0,0.48856053384176423,1.4252209994587872,,,10654.58192950054,6198.812075243067,8733.925,8999.90080078125,8760.10150390625,7919.493764648438,8556.849123572922,8729.943596017705,29.247408742676882,-173.0944724447836,-141.51497180074313,-31.57950064404048,22.899168575177367,21.0079919625072,0.13450600770593335,[],[],28020.1,11150.0,Decreasing,Sideways,63.15,RSI indicates oversold conditions Bearish MACD crossover Declining volume suggests weakening trend
GMMPFAUDLR,27.12,69.98,48.55,Sell,RSI indicates oversold conditions Bearish MACD crossover Stochastic indicates oversold conditions,0.0,0.0,0.0,744.0,0.0,0.012,-0.559,713.736,0.56648,0.08211,0.01275,0.0,0.0,82.593,0.0,0.0,0.0,0.0,133.30786,23.618956,5.3674016,18.18,1.84,0.16,54949011456.0,59021266944.0,-0.559,0.0,0.0,1.7128531,0.09,227.503,0.0,0.0,44957200.0,0.41474,0.2201,1221.0999755859375,-0.763919090943721,-4.114646597099525,,,1527.5657259480338,990.3417291023092,1303.089990234375,1264.2251098632812,1176.5107293701171,1178.983932800293,1274.6878595590256,1283.3306323066363,18.656955118738722,-8.642772747610707,5.286604490392935,-13.929377238003642,5.160303161604559,8.76069713902523,0.15175337086589186,[],[],70378.2,37510.0,Increasing,Uptrend,69.98,RSI indicates oversold conditions Bearish MACD crossover Stochastic indicates oversold conditions
DEEPAKNTR,41.69,55.39,48.54,Hold,Strong bearish trend across multiple timeframes Bullish MACD crossover Strong volume supporting price action,0.0,0.0,0.0,1757.0,0.0,-0.128,-0.446,586.939,0.22713,0.07318,0.07582,0.11849,0.0,23.356,0.0,0.0,0.0,0.0,40.484413,27.102503,4.5691547,25.584,3.125,0.42,246292463616.0,250121715712.0,-0.446,0.0,0.0,3.0767443,0.117,395.084,0.0,0.0,136392992.0,0.49776,0.25772,1805.199951171875,-0.3092609622953213,-2.76850291338826,,,3080.9997441822293,1774.6558662628224,1835.3574462890624,1897.1938525390624,1937.5442993164063,2142.9626794433593,1828.647308797119,1855.0954380329506,48.21695055750184,-26.44812923583163,-26.83670888117279,0.3885796453411601,34.54246770322713,33.42202792742821,0.06148913422417369,[],[],138891.4,74663.0,Increasing,Strong Downtrend,55.39,Strong bearish trend across multiple timeframes Bullish MACD crossover Strong volume supporting price action
LICI,31.87,64.1,47.98,Sell,Bullish MACD crossover Declining volume suggests weakening trend High volatility detected,0.0,0.0,0.0,0.0,0.0,0.061,0.039,1243.774,0.10231,0.05862,0.061979998,0.0,0.0,0.0,0.0,0.0,0.0,0.0,11.534768,14.69101,4.95718,0.0,0.656,1.35,5627033681920.0,5922926624768.0,0.031,0.0,0.0,0.6229629,0.529,179.356,0.0,60.52,6325000192.0,0.965,0.01249,889.0999755859375,-0.72577045301363,0.15206708937622881,,,1080.6707012340075,705.9394661389632,895.1699920654297,914.1268505859375,874.7209326171875,857.3152609252929,895.5753863646976,900.0617112729317,51.80774063574151,-4.48632490823411,-4.772695235289911,0.2863703270558009,38.302423924575606,39.32095751350308,0.03950248122506608,[],[],1112975.1,755980.0,Decreasing,Sideways,64.1,Bullish MACD crossover Declining volume suggests weakening trend High volatility detected
GRANULES,44.67,50.79,47.73,Hold,Strong bearish trend across multiple timeframes Bullish MACD crossover Declining volume suggests weakening trend,0.0,0.0,0.0,4066.0,0.0,0.026,-0.164,186.014,0.60175997,0.14699,0.10628,0.0,0.0,39.153,0.0,0.0,0.0,0.0,23.203442,15.972432,2.9929762,13.38,2.683,0.33,111252275200.0,121064177664.0,-0.163,0.0,0.0,2.4657803,-0.126,153.192,0.0,0.0,242644000.0,0.40151,0.29263002,458.5,-0.7575757575757569,-0.19590637972171088,,,718.802501498043,420.7138311311148,459.1981857299805,477.0842938232422,482.14342620849607,516.93685546875,458.80352319204036,464.5639351807946,54.65838038385135,-5.760411988754242,-7.838578842623763,2.0781668538695204,61.035867255976065,53.323781426779796,0.12078321563334916,[],[],1076628.0,945653.0,Decreasing,Strong Downtrend,50.79,Strong bearish trend across multiple timeframes Bullish MACD crossover Declining volume suggests weakening trend
CAMS,43.47,51.65,47.56,Hold,RSI indicates overbought conditions Bullish MACD crossover Stochastic indicates overbought conditions,0.0,0.0,0.0,7932.0,0.0,0.069,0.004,292.868,0.65462995,0.37678,0.32595003,0.0,0.0,7.911,0.0,0.0,0.0,0.0,40.984467,34.46531,17.256542,29.945,12.948,1.13,193199095808.0,187125186560.0,0.008,0.0,0.0,13.368027,0.154,226.291,0.0,0.0,49474800.0,0.03769,0.59094,3905.0,0.24644703745240193,0.9409063078347879,,,5301.947468168991,3008.406776566888,3830.722131347656,4030.7021728515624,3944.091171875,4062.775045166016,3860.795157746018,3906.4155593290557,73.3187872882406,-45.62040158303762,-66.2693438445125,20.648942261474886,86.99213425824281,80.85741825031975,0.08480145352433013,[],[],432646.0,250655.0,Decreasing,Downtrend,51.65,RSI indicates overbought conditions Bullish MACD crossover Stochastic indicates overbought conditions
NESTLEIND,30.53,64.51,47.52,Sell,Bullish MACD crossover Stochastic indicates overbought conditions Strong volume supporting price action,0.0,0.0,0.0,8419.0,0.0,0.059,-0.133,105.984,0.55291003,0.1851,0.1521,0.0,0.0,29.106,0.0,0.0,0.0,0.0,71.96164,59.983864,55.91941,48.994,11.029,1.72,2242431680512.0,2253347094528.0,-0.134,0.0,0.0,10.975715,0.239,20.796,0.0,0.0,1928310016.0,0.62913,0.1609,1162.9000244140625,-1.399016420081678,6.746832967947869,,,1359.8399081411658,1043.2536856060474,1128.247509765625,1169.965517578125,1172.9565991210939,1132.6092779541016,1145.5925592158287,1149.4295769536006,55.92690928878732,-3.83701773777193,-13.56564238411262,9.72862464634069,85.87727183072933,87.8195306420928,0.09869455850758119,[],[],1416379.85,921658.0,Increasing,Sideways,64.51,Bullish MACD crossover Stochastic indicates overbought conditions Strong volume supporting price action
RAJESHEXPO,36.92,56.82,46.87,Sell,Strong bearish trend across multiple timeframes Bullish MACD crossover Declining volume suggests weakening trend,0.0,0.0,0.0,0.0,0.0,1.178,0.0,14315.894,0.00119,0.00014,0.00022,0.00611,0.00296,5.833,1.283,0.508,77375537152.0,75265499136.0,89.39423,3.7188,0.32980305,26.031,0.01,0.0,54903619584.0,43508912128.0,0.0,0.0,0.0,0.012976533,0.109,563.791,0.0,50.0,295260000.0,0.71296996,0.15002,185.94000244140625,-1.8993304696871882,5.557768313449407,,,309.54998779296875,151.11000061035156,184.72999954223633,193.18199981689452,193.68460021972658,200.37349990844726,183.94085082561813,187.25599574561159,56.15809265021694,-3.3151449199934575,-4.4120284233879605,1.096883503394503,68.08138272997228,55.32388296498343,0.1433961677332876,[],[],350340.05,202010.0,Decreasing,Downtrend,56.82,Strong bearish trend across multiple timeframes Bullish MACD crossover Declining volume suggests weakening trend
VGUARD,26.07,67.23,46.65,Sell,Bullish MACD crossover Strong volume supporting price action High volatility detected,0.0,0.0,0.0,3133.0,0.0,-0.007,-0.253,127.253,0.35158002,0.066350006,0.05184,0.0,0.0,6.365,0.0,0.0,0.0,0.0,56.8064,62.108334,7.740964,36.405,2.928,0.4,162473148416.0,162981855232.0,-0.254,0.0,0.0,2.9186094,0.13,48.14,0.0,6.0,435993984.0,0.57173,0.3205,372.6499938964844,0.12089781695192592,3.52826260835033,,,491.2992089585413,298.84379967142706,371.8187881469727,381.32560485839844,374.2983282470703,380.54119033813475,370.02235492283154,374.3605827353654,46.67773816910605,-4.338227812533887,-5.447459112835066,1.109231300301179,67.4918878468239,62.677564974627245,0.1272724506896958,[],[],267558.45,222416.0,Increasing,Sideways,67.23,Bullish MACD crossover Strong volume supporting price action High volatility detected
GODREJPROP,32.43,60.77,46.6,Sell,Strong bearish trend across multiple timeframes Bullish MACD crossover Strong volume supporting price action,0.0,0.0,0.0,4199.0,0.0,-0.412,0.065,158.498,0.43573,-0.61057,0.32044998,0.0,0.0,71.934,0.0,0.0,0.0,0.0,40.81312,83.62118,3.5714283,-1024.025,14.233,0.0,618345791488.0,657321754624.0,0.154,0.0,0.0,13.388744,0.483,574.812,0.0,24.55,301206016.0,0.53731996,0.25013,2052.89990234375,-0.03409599139088115,6.005366530205847,,,3399.0,1900.0,2053.740020751953,2227.2900122070314,2195.1965075683593,2319.8439996337893,2036.1261766005975,2096.2752941755803,50.273330594224205,-60.14911757498271,-71.44905804325681,11.299940468274102,61.2492130978471,50.49574757384329,0.14784730679227773,[],[],881190.05,405740.0,Increasing,Strong Downtrend,60.77,Strong bearish trend across multiple timeframes Bullish MACD crossover Strong volume supporting price action
BALKRISIND,39.89,52.84,46.37,Sell,Strong bearish trend across multiple timeframes RSI indicates oversold conditions Bearish MACD crossover,0.0,0.0,0.0,3758.0,0.0,0.017,-0.412,542.71,0.50368,0.115229994,0.13851,0.0,0.0,31.455,0.0,0.0,0.0,0.0,31.846094,21.616446,4.4592295,20.942,4.556,0.67,463206875136.0,478051631104.0,-0.412,0.0,0.0,4.41466,0.442,537.335,0.0,0.0,193316992.0,0.58559,0.30929002,2396.10009765625,-0.7415038253417605,-0.15001265111778128,,,3137.4825517801396,2145.669496645434,2511.021826171875,2540.090224609375,2543.9085693359375,2626.9494470214845,2445.6543630041774,2501.9375614850933,21.70077333044209,-56.28319848091587,-46.39793512409571,-9.885263356820161,15.117650704885525,15.991174326292608,0.2157861307374098,[],[],282835.05,175280.0,Decreasing,Strong Downtrend,52.84,Strong bearish trend across multiple timeframes RSI indicates oversold conditions Bearish MACD crossover
GRINDWELL,35.72,57.0,46.36,Sell,Strong bearish trend across multiple timeframes Bullish MACD crossover Declining volume suggests weakening trend,0.0,0.0,0.0,2429.0,0.0,-0.003,0.013,253.702,0.54166,0.14781,0.1317,0.0,0.0,3.681,0.0,0.0,0.0,0.0,46.94561,37.269115,7.710886,33.861,5.913,1.08,173918978048.0,166114361344.0,0.014,0.0,0.0,6.1905165,0.361,203.712,0.0,0.0,110720000.0,0.58305,0.21228,1570.800048828125,2.49250122998228,7.010015852757867,,,2606.079328372314,1342.6953674667652,1521.3500061035156,1640.3438208007813,1670.33205078125,1762.4869720458985,1521.0795353833894,1562.4038640796914,58.75251509054326,-41.32432869630202,-53.608783034283164,12.284454337981145,73.62408761259793,52.75991537426841,0.1245322528911503,[],[],61320.9,41481.0,Decreasing,Downtrend,57.0,Strong bearish trend across multiple timeframes Bullish MACD crossover Declining volume suggests weakening trend
ASTRAL,25.55,67.0,46.27,Sell,Bullish MACD crossover Strong volume supporting price action High volatility detected,0.0,0.0,0.0,0.0,0.0,-0.016,-0.326,216.332,0.38873002,0.083009996,0.08339,0.0,0.0,6.315,0.0,0.0,0.0,0.0,78.7348,47.614433,10.584208,43.021,6.538,0.26,382831755264.0,379835351040.0,-0.326,0.0,0.0,6.589187,0.424,134.644,0.0,29.93,268635008.0,0.55293,0.23754999,1425.0999755859375,0.2603033001494559,11.405568322638192,,,2032.6373759467613,1230.1541251402011,1384.0108825683594,1455.2954467773438,1419.7109936523439,1486.6019647216797,1379.210646958989,1400.8043948559352,53.257635976558696,-21.593747896946297,-31.233891530632253,9.640143633685955,83.60883882119423,71.57385544057666,0.15024497948173038,[],[],1303316.1,811033.0,Increasing,Downtrend,67.0,Bullish MACD crossover Strong volume supporting price action High volatility detected
WHIRLPOOL,31.59,60.74,46.16,Sell,Strong bearish trend across multiple timeframes Bullish MACD crossover Strong volume supporting price action,0.0,0.0,0.0,2193.0,0.0,-0.026,0.013,619.189,0.34463,0.06479,0.04595,0.0,0.0,7.126,0.0,0.0,0.0,0.0,45.665146,28.9755,4.1768866,29.247,1.816,0.38,165117722624.0,142661664768.0,0.013,0.0,0.0,2.102117,0.274,311.476,0.0,0.0,126872000.0,0.51,0.35886002,1301.0,-1.1473273965539654,4.860163714133292,,,2449.699951171875,899.0,1311.5249877929687,1353.0080004882811,1278.4674987792969,1386.38774810791,1296.8283387243498,1316.8750704940228,47.157330220101734,-20.046731769672988,-22.310553618338155,2.2638218486651667,63.51273891749238,53.506587281331406,0.15106081388589257,[],[],188070.75,83710.0,Increasing,Strong Downtrend,60.74,Strong bearish trend across multiple timeframes Bullish MACD crossover Strong volume supporting price action
TORNTPOWER,43.05,49.22,46.13,Hold,Strong bearish trend across multiple timeframes Bearish MACD crossover Stochastic indicates oversold conditions,0.0,0.0,0.0,7969.0,0.0,-0.125,-0.282,567.719,0.26243,0.13822,0.098000005,0.0,0.0,48.528,0.0,0.0,0.0,0.0,23.094938,42.35216,3.6672893,14.534,2.598,1.48,646004932608.0,728537432064.0,-0.248,0.0,0.0,2.3040419,0.396,349.577,0.0,30.27,503904000.0,0.6229,0.24991,1282.0,-0.7586351182611639,-3.5800222969288753,,,2007.619084117887,1202.9704790719366,1320.7650024414063,1376.7,1423.859951171875,1438.04830078125,1312.2794900233944,1334.5634838240783,48.52662688936387,-22.283993800683902,-19.899911962915212,-2.38408183776869,14.382590564714867,18.34122366029358,0.07761691458867886,[],[],491240.3,327330.0,Increasing,Strong Downtrend,49.22,Strong bearish trend across multiple timeframes Bearish MACD crossover Stochastic indicates oversold conditions
MFSL,13.03,79.18,46.11,Strong Sell,Strong bullish trend across multiple timeframes RSI indicates overbought conditions Bullish MACD crossover,0.0,0.0,0.0,0.0,0.0,0.087,-0.451,1382.541,0.1183,0.01039,0.00567,0.0,0.0,22.445,0.0,0.0,0.0,0.0,208.22108,114.5944,10.763855,75.668,1.216,0.0,563098288128.0,578089123840.0,-0.453,0.0,0.0,1.1849372,0.709,152.241,0.0,14.3,343624992.0,0.025729999,0.83766,1638.699951171875,-1.235535234045848,2.527679478791933,,,1674.800048828125,950.0,1554.7199951171874,1573.1560034179688,1452.1334997558595,1280.4677517700195,1602.745071580506,1574.9451977687875,86.73743731881008,27.7998738117185,13.573542555557728,14.22633125616077,87.6471105033366,86.56432117487226,0.15667052572727588,[],[],549823.0,401276.0,Increasing,Strong Uptrend,79.18,Strong bullish trend across multiple timeframes RSI indicates overbought conditions Bullish MACD crossover
ETERNAL,19.06,72.5,45.78,Strong Sell,Bearish MACD crossover Declining volume suggests weakening trend High volatility detected,0.0,0.0,0.0,16375.0,0.0,0.704,-0.893,26.715,0.58589,-0.02777,0.01289,0.0,0.0,6.747,0.0,0.0,0.0,0.0,997.18756,113.11712,10.26243,480.419,11.294,0.0,2897402396672.0,2620686598144.0,-0.901,0.0,0.0,12.48665,0.328,31.094,0.0,0.0,9079919616.0,0.23775999,0.45786998,319.1000061035156,-0.8390247954857544,0.21985308431218265,,,331.3500061035156,194.8000030517578,309.9574966430664,282.3459979248047,,,314.33099402686946,303.1972702397633,62.42425427418064,11.133723787106135,11.189403263065245,-0.055679475959109936,79.35581757006725,83.97816917548168,0.09955620839539477,[],[],48401003.0,22869850.0,Decreasing,Sideways,72.5,Bearish MACD crossover Declining volume suggests weakening trend High volatility detected
ROUTE,40.15,51.19,45.67,Hold,Strong bearish trend across multiple timeframes Bullish MACD crossover Declining volume suggests weakening trend,0.0,0.0,0.0,520.0,0.0,-0.048,-0.325,718.476,0.14883,0.0915,0.064899996,0.0,0.0,19.0,0.0,0.0,0.0,0.0,18.866266,11.598155,2.2806232,9.187,1.038,1.59,55459954688.0,46947356672.0,-0.322,0.0,0.0,1.2261682,0.293,385.991,0.0,75.9,62997600.0,0.74858004,0.10139,880.2999877929688,-1.3503656774413453,1.009751898217881,,,1690.4819803915696,856.2000122070312,888.8299926757812,953.0090002441407,961.0390063476563,1103.9694277954102,889.329772029735,906.7007421050325,48.44887469488263,-17.370970075297578,-22.45073846089375,5.0797683855961715,55.58103354788977,62.106516421814035,0.08134657102435472,[],[],65590.75,49338.0,Decreasing,Strong Downtrend,51.19,Strong bearish trend across multiple timeframes Bullish MACD crossover Declining volume suggests weakening trend
PETRONET,40.5,50.68,45.59,Hold,Strong bearish trend across multiple timeframes Bullish MACD crossover Declining volume suggests weakening trend,0.0,0.0,0.0,0.0,0.0,-0.114,-0.239,329.549,0.12597,0.08016,0.07501,0.0,0.0,13.365,0.0,0.0,0.0,0.0,11.19895,12.3308115,2.0897312,6.553,0.689,3.61,415499780096.0,340715110400.0,-0.238,0.0,0.0,0.8402973,0.282,132.529,0.0,22.46,1500000000.0,0.50171,0.26709,276.95001220703125,-0.4493170183866746,1.8573072541036906,,,371.0406127548422,266.91207490651425,281.5375015258789,293.06743408203124,298.73398681640623,305.89275146484374,279.01752885535,284.5870369429923,46.360161544541675,-5.569508087642305,-6.198675703850892,0.6291676162085871,46.516292078420065,43.842053882877046,0.13182779694452756,[],[],1626180.5,608459.0,Decreasing,Strong Downtrend,50.68,Strong bearish trend across multiple timeframes Bullish MACD crossover Declining volume suggests weakening trend
AUROPHARMA,45.43,45.66,45.55,Hold,Strong bearish trend across multiple timeframes Bearish MACD crossover Strong volume supporting price action,0.0,0.0,0.0,27707.0,0.0,0.04,-0.095,550.669,0.58805,0.15222,0.105900005,0.0,0.0,25.31,0.0,0.0,0.0,0.0,18.017153,16.86306,1.8678063,9.168,1.906,0.38,610074427392.0,610292465664.0,-0.103,0.0,0.0,1.9050032,0.132,562.371,0.0,62.29,580801984.0,0.54153997,0.29641,1050.4000244140625,0.9029802511107077,-3.0638567663240024,,,1586.0463578222204,1006.2228922021169,1084.3700134277344,1110.60724609375,1140.774903564453,1170.5550689697266,1068.639986374061,1087.090986854653,42.09822518603485,-18.45100048059203,-16.866398763191484,-1.5846017174005453,14.041956046064378,22.109606035530287,0.13445410538397945,[],[],1494708.5,1872943.0,Increasing,Strong Downtrend,45.66,Strong bearish trend across multiple timeframes Bearish MACD crossover Strong volume supporting price action
KPITTECH,38.41,51.45,44.93,Sell,Strong bearish trend across multiple timeframes Bullish MACD crossover Declining volume suggests weakening trend,0.0,0.0,0.0,12873.0,0.0,0.128,-0.159,221.444,0.34585,0.16962999,0.13419,0.0,0.0,11.842,0.0,0.0,0.0,0.0,40.480377,32.426437,11.144224,28.167,5.19,0.71,325214339072.0,312269111296.0,-0.158,0.0,0.0,5.405396,-0.033,107.374,0.0,0.0,271702016.0,0.45516,0.26803,1196.5999755859375,-1.4413969485135958,-1.352021798356351,,,1908.2270481977637,1015.6100283950327,1212.5600036621095,1260.1436791992187,1262.089598388672,1315.3602600097656,1210.5549678929365,1224.6237756895948,45.85078353226475,-14.068807796658348,-16.083673846526874,2.0148660498685267,40.79867584907511,34.324931839667954,0.05458097725671717,[],[],932304.8,858810.0,Decreasing,Strong Downtrend,51.45,Strong bearish trend across multiple timeframes Bullish MACD crossover Declining volume suggests weakening trend
BERGEPAINT,30.15,58.45,44.3,Sell,Bearish MACD crossover Strong volume supporting price action High volatility detected,0.0,0.0,0.0,4760.0,0.0,0.036,-0.109,100.002,0.4044,0.13573,0.09794,0.0,0.0,10.869,0.0,0.0,0.0,0.0,53.77551,42.64755,9.984086,40.258,5.259,0.72,614424051712.0,612907745280.0,-0.11,0.0,0.0,5.272008,0.471,52.784,0.0,0.0,1165890048.0,0.90850997,0.14503999,527.0,-0.6222869826384203,-1.2091127677260283,,,625.3033370363257,434.8316579245351,551.3753845214844,561.841611328125,554.09244140625,515.7931440734864,542.9749126076084,551.4679768982226,31.80854929112482,-8.493064290614143,-6.314319315970446,-2.1787449746436973,13.031530620393129,24.687040750450507,0.10501505228370078,[],[],532400.2,556016.0,Increasing,Sideways,58.45,Bearish MACD crossover Strong volume supporting price action High volatility detected
EASEMYTRIP,33.63,53.96,43.8,Sell,Strong bearish trend across multiple timeframes Bullish MACD crossover Strong volume supporting price action,0.0,0.0,0.0,0.0,0.0,-0.254,0.0,1.641,0.68157,0.098579995,0.1389,0.0,0.0,5.071,0.0,0.0,0.0,0.0,42.61905,11.933333,4.7707887,20.159,5.825,0.0,32586233856.0,31951525888.0,-0.959,0.0,0.0,5.940831,-0.057,1.876,0.0,0.0,3636849920.0,0.39925998,0.03865,8.949999809265137,-3.9699559836311793,-2.6115319050771246,,,22.190000534057617,8.75,9.463999938964843,10.09759994506836,10.941099996566772,12.697000007629395,9.28605239083468,9.599346234946166,37.01492486326159,-0.3132938441114863,-0.33652193199088715,0.02322808787940084,44.85112047656485,44.12115135739075,0.20412091947073427,[],[],22074650.7,34375654.0,Increasing,Strong Downtrend,53.96,Strong bearish trend across multiple timeframes Bullish MACD crossover Strong volume supporting price action
HATSUN,29.8,57.72,43.76,Sell,Strong bearish trend across multiple timeframes Bullish MACD crossover Declining volume suggests weakening trend,0.0,0.0,0.0,5313.0,0.0,0.091,0.036,400.029,0.30893,0.08636,0.0318,0.0,0.0,149.657,0.0,0.0,0.0,0.0,70.91088,40.59368,11.666213,21.452,2.527,1.33,200684896256.0,225251540992.0,0.036,0.0,0.0,2.2510974,-0.034,77.073,0.0,22.15,222748000.0,0.76619005,0.1076,899.1500244140625,-1.511581971460596,2.1819435127769404,,,1337.6106210226744,854.1925578285621,900.1725006103516,929.1033923339844,924.8845391845703,961.7320278930664,902.1386176129142,909.9969734393519,48.16218074468219,-7.858355826437673,-10.873032234271989,3.0146764078343153,56.72575954135164,57.97822945905717,0.05272830609563408,[],[],29780.25,28247.0,Decreasing,Strong Downtrend,57.72,Strong bearish trend across multiple timeframes Bullish MACD crossover Declining volume suggests weakening trend
ATGL,29.42,57.29,43.36,Sell,Strong bearish trend across multiple timeframes Bullish MACD crossover Declining volume suggests weakening trend,0.0,0.0,0.0,578.0,0.0,0.203,-0.038,47.58,0.31604,0.17232999,0.123789996,0.0,0.0,43.596,0.0,0.0,0.0,0.0,401.13638,0.0,16.149061,62.087,13.272,0.04,679407648768.0,694527197184.0,-0.038,0.0,0.0,12.983263,0.965,38.253,0.0,0.0,1099810048.0,0.79767996,0.07216,617.75,-0.03236705284896946,1.7123610491675878,,,867.1776008852472,532.4020332032183,610.7149932861328,635.0259985351563,637.0342071533203,646.9677450561524,616.082436405956,621.0369753279776,60.60748968456375,-4.9545389220216975,-8.810392438314,3.855853516292303,77.60509673207301,82.3658099926998,0.09615312928158212,[],[],533551.8,294230.0,Decreasing,Downtrend,57.29,Strong bearish trend across multiple timeframes Bullish MACD crossover Declining volume suggests weakening trend
CROMPTON,30.83,55.42,43.12,Sell,Strong bearish trend across multiple timeframes Bullish MACD crossover Strong volume supporting price action,0.0,0.0,0.0,2333.0,0.0,-0.065,-0.195,119.997,0.32939,0.07616,0.06816,0.0,0.0,12.438,0.0,0.0,0.0,0.0,38.76377,43.206005,6.014395,25.616,2.623,0.95,203908251648.0,202608263168.0,-0.194,0.0,0.0,2.6398625,0.205,52.657,0.0,7.33,643852992.0,0.0029300002,0.78672,316.70001220703125,-1.2934373749537875,-0.9693482502395656,,,479.72940569011513,298.34412991637464,322.94750518798827,335.39573974609374,336.974953918457,351.5344819641113,322.6713736495041,326.57394625455066,44.64285714285714,-3.9025726050465437,-4.579681182240298,0.6771085771937546,47.47904064837749,67.5005310741278,0.057693649221331154,[],[],1960227.2,2224130.0,Increasing,Strong Downtrend,55.42,Strong bearish trend across multiple timeframes Bullish MACD crossover Strong volume supporting price action
INDIGOPNTS,38.03,47.72,42.88,Sell,Strong bearish trend across multiple timeframes Bearish MACD crossover Declining volume suggests weakening trend,0.0,0.0,0.0,1045.0,0.0,-0.007,-0.013,280.981,0.45859,0.09547,0.10569999,0.0,0.0,2.646,0.0,0.0,0.0,0.0,38.31981,30.543413,5.241328,22.046,3.859,0.31,53993930752.0,51655921664.0,-0.01,0.0,0.0,4.0336905,0.369,216.262,0.0,0.0,47634700.0,0.53924,0.31658,1133.5,-0.18492212320222468,2.6908933588120743,,,1715.0142702473443,907.2039086126512,1157.0535400390625,1163.0851342773437,1089.4790618896484,1180.5244842529296,1143.844963422926,1153.6513505866653,38.7773893247693,-9.806387163739373,-7.277995439297347,-2.5283917244420264,48.133141090941216,52.71869881581127,0.15305877242806865,[],[],51694.6,25479.0,Decreasing,Strong Downtrend,47.72,Strong bearish trend across multiple timeframes Bearish MACD crossover Declining volume suggests weakening trend
SYMPHONY,31.96,52.01,41.98,Sell,Strong bearish trend across multiple timeframes RSI indicates oversold conditions Bearish MACD crossover,0.0,0.0,0.0,486.0,0.0,-0.527,-0.524,208.309,0.48150003,0.09562001,0.11613,0.0,0.0,18.628,0.0,0.0,0.0,0.0,36.76008,31.111109,8.646423,27.237,4.553,0.42,65759731712.0,65275633664.0,-0.523,0.0,0.0,4.5867147,0.233,110.751,0.0,30.78,68671400.0,0.75782996,0.11151,957.5999755859375,-0.40561876381305373,1.4084494297255779,,,1860.8695874496946,939.0,1015.9345611572265,1078.179122314453,1131.8780072021484,1202.3853646850587,979.5872610335871,1023.5802680580608,17.928425610523774,-43.99300702447374,-42.56187998086807,-1.4311270436056702,11.714922056710014,11.745397700194104,0.2993166995895761,[],[],71816.05,22724.0,Decreasing,Strong Downtrend,52.01,Strong bearish trend across multiple timeframes RSI indicates oversold conditions Bearish MACD crossover
PSPPROJECT,21.17,61.19,41.18,Sell,RSI indicates oversold conditions Bearish MACD crossover Declining volume suggests weakening trend,0.0,0.0,0.0,0.0,0.0,-0.169,-0.988,614.5,0.12442,0.01526,0.00921,0.0,0.0,22.46,0.0,0.0,0.0,0.0,119.007095,14.368745,2.1880155,20.032,1.1,0.0,26607577088.0,26471995392.0,-0.988,0.0,0.0,1.1055048,0.061,306.762,0.0,0.0,39641800.0,0.71086,0.0834,671.2000122070312,1.19101832646622,3.548287498744118,,,843.4500122070312,565.4000244140625,706.8025024414062,746.3590026855469,694.895,667.951499633789,678.6671514299264,707.1863436795713,29.186722888706925,-28.519192249644902,-25.2909320255074,-3.228260224137504,33.64167296722503,26.93283687294614,0.33136479412415537,[],[],358256.5,68529.0,Decreasing,Sideways,61.19,RSI indicates oversold conditions Bearish MACD crossover Declining volume suggests weakening trend
BIOCON,33.82,47.32,40.57,Sell,Strong bearish trend across multiple timeframes Bearish MACD crossover Declining volume suggests weakening trend,0.0,0.0,0.0,0.0,0.0,0.148,-0.953,131.416,0.60433,0.07456,0.02441,0.0,0.0,66.259,0.0,0.0,0.0,0.0,112.34375,36.239918,1.9899478,19.508,3.991,0.14,479777914880.0,629357608960.0,-0.952,0.0,0.0,3.0422108,0.23,180.658,0.0,9.92,1334569984.0,0.56068003,0.27769,359.5,0.4891684136967056,0.06958942240780086,,,406.0,290.61144213644866,369.7800003051758,369.8527642822266,350.970871887207,351.5577696228027,362.37780465400857,367.2358007570865,35.45005898434046,-4.857996103077937,-3.6650391097646966,-1.1929569933132407,46.009028400818444,45.1312113328835,0.19285827105852146,[],[],3585078.85,1023391.0,Decreasing,Sideways,47.32,Strong bearish trend across multiple timeframes Bearish MACD crossover Declining volume suggests weakening trend
INDUSINDBK,27.91,51.33,39.62,Sell,Strong bearish trend across multiple timeframes Bearish MACD crossover Stochastic indicates oversold conditions,0.0,0.0,0.0,44974.0,0.0,-0.259,-0.722,228.772,0.0,0.16028999,0.056599997,0.0,0.0,0.0,0.0,0.0,0.0,0.0,58.83127,7.870159,0.91312623,0.0,3.006,1.92,592175628288.0,535736877056.0,-0.722,0.0,0.0,3.322452,0.646,832.415,0.0,96.58,779075968.0,0.1689,0.48801,760.0999755859375,-0.9577218716768976,-1.2536569553832422,,,1498.0,606.0,791.2100036621093,826.8880004882812,806.6915014648438,882.2225024414063,782.1490031967659,799.4220900503428,41.68427681125696,-17.273086853576956,-15.483651187175324,-1.7894356664016318,6.2231603832869355,14.02886976537525,0.09169375463798143,[],[],4661646.35,2483587.0,Decreasing,Strong Downtrend,51.33,Strong bearish trend across multiple timeframes Bearish MACD crossover Stochastic indicates oversold conditions
BLUEDART,27.88,50.11,38.99,Sell,Strong bearish trend across multiple timeframes Bullish MACD crossover Declining volume suggests weakening trend,0.0,0.0,0.0,12703.0,0.0,0.074,-0.086,2454.429,0.22062,0.05179,0.04256,0.0,0.0,64.625,0.0,0.0,0.0,0.0,55.556084,28.913475,8.84943,23.074,2.446,0.43,137965879296.0,142467776512.0,-0.086,0.0,0.0,2.3690987,0.038,657.048,0.0,0.0,23727900.0,0.76321,0.16302,5814.5,-0.6408065618591974,-0.7086748633879814,,,9447.758265914965,5341.851324003666,5966.7384033203125,6321.872373046875,6411.197260742188,6575.959750976563,5895.177408749581,6069.033338153561,44.69264110317715,-173.85592940397964,-183.6477683577469,9.791838953767268,34.2811271193529,27.857338263533595,0.18870611984526536,[],[],24836.35,6733.0,Decreasing,Strong Downtrend,50.11,Strong bearish trend across multiple timeframes Bullish MACD crossover Declining volume suggests weakening trend
PRAJIND,25.37,52.44,38.91,Sell,Strong bearish trend across multiple timeframes RSI indicates oversold conditions Bearish MACD crossover,0.0,0.0,0.0,1844.0,0.0,-0.084,-0.937,172.338,0.37101,0.01627,0.0442,0.0,0.0,14.102,0.0,0.0,0.0,0.0,53.490814,17.995586,5.422232,34.289,2.256,1.47,74922180608.0,71488143360.0,-0.937,0.0,0.0,2.364145,0.375,75.172,0.0,22.65,183812992.0,0.34631002,0.2764,407.6000061035156,-1.2596855240366578,-0.8995822512193996,,,863.8071738496072,397.1000061035156,440.09329681396486,470.08122619628904,480.45464477539065,577.6084355163574,423.34739542479053,442.8946544798297,18.512204091125085,-19.54725905503915,-17.085739338926892,-2.4615197161122566,17.96925953937556,18.99974606242138,0.2555530330203233,[],[],715578.8,415118.0,Decreasing,Strong Downtrend,52.44,Strong bearish trend across multiple timeframes RSI indicates oversold conditions Bearish MACD crossover
BHEL,19.04,56.67,37.86,Strong Sell,Bearish MACD crossover Stochastic indicates oversold conditions Declining volume suggests weakening trend,0.0,0.0,0.0,41132.0,0.0,0.0,0.0,81.325,0.32708,-0.11148,0.01023,0.0,0.0,36.464,0.0,0.0,0.0,0.0,263.36145,28.83773,3.0787756,116.491,2.755,0.23,761143492608.0,780717522944.0,0.0,0.0,0.0,2.6856177,0.777,70.999,0.0,7.58,3482060032.0,0.64233,0.17951,218.58999633789062,0.050348138274736165,-1.237972923009123,,,303.3625375516094,175.63094183264417,229.52694244384764,245.4898522949219,240.64697723388673,228.86920181274414,223.8857433344072,232.1135307876379,39.10201940568183,-8.22778745323069,-7.6461794642700145,-0.5816079889606751,9.55503248099056,9.648130561372602,0.18329193228839308,[],[],7508007.9,3265473.0,Decreasing,Strong Downtrend,56.67,Bearish MACD crossover Stochastic indicates oversold conditions Declining volume suggests weakening trend
ABFRL,20.47,52.36,36.41,Sell,Strong bearish trend across multiple timeframes RSI indicates overbought conditions Bullish MACD crossover,0.0,0.0,0.0,0.0,0.0,-0.466,0.0,69.081,0.5773,-0.11135,-0.056760002,0.0,0.0,73.632,0.0,0.0,0.0,0.0,0.0,42.763157,1.341401,7.209,1.569,0.0,98798379008.0,117885468672.0,0.0,0.0,0.0,1.3152127,-0.357,60.571,0.0,1.9,1215980032.0,0.53962004,0.21841,81.25,7.402509400089574,8.333333333333325,,,364.3999938964844,70.55000305175781,75.3349998474121,75.6095997619629,141.03779983520508,208.26595024108886,76.45936165471261,77.18290673890101,71.1136240524716,-0.7235450841884017,-1.8191069083254705,1.0955618241370688,68.47973542988058,66.89710279277958,0.08887477080728785,[],[],10766502.3,87482262.0,Increasing,Downtrend,52.36,Strong bearish trend across multiple timeframes RSI indicates overbought conditions Bullish MACD crossover
BATAINDIA,25.31,45.49,35.4,Sell,Strong bearish trend across multiple timeframes Bearish MACD crossover Strong volume supporting price action,0.0,0.0,0.0,3961.0,0.0,-0.003,-0.701,271.312,0.55574,0.098450005,0.05984,0.0,0.0,91.84,0.0,0.0,0.0,0.0,68.029564,42.074028,9.015905,32.913,4.308,1.72,142048559104.0,150164045824.0,-0.701,0.0,0.0,4.0748224,0.341,122.539,0.0,0.0,128528000.0,0.50459,0.33073002,1104.800048828125,-1.2336784426071445,5.2491283432696045,,,1467.8265429621163,1025.0999755859375,1157.212158203125,1192.274541015625,1205.3602014160156,1262.2177709960938,1133.791123449671,1159.4556876450918,35.577631820273865,-25.66456419542078,-21.77312926117163,-3.891434934249151,53.807607142159526,58.67233707937972,0.1511785890281006,[],[],211186.55,182667.0,Increasing,Strong Downtrend,45.49,Strong bearish trend across multiple timeframes Bearish MACD crossover Strong volume supporting price action
MCDHOLDING,3.33,33.0,18.16,Strong Sell,Strong bearish trend across multiple timeframes Bearish MACD crossover Declining volume suggests weakening trend,0.0,0.0,0.0,0.0,0.0,0.0,0.0,0.0,0.0,0.0,0.0,0.0,0.0,0.0,0.0,0.0,0.0,0.0,0.0,0.0,-28.210915,0.0,0.0,0.0,968962496.0,0.0,0.0,0.0,0.0,0.0,0.0,-2.437,0.0,0.0,13992300.0,0.0,0.0,68.75,0.0,0.0,,,68.75,68.75,68.75,68.75,68.75,68.75,68.75,68.75,50.0,0.0,0.0,0.0,,,,[],[],0.0,0.0,Decreasing,Sideways,33.0,Strong bearish trend across multiple timeframes Bearish MACD crossover Declining volume suggests weakening trend
LXMACHIN,3.33,0.0,1.67,Strong Sell,No technical data available,0.0,0.0,0.0,0.0,0.0,0.0,0.0,0.0,0.0,0.0,0.0,0.0,0.0,0.0,0.0,0.0,0.0,0.0,0.0,0.0,0.0,0.0,0.0,0.0,0.0,0.0,0.0,0.0,0.0,0.0,0.0,0.0,0.0,0.0,0.0,0.0,0.0,,,,,,,,,,,,,,,,,,,,,,,,,,,,
CENTURYTEX,3.33,0.0,1.67,Strong Sell,No technical data available,0.0,0.0,0.0,0.0,0.0,0.0,0.0,0.0,0.0,0.0,0.0,0.0,0.0,0.0,0.0,0.0,0.0,0.0,0.0,0.0,0.0,0.0,0.0,0.0,0.0,0.0,0.0,0.0,0.0,0.0,0.0,0.0,0.0,0.0,0.0,0.0,0.0,,,,,,,,,,,,,,,,,,,,,,,,,,,,
