symbol,FundamentalScore,TechnicalScore,OverallScore,FundamentalRating,TechnicalAnalysis,business_summary,sector,industry,employees,website,revenue_growth,earnings_growth,revenue_per_share,gross_margin,operating_margin,net_margin,roe,roa,debt_to_equity,current_ratio,quick_ratio,operating_cashflow,free_cashflow,pe_ratio,forward_pe,pb_ratio,ev_ebitda,ev_revenue,dividend_yield,market_cap,enterprise_value,quarterly_earnings_growth,quarterly_revenue_growth,peg_ratio,ps_ratio,beta,book_value,eps,forward_eps,shares_outstanding,insider_ownership,institutional_ownership,Close,Daily_Change,Weekly_Change,52W_High,52W_Low,All_Time_High,All_Time_Low,sma20,sma50,sma100,sma200,ema12,ema26,rsi14,macd,macd_signal,macd_hist,stoch_k,stoch_d,volatility,support_levels,resistance_levels,volume_sma20,current_volume,volume_trend,trend,technical_score,technical_analysis
MUTHOOTFIN,95.29,94.0,94.65,Strong Buy,Strong bullish trend across multiple timeframes Bullish MACD crossover Declining volume suggests weakening trend,0.0,0.0,0.0,30451.0,0.0,0.503,0.732,327.454,1.0,0.70499,0.4705,0.21574,0.04843,367.181,108.996,108.996,0.0,0.0,17.460543,50.82041,3.555699,0.0,15.963,0.97,1080115724288.0,2098469928960.0,0.732,0.0,0.0,8.216542,0.526,756.082,0.0,52.9,401468000.0,0.73370004,0.16305,2688.0,0.5574015861513848,0.1527664147485286,,,2807.0,1734.8190964928322,2651.175,2643.08,2436.2227331542967,2271.873258666992,2674.567484013843,2654.5055062887022,55.873077715888165,20.061977725140878,18.67245485466591,1.3895228704749663,63.05487697643863,62.64796760423064,0.09994435286080532,[],[],845772.9,74101.0,Decreasing,Strong Uptrend,94.0,Strong bullish trend across multiple timeframes Bullish MACD crossover Declining volume suggests weakening trend
INDIAMART,96.87,81.71,89.29,Strong Buy,Bullish MACD crossover Declining volume suggests weakening trend High volatility detected,0.0,0.0,0.0,0.0,0.0,0.123,0.346,238.267,0.55985,0.34025002,0.41307,0.31227,0.0847,1.489,2.251,2.229,6480280064.0,4728988672.0,26.205456,25.937647,7.5586004,25.205,9.321,1.13,154705805312.0,133210488832.0,0.348,0.0,0.0,10.825477,0.477,340.526,0.0,0.0,60011700.0,0.50591,0.27186,2574.0,-3.036242548450596,-1.8905357451602267,,,3136.9157220494017,1876.7170112827462,2578.4400146484377,2582.2100048828124,2428.7629516601564,2297.203560180664,2605.3909280109146,2588.1991283407974,57.29858539802558,17.191799670117234,11.961848505312382,5.229951164804852,69.4993627637546,81.54892254139504,0.07891917675968968,[],[],77864.45,20072.0,Decreasing,Sideways,81.71,Bullish MACD crossover Declining volume suggests weakening trend High volatility detected
POLYCAB,82.77,94.19,88.48,Strong Buy,Strong bullish trend across multiple timeframes Bullish MACD crossover Declining volume suggests weakening trend,0.0,0.0,0.0,0.0,0.0,0.257,0.493,1570.11,0.25282,0.13069999,0.093839996,0.23414,0.12966,1.947,2.193,1.135,30948489216.0,17420355584.0,48.621796,43.389008,10.315932,32.284,4.389,0.5,1075214876672.0,1036508987392.0,0.495,0.0,0.0,4.5528584,0.462,692.521,0.0,164.65,150506000.0,0.66462,0.16143,7149.0,1.2032842582106351,-0.12573344509639872,,,7562.679389071101,4529.65245570749,6953.525,6773.987646484375,6245.706606445313,6220.295678710938,7040.92110862186,6938.6827662972055,69.66019417475728,102.2383423246547,97.10498324504643,5.133359079608269,80.75396825396827,79.30839002267574,0.08149257169734439,[],[],257161.5,96817.0,Decreasing,Strong Uptrend,94.19,Strong bullish trend across multiple timeframes Bullish MACD crossover Declining volume suggests weakening trend
HINDALCO,73.09,94.1,83.59,Buy,Strong bullish trend across multiple timeframes Bullish MACD crossover Declining volume suggests weakening trend,0.0,0.0,0.0,78999.0,0.0,0.127,0.303,1106.423,0.32362998,0.09327,0.068909995,0.14729999,0.0,53.056,0.0,0.0,0.0,0.0,9.225056,9.884206,1.2595668,6.002,0.807,0.71,1558404399104.0,1983253970944.0,0.303,0.0,0.0,0.6342325,1.018,557.136,0.0,0.0,2220740096.0,0.36817002,0.41669998,701.8499755859375,-0.5455627822724574,0.14268388882570093,,,767.0250525807884,542.4717959005195,691.0436370849609,681.3776770019531,655.2643981933594,642.7229791259765,700.2549775271228,691.7079466560747,58.938341904884325,8.54703087104815,7.463177872637627,1.0838529984105234,79.33748962691551,81.21694405441296,0.0900243058247274,[],[],4897035.75,884191.0,Decreasing,Strong Uptrend,94.1,Strong bullish trend across multiple timeframes Bullish MACD crossover Declining volume suggests weakening trend
ACCELYA,84.13,82.11,83.12,Strong Buy,Bullish MACD crossover Declining volume suggests weakening trend High volatility detected,0.0,0.0,0.0,2500.0,0.0,0.028,0.089,354.238,0.72636,0.33134997,0.24402,0.46033,0.24159001,22.338,2.938,2.323,1445630976.0,1124602496.0,16.316093,22.527157,7.581149,10.361,3.809,5.66,21049067520.0,20140709888.0,0.088,0.0,0.0,3.9811542,0.375,186.014,0.0,62.6,14926300.0,0.78664,0.00209,1410.0,-0.16285836922780295,-0.32517854272068325,,,1800.4226584021658,1218.5,1400.4549987792968,1404.413994140625,1384.0254956054687,1398.0960516357422,1408.4316144437416,1404.2250260845408,55.90326403570079,4.20658835920085,1.3896486359276639,2.8169397232731868,53.57808039620113,60.980997062342375,0.039049749136824276,[],[],11011.8,3231.0,Decreasing,Strong Uptrend,82.11,Bullish MACD crossover Declining volume suggests weakening trend High volatility detected
DRREDDY,72.7,91.82,82.26,Buy,Strong bullish trend across multiple timeframes Bullish MACD crossover Strong volume supporting price action,0.0,0.0,0.0,27811.0,0.0,0.114,0.02,401.356,0.57653,0.20497,0.16993,0.17712,0.09712,13.751,1.893,1.156,52560998400.0,14228500480.0,18.363932,3.6443126,2.9731998,11.601,3.103,0.63,1040925458432.0,1037102874624.0,0.019,0.0,0.0,3.114119,0.311,420.557,0.0,343.11,832374976.0,0.29459,0.51376,1250.4000244140625,-1.013293797703041,0.40147742909772965,,,1406.072510170324,1013.5718351625553,1244.4650024414063,1266.4225634765626,1237.2742260742189,1231.206605834961,1256.8717441396163,1254.971321460231,67.02601404620711,1.9004226793854286,-2.205306881815204,4.105729561200633,78.13583783817141,86.93047963691227,0.09281018029170046,[],[],1437462.8,442310.0,Increasing,Sideways,91.82,Strong bullish trend across multiple timeframes Bullish MACD crossover Strong volume supporting price action
BHARTIARTL,95.42,63.89,79.66,Strong Buy,Bullish MACD crossover Declining volume suggests weakening trend High volatility detected,0.0,0.0,0.0,28424.0,0.0,0.285,0.418,317.559,0.65817,0.31081,0.19215,0.29464,0.07039,126.505,0.424,0.177,1072185999360.0,252356493312.0,32.059273,28.114546,9.629735,15.039,7.519,0.84,11351216881664.0,13830879969280.0,0.43,0.0,0.0,6.171105,0.155,196.589,0.0,0.0,5698039808.0,0.53428,0.31786,1893.199951171875,-0.6037696379907254,-1.8253512132620386,,,2028.8391163856081,1498.472903016313,1902.9850036621094,1927.8125756835936,1874.237509765625,1743.1380206298827,1907.4084605156058,1908.7072798158185,40.98765432098765,-1.298819300212699,-3.745312465969871,2.446493165757172,55.19717851017106,63.96299905842113,0.06067914138978387,[],[],9164468.35,1136567.0,Decreasing,Sideways,63.89,Bullish MACD crossover Declining volume suggests weakening trend High volatility detected
ESCORTS,65.04,93.77,79.41,Buy,Strong bullish trend across multiple timeframes Bullish MACD crossover Declining volume suggests weakening trend,0.0,0.0,0.0,4622.0,0.0,0.082,3.704,924.645,0.28819,0.104729995,0.23209,0.0,0.0,1.015,0.0,0.0,0.0,0.0,31.711962,29.352917,3.8282185,32.31,3.596,1.3,390242041856.0,365770768384.0,3.767,0.0,0.0,3.8371127,0.131,926.619,0.0,120.85,110011000.0,0.73157996,0.12866999,3547.5,-0.10418875937002747,-2.124430955993928,,,4381.818554326479,2761.5532979782647,3457.935021972656,3393.3507470703125,3344.9419946289063,3313.4604614257814,3522.879904391347,3468.763613199005,68.28769805002422,54.11629119234203,45.29374578927186,8.822545403070173,60.725677830941,63.84752876704857,0.12348274714553338,[],[],119971.0,9990.0,Decreasing,Strong Uptrend,93.77,Strong bullish trend across multiple timeframes Bullish MACD crossover Declining volume suggests weakening trend
M&M,62.89,93.95,78.42,Buy,Strong bullish trend across multiple timeframes Bullish MACD crossover Declining volume suggests weakening trend,0.0,0.0,0.0,324000.0,0.0,0.241,0.243,1520.778,0.3937,0.16755,0.08091,0.0,0.0,145.369,0.0,0.0,0.0,0.0,26.979713,25.09785,4.778886,15.144,2.784,0.76,4013699104768.0,4723327369216.0,0.244,0.0,0.0,2.3653731,0.509,690.119,0.0,0.0,1217010048.0,0.24476999,0.49869,3295.89990234375,-1.0478007077204698,-2.9361583356448895,,,3432.0,2405.672549234822,3273.6599975585937,3209.9204931640625,3062.9719873046874,2978.8482958984373,3322.7634856905443,3274.837395513362,55.87627534005573,47.92609017718223,45.89845972267899,2.027630454503239,70.12482706365756,79.73535248993845,0.10534822986579666,[],[],2589909.05,793582.0,Decreasing,Strong Uptrend,93.95,Strong bullish trend across multiple timeframes Bullish MACD crossover Declining volume suggests weakening trend
CAPLIPOINT,68.76,87.35,78.06,Buy,Strong bullish trend across multiple timeframes Bullish MACD crossover Declining volume suggests weakening trend,0.0,0.0,0.0,0.0,0.0,0.112,0.233,261.636,0.60749,0.31647,0.28417,0.0,0.0,0.174,0.0,0.0,0.0,0.0,28.805407,21.294706,5.8388486,22.257,7.572,0.14,162112028672.0,150591078400.0,0.233,0.0,0.0,8.151535,0.048,365.072,0.0,0.0,76011696.0,0.73293996,0.04405,2128.5,2.110817941952514,0.35834306219975076,,,2637.3363990620282,1596.7817537505716,2096.214984130859,2074.1719970703125,2041.9638598632812,2090.9677960205076,2125.96651285616,2104.4360984537707,66.96229606121042,21.530414402389397,19.85643451882394,1.6739798835654582,68.50047289129655,75.45299026018036,0.14039211303517676,[],[],157774.75,35839.0,Decreasing,Strong Uptrend,87.35,Strong bullish trend across multiple timeframes Bullish MACD crossover Declining volume suggests weakening trend
INDHOTEL,72.81,81.41,77.11,Buy,Bullish MACD crossover Declining volume suggests weakening trend High volatility detected,0.0,0.0,0.0,20090.0,0.0,0.317,0.189,63.647,0.62501,0.23517,0.21564,0.18694,0.0,24.842,0.0,0.0,0.0,0.0,56.35076,44.945793,9.896439,36.666,12.21,0.29,1104945086464.0,1107277905920.0,0.193,0.0,0.0,12.184458,-0.105,78.407,0.0,0.0,1423430016.0,0.40355,0.2886,775.7000122070312,0.864706393552761,-3.854731786872312,,,892.27623330369,640.1675553908556,763.0949981689453,757.5203845214844,767.5060552978516,778.3900695800781,774.8829188176746,766.4070602580697,61.4567128371413,8.475858559604944,6.902491042273852,1.573367517331092,55.54852968166109,62.9746470483704,0.10860705620020025,[],[],2472925.85,570776.0,Decreasing,Sideways,81.41,Bullish MACD crossover Declining volume suggests weakening trend High volatility detected
CUMMINSIND,66.28,84.77,75.53,Buy,Strong bullish trend across multiple timeframes Bearish MACD crossover Declining volume suggests weakening trend,0.0,0.0,0.0,3025.0,0.0,0.255,0.306,396.186,0.35834998,0.24406,0.19498,0.0,0.0,0.392,0.0,0.0,0.0,0.0,49.52665,40.60606,14.000395,41.714,9.374,1.34,1059745759232.0,1029492113408.0,0.305,0.0,0.0,9.649887,0.624,272.778,0.0,0.0,277200000.0,0.5128,0.29505,3824.10009765625,-0.32320871481167357,0.1492823030139201,,,3932.0,2555.8898632002074,3740.349987792969,3550.4958154296874,3269.3176220703126,3165.311865234375,3806.0339915528702,3713.451524209261,67.24012591290204,92.5824673436091,94.15199751790027,-1.5695301742911738,77.19835921143806,85.64055152374351,0.12344798174765653,[],[],675894.7,135517.0,Decreasing,Strong Uptrend,84.77,Strong bullish trend across multiple timeframes Bearish MACD crossover Declining volume suggests weakening trend
ZYDUSLIFE,56.58,91.81,74.19,Hold,Strong bullish trend across multiple timeframes Bullish MACD crossover Strong volume supporting price action,0.0,0.0,0.0,27917.0,0.0,0.059,0.033,234.63,0.71442,0.2728,0.19368,0.0,0.0,12.209,0.0,0.0,0.0,0.0,21.456867,23.603262,4.09583,14.685,4.21,1.11,981074247680.0,993869234176.0,0.033,0.0,0.0,4.1557384,0.459,238.047,0.0,0.0,1006230016.0,0.75163,0.14375,974.8499755859375,-1.315989302149767,-0.8593524165496413,,,1146.2196153886764,785.9961424555926,972.7349975585937,969.0436572265625,930.4634197998047,933.5002886962891,983.3547000325079,975.3865356843379,62.23510840158815,7.968164348170035,6.350765671073331,1.6173986770967037,69.02066906018027,78.21955584709482,0.09433533836366001,[],[],981350.55,259131.0,Increasing,Strong Uptrend,91.81,Strong bullish trend across multiple timeframes Bullish MACD crossover Strong volume supporting price action
INDIANB,63.55,84.78,74.16,Buy,Strong bullish trend across multiple timeframes Bearish MACD crossover Declining volume suggests weakening trend,0.0,0.0,0.0,40071.0,0.0,0.185,-0.114,239.667,0.0,0.49471,0.33975,0.16314,0.0,0.0,0.0,0.0,0.0,0.0,8.033391,8.116086,1.1882584,0.0,2.723,2.48,881450680320.0,878871052288.0,-0.114,0.0,0.0,2.730555,0.452,550.722,0.0,80.63,1346960000.0,0.76031,0.19042,654.9500122070312,-0.14484100803013877,-2.2535595643653816,,,683.0999755859375,462.08521047524124,654.4375030517579,642.2100061035156,609.1960192871094,565.741488647461,661.7298833889402,653.8145656549755,61.911281056088235,7.9153177339646845,9.292074440111582,-1.3767567061468977,56.95277739810782,67.98367477936374,0.12225089940592403,[],[],1225302.95,140738.0,Decreasing,Strong Uptrend,84.78,Strong bullish trend across multiple timeframes Bearish MACD crossover Declining volume suggests weakening trend
PFIZER,67.14,80.42,73.78,Buy,Bullish MACD crossover Declining volume suggests weakening trend High volatility detected,0.0,0.0,0.0,1598.0,0.0,0.071,0.272,507.466,0.64405,0.32437,0.34832,0.0,0.0,2.57,0.0,0.0,0.0,0.0,29.436373,31.105139,5.6482162,28.895,9.192,0.67,238208270336.0,213387542528.0,0.272,0.0,0.0,10.260786,0.131,921.884,0.0,167.4,45747700.0,0.66942,0.17243999,5207.0,-0.8001524099828572,-7.93033330386349,,,6412.559796765404,3678.861025955166,5283.15,5427.547001953125,5093.946928710938,4879.671614990234,5391.463763240876,5364.443111622143,55.393687131460275,27.0206516187327,19.16567318684303,7.85497843188967,40.94940010432969,56.651017214397505,0.20757038740076883,[],[],64423.55,6094.0,Decreasing,Sideways,80.42,Bullish MACD crossover Declining volume suggests weakening trend High volatility detected
CIPLA,61.45,86.03,73.74,Buy,Strong bullish trend across multiple timeframes RSI indicates overbought conditions Bullish MACD crossover,0.0,0.0,0.0,30313.0,0.0,0.032,0.102,340.307,0.66691,0.22311,0.19624001,0.0,0.0,1.404,0.0,0.0,0.0,0.0,23.545824,24.705698,4.064302,16.573,4.277,0.82,1268053049344.0,1175265738752.0,0.102,0.0,0.0,4.614522,0.097,386.241,0.0,63.54,807753984.0,0.30597,0.3964,1570.0,-0.6203347591611119,1.5458265824630724,,,1687.4334663463221,1323.5354497595179,1542.1700073242187,1515.0153784179688,1498.2349731445313,1479.591092529297,1563.4496295773451,1542.4068852875723,71.4359579419289,21.042744289772827,17.073350831969126,3.969393457803701,83.2057273062174,89.46413852119088,0.0968328909791172,[],[],1434380.25,337123.0,Increasing,Strong Uptrend,86.03,Strong bullish trend across multiple timeframes RSI indicates overbought conditions Bullish MACD crossover
GRASIM,52.23,94.26,73.25,Hold,Strong bullish trend across multiple timeframes Bullish MACD crossover Declining volume suggests weakening trend,0.0,0.0,0.0,27327.0,0.0,0.185,0.152,2294.867,0.57729,0.17478001,0.026300002,0.0,0.0,118.847,0.0,0.0,0.0,0.0,46.425484,119.686966,1.9421793,13.91,2.687,0.36,1893909397504.0,4137109684224.0,0.174,0.0,0.0,1.2299213,0.275,1437.097,0.0,23.32,678553024.0,0.47854,0.24561001,2792.60009765625,-0.1287409190503852,-2.523641563474943,,,2898.39990234375,2268.696845700511,2778.3954956054686,2768.7569287109377,2716.4292138671876,2601.5084875488283,2800.507193377109,2780.1911288728993,54.44652700107718,20.316064504209862,18.390632327237473,1.9254321769723894,58.24260562264008,64.25378344018044,0.07379097156465685,[],[],676853.1,52593.0,Decreasing,Strong Uptrend,94.26,Strong bullish trend across multiple timeframes Bullish MACD crossover Declining volume suggests weakening trend
LTIM,70.51,75.67,73.09,Buy,Strong bearish trend across multiple timeframes Bullish MACD crossover Declining volume suggests weakening trend,0.0,0.0,0.0,83889.0,0.0,0.076,0.106,1306.817,0.2755,0.14293,0.121920004,0.22132,0.11885,9.814,3.358,2.972,43308998656.0,26377750528.0,31.986172,25.61747,6.64697,24.092,3.756,1.26,1507733274624.0,1453802389504.0,0.106,0.0,0.0,3.8953378,0.441,765.612,0.0,0.0,296272992.0,0.68723,0.16879,5089.5,-1.4712999709611818,-1.7565872020075313,,,6707.319709479284,3767.94004002627,5117.65,5210.83,4995.929763183593,5283.086202392578,5154.445274464929,5151.76558384679,54.63121783876501,2.6796906181389204,-9.414358763089819,12.09404938122874,57.203751065643644,72.84103267546529,0.05776171146210651,[],[],203446.05,46200.0,Decreasing,Strong Downtrend,75.67,Strong bearish trend across multiple timeframes Bullish MACD crossover Declining volume suggests weakening trend
MOTILALOFS,67.11,79.03,73.07,Buy,Strong bullish trend across multiple timeframes Bearish MACD crossover Declining volume suggests weakening trend,0.0,0.0,0.0,13540.0,0.0,0.215,0.31,125.564,0.82273,0.58137,0.37001,0.0,0.0,138.953,0.0,0.0,0.0,0.0,19.899889,17.981113,4.892436,0.0,8.432,0.94,543040831488.0,633924026368.0,0.318,0.0,0.0,7.222978,-0.047,184.867,0.0,50.3,600409984.0,0.50911,0.33933997,904.3499755859375,-0.5060824643067341,-5.821403219376464,,,1055.762147223656,513.0,925.7699951171875,908.61099609375,822.7709967041015,799.5947381591797,925.7456490303955,921.2599709084121,42.92648611218103,4.485678121983369,8.740365710700024,-4.254687588716655,23.72099567604384,35.028663499540166,0.07232471731562638,[],[],831761.65,226152.0,Decreasing,Uptrend,79.03,Strong bullish trend across multiple timeframes Bearish MACD crossover Declining volume suggests weakening trend
SBIN,66.36,79.15,72.75,Buy,Strong bullish trend across multiple timeframes Bearish MACD crossover Declining volume suggests weakening trend,0.0,0.0,0.0,236226.0,0.0,0.098,0.097,392.636,0.0,0.35021,0.22672,0.16584,0.01161,0.0,0.0,0.0,0.0,0.0,9.082332,9.781057,1.3865073,0.0,2.742,1.97,7463878787072.0,9608559067136.0,0.097,0.0,0.0,2.1302,0.493,583.192,0.0,82.67,9230619648.0,0.56681997,0.28701,809.0,0.1423561860267819,-2.406660463628618,,,858.2173712226388,666.6146467698901,812.8900024414063,810.5290026855469,797.9294409179688,780.5315246582031,816.2537096871075,814.3244226616009,53.39203438173535,1.9292870255065964,3.1251092938167946,-1.1958222683101982,43.95832485622832,52.31289409604282,0.060440282171651476,[],[],7817410.4,1728080.0,Decreasing,Uptrend,79.15,Strong bullish trend across multiple timeframes Bearish MACD crossover Declining volume suggests weakening trend
NAM-INDIA,62.57,82.6,72.58,Buy,Strong bullish trend across multiple timeframes Bearish MACD crossover Strong volume supporting price action,0.0,0.0,0.0,1104.0,0.0,0.184,0.183,41.62,0.82974,0.69848996,0.5119,0.0,0.0,2.09,0.0,0.0,0.0,0.0,38.814976,30.142778,12.262715,27.315,18.59,2.42,517722701824.0,490329047040.0,0.192,0.0,0.0,19.628775,0.352,66.376,0.0,0.0,636062016.0,0.0062300004,0.88918,814.2999877929688,-1.3806496603519625,-5.986265099532783,,,887.9000244140625,491.8510683743227,823.4324981689454,810.6361145019531,741.4981121826172,685.8956994628907,832.6221078502178,824.147908535962,50.472003486779904,8.474199314255884,9.264815118636077,-0.7906158043801934,39.34040983397788,54.874019683394714,0.11462862093624088,[],[],697563.85,106456.0,Increasing,Uptrend,82.6,Strong bullish trend across multiple timeframes Bearish MACD crossover Strong volume supporting price action
HDFCAMC,66.22,78.93,72.58,Buy,Strong bullish trend across multiple timeframes Bearish MACD crossover Declining volume suggests weakening trend,0.0,0.0,0.0,1618.0,0.0,0.266,0.236,201.768,0.90486,0.82316,0.60383,0.0,0.0,1.766,0.0,0.0,0.0,0.0,46.581093,44.910748,14.886635,32.563,26.747,1.56,1211108687872.0,1153442643968.0,0.238,0.0,0.0,28.083876,0.539,380.274,0.0,126.05,213939008.0,0.54066,0.27925,5659.5,-1.7362618282837028,-0.8757334267448957,,,5927.5,3497.4158867437145,5660.95,5406.5019921875,4953.7125244140625,4465.138026123047,5703.895249625604,5606.328952476084,48.79551820728291,97.56629714952032,102.64818607558246,-5.081888926062135,69.97771410378859,82.50085726248217,0.08196045502078163,[],[],444322.95,153744.0,Decreasing,Uptrend,78.93,Strong bullish trend across multiple timeframes Bearish MACD crossover Declining volume suggests weakening trend
ASHOKLEY,54.48,90.2,72.34,Hold,Strong bullish trend across multiple timeframes Bullish MACD crossover Stochastic indicates overbought conditions,0.0,0.0,0.0,9695.0,0.0,0.092,0.202,84.281,0.39693,0.18954,0.06476,0.0,0.0,315.502,0.0,0.0,0.0,0.0,24.365673,16.851614,6.2707067,11.593,2.4,2.38,767487901696.0,1188968529920.0,0.2,0.0,0.0,1.5490136,0.349,20.827,0.0,7.75,5873050112.0,0.40135,0.28606,130.72000122070312,-0.4947810920633344,-1.7881328126773344,,,134.30999755859375,95.93000030517578,124.9174991607666,123.97969970703124,119.21034950256347,113.81644981384278,128.61146178024478,126.09493452428485,67.74422259726258,2.5165272559599288,1.6689386782735647,0.8475885776863641,83.06631764648209,83.4108429936196,0.17980838394460294,[],[],15185344.4,2325704.0,Decreasing,Strong Uptrend,90.2,Strong bullish trend across multiple timeframes Bullish MACD crossover Stochastic indicates overbought conditions
KRBL,69.73,73.18,71.46,Buy,Strong bullish trend across multiple timeframes RSI indicates overbought conditions Bearish MACD crossover,0.0,0.0,0.0,0.0,0.0,0.321,0.741,261.282,0.25096,0.10767,0.09033,0.0,0.0,7.759,0.0,0.0,0.0,0.0,19.048727,11.988,1.9627919,13.061,1.643,0.78,102897500160.0,98249646080.0,0.74,0.0,0.0,1.7209876,-0.249,229.036,0.0,37.5,228890000.0,0.77044,0.025980001,449.5,0.5480398778505036,-4.310803618946246,,,495.0,241.25,432.4199981689453,402.38299682617185,365.95349853515626,325.43749938964845,451.6738373032057,432.9470478410612,70.44360903972569,18.726789462144495,19.770398313681522,-1.0436088515370265,65.98765432098766,72.43209776073819,0.38194512113826445,[],[],3044705.35,193282.0,Decreasing,Strong Uptrend,73.18,Strong bullish trend across multiple timeframes RSI indicates overbought conditions Bearish MACD crossover
OFSS,80.47,61.76,71.11,Strong Buy,Strong bearish trend across multiple timeframes Bullish MACD crossover Strong volume supporting price action,0.0,0.0,0.0,8045.0,0.0,0.064,0.04,801.475,0.524,0.44736,0.34564,0.32917,0.0,0.546,4.946,4.323,20586000384.0,0.0,30.72512,32.436783,10.895416,22.902,10.046,3.11,735792791552.0,698927742976.0,0.041,0.0,0.0,10.575382,0.104,777.024,0.0,261.0,86911504.0,0.72966003,0.12019,8466.0,-0.756110427290313,-3.389250256761378,,,12809.368589244788,6819.390435895526,8558.05,8790.94,8584.861430664063,9224.985634765624,8594.018694448472,8631.718034872967,47.90296052631579,-37.69934042449495,-48.57226241103371,10.872921986538763,38.54715875805507,51.57435211272948,0.04866614854986557,[],[],82719.5,40021.0,Increasing,Strong Downtrend,61.76,Strong bearish trend across multiple timeframes Bullish MACD crossover Strong volume supporting price action
TATAINVEST,59.49,82.21,70.85,Hold,Strong bullish trend across multiple timeframes Bearish MACD crossover Stochastic indicates oversold conditions,0.0,0.0,0.0,24.0,0.0,0.021,0.116,61.111,0.99988,0.91756,1.05862,0.0,0.0,0.007,0.0,0.0,0.0,0.0,106.24613,0.0,1.118309,0.658,0.573,0.39,347690893312.0,1773154816.0,0.116,0.0,0.0,112.449745,-0.101,6144.992,0.0,0.0,50595300.0,0.73816,0.015190001,6874.5,-0.09446301409679059,-0.9366669068376687,,,8042.685069093923,5125.035489715318,6910.975,6775.89,6539.524189453125,6429.010263671875,6906.810388299243,6862.350776290621,30.44692737430168,44.45961200862166,55.09450588823272,-10.634893879611056,19.708320029539863,18.91995826254609,0.05393462398068583,[],[],115924.4,12479.0,Decreasing,Uptrend,82.21,Strong bullish trend across multiple timeframes Bearish MACD crossover Stochastic indicates oversold conditions
BOSCHLTD,56.37,85.17,70.77,Hold,Strong bullish trend across multiple timeframes Bearish MACD crossover Declining volume suggests weakening trend,0.0,0.0,0.0,38655.0,0.0,0.109,1.394,6226.636,0.35812,0.11575,0.14512,0.0,0.0,0.856,0.0,0.0,0.0,0.0,43.86149,43.603188,8.473393,45.727,6.098,1.3,1170453561344.0,1119927664640.0,1.394,0.0,0.0,6.3734922,0.496,4683.484,0.0,0.0,29493600.0,0.70677,0.16543,39715.0,0.5188559858263719,-0.5508952047076465,,,41290.0,25574.485652963936,39425.0,36769.2198828125,33236.2783984375,31929.74365234375,39320.151758163694,38641.953321589404,68.25,678.1984365742901,832.6057042060017,-154.40726763171165,57.28551924411249,48.10437076963458,0.08309917863116374,[],[],42729.9,13199.0,Decreasing,Strong Uptrend,85.17,Strong bullish trend across multiple timeframes Bearish MACD crossover Declining volume suggests weakening trend
NMDC,62.19,79.33,70.76,Buy,Strong bullish trend across multiple timeframes Bearish MACD crossover Declining volume suggests weakening trend,0.0,0.0,0.0,5677.0,0.0,0.245,0.0,28.708,0.52519,0.35167,0.25917,0.0,0.0,14.393,0.0,0.0,0.0,0.0,9.354838,2.6987202,2.0605736,6.793,2.216,4.72,611910680576.0,559175106560.0,-0.002,0.0,0.0,2.4253113,0.832,33.777,0.0,25.79,8791820288.0,0.60797,0.18295,69.62999725341797,-0.35775616746718253,-3.049293303692502,,,78.95750622795633,56.908884985540496,70.40276908874512,69.33390777587891,68.39772151947021,67.16946945190429,70.33656538912803,70.18098513680809,44.32620275675906,0.1555802523199361,0.29330010905624165,-0.13771985673630555,29.37939996718694,36.435913702552675,0.0421549568534023,[],[],15709329.5,3604034.0,Decreasing,Uptrend,79.33,Strong bullish trend across multiple timeframes Bearish MACD crossover Declining volume suggests weakening trend
GLAND,62.51,78.93,70.72,Buy,Strong bullish trend across multiple timeframes Bearish MACD crossover Declining volume suggests weakening trend,0.0,0.0,0.0,4351.0,0.0,0.074,0.498,347.194,0.57728,0.17714001,0.13465,0.0,0.0,3.428,0.0,0.0,0.0,0.0,40.2199,28.978619,3.391909,21.825,5.09,0.93,310383837184.0,291183230976.0,0.499,0.0,0.0,5.425896,0.4,555.41,0.0,65.01,164756000.0,0.51842,0.36703998,1881.9000244140625,-2.36575748824579,-3.174519034107026,,,2111.3311582004694,1266.0061416499243,1950.5158081054688,1903.0778564453126,1700.6017895507812,1673.3326751708985,1936.5136862460722,1933.3015508126587,36.27470908814518,3.2121354334135503,14.723258254027089,-11.511122820613538,18.307477280861498,26.482451333216574,0.08201546326000882,[],[],289059.25,27504.0,Decreasing,Uptrend,78.93,Strong bullish trend across multiple timeframes Bearish MACD crossover Declining volume suggests weakening trend
PIDILITIND,47.51,93.89,70.7,Hold,Strong bullish trend across multiple timeframes Bullish MACD crossover Declining volume suggests weakening trend,0.0,0.0,0.0,8153.0,0.0,0.105,0.184,265.361,0.53929,0.22496,0.16163,0.0,0.0,4.561,0.0,0.0,0.0,0.0,72.20379,152.57285,16.110798,50.609,11.473,0.97,1571583819776.0,1548644515840.0,0.186,0.0,0.0,11.643035,0.344,191.772,0.0,20.25,508668992.0,0.68195,0.14965001,3088.89990234375,-0.3709198929888524,0.1393958552606822,,,3380.787711457371,2595.9304504816755,3034.72080078125,2994.6047900390627,2993.56982421875,2934.787930908203,3073.677755845632,3037.3355549347416,64.10641555564969,36.34220091089037,32.20704755038777,4.135153360502599,72.95189264694146,80.04925518338958,0.11112617178763892,[],[],386944.7,55563.0,Decreasing,Strong Uptrend,93.89,Strong bullish trend across multiple timeframes Bullish MACD crossover Declining volume suggests weakening trend
CARTRADE,57.47,83.9,70.69,Hold,Strong bullish trend across multiple timeframes Bearish MACD crossover Declining volume suggests weakening trend,0.0,0.0,0.0,0.0,0.0,0.226,0.918,142.029,0.5704,0.19924,0.23083,0.0,0.0,5.647,0.0,0.0,0.0,0.0,77.57435,47.753162,5.012288,60.497,16.155,0.0,111487647744.0,108665176064.0,0.926,0.0,0.0,16.574703,0.15,468.329,0.0,0.0,47494100.0,0.02656,0.62898,2358.89990234375,-1.0030277822148492,-3.125260684034903,,,2534.800048828125,830.0,2292.6949951171873,1996.7619921875,1808.0869946289063,1657.6279956054686,2346.895133070957,2230.000230839624,68.44509449270184,116.89490223133316,128.24990541334253,-11.35500318200937,68.4221015533369,68.92270224972918,0.21039567129915734,[],[],440523.15,204450.0,Decreasing,Strong Uptrend,83.9,Strong bullish trend across multiple timeframes Bearish MACD crossover Declining volume suggests weakening trend
ZFCVINDIA,47.24,93.45,70.34,Hold,Strong bullish trend across multiple timeframes Bullish MACD crossover Declining volume suggests weakening trend,0.0,0.0,0.0,2488.0,0.0,0.032,0.231,2035.483,0.41849998,0.101339996,0.12528,0.0,0.0,2.056,0.0,0.0,0.0,0.0,62.053257,43.282215,8.35991,42.255,6.64,0.13,268732956672.0,256369901568.0,0.231,0.0,0.0,6.960624,-0.122,1694.755,0.0,0.0,18967600.0,0.60277003,0.27253,14143.0,-0.8899789768745614,-3.262653898768808,,,17275.36900138465,9547.387315786316,13847.24365234375,13473.74388671875,13240.500517578124,12557.161127929687,14181.263724319366,13872.236403601542,57.78606609333804,309.0273207178234,265.6820212488449,43.34529946897851,65.33670033670032,77.67606406729493,0.15543477479768547,[],[],10179.75,847.0,Decreasing,Strong Uptrend,93.45,Strong bullish trend across multiple timeframes Bullish MACD crossover Declining volume suggests weakening trend
WIPRO,72.48,67.81,70.15,Buy,Bullish MACD crossover Strong volume supporting price action High volatility detected,0.0,0.0,0.0,230000.0,0.0,0.008,0.105,85.319,0.30344,0.16057,0.15083,0.16362,0.07532,18.233,2.397,2.295,170585997312.0,116813996032.0,19.474669,9.883702,3.010833,13.15,2.541,4.36,2616608686080.0,2267779170304.0,0.109,0.0,0.0,2.9314723,0.596,82.987,0.0,25.28,10471400448.0,0.72822,0.14499,249.9499969482422,-0.8252993060862357,-0.3548076074955664,,,317.35771613953585,223.60184572930416,246.1860008239746,253.5109194946289,248.23726348876954,266.9376153564453,248.83668604707998,249.10168388759973,65.58501410188781,-0.2649978405197544,-1.4928098165275039,1.2278119760077495,71.67809930617932,74.48551132294507,0.06857505091564774,[],[],8050701.75,1573871.0,Increasing,Downtrend,67.81,Bullish MACD crossover Strong volume supporting price action High volatility detected
ULTRACEMCO,55.08,85.22,70.15,Hold,Strong bullish trend across multiple timeframes Bearish MACD crossover Declining volume suggests weakening trend,0.0,0.0,0.0,0.0,0.0,0.177,0.285,2665.762,0.58189,0.15528,0.086339995,0.0,0.0,32.618,0.0,0.0,0.0,0.0,54.766884,91.71775,5.228883,28.541,5.024,0.61,3697208983552.0,3939100262400.0,0.312,0.0,0.0,4.7151046,0.43,2403.764,0.0,137.04,294152992.0,0.6117,0.22012,12566.0,-0.3489294210943683,-2.3924188286468806,,,12930.0,9984.560419697713,12457.8,12263.52568359375,11884.63708984375,11504.502216796875,12582.643039105056,12456.348132435185,61.37884872824632,126.29490666987112,128.3022114408891,-2.007304771017971,58.2608695652174,62.532902304069346,0.07812173361776473,[],[],248170.9,25080.0,Decreasing,Strong Uptrend,85.22,Strong bullish trend across multiple timeframes Bearish MACD crossover Declining volume suggests weakening trend
MPHASIS,63.54,76.42,69.98,Buy,RSI indicates overbought conditions Bullish MACD crossover Strong volume supporting price action,0.0,0.0,0.0,30157.0,0.0,0.091,0.089,766.544,0.43137002,0.15297,0.119619995,0.17902,0.09029,19.454,1.464,1.209,15978810368.0,22564048896.0,31.234539,27.56326,5.326179,20.975,3.648,1.98,543251267584.0,530479185920.0,0.092,0.0,0.0,3.7362502,0.432,535.825,0.0,103.54,190248000.0,0.40617,0.41814,2854.699951171875,-0.643881397549606,0.6771275320710535,,,3174.5174545010827,2004.4965700463554,2764.4799926757814,2766.439931640625,2595.825947265625,2648.867502441406,2811.862140571209,2778.2303098057528,70.52805097478992,33.631830765456016,15.891020166983974,17.74081059847204,73.8298369166946,79.71130484970145,0.10804991720086884,[],[],421172.55,84610.0,Increasing,Strong Uptrend,76.42,RSI indicates overbought conditions Bullish MACD crossover Strong volume supporting price action
ADANIPOWER,48.22,91.25,69.73,Hold,Strong bullish trend across multiple timeframes Bullish MACD crossover Stochastic indicates overbought conditions,0.0,0.0,0.0,4176.0,0.0,-0.057,-0.113,144.449,0.43300998,0.32579,0.2242,0.0,0.0,68.48,0.0,0.0,0.0,0.0,19.357372,-270.8296,4.1340103,12.825,4.836,0.0,2329399001088.0,2676960526336.0,-0.135,0.0,0.0,4.2079873,0.25,146.093,0.0,-2.23,3856940032.0,0.72907996,0.16613,603.0,1.840909451697903,0.5083736529563065,,,684.4500122070312,432.0,589.1300018310546,585.3130017089844,566.9925006103516,540.4837496948243,595.3240745197888,590.9192548556204,66.18112719019217,4.404819664168485,3.3033745644154235,1.1014450997530618,86.09865470852019,83.44793467006103,0.07525098098666126,[],[],2558859.65,1281795.0,Decreasing,Strong Uptrend,91.25,Strong bullish trend across multiple timeframes Bullish MACD crossover Stochastic indicates overbought conditions
LT,57.11,82.3,69.7,Hold,Strong bullish trend across multiple timeframes Bearish MACD crossover Stochastic indicates oversold conditions,0.0,0.0,0.0,54596.0,0.0,0.161,0.298,1954.798,0.36325002,0.10212,0.05903,0.0,0.0,114.735,0.0,0.0,0.0,0.0,30.886965,34.14959,5.0215244,18.662,2.145,0.96,4904395997184.0,5765597757440.0,0.298,0.0,0.0,1.8245417,0.497,710.123,0.0,104.42,1375360000.0,0.16620001,0.49699003,3566.89990234375,0.7228942242297753,-0.7070719633417322,,,3926.8766708182884,2937.900120111403,3626.775036621094,3585.676015625,3512.168720703125,3490.0493298339843,3599.4835211346244,3596.5535033674496,41.60982264665757,2.9300177671748315,14.238044040123869,-11.308026272949038,13.027470529550252,13.78445589931727,0.045085343933322496,[],[],1748801.15,230256.0,Decreasing,Uptrend,82.3,Strong bullish trend across multiple timeframes Bearish MACD crossover Stochastic indicates oversold conditions
LAURUSLABS,54.08,85.09,69.59,Hold,Strong bullish trend across multiple timeframes Bearish MACD crossover Declining volume suggests weakening trend,0.0,0.0,0.0,6167.0,0.0,0.314,12.13,110.172,0.5464,0.16902,0.08583,0.0,0.0,60.048,0.0,0.0,0.0,0.0,91.1774,36.94694,10.410538,39.846,8.365,0.18,466111922176.0,495916482560.0,12.031,0.0,0.0,7.8620644,0.361,82.94,0.0,23.37,539825024.0,0.3216,0.32593,863.4500122070312,-0.5986314465988629,-1.4382713043214146,,,922.5,426.11903655204225,860.2675048828125,806.4069982910156,712.210004272461,640.7928123474121,866.3842512790735,848.7933113778672,59.97071744929152,17.590939901206298,20.891871275920316,-3.3009313747140183,68.68630801930148,75.89146383400538,0.09097426695388405,[],[],1938497.95,385670.0,Decreasing,Strong Uptrend,85.09,Strong bullish trend across multiple timeframes Bearish MACD crossover Declining volume suggests weakening trend
BAJAJFINSV,76.84,61.73,69.28,Buy,Strong bearish trend across multiple timeframes Bullish MACD crossover Strong volume supporting price action,0.0,0.0,0.0,104668.0,0.0,0.129,0.301,850.155,0.50422,0.40112,0.07023,0.16087,0.0,221.494,0.0,0.0,0.0,0.0,32.642628,39.024487,4.2508535,12.399,4.664,0.05,3077889064960.0,6324424802304.0,0.305,0.0,0.0,2.269691,0.634,453.603,0.0,49.41,1596249984.0,0.65821,0.13638,1927.199951171875,0.15590895313000175,-1.5981643517041122,,,2133.960243351952,1550.8944651219051,1940.4950012207032,1986.1935815429688,1996.2550463867187,1866.94498046875,1948.2766508486884,1959.1858851396019,50.68258301453073,-10.909234290913446,-12.962541197166694,2.0533069062532476,37.81645483029106,49.52533049704474,0.05239549169217771,[],[],1039965.1,375805.0,Increasing,Sideways,61.73,Strong bearish trend across multiple timeframes Bullish MACD crossover Strong volume supporting price action
HINDUNILVR,40.47,97.89,69.18,Hold,Strong bullish trend across multiple timeframes Bullish MACD crossover Strong volume supporting price action,0.0,0.0,0.0,18802.0,0.0,0.051,0.056,272.073,0.50698,0.20327999,0.16886,0.0,0.0,3.322,0.0,0.0,0.0,0.0,58.151608,52.22682,12.733404,43.762,9.752,1.78,6290557370368.0,6234529333248.0,0.056,0.0,0.0,9.840066,0.37,210.258,0.0,0.0,2349590016.0,0.62264,0.18856001,2676.699951171875,-0.5905127351891304,0.2584426630293457,,,2980.78297188193,2113.771256648273,2562.0900146484373,2457.612353515625,2392.108681640625,2357.780428466797,2610.1900576124044,2552.1772652831955,66.60388383989574,58.01279232920888,46.98618474622874,11.02660758298014,81.76674856885809,79.2697186437709,0.11093527140611181,[],[],1878152.45,1356926.0,Increasing,Strong Uptrend,97.89,Strong bullish trend across multiple timeframes Bullish MACD crossover Strong volume supporting price action
BAJFINANCE,74.5,63.86,69.18,Buy,Bullish MACD crossover Declining volume suggests weakening trend High volatility detected,0.0,0.0,0.0,64092.0,0.0,0.201,0.197,62.608,0.92751,0.60695,0.44939,0.20079,0.0,294.158,0.0,0.0,0.0,0.0,31.221468,21.630518,5.620795,0.0,21.318,0.5,5440186351616.0,8266192519168.0,0.201,0.0,0.0,14.029929,0.476,155.752,0.0,0.0,6212389888.0,0.54904,0.25697002,875.0499877929688,-0.13694861135877812,-1.4361342842204694,,,978.7999877929688,642.0160368509909,882.0749969482422,909.47,907.7399792480469,834.443928527832,885.9519298416461,892.6526066497721,49.43018574444934,-6.700676808125991,-8.398146819788707,1.6974700116627162,49.58713813032924,58.748100601184326,0.06416788757089448,[],[],6217896.6,2240866.0,Decreasing,Sideways,63.86,Bullish MACD crossover Declining volume suggests weakening trend High volatility detected
TCS,75.07,61.7,68.38,Buy,Strong bearish trend across multiple timeframes Bullish MACD crossover Strong volume supporting price action,0.0,0.0,0.0,607979.0,0.0,0.013,0.06,707.965,0.38586,0.24457,0.19236,0.51589,0.24604,9.714,2.262,2.019,504099995648.0,341783740416.0,22.855673,20.107319,11.493165,16.9,4.339,1.93,11252983136256.0,11115095392256.0,0.06,0.0,0.0,4.3931565,0.333,270.613,0.0,154.68,3618089984.0,0.71785,0.17177999,3109.5,-1.510830859926049,0.351768605183822,,,4514.5980132595905,2991.60009765625,3058.6,3207.4741064453124,3301.992502441406,3629.677855224609,3088.4347230229146,3109.4586743681302,60.972119571817686,-21.023951345215664,-43.3351657068514,22.311214361635734,85.3999450433214,78.68955160219086,0.054816482267441416,[],[],2752728.25,836159.0,Increasing,Downtrend,61.7,Strong bearish trend across multiple timeframes Bullish MACD crossover Strong volume supporting price action
FORTIS,52.39,84.35,68.37,Hold,Strong bullish trend across multiple timeframes Bearish MACD crossover Declining volume suggests weakening trend,0.0,0.0,0.0,12237.0,0.0,0.166,0.568,107.208,0.58652,0.17962,0.10731,0.0,0.0,26.993,0.0,0.0,0.0,0.0,78.85182,71.03435,7.7045197,43.348,8.819,0.11,686974042112.0,713764438016.0,0.568,0.0,0.0,8.4875145,0.61,118.106,0.0,12.81,754958016.0,0.04072,0.81292,910.0,-0.6550218340611313,-5.596764513079766,,,971.0,533.7687474012656,906.6500091552734,838.726123046875,767.0393823242188,710.7332110595703,919.8145772151328,892.3050405263837,63.713302214700484,27.509536688749108,32.86477889937501,-5.355242210625903,48.81285846889737,59.00215804443536,0.16536229245703848,[],[],2407751.95,590112.0,Decreasing,Strong Uptrend,84.35,Strong bullish trend across multiple timeframes Bearish MACD crossover Declining volume suggests weakening trend
LODHA,79.29,57.42,68.36,Buy,Strong bearish trend across multiple timeframes Bullish MACD crossover Declining volume suggests weakening trend,0.0,0.0,0.0,5359.0,0.0,0.227,0.416,146.301,0.40794998,0.26305,0.20323,0.15701,0.0,35.041,0.0,0.0,0.0,0.0,41.442047,29.75097,6.080981,28.829,8.641,0.34,1227594137600.0,1260095537152.0,0.42,0.0,0.0,8.418154,0.235,202.27,0.0,0.0,998044032.0,0.71880996,0.17666,1229.0,-0.6306636901830309,-5.14991975213036,,,1525.9700387101068,1031.7490822642453,1236.4619445800781,1330.646923828125,1337.056767578125,1286.8542352294921,1249.839188295701,1269.6721793563686,51.27627521928281,-19.83299106066761,-26.981285613366158,7.148294552698548,39.132663610143176,49.00551949819928,0.08326594555782943,[],[],1061019.25,233956.0,Decreasing,Strong Downtrend,57.42,Strong bearish trend across multiple timeframes Bullish MACD crossover Declining volume suggests weakening trend
EICHERMOT,50.94,85.59,68.27,Hold,Strong bullish trend across multiple timeframes RSI indicates overbought conditions Bullish MACD crossover,0.0,0.0,0.0,5178.0,0.0,0.078,0.094,707.054,0.43655,0.19928,0.24962,0.0,0.0,2.151,0.0,0.0,0.0,0.0,34.947704,30.09305,7.9147353,37.22,8.531,1.14,1686261202944.0,1653434482688.0,0.094,0.0,0.0,8.700095,0.127,776.779,0.0,0.0,274278016.0,0.5125,0.30326,6146.0,-0.08128759551292442,3.511578947368421,,,6269.5,4451.035622592079,5771.7419921875,5614.521669921875,5490.605595703125,5216.428576660156,5924.7688461391535,5773.6446472057305,86.4885496183206,151.12419893342303,112.77618535902414,38.34801357439889,88.22180218578603,87.8971033547915,0.14072841310778328,[],[],575391.9,257764.0,Increasing,Strong Uptrend,85.59,Strong bullish trend across multiple timeframes RSI indicates overbought conditions Bullish MACD crossover
PERSISTENT,80.6,54.67,67.63,Strong Buy,RSI indicates overbought conditions Bullish MACD crossover Declining volume suggests weakening trend,0.0,0.0,0.0,22205.0,0.0,0.218,0.368,813.528,0.2851,0.15533,0.121149994,0.24719,0.13418001,4.872,2.445,1.867,14251669504.0,10492280832.0,55.04573,96.950226,12.12495,39.487,6.563,0.65,832769687552.0,822639525888.0,0.387,0.0,0.0,6.6434846,0.376,441.775,0.0,55.25,155468992.0,0.32157,0.39236,5360.0,-0.30689110015809096,0.280636108512633,,,6748.287564402237,4137.794052749045,5237.275,5538.87029296875,5468.5030908203125,5665.880439453125,5322.578799501082,5343.642975566127,70.59210526315789,-21.064176065044194,-62.37263891464886,41.308462849604666,77.24550898203591,83.29487529665096,0.08257759257671174,[],[],414621.75,78356.0,Decreasing,Downtrend,54.67,RSI indicates overbought conditions Bullish MACD crossover Declining volume suggests weakening trend
EXIDEIND,49.77,84.81,67.29,Hold,Strong bullish trend across multiple timeframes Bullish MACD crossover Stochastic indicates overbought conditions,0.0,0.0,0.0,5133.0,0.0,0.058,0.239,205.803,0.32391998,0.08294,0.048460003,0.0,0.0,14.473,0.0,0.0,0.0,0.0,39.769077,23.771643,2.4198475,19.278,2.016,0.5,336769777664.0,352662585344.0,0.241,0.0,0.0,1.9247,0.557,163.688,0.0,0.0,850000000.0,0.50928,0.21481001,395.95001220703125,-0.21420756352971138,-0.08831077383739672,,,531.6134025583541,326.2896726147736,386.31749572753904,384.8054180908203,381.1771936035156,386.6772421264648,391.51660362358786,388.020514550537,64.4000244140625,3.4960890730508822,1.6098178008449318,1.8862712722059505,81.93808726198694,84.3146802721923,0.093770162137167,[],[],3600525.65,395434.0,Decreasing,Strong Uptrend,84.81,Strong bullish trend across multiple timeframes Bullish MACD crossover Stochastic indicates overbought conditions
RECLTD,80.3,54.09,67.19,Strong Buy,Strong bearish trend across multiple timeframes RSI indicates oversold conditions Bearish MACD crossover,0.0,0.0,0.0,0.0,0.0,0.048,0.291,82.008,0.98879,0.96138,0.78215,0.22323999,0.0,666.365,0.0,0.0,0.0,0.0,5.631834,5.3257017,1.2113504,0.0,27.752,2.86,949540880384.0,5992772796416.0,0.291,0.0,0.0,4.3972583,0.412,297.643,0.0,67.7,2633220096.0,0.52645,0.23879999,360.5,-0.8389459208854699,-5.343312531806676,,,608.1615491672904,347.9661069519371,381.3735290527344,386.7187707519531,394.7828875732422,423.44544219970703,375.45714265514414,381.19890937956416,23.38619819781961,-5.7417667244200175,-3.694082735393586,-2.0476839890264316,5.571463754519381,4.97082715648847,0.0911660903239152,[],[],4914782.6,2291373.0,Decreasing,Strong Downtrend,54.09,Strong bearish trend across multiple timeframes RSI indicates oversold conditions Bearish MACD crossover
LUPIN,67.69,66.37,67.03,Buy,Strong bearish trend across multiple timeframes Bearish MACD crossover Declining volume suggests weakening trend,0.0,0.0,0.0,24006.0,0.0,0.119,0.519,512.289,0.68307996,0.23226999,0.15825,0.0,0.0,31.5,0.0,0.0,0.0,0.0,23.48138,23.214285,5.0371146,16.735,3.868,0.62,866921021440.0,904192393216.0,0.521,0.0,0.0,3.7086086,0.302,376.803,0.0,81.76,456755008.0,0.47267,0.35876,1898.4000244140625,-1.3613193133237167,-2.159461081257441,,,2388.0473251603485,1784.1036108597868,1934.2700073242188,1930.7531103515626,1964.573983154297,2020.7101959228517,1941.5032206963947,1938.930183097183,56.355702362658306,2.5730375992116024,5.320541031261833,-2.7475034320502303,51.2143589060798,65.13180509568029,0.08785339047435521,[],[],1080560.7,106587.0,Decreasing,Strong Downtrend,66.37,Strong bearish trend across multiple timeframes Bearish MACD crossover Declining volume suggests weakening trend
RADICO,50.79,82.27,66.53,Hold,Strong bullish trend across multiple timeframes Bearish MACD crossover Stochastic indicates overbought conditions,0.0,0.0,0.0,1494.0,0.0,0.325,0.682,390.145,0.42313,0.13008,0.07676,0.0,0.0,27.252,0.0,0.0,0.0,0.0,95.879005,72.62531,13.939531,53.262,7.577,0.14,384027131904.0,395583062016.0,0.687,0.0,0.0,7.3559227,0.431,205.796,0.0,39.5,133868000.0,0.44969,0.31176,2869.39990234375,-1.2084729783525594,1.2669808485530343,,,2940.0,1802.386024463957,2844.035021972656,2740.5124951171874,2620.651853027344,2457.0608679199217,2864.532646761391,2820.2422633137903,54.30891092253276,44.29038344760056,45.605321294131656,-1.3149378465310946,84.43019405698229,89.3011200590824,0.07277815042984129,[],[],418716.5,24313.0,Decreasing,Strong Uptrend,82.27,Strong bullish trend across multiple timeframes Bearish MACD crossover Stochastic indicates overbought conditions
ICRA,62.79,69.84,66.31,Buy,Strong bullish trend across multiple timeframes Bullish MACD crossover Declining volume suggests weakening trend,0.0,0.0,0.0,1130.0,0.0,0.084,0.194,527.737,0.46613997,0.2864,0.34849998,0.0,0.0,1.242,0.0,0.0,0.0,0.0,34.22899,32.09077,5.748239,28.874,9.815,0.96,60542119936.0,49828147200.0,0.195,0.0,0.0,11.924919,0.094,1094.77,0.0,196.1,9620550.0,0.64111,0.21124001,6299.5,0.7355880706804152,-0.3716590226158445,,,7666.467387354439,4970.408959417513,6273.7,6538.761640625,6279.254716796875,6166.818811035157,6276.792282718559,6351.717902121816,51.03132161955691,-74.92561940325686,-96.58344986056488,21.657830457308023,57.97448165869216,53.28523601413534,0.09111862801383103,[],[],4849.35,939.0,Decreasing,Sideways,69.84,Strong bullish trend across multiple timeframes Bullish MACD crossover Declining volume suggests weakening trend
BAJAJ-AUTO,52.95,79.44,66.19,Hold,Strong bullish trend across multiple timeframes RSI indicates overbought conditions Bullish MACD crossover,0.0,0.0,0.0,5598.0,0.0,0.112,0.136,1907.211,0.32651,0.23341998,0.14264,0.0,0.0,26.301,0.0,0.0,0.0,0.0,32.059624,50.93739,6.921375,19.365,4.56,2.42,2434920611840.0,2427706671104.0,0.138,0.0,0.0,4.5738378,0.771,1260.082,0.0,171.22,279185984.0,0.58706003,0.1541,8722.0,0.3509175631363881,-1.195128858680261,,,12458.258373030149,6914.118957712413,8390.925,8344.18384765625,8204.585639648438,8315.720190429687,8584.213296731412,8451.669156941001,72.75010464629551,132.54413979041055,88.09066976891165,44.4534700214989,85.09204470742934,84.08393600701294,0.1309336056063007,[],[],415096.55,127336.0,Increasing,Strong Uptrend,79.44,Strong bullish trend across multiple timeframes RSI indicates overbought conditions Bullish MACD crossover
SCHAEFFLER,68.68,63.6,66.14,Buy,Bullish MACD crossover Declining volume suggests weakening trend High volatility detected,0.0,0.0,0.0,2922.0,0.0,0.117,0.172,561.588,0.37543,0.14852001,0.11532,0.19657,0.111820005,1.012,2.552,1.597,12865599488.0,4481287680.0,60.761017,45.115463,11.278079,38.729,6.853,0.71,613993349120.0,601624150016.0,0.17,0.0,0.0,6.993561,-0.103,348.304,0.0,0.0,156304000.0,0.74299,0.17860001,3930.300048828125,-0.2968024143042869,-0.7123898237179516,,,4374.89990234375,2799.3069877094117,3980.425012207031,4036.2360107421873,3881.3288623046874,3604.026243896484,3956.6967943712716,3993.654449105736,37.37727694129068,-36.95765473446454,-38.6410405887403,1.6833858542757625,34.70422156565447,34.36016533332316,0.09009484625813964,[],[],48282.4,4541.0,Decreasing,Sideways,63.6,Bullish MACD crossover Declining volume suggests weakening trend High volatility detected
JBCHEPHARM,55.37,76.84,66.11,Hold,Bearish MACD crossover Strong volume supporting price action High volatility detected,0.0,0.0,0.0,5304.0,0.0,0.089,0.142,257.717,0.66019,0.236,0.17096001,0.0,0.0,0.812,0.0,0.0,0.0,0.0,39.5365,28.166475,7.735523,25.196,6.572,0.9,266913939456.0,263387103232.0,0.144,0.0,0.0,6.660313,-0.108,220.541,0.0,0.0,156456000.0,0.48055,0.28521,1705.9000244140625,-0.762069551247091,-1.2789337723343452,,,1974.3886879606102,1380.3686984924757,1720.2650085449218,1698.3117797851562,1662.33724609375,1688.6307012939453,1721.5535587852137,1712.2767619320637,65.42558760722781,9.276796853150017,10.285790256871055,-1.0089934037210373,67.13127089886103,76.33461789712737,0.0664859614058679,[],[],176834.95,51462.0,Increasing,Uptrend,76.84,Bearish MACD crossover Strong volume supporting price action High volatility detected
ICICIBANK,70.86,61.27,66.06,Buy,Strong bullish trend across multiple timeframes Bearish MACD crossover Declining volume suggests weakening trend,0.0,0.0,0.0,182665.0,0.0,0.108,0.146,290.557,0.0,0.39253,0.2574,0.17884001,0.02229,0.0,0.0,0.0,0.0,0.0,19.13901,37.08751,3.0465546,0.0,5.086,0.78,10047890391040.0,10451122388992.0,0.159,0.0,0.0,4.8898506,0.495,461.866,0.0,37.94,7140850176.0,0.0223,0.54981,1407.699951171875,-0.6282665937772047,-1.6007287015843308,,,1488.5144734435703,1176.9188152937772,1435.5299072265625,1432.3902099609375,1418.6127014160156,1340.3754754638671,1428.7744993389774,1433.146731065512,35.88842299095383,-4.372231726534665,-1.6151090613659695,-2.757122665168695,28.805751026016356,40.32475294820678,0.04766613037568822,[],[],7434703.95,4255463.0,Decreasing,Uptrend,61.27,Strong bullish trend across multiple timeframes Bearish MACD crossover Declining volume suggests weakening trend
AUBANK,67.51,64.0,65.75,Buy,Bullish MACD crossover Declining volume suggests weakening trend High volatility detected,0.0,0.0,0.0,50946.0,0.0,0.081,0.154,119.869,0.0,0.33545,0.24486,0.14696,0.0,0.0,0.0,0.0,0.0,0.0,25.189484,34.78548,3.1999652,0.0,7.379,0.13,549987811328.0,658193448960.0,0.156,0.0,0.0,6.16562,0.324,230.565,0.0,21.21,745193024.0,0.35207,0.44062,737.9500122070312,-0.9795354301199266,-2.79259850164586,,,839.964104316448,488.84713286028926,744.7549987792969,773.5280676269531,725.9407434082032,645.801319732666,746.5504391401964,751.1124711228132,51.3317191283293,-4.562031982616759,-5.710968386057702,1.1489364034409428,28.729758692630288,30.882353323774822,0.049948041590096526,[],[],2412430.3,500012.0,Decreasing,Sideways,64.0,Bullish MACD crossover Declining volume suggests weakening trend High volatility detected
JSWSTEEL,51.71,79.22,65.47,Hold,Strong bullish trend across multiple timeframes Bearish MACD crossover Declining volume suggests weakening trend,0.0,0.0,0.0,15793.0,0.0,0.005,1.588,692.771,0.41368,0.11679,0.02865,0.0,0.0,122.497,0.0,0.0,0.0,0.0,52.577057,15.887859,3.1942751,13.553,2.007,0.27,2539392073728.0,3392685998080.0,1.585,0.0,0.0,1.50235,0.645,325.739,0.0,0.0,2439620096.0,0.64299005,0.17518999,1042.699951171875,-0.42021053544579745,-3.6855741099077077,,,1089.199951171875,877.6366579738332,1054.9900024414062,1038.8239575195312,1018.1674102783203,990.5160342407227,1055.8632139549084,1050.576919154291,46.60260712128334,5.28629480061727,7.9366920438668895,-2.6503972432496195,21.598742126531533,35.503585219553116,0.052648720046324364,[],[],1721662.7,180744.0,Decreasing,Uptrend,79.22,Strong bullish trend across multiple timeframes Bearish MACD crossover Declining volume suggests weakening trend
DIXON,41.75,89.07,65.41,Hold,Strong bullish trend across multiple timeframes Bearish MACD crossover Strong volume supporting price action,0.0,0.0,0.0,0.0,0.0,0.951,0.993,8837.697,0.07592,0.03036,0.02631,0.0,0.0,19.34,0.0,0.0,0.0,0.0,74.17563,90.30949,28.6438,46.812,1.808,0.03,1009433313280.0,815594799104.0,0.683,0.0,0.0,2.2374196,0.06,582.709,0.0,184.82,60477700.0,0.41761002,0.3198,16712.0,0.26397888168947503,-0.9717942640436128,,,19148.900390625,12017.703008681334,16597.85,15912.52,15589.417001953125,15577.632016601563,16666.53590593429,16463.588901744322,52.94640213206989,202.94700418996945,211.89291936670867,-8.94591517673922,71.2121212121212,76.3731064118859,0.09279328963775274,[],[],265079.5,80936.0,Increasing,Strong Uptrend,89.07,Strong bullish trend across multiple timeframes Bearish MACD crossover Strong volume supporting price action
SUNDARMFIN,52.71,78.08,65.39,Hold,Strong bearish trend across multiple timeframes Bullish MACD crossover Strong volume supporting price action,0.0,0.0,0.0,5132.0,0.0,0.11,0.093,369.55,0.88435996,0.57161,0.47134998,0.0,0.0,398.31,0.0,0.0,0.0,0.0,26.954876,72.053406,3.9527123,0.0,25.618,0.72,517450039296.0,1043422838784.0,0.093,0.0,0.0,12.704458,0.314,1187.792,0.0,65.16,110213000.0,0.0,0.13124,4695.5,-3.759042120451117,-8.400150005910511,,,5496.850006500418,3897.398034972494,4731.815014648438,4906.067470703125,4975.66224609375,4702.732456054688,4866.26332067025,4851.315166998102,55.92204886049277,14.948153672148692,-16.334197899418132,31.282351571566824,47.03920567094766,67.46898680010504,0.217394029349661,[],[],114126.4,35194.0,Increasing,Strong Downtrend,78.08,Strong bearish trend across multiple timeframes Bullish MACD crossover Strong volume supporting price action
JKCEMENT,52.22,78.3,65.26,Hold,Strong bullish trend across multiple timeframes Bearish MACD crossover Declining volume suggests weakening trend,0.0,0.0,0.0,4097.0,0.0,0.122,0.751,1626.523,0.63619,0.17502001,0.080249995,0.0,0.0,99.562,0.0,0.0,0.0,0.0,51.52707,96.19871,8.478093,25.879,4.625,0.22,516228841472.0,572890742784.0,0.811,0.0,0.0,4.1678047,0.469,788.031,0.0,69.45,77268200.0,0.54049,0.35966,6677.0,-3.6994303021562036,-11.43387717203873,,,7565.5,3882.1045251946025,6963.575,6543.39630859375,5913.837705078125,5230.848802490234,6971.189486295027,6847.663250365664,43.41554211261052,123.52623592936288,188.53254433430305,-65.00630840494017,24.916534879634515,31.196598346097403,0.14494773839891056,[],[],112530.3,40000.0,Decreasing,Uptrend,78.3,Strong bullish trend across multiple timeframes Bearish MACD crossover Declining volume suggests weakening trend
JINDALSTEL,47.15,83.05,65.1,Hold,Strong bullish trend across multiple timeframes Bearish MACD crossover Strong volume supporting price action,0.0,0.0,0.0,5918.0,0.0,-0.097,0.107,478.457,0.53977,0.18577999,0.06123,0.0,0.0,39.445,0.0,0.0,0.0,0.0,33.17933,47.688145,2.0959578,13.604,2.332,0.2,986456522752.0,1129561849856.0,0.115,0.0,0.0,2.0363827,0.784,462.557,0.0,20.33,1017489984.0,0.63473,0.18304001,969.2999877929688,-0.8033604282823292,-4.430708670988992,,,1071.5741215614773,721.9178059348707,986.3590454101562,961.6984899902344,936.3585980224609,916.1525994873047,988.2201809925167,981.6082988996582,45.74272200131128,6.6118820928585365,10.01309851034483,-3.401216417486294,27.926103122827925,48.78836886466207,0.06967448400200901,[],[],1915296.0,157530.0,Increasing,Uptrend,83.05,Strong bullish trend across multiple timeframes Bearish MACD crossover Strong volume supporting price action
TORNTPHARM,50.14,79.16,64.65,Hold,Strong bullish trend across multiple timeframes Bearish MACD crossover Declining volume suggests weakening trend,0.0,0.0,0.0,17059.0,0.0,0.112,0.198,349.635,0.75869006,0.26149,0.16917999,0.0,0.0,42.81,0.0,0.0,0.0,0.0,60.656292,40.108475,15.988871,32.788,10.525,0.89,1213663805440.0,1245644587008.0,0.199,0.0,0.0,10.254792,0.13,224.281,0.0,0.0,338444992.0,0.70589995,0.14604999,3585.0,-0.5492689902332204,-2.1507737261297732,,,3787.89990234375,2880.976428322467,3634.6250122070314,3487.1976025390627,3354.8739916992185,3275.0403344726565,3629.5561416580376,3593.8130435897438,58.507940189363964,35.743098068293875,49.45816345400648,-13.715065385712606,62.55165295266954,74.27230691655825,0.05868738034110223,[],[],302946.05,45760.0,Decreasing,Uptrend,79.16,Strong bullish trend across multiple timeframes Bearish MACD crossover Declining volume suggests weakening trend
ADANIPORTS,64.8,63.73,64.27,Buy,Bullish MACD crossover Declining volume suggests weakening trend High volatility detected,0.0,0.0,0.0,3118.0,0.0,0.312,0.065,151.115,0.66256,0.46465,0.34596002,0.0,0.0,79.193,0.0,0.0,0.0,0.0,25.358099,39.622982,4.5937214,17.3,10.177,0.53,2860669206528.0,3322307411968.0,0.065,0.0,0.0,8.762922,0.443,288.263,0.0,33.42,2160140032.0,0.65911,0.22169,1323.9000244140625,0.6461912606232634,-3.407263388568982,,,1492.2399519265955,990.8294504575306,1346.9200012207032,1390.117998046875,1357.3371325683593,1259.7684106445313,1340.9569042640992,1358.547885581132,40.59233912600578,-17.590981317032856,-17.9197434772654,0.328762160232543,37.40280006787629,44.04856854121939,0.07656202407051206,[],[],2097629.35,500313.0,Decreasing,Sideways,63.73,Bullish MACD crossover Declining volume suggests weakening trend High volatility detected
PFC,67.89,60.45,64.17,Buy,Strong bearish trend across multiple timeframes RSI indicates oversold conditions Bearish MACD crossover,0.0,0.0,0.0,540.0,0.0,0.464,0.239,144.106,0.99402,0.93619,0.51127,0.0,0.0,627.973,0.0,0.0,0.0,0.0,5.2572284,7.0430984,1.0855672,0.0,23.431,3.81,1278295146496.0,11142873219072.0,0.239,0.0,0.0,2.6879568,0.746,356.772,0.0,54.99,3300100096.0,0.55999,0.23332001,387.3999938964844,-0.2959706428036557,-3.9662866242149097,,,544.4426577460509,345.9338984023247,405.2258590698242,410.03993225097656,408.36396270751953,414.0578517150879,400.50107087542733,405.22626214601206,29.234304994972746,-4.72519127058473,-2.526132062232326,-2.1990592083524043,11.198636932572846,13.121296104471734,0.08013922358296445,[],[],5462735.55,1482232.0,Decreasing,Strong Downtrend,60.45,Strong bearish trend across multiple timeframes RSI indicates oversold conditions Bearish MACD crossover
ALKEM,59.01,68.62,63.81,Hold,RSI indicates overbought conditions Bullish MACD crossover Stochastic indicates overbought conditions,0.0,0.0,0.0,18785.0,0.0,0.112,0.218,1112.676,0.62261003,0.19322,0.17172001,0.0,0.0,11.106,0.0,0.0,0.0,0.0,28.187057,25.143726,5.3667645,24.079,4.702,0.3,643199926272.0,625530699776.0,0.218,0.0,0.0,4.834694,0.342,1002.373,0.0,213.95,119565000.0,0.67245,0.21957001,5379.5,-0.7838436001475491,-0.25032449471537044,,,6378.9212703408975,4484.274290497364,5161.444555664062,4995.6708984375,5012.686137695313,5075.8964453125,5312.27658462708,5181.492614902072,78.4572655022149,130.78396972500832,107.55650633193957,23.227463393068746,90.09678145397254,91.56195512011833,0.18774720220956057,[],[],197961.85,17726.0,Decreasing,Strong Uptrend,68.62,RSI indicates overbought conditions Bullish MACD crossover Stochastic indicates overbought conditions
MAXHEALTH,57.1,70.48,63.79,Hold,RSI indicates oversold conditions Bearish MACD crossover Stochastic indicates oversold conditions,0.0,0.0,0.0,15114.0,0.0,0.314,0.302,77.308,0.62231,0.20653999,0.15274,0.0,0.0,32.09,0.0,0.0,0.0,0.0,99.06143,49.714535,12.031462,59.781,15.625,0.13,1128755494912.0,1173920022528.0,0.303,0.0,0.0,15.023872,0.333,96.497,0.0,0.0,972227008.0,0.23737,0.51443,1161.5,-1.8506019910643379,-5.230089495986845,,,1314.300048828125,849.220068001569,1239.6299987792968,1245.3811206054688,1192.8091577148436,1132.5828448486327,1219.5983208329812,1233.1890569728146,27.467117068506425,-13.590736139833325,-4.696778226859966,-8.89395791297336,9.316870319527824,19.78495742177224,0.10191621499534297,[],[],1939811.85,1820907.0,Increasing,Sideways,70.48,RSI indicates oversold conditions Bearish MACD crossover Stochastic indicates oversold conditions
APOLLOHOSP,46.03,81.43,63.73,Hold,Strong bullish trend across multiple timeframes RSI indicates overbought conditions Bullish MACD crossover,0.0,0.0,0.0,42497.0,0.0,0.149,0.418,1568.274,0.33824003,0.109069996,0.06978,0.0,0.0,90.886,0.0,0.0,0.0,0.0,71.46916,95.56373,13.653084,40.225,5.248,0.26,1121235369984.0,1183530745856.0,0.418,0.0,0.0,4.972109,0.161,571.153,0.0,81.6,143784992.0,0.29705,0.47821,7798.5,0.06415602745877269,-1.0719269313713031,,,7980.0,5993.328624607504,7557.446484375,7398.857578125,7168.481977539062,6977.878269042969,7731.834982256354,7579.764474768076,77.14063135076549,152.07050748827805,127.40669090859524,24.663816579682816,82.89405858262,87.63550014652695,0.15730315840918957,[],[],508505.85,92968.0,Decreasing,Strong Uptrend,81.43,Strong bullish trend across multiple timeframes RSI indicates overbought conditions Bullish MACD crossover
UNIONBANK,72.84,54.52,63.68,Buy,Bearish MACD crossover Declining volume suggests weakening trend High volatility detected,0.0,0.0,0.0,73945.0,0.0,0.086,0.216,68.709,0.0,0.42334,0.35869,0.16747,0.01293,0.0,0.0,0.0,0.0,0.0,5.219473,7.3688436,0.8077143,0.0,0.516,3.66,982140321792.0,270612971520.0,0.216,0.0,0.0,1.8725661,1.058,159.289,0.0,17.46,7633610240.0,0.74757004,0.13583,128.69000244140625,-0.7557613490996151,-6.003944927932292,,,153.45177265505194,97.50691716335714,132.7529987335205,137.90641677856445,134.08727088928222,123.6285530090332,133.20317476712518,134.55695901955661,44.17208306458076,-1.3537842524314385,-1.1340006827122133,-0.2197835697192252,25.39610416481699,45.82755449771991,0.09834667992079751,[],[],9187691.8,2288462.0,Decreasing,Sideways,54.52,Bearish MACD crossover Declining volume suggests weakening trend High volatility detected
UPL,33.09,94.1,63.59,Sell,Strong bullish trend across multiple timeframes Bullish MACD crossover Declining volume suggests weakening trend,0.0,0.0,0.0,12000.0,0.0,0.016,0.0,650.52,0.48235,0.062069997,0.0255,0.0,0.0,66.354,0.0,0.0,0.0,0.0,53.60207,15.110509,2.0948236,12.308,1.752,0.83,593005314048.0,819669958656.0,0.0,0.0,0.0,1.2674845,0.649,345.948,0.0,47.96,750608000.0,0.37993,0.39815,724.0,0.12446749335501828,1.478728377946581,,,741.0,488.52936345326924,704.2625061035156,685.1614343261718,664.068208618164,618.3661865234375,711.4482687291494,702.8681282859417,62.63513296167903,8.58014044320771,7.054268042560331,1.5258724006473798,71.83767846841998,72.98604571618966,0.09034090352886154,[],[],2797619.05,1709845.0,Decreasing,Strong Uptrend,94.1,Strong bullish trend across multiple timeframes Bullish MACD crossover Declining volume suggests weakening trend
MARUTI,42.59,84.5,63.55,Hold,Strong bullish trend across multiple timeframes RSI indicates overbought conditions Bullish MACD crossover,0.0,0.0,0.0,19966.0,0.0,0.079,0.009,4953.499,0.295,0.07943,0.09332,0.0,0.0,0.09,0.0,0.0,0.0,0.0,31.730228,28.092365,4.7891374,23.218,2.914,0.92,4609147928576.0,4538211237888.0,0.009,0.0,0.0,2.9595375,0.189,3061.094,0.0,521.85,314403008.0,0.58294,0.29975,14653.0,-0.41457115672148825,3.037761057590882,,,14895.0,10610.16228851044,13304.99462890625,12782.68791015625,12438.92068359375,12013.360439453125,13973.107876927643,13394.21702915143,94.26195426195426,578.8908477762125,414.1009529289589,164.78989484725355,94.77347303847392,96.32009235723622,0.2502696167969383,[],[],477540.85,222202.0,Increasing,Strong Uptrend,84.5,Strong bullish trend across multiple timeframes RSI indicates overbought conditions Bullish MACD crossover
POLICYBZR,39.56,87.48,63.52,Sell,Strong bullish trend across multiple timeframes Bullish MACD crossover Declining volume suggests weakening trend,0.0,0.0,0.0,0.0,0.0,0.334,0.389,116.459,0.61182,0.00068000006,0.07101,0.0,0.0,5.005,0.0,0.0,0.0,0.0,225.51427,70.87299,12.942063,454.761,15.329,0.0,833457750016.0,814704754688.0,0.406,0.0,0.0,15.682093,0.485,140.619,0.0,0.0,457968992.0,0.26948,0.47608003,1820.699951171875,-0.7846997223933116,-5.260698048056501,,,2246.89990234375,1311.3499755859375,1833.7849975585937,1829.7300048828124,1769.297001953125,1762.2055004882814,1858.242860812641,1841.1501859594057,60.53411477623771,17.092674853235394,16.46509728699328,0.6275775662421132,59.3333257630814,72.44960735626616,0.1271046892246396,[],[],1045083.55,233937.0,Decreasing,Uptrend,87.48,Strong bullish trend across multiple timeframes Bullish MACD crossover Declining volume suggests weakening trend
AMBUJACEM,62.78,63.86,63.32,Buy,Strong bullish trend across multiple timeframes Bearish MACD crossover Stochastic indicates oversold conditions,0.0,0.0,0.0,3883.0,0.0,0.238,0.208,149.964,0.57084,0.10686,0.11682,0.0,0.0,1.236,0.0,0.0,0.0,0.0,32.298916,28.560938,2.6095412,23.134,3.91,0.35,1399544479744.0,1444297703424.0,0.219,0.0,0.0,3.7885182,-0.137,216.973,0.0,0.0,2471820032.0,0.69111,0.19015,565.2999877929688,-1.309357569803371,-4.494008366940994,,,640.9536499131659,451.39758011621313,589.1475006103516,586.9360009765625,568.4923944091797,545.4749215698242,582.1376407424784,586.9828566776795,35.287044398741045,-4.845215935201054,-1.8179087505192926,-3.0273071846817614,13.978163985604738,18.049448917779362,0.08874861363535734,[],[],2014968.75,408757.0,Decreasing,Uptrend,63.86,Strong bullish trend across multiple timeframes Bearish MACD crossover Stochastic indicates oversold conditions
MARICO,43.3,83.01,63.16,Hold,Strong bullish trend across multiple timeframes Bearish MACD crossover Strong volume supporting price action,0.0,0.0,0.0,1908.0,0.0,0.233,0.084,88.44,0.48013002,0.18716998,0.1458,0.0,0.0,12.986,0.0,0.0,0.0,0.0,55.55642,50.4523,23.238934,43.392,7.999,1.46,927241928704.0,915687407616.0,0.086,0.0,0.0,8.100305,0.157,30.72,0.0,14.15,1296310016.0,0.58951,0.26372,713.4000244140625,-0.6060572045889945,-5.114045676720269,,,759.0,570.8477879292012,717.1283325195312,712.0859240722656,706.1330035400391,666.6527206420899,721.2311265270571,717.1627176006524,49.43515539845815,4.068408926404686,4.216264937298873,-0.14785601089418687,35.50158056849444,45.341359532323075,0.07426798916987461,[],[],2115666.65,304986.0,Increasing,Uptrend,83.01,Strong bullish trend across multiple timeframes Bearish MACD crossover Strong volume supporting price action
ENDURANCE,41.69,83.87,62.78,Hold,Strong bullish trend across multiple timeframes RSI indicates overbought conditions Bullish MACD crossover,0.0,0.0,0.0,4370.0,0.0,0.175,0.11,856.976,0.43036,0.0842,0.07125,0.0,0.0,16.505,0.0,0.0,0.0,0.0,46.984802,81.67613,7.0732317,24.407,3.204,0.36,404406140928.0,386209447936.0,0.11,0.0,0.0,3.3548982,0.757,406.462,0.0,35.2,140663008.0,0.75001,0.19481,2868.800048828125,2.2016404997550865,0.38842768120908033,,,3018.1255941643917,1668.4357694573519,2664.5989990234375,2649.18015625,2400.8297595214844,2242.4635876464845,2765.7567685416893,2694.0726521699175,78.68797770400595,71.68411637177178,47.16290304105262,24.521213330719156,77.99110277762458,78.06452881920471,0.21323414061999665,[],[],185964.55,48389.0,Decreasing,Strong Uptrend,83.87,Strong bullish trend across multiple timeframes RSI indicates overbought conditions Bullish MACD crossover
MANAPPURAM,37.43,87.78,62.61,Sell,Strong bullish trend across multiple timeframes Bullish MACD crossover Declining volume suggests weakening trend,0.0,0.0,0.0,24650.0,0.0,-0.413,-0.761,46.589,0.96980006,0.12251,0.20056,0.0,0.0,289.801,0.0,0.0,0.0,0.0,28.639275,9.7111,1.827039,0.0,13.864,0.75,227183247360.0,552930639872.0,-0.751,0.0,0.0,5.696247,0.688,146.877,0.0,0.0,846435008.0,0.35435,0.23771,268.3500061035156,0.5432792207532344,0.8455467675279715,,,284.3433253123895,136.23152224037554,261.09425354003906,265.85768615722657,250.84836837768555,219.33995246887207,265.23984067543415,263.79915714134563,66.42094498302508,1.440683534088521,0.3986653845465065,1.0420181495420144,73.08946689272723,76.78394320351141,0.09713726736586478,[],[],4326094.95,881451.0,Decreasing,Strong Uptrend,87.78,Strong bullish trend across multiple timeframes Bullish MACD crossover Declining volume suggests weakening trend
RELIANCE,60.46,64.0,62.23,Buy,Bullish MACD crossover Declining volume suggests weakening trend High volatility detected,0.0,0.0,0.0,403303.0,0.0,0.051,0.784,721.63,0.35601002,0.11929,0.083459996,0.0,0.0,36.605,0.0,0.0,0.0,0.0,22.924967,19.220598,2.2165227,12.761,2.237,0.4,18688382074880.0,21846743318528.0,0.783,0.0,0.0,1.9137324,0.218,623.048,0.0,71.85,13532499968.0,0.49662998,0.28591,1380.5999755859375,-0.3104952525323501,-2.292995358390837,,,1544.8301010282516,1110.415052053189,1391.8125244140624,1437.0291650390625,1402.91814453125,1325.2499597167969,1396.7655957175516,1405.0158187069985,48.04928997802389,-8.250222989446911,-11.13235099202149,2.8821280025745786,48.4988753333457,62.6733475416877,0.05020138628671602,[],[],9256895.15,3622016.0,Decreasing,Sideways,64.0,Bullish MACD crossover Declining volume suggests weakening trend High volatility detected
GODREJIND,40.89,83.5,62.2,Hold,Strong bullish trend across multiple timeframes RSI indicates overbought conditions Bullish MACD crossover,0.0,0.0,0.0,1148.0,0.0,0.087,0.084,636.73,0.40623,0.26969,0.04701,0.0,0.0,178.419,0.0,0.0,0.0,0.0,42.278946,0.0,4.2032943,21.846,3.752,0.0,426763091968.0,804431069184.0,0.083,0.0,0.0,1.9902396,0.385,301.454,0.0,0.0,336803008.0,0.85533,0.06367,1269.9000244140625,-0.007872093380900669,-1.420581233617113,,,1390.0,766.0,1189.8649963378907,1186.5739965820312,1175.73599609375,1104.50349609375,1241.234202854808,1205.6774307616852,75.31620606065711,35.556772093122845,22.458656802207635,13.09811529091521,79.88108986824453,82.18257451579535,0.250174192729236,[],[],211482.75,16843.0,Decreasing,Strong Uptrend,83.5,Strong bullish trend across multiple timeframes RSI indicates overbought conditions Bullish MACD crossover
COFORGE,54.78,69.52,62.15,Hold,Strong bullish trend across multiple timeframes Bullish MACD crossover Declining volume suggests weakening trend,0.0,0.0,0.0,0.0,0.0,0.536,1.257,400.172,0.39745998,0.11327,0.07445,0.0,0.0,12.851,0.0,0.0,0.0,0.0,62.385914,8.320713,9.109416,30.298,4.505,0.92,580823089152.0,602863173632.0,1.383,0.0,0.0,4.340266,0.286,190.594,0.0,208.66,334536992.0,0.00866,0.71910006,1733.0999755859375,-0.3564694456465345,1.4457943583995547,,,1991.5370302454685,1188.3612036691786,1691.7149963378906,1790.7011059570314,1682.3849658203126,1679.7019970703125,1712.0602502538177,1723.0255662692032,63.01481434557154,-10.965316015385497,-27.07227399222601,16.106957976840512,75.59411955335541,82.83295382193103,0.12343575703403306,[],[],1778289.45,242131.0,Decreasing,Sideways,69.52,Strong bullish trend across multiple timeframes Bullish MACD crossover Declining volume suggests weakening trend
HDFCBANK,55.76,68.28,62.02,Hold,Strong bullish trend across multiple timeframes Bearish MACD crossover Stochastic indicates oversold conditions,0.0,0.0,0.0,214521.0,0.0,0.011,-0.022,179.023,0.0,0.29772,0.25794,0.13925,0.01733,0.0,0.0,0.0,0.0,0.0,22.09563,10.022831,2.7259922,0.0,7.194,1.13,14828893634560.0,19684218896384.0,-0.013,0.0,0.0,5.419797,0.623,354.293,0.0,96.36,15346199552.0,0.00302,1.12265,966.0,-0.7602243916643547,-2.8266750101643368,,,1018.8499755859375,788.9482884200414,992.4724975585938,991.25666015625,963.2807427978515,907.2414251708984,985.431264449112,989.6060301321351,35.99576890905078,-4.174765683023111,-0.6256518909253798,-3.549113792097731,13.663211104201972,15.090960799292247,0.04700775030510365,[],[],14869369.15,8335042.0,Increasing,Uptrend,68.28,Strong bullish trend across multiple timeframes Bearish MACD crossover Stochastic indicates oversold conditions
EMAMILTD,47.36,76.23,61.8,Hold,Bearish MACD crossover Strong volume supporting price action High volatility detected,0.0,0.0,0.0,3217.0,0.0,-0.002,0.074,87.205,0.69066,0.18772,0.21488,0.0,0.0,3.333,0.0,0.0,0.0,0.0,30.77683,25.374153,9.325407,24.131,6.378,1.75,251620425728.0,242831343616.0,0.076,0.0,0.0,6.6090508,0.325,61.815,0.0,0.0,436500000.0,0.57467,0.28678,576.0999755859375,0.5848931621017073,-8.05203306838168,,,846.2894400385488,506.02915795916346,594.1349975585938,582.6270007324218,593.9463702392578,588.5185430908203,591.6633279312102,590.2909167579108,41.710296684118674,1.3724111732993833,3.6387112381160134,-2.26630006481663,27.89344032033252,42.07917091930796,0.12671627341730482,[],[],1112718.9,102311.0,Increasing,Strong Downtrend,76.23,Bearish MACD crossover Strong volume supporting price action High volatility detected
NAUKRI,65.9,57.37,61.64,Buy,Strong bearish trend across multiple timeframes Bullish MACD crossover Declining volume suggests weakening trend,0.0,0.0,0.0,6174.0,0.0,0.169,0.27,45.785,0.53838,0.29536,0.3459,0.0,0.0,0.726,0.0,0.0,0.0,0.0,88.02155,14.861884,2.5738108,90.449,29.78,0.52,898573991936.0,882577637376.0,0.271,0.0,0.0,30.319258,0.69,539.317,0.0,93.4,647340992.0,0.46223998,0.37234002,1387.199951171875,-0.6090134196009012,-0.5947723990057274,,,1821.2694678741534,1154.1416390412078,1366.4949951171875,1412.7317016601562,1416.312586669922,1480.5858807373047,1381.755261578475,1385.1874277446425,61.87681198006604,-3.4321661661674625,-11.298107583470516,7.865941417303054,72.4839176964066,72.77147535981833,0.08755878281419742,[],[],1984360.9,185416.0,Decreasing,Downtrend,57.37,Strong bearish trend across multiple timeframes Bullish MACD crossover Declining volume suggests weakening trend
DIVISLAB,59.87,63.16,61.52,Hold,Bullish MACD crossover Declining volume suggests weakening trend High volatility detected,0.0,0.0,0.0,10542.0,0.0,0.138,0.265,363.395,0.6034,0.25601998,0.23891,0.0,0.0,0.027,0.0,0.0,0.0,0.0,70.84343,109.05862,10.889016,52.468,16.661,0.48,1629979672576.0,1608153300992.0,0.267,0.0,0.0,16.88748,0.265,563.871,0.0,56.3,265468992.0,0.52097,0.28802,6139.0,-0.8319198772312464,2.2314737718567956,,,7039.446635250951,4836.925954880064,6193.875,6498.3419140625,6343.317578125,6086.2042236328125,6158.486159868633,6266.878161592988,50.26353617632966,-108.3920017243554,-131.36912046946082,22.97711874510543,58.73758937100845,51.06338176474111,0.13445924457878974,[],[],462644.9,92777.0,Decreasing,Sideways,63.16,Bullish MACD crossover Declining volume suggests weakening trend High volatility detected
SJVN,46.66,76.1,61.38,Hold,Strong bearish trend across multiple timeframes Bullish MACD crossover Stochastic indicates overbought conditions,0.0,0.0,0.0,0.0,0.0,0.054,-0.363,7.914,0.98208,0.63429,0.22132999,0.0,0.0,190.462,0.0,0.0,0.0,0.0,56.765713,26.632708,2.7533257,27.277,20.08,1.81,390386319360.0,626326372352.0,-0.362,0.0,0.0,12.516032,0.409,36.08,0.0,3.73,3929799936.0,0.81848997,0.05737,99.30000305175781,0.0705428725749746,1.7730894356304594,,,137.603930583635,80.54000091552734,95.1564998626709,97.01359985351563,97.23860015869141,98.30937717437745,97.1097006110519,96.50536800853922,65.7407444784426,0.6043326025126845,-0.21495826005611232,0.8192908625687968,82.58957810424153,84.25130038185559,0.11528030344078946,[],[],7528379.95,2316406.0,Increasing,Strong Uptrend,76.1,Strong bearish trend across multiple timeframes Bullish MACD crossover Stochastic indicates overbought conditions
VINATIORGA,59.48,63.06,61.27,Hold,Bullish MACD crossover Declining volume suggests weakening trend High volatility detected,0.0,0.0,0.0,0.0,0.0,0.033,0.238,218.5,0.41796002,0.2475,0.18773001,0.0,0.0,2.242,0.0,0.0,0.0,0.0,41.89453,27.857143,6.3679376,28.937,7.864,0.41,178596134912.0,178159452160.0,0.238,0.0,0.0,7.8835773,0.165,269.475,0.0,0.0,103666000.0,0.75338,0.109110005,1716.0,0.1283668519778125,0.7337833871441157,,,2134.949951171875,1412.5,1717.3900024414063,1853.5400024414062,1791.3719982910156,1748.5092474365235,1710.1445181132215,1752.8780157164435,47.99886626618698,-42.73349760322208,-51.89395508088659,9.160457477664515,57.66009917301411,46.54096949193745,0.14390154405433717,[],[],64737.75,6985.0,Decreasing,Strong Downtrend,63.06,Bullish MACD crossover Declining volume suggests weakening trend High volatility detected
PHOENIXLTD,46.75,75.8,61.27,Hold,Strong bearish trend across multiple timeframes Bullish MACD crossover Stochastic indicates overbought conditions,0.0,0.0,0.0,0.0,0.0,0.054,0.035,108.005,0.9406,0.49407002,0.25693,0.0,0.0,33.836,0.0,0.0,0.0,0.0,55.569164,34.280655,5.277888,28.891,16.402,0.17,552290877440.0,633525043200.0,0.035,0.0,0.0,14.299097,0.386,292.276,0.0,0.0,357556000.0,0.47887,0.38169998,1542.4000244140625,-1.096503724651332,-1.349534735269431,,,1968.0,1338.050048828125,1492.6850036621095,1517.312001953125,1551.12650390625,1586.9797521972657,1528.4207686236434,1511.950321854102,66.6666810651478,16.470446769541468,2.732679183526427,13.73776758601504,81.6074532704103,88.08816547328622,0.14525871612563238,[],[],550400.95,79974.0,Increasing,Downtrend,75.8,Strong bearish trend across multiple timeframes Bullish MACD crossover Stochastic indicates overbought conditions
SANOFI,66.1,56.4,61.25,Buy,Strong bearish trend across multiple timeframes Bullish MACD crossover Declining volume suggests weakening trend,0.0,0.0,0.0,1225.0,0.0,-0.123,-0.326,860.227,0.5084,0.21117,0.18288,0.49431,0.22473,2.672,1.849,1.123,3904999936.0,2485250048.0,32.417305,25.008587,15.004873,22.961,5.786,2.29,117363941376.0,114620440576.0,-0.327,0.0,0.0,5.9241805,0.083,339.623,0.0,203.77,23030600.0,0.60605,0.26142,5110.0,0.11755485893416573,-1.0935836639891616,,,7464.647161852233,4814.6976141245605,5275.925,5713.14,5911.15451171875,5793.127868652344,5205.212198530155,5377.055448690486,34.17721518987341,-171.84325016033108,-190.77314078394122,18.929890623610135,26.64356191342505,30.601496918524617,0.18482937079860945,[],[],12331.6,2287.0,Decreasing,Strong Downtrend,56.4,Strong bearish trend across multiple timeframes Bullish MACD crossover Declining volume suggests weakening trend
INFY,61.62,60.49,61.05,Buy,Bullish MACD crossover Stochastic indicates overbought conditions Declining volume suggests weakening trend,0.0,0.0,0.0,323788.0,0.0,0.048,0.056,4.708,0.29834998,0.20886,0.16427,0.30365,0.14858,8.894,2.182,1.954,4184000000.0,3329062400.0,22.416046,20.860065,565.0187,1412.225,324.926,4.12,6253554171904.0,6337360560128.0,0.06,0.0,0.0,320.6293,0.348,2.67,0.0,72.32,4145270016.0,0.15072,0.48971,1508.5999755859375,-1.372907971703885,0.8287678665107823,,,1978.6106902340612,1288.8655111580174,1469.3949890136719,1544.3239965820312,1528.2511206054687,1666.0957403564453,1489.5715603565986,1497.4951969879846,68.31381845159068,-7.923636631385989,-21.649401431676285,13.725764800290296,87.54664713541666,87.5691624418218,0.10071895768251883,[],[],8601275.65,1224632.0,Decreasing,Downtrend,60.49,Bullish MACD crossover Stochastic indicates overbought conditions Declining volume suggests weakening trend
HDFCLIFE,38.77,82.75,60.76,Sell,Strong bullish trend across multiple timeframes RSI indicates overbought conditions Bullish MACD crossover,0.0,0.0,0.0,38159.0,0.0,0.093,0.14,463.277,0.08762,0.02242,0.01885,0.11622,0.00301,17.34,1.261,0.506,0.0,0.0,89.58621,123.71429,9.871321,97.429,1.678,0.27,1684603011072.0,1672347516928.0,0.144,0.0,0.0,1.6897997,0.649,78.956,0.0,6.3,2155450112.0,0.56099,0.26559,779.8499755859375,0.4184908707404844,-2.096542899122078,,,820.75,582.6893982272248,770.3999969482422,772.5057568359375,753.8503051757813,695.7107507324218,780.7017931757003,774.2716984891408,70.31248722757843,6.430094686559528,5.387904369715812,1.0421903168437154,55.73714875111501,62.90179094264342,0.10002833147749127,[],[],2097950.6,755475.0,Increasing,Strong Uptrend,82.75,Strong bullish trend across multiple timeframes RSI indicates overbought conditions Bullish MACD crossover
CARERATING,66.88,54.51,60.69,Buy,Bearish MACD crossover Declining volume suggests weakening trend High volatility detected,0.0,0.0,0.0,598.0,0.0,0.19,0.239,139.475,0.5282,0.25922,0.34096,0.0,0.0,2.915,0.0,0.0,0.0,0.0,33.58578,24.884012,5.893862,26.45,9.844,1.14,47613075456.0,41080717312.0,0.243,0.0,0.0,11.409727,0.772,269.365,0.0,0.0,29990600.0,0.20446,0.34598,1589.5999755859375,0.8949524332553249,0.7287244267100368,,,1951.6886569911,949.5590786430223,1634.8599914550782,1737.4176416015625,1600.8713134765626,1440.5003527832032,1615.7292233890507,1657.0440226841627,42.10877243860238,-41.314799295111925,-40.171677862902875,-1.1431214322090497,23.817060700038898,29.398846704541214,0.09943213151672109,[],[],65323.25,6249.0,Decreasing,Sideways,54.51,Bearish MACD crossover Declining volume suggests weakening trend High volatility detected
DLF,57.49,63.8,60.64,Hold,Bullish MACD crossover Declining volume suggests weakening trend High volatility detected,0.0,0.0,0.0,3103.0,0.0,0.994,0.18,37.755,0.42038,0.12136,0.47974998,0.0,0.0,9.644,0.0,0.0,0.0,0.0,41.430145,42.057175,4.3647976,80.01,19.244,0.8,1857592754176.0,1798931349504.0,0.181,0.0,0.0,19.871529,0.472,171.898,0.0,17.84,2475310080.0,0.74138,0.12161,748.6500244140625,-0.7884907718496703,-2.8358177269224516,,,922.2542982192264,596.8345296405167,767.682504272461,805.6286157226563,765.619111328125,756.8988217163086,764.8921460248674,777.4621605292484,43.67266443675149,-12.570014504380993,-13.096777560478294,0.5267630560973018,32.693687931788766,40.01295296287673,0.07021847131007189,[],[],2320114.45,603286.0,Decreasing,Strong Downtrend,63.8,Bullish MACD crossover Declining volume suggests weakening trend High volatility detected
TITAN,45.64,75.6,60.62,Hold,Strong bullish trend across multiple timeframes RSI indicates overbought conditions Bullish MACD crossover,0.0,0.0,0.0,9191.0,0.0,0.246,0.526,718.277,0.21545,0.09962,0.058280002,0.0,0.0,178.742,0.0,0.0,0.0,0.0,86.519554,64.204346,27.548649,57.66,5.297,0.31,3199571329024.0,3375003336704.0,0.526,0.0,0.0,5.02185,0.297,130.932,0.0,56.18,887044992.0,0.582,0.19111,3605.5,0.3199777406789117,0.292072322670367,,,3855.397419134134,2916.223769645376,3491.2449951171875,3503.2894970703123,3460.9646069335936,3365.2450390625,3563.927063106765,3519.286854525251,77.0917669068863,44.640208581514344,27.36170652707009,17.278502054444253,81.61069305312884,87.98152516218647,0.11491038973037664,[],[],699655.4,170749.0,Decreasing,Strong Uptrend,75.6,Strong bullish trend across multiple timeframes RSI indicates overbought conditions Bullish MACD crossover
NAVINFLUOR,60.38,60.77,60.58,Buy,Strong bullish trend across multiple timeframes Bearish MACD crossover Declining volume suggests weakening trend,0.0,0.0,0.0,0.0,0.0,0.385,1.286,514.437,0.55256003,0.23649,0.13898,0.0,0.0,55.852,0.0,0.0,0.0,0.0,66.785614,39.49378,9.01174,38.66,9.704,0.29,244420247552.0,247548542976.0,1.288,0.0,0.0,9.580975,0.23,529.587,0.0,0.0,51214300.0,0.29313,0.41077,4767.5,-0.5942452043369517,-4.849815387685863,,,5444.0,3151.348480412611,4982.469995117188,4936.295478515625,4640.382456054687,4195.56876953125,4935.961099766971,4950.912757424861,32.58766626360338,-14.951657657890792,12.807645232513563,-27.759302890404356,23.64690637999683,39.25573187828807,0.0984496693013605,[],[],138609.7,20203.0,Decreasing,Uptrend,60.77,Strong bullish trend across multiple timeframes Bearish MACD crossover Declining volume suggests weakening trend
3MINDIA,41.95,79.18,60.57,Hold,Strong bullish trend across multiple timeframes Bearish MACD crossover Declining volume suggests weakening trend,0.0,0.0,0.0,1213.0,0.0,0.143,0.131,4078.937,0.40228,0.18944,0.10808,0.0,0.0,5.39,0.0,0.0,0.0,0.0,68.931114,47.708725,18.546368,41.814,7.275,0.53,342677913600.0,334294679552.0,0.131,0.0,0.0,7.4577007,0.112,1639.135,0.0,0.0,11265100.0,0.7648,0.0955,30400.0,-0.04931777083675426,-1.6340397993852118,,,36946.20525032358,25588.262200074692,30845.75,30002.485703125,29676.56267578125,29604.69306640625,30668.80008287977,30596.715582671048,44.40599769319493,72.0845002087226,198.63404310108004,-126.54954289235744,19.72477064220183,23.598369011213055,0.056618904189635944,[],[],7884.7,799.0,Decreasing,Uptrend,79.18,Strong bullish trend across multiple timeframes Bearish MACD crossover Declining volume suggests weakening trend
COALINDIA,54.43,66.62,60.53,Hold,Strong bearish trend across multiple timeframes Bearish MACD crossover Declining volume suggests weakening trend,0.0,0.0,0.0,220272.0,0.0,-0.039,-0.202,203.919,0.67774004,0.32039002,0.26373,0.0,0.0,9.15,0.0,0.0,0.0,0.0,6.9458904,14.6893425,2.3234766,4.437,1.608,8.59,2302087790592.0,2020915544064.0,-0.202,0.0,0.0,1.8321396,0.044,160.772,0.0,25.43,6162729984.0,0.63137,0.25082,374.3999938964844,0.5235552760216367,-1.3568684131518127,,,496.2579819786133,339.58072583613375,374.56575164794924,375.70849670410155,379.7195477294922,377.4173954772949,376.3654836198111,375.9270189152565,53.481451637997814,0.4384647045545762,0.5791852087308622,-0.140720504176286,49.42174230350965,60.16597500238194,0.06338655749329399,[],[],6021209.6,892321.0,Decreasing,Strong Downtrend,66.62,Strong bearish trend across multiple timeframes Bearish MACD crossover Declining volume suggests weakening trend
SBILIFE,40.95,79.36,60.16,Hold,Strong bullish trend across multiple timeframes Bearish MACD crossover Declining volume suggests weakening trend,0.0,0.0,0.0,25672.0,0.0,0.125,0.145,1209.919,0.07353,0.01682,0.02052,0.14895001,0.00377,0.0,1.281,0.354,0.0,0.0,73.6802,69.96948,10.30443,0.0,1.482,0.15,1838448115712.0,1796396548096.0,0.144,0.0,0.0,1.5162778,0.381,177.972,0.0,26.21,1002480000.0,0.57874,0.29687,1833.5,0.9303107255966614,-1.3451708366962634,,,1932.3222190371707,1369.9426261325289,1844.6099975585937,1831.7519995117189,1772.7100012207031,1618.2712957763672,1844.323137551137,1839.3922048768952,44.78434464696973,4.930932674241831,8.250470899530308,-3.3195382252884773,20.858325637163507,35.78444024568568,0.03918763880911471,[],[],781819.55,269663.0,Decreasing,Uptrend,79.36,Strong bullish trend across multiple timeframes Bearish MACD crossover Declining volume suggests weakening trend
TATACONSUM,38.03,81.93,59.98,Sell,Bullish MACD crossover Declining volume suggests weakening trend High volatility detected,0.0,0.0,0.0,10595.0,0.0,0.098,0.105,183.1,0.40660998,0.09584,0.07328,0.0,0.0,11.186,0.0,0.0,0.0,0.0,79.902916,71.61312,5.29305,45.805,5.959,0.76,1058702491648.0,1075290112000.0,0.151,0.0,0.0,5.8669677,0.424,202.133,0.0,14.94,989534016.0,0.34375,0.31693,1069.5999755859375,-0.9537965177576213,-3.229898820690169,,,1225.2193886679818,876.4046328021277,1069.4700012207031,1082.2880102539064,1099.2247973632811,1028.5929788208007,1075.5938762036594,1075.0844312526929,56.65606854505233,0.5094449509665537,-1.96571449500453,2.4751594459710837,56.84007571173796,62.813086597897325,0.05731760396744665,[],[],742456.3,119595.0,Decreasing,Sideways,81.93,Bullish MACD crossover Declining volume suggests weakening trend High volatility detected
TECHM,56.07,63.87,59.97,Hold,Bullish MACD crossover Declining volume suggests weakening trend High volatility detected,0.0,0.0,0.0,148517.0,0.0,0.027,0.34,602.019,0.32074,0.11063,0.08514,0.0,0.0,7.287,0.0,0.0,0.0,0.0,29.168457,23.106543,4.8319507,19.165,2.4,3.0,1322507829248.0,1279849529344.0,0.34,0.0,0.0,2.4796712,0.342,309.254,0.0,64.67,885035008.0,0.36421,0.40776002,1494.199951171875,-0.5325522740004862,-1.9618151625891533,,,1775.2631099366663,1187.6989464401065,1488.634991455078,1554.9372338867188,1518.7816833496095,1566.4272943115234,1501.9685666116611,1509.1943557151278,58.051220367528636,-7.2257891034666955,-13.320513211114154,6.094724107647458,64.47416290385063,74.0239492830686,0.06261447866437184,[],[],1528757.9,305153.0,Decreasing,Downtrend,63.87,Bullish MACD crossover Declining volume suggests weakening trend High volatility detected
KAJARIACER,41.38,78.25,59.81,Hold,Strong bullish trend across multiple timeframes Bearish MACD crossover Declining volume suggests weakening trend,0.0,0.0,0.0,0.0,0.0,-0.01,0.215,291.404,0.38089,0.12988,0.067540005,0.0,0.0,9.746,0.0,0.0,0.0,0.0,54.96659,34.87928,7.1607633,33.148,4.206,0.89,196541644800.0,195229171712.0,0.213,0.0,0.0,4.233968,0.565,172.328,0.0,0.0,159272000.0,0.48061,0.36446998,1233.300048828125,-0.5884190634748876,-3.4220791833888042,,,1572.2296051246008,758.7000122070312,1245.8949951171876,1186.3559985351562,1049.5874987792968,1041.2842501831055,1256.2144752593363,1234.292832597773,57.736407536709656,21.921642661563283,29.511251417425918,-7.589608755862635,47.02150414138196,58.03948415373407,0.15006103627252745,[],[],702991.25,30631.0,Decreasing,Uptrend,78.25,Strong bullish trend across multiple timeframes Bearish MACD crossover Declining volume suggests weakening trend
PNBHOUSING,64.51,55.02,59.77,Buy,Strong bearish trend across multiple timeframes Bullish MACD crossover Declining volume suggests weakening trend,0.0,0.0,0.0,2149.0,0.0,0.21,0.231,132.968,0.99587,0.76121,0.58946997,0.0,0.0,265.183,0.0,0.0,0.0,0.0,9.989111,11.483799,1.2015841,0.0,17.79,0.64,203087446016.0,614726893568.0,0.233,0.0,0.0,5.8774443,0.019,648.935,0.0,67.9,260452000.0,0.28049,0.46589002,779.9500122070312,-0.3768057370082567,-3.525264341600576,,,1196.1048748556198,742.9142491644864,804.0923492431641,963.4603271484375,996.6397833251954,929.4166064453125,801.054310669395,852.558068881864,51.86527768935294,-51.50375821246894,-60.28006867771568,8.776310465246745,47.47760246120413,53.48400485267905,0.32263347079858706,[],[],4636255.75,438126.0,Decreasing,Strong Downtrend,55.02,Strong bearish trend across multiple timeframes Bullish MACD crossover Declining volume suggests weakening trend
BRITANNIA,31.45,87.65,59.55,Sell,Strong bullish trend across multiple timeframes Bullish MACD crossover Declining volume suggests weakening trend,0.0,0.0,0.0,5792.0,0.0,0.088,0.03,758.017,0.39445,0.14604001,0.12016,0.0,0.0,28.451,0.0,0.0,0.0,0.0,63.15183,70.69559,31.810944,43.728,7.608,1.3,1385593176064.0,1389003014144.0,0.03,0.0,0.0,7.5892267,0.529,180.834,0.0,81.37,240868000.0,0.51166,0.25457,5752.5,-0.22547914317925244,0.9033502894228995,,,6386.20856861246,4447.712523679271,5551.425439453125,5615.015830078125,5499.516069335938,5162.1951904296875,5590.845336264765,5575.422652262623,65.76576576576576,15.422684002141978,-20.398806496539365,35.82149049868134,78.83490942296952,65.28541417123195,0.1100656342813936,[],[],427994.75,114240.0,Decreasing,Strong Uptrend,87.65,Strong bullish trend across multiple timeframes Bullish MACD crossover Declining volume suggests weakening trend
ATUL,51.45,67.62,59.54,Hold,Bullish MACD crossover Strong volume supporting price action High volatility detected,0.0,0.0,0.0,3365.0,0.0,0.118,0.142,1949.408,0.35435,0.10383,0.08708999,0.0,0.0,3.563,0.0,0.0,0.0,0.0,37.148582,59.322353,3.314633,18.92,3.105,0.4,185571672064.0,178207424512.0,0.142,0.0,0.0,3.2333503,0.208,1901.568,0.0,106.25,29441800.0,0.49046,0.26878,6303.5,0.6788053026673069,-1.5462709878953484,,,8152.751405196409,4736.170337848527,6499.75,6908.69162109375,6767.930947265625,6631.0902490234375,6430.137482839678,6583.068056874097,30.36996134732192,-152.9305740344189,-158.4594655321118,5.528891497692911,23.461595726989486,33.05730316986415,0.0876647633650104,[],[],37936.9,6454.0,Increasing,Strong Downtrend,67.62,Bullish MACD crossover Strong volume supporting price action High volatility detected
GODREJCP,33.15,84.83,58.99,Sell,Strong bullish trend across multiple timeframes Bullish MACD crossover Stochastic indicates overbought conditions,0.0,0.0,0.0,2962.0,0.0,0.099,0.005,143.595,0.5276,0.17347,0.12617,0.0,0.0,33.689,0.0,0.0,0.0,0.0,69.7682,57.281376,10.778136,44.409,8.796,1.59,1293681033216.0,1292462063616.0,0.004,0.0,0.0,8.803803,0.272,117.293,0.0,22.07,1023070016.0,0.62406,0.20433001,1264.5,0.46877677804781914,1.4114985356751486,,,1517.19988062802,971.6382841838788,1225.8402038574218,1220.870732421875,1227.308466796875,1168.8234674072266,1239.6009912754234,1230.6149577400554,69.8628955514437,8.986033535368051,2.1603596119844677,6.825673923383583,92.7906977064353,90.09109820009967,0.09174322863859827,[],[],1338733.85,361130.0,Decreasing,Strong Uptrend,84.83,Strong bullish trend across multiple timeframes Bullish MACD crossover Stochastic indicates overbought conditions
ASIANPAINT,28.15,89.15,58.65,Sell,Strong bullish trend across multiple timeframes Bearish MACD crossover Strong volume supporting price action,0.0,0.0,0.0,11111.0,0.0,-0.002,-0.06,352.993,0.41853002,0.14837,0.10629,0.0,0.0,11.418,0.0,0.0,0.0,0.0,67.26714,89.25283,12.462299,42.994,6.982,1.0,2421951037440.0,2362726940672.0,-0.06,0.0,0.0,7.156928,0.391,202.25,0.0,28.24,958563008.0,0.57905996,0.21646999,2520.300048828125,1.567669380805281,-1.9376696212548006,,,3358.1080469753347,2105.3257388113384,2495.085009765625,2421.173994140625,2370.486640625,2337.3546166992187,2511.1147913486893,2478.9360186861777,54.483836310670256,32.17877266251162,37.886407201229865,-5.707634538718246,39.849934621400585,47.32927948074191,0.08533420819861763,[],[],1351975.2,619036.0,Increasing,Strong Uptrend,89.15,Strong bullish trend across multiple timeframes Bearish MACD crossover Strong volume supporting price action
CHOLAFIN,59.78,57.38,58.58,Hold,Strong bearish trend across multiple timeframes Bullish MACD crossover Declining volume suggests weakening trend,0.0,0.0,0.0,45194.0,0.0,0.198,0.2,135.13,0.99908996,0.52505,0.39205003,0.0,0.0,743.089,0.0,0.0,0.0,0.0,27.498583,18.250746,5.1635256,0.0,25.929,0.09,1222659932160.0,2945360592896.0,0.201,0.0,0.0,10.763628,0.631,281.455,0.0,0.0,841299008.0,0.49966,0.32751,1452.5,-1.60547025848774,-4.622760738423981,,,1683.6423566086535,1166.3763087715367,1479.5799926757813,1526.74953125,1545.1304504394532,1433.1796112060547,1491.0425532984398,1499.1007441254346,49.59785116995631,-8.05819082699486,-9.966802456681606,1.908611629686746,41.21925951280096,63.5126491263332,0.08685779708419075,[],[],1558263.25,359432.0,Decreasing,Sideways,57.38,Strong bearish trend across multiple timeframes Bullish MACD crossover Declining volume suggests weakening trend
METROPOLIS,41.65,75.48,58.56,Hold,Strong bullish trend across multiple timeframes Bearish MACD crossover Stochastic indicates overbought conditions,0.0,0.0,0.0,4823.0,0.0,0.232,0.175,273.143,0.77287,0.1526,0.108330004,0.0,0.0,15.295,0.0,0.0,0.0,0.0,73.34695,43.81385,8.383927,50.985,8.033,0.0,111603712000.0,112773079040.0,0.187,0.0,0.0,7.949487,0.089,256.944,0.0,0.0,51807500.0,0.4989,0.42926997,2153.300048828125,-0.3009537852139088,-1.006799505119127,,,2318.300048828125,1315.0,2093.7700134277343,1944.6740063476564,1807.7560046386718,1842.9417541503906,2134.1172381354977,2069.5571986736522,62.72822905144972,64.56003946184546,66.21722276636962,-1.6571833045241533,82.6546568019467,85.96813857316472,0.12702492266494247,[],[],61436.7,7683.0,Decreasing,Strong Uptrend,75.48,Strong bullish trend across multiple timeframes Bearish MACD crossover Stochastic indicates overbought conditions
NYKAA,31.24,85.36,58.3,Sell,Strong bullish trend across multiple timeframes RSI indicates overbought conditions Bullish MACD crossover,0.0,0.0,0.0,1981.0,0.0,0.234,1.667,30.033,0.44057998,0.029949998,0.00954,0.0,0.0,98.356,0.0,0.0,0.0,0.0,824.5357,181.7874,50.729507,205.388,8.052,0.0,661193228288.0,673042333696.0,1.419,0.0,0.0,7.9102874,0.323,4.551,0.0,1.27,2860219904.0,0.59838,0.33883,231.02999877929688,-0.26764305353901285,2.597924457675327,,,234.27999877929688,154.89999389648438,216.50549697875977,212.04919860839843,203.0048992919922,186.27109931945802,223.24139678841505,217.92098061673104,76.07635436493281,5.320416171684002,3.47799879248368,1.842417379200322,90.65859307813321,88.7964440818589,0.16387827429779137,[],[],7254742.6,1578298.0,Increasing,Strong Uptrend,85.36,Strong bullish trend across multiple timeframes RSI indicates overbought conditions Bullish MACD crossover
CANBK,61.69,54.82,58.25,Buy,Bearish MACD crossover Declining volume suggests weakening trend High volatility detected,0.0,0.0,0.0,81260.0,0.0,0.128,-0.214,63.358,0.0,0.36912,0.29004,0.16364,0.0,0.0,0.0,0.0,0.0,0.0,5.1705885,5.572108,0.9076125,0.0,1.183,3.77,956772253696.0,679602028544.0,-0.215,0.0,0.0,1.6649529,0.619,116.217,0.0,18.93,9070650368.0,0.64394,0.16123,105.47000122070312,-0.5093867603487068,-6.065192049012946,,,117.5,75.88121273073169,108.69399986267089,110.64600006103515,105.47056785583496,98.52964599609375,108.70368548352246,109.37780089289446,37.55659467082313,-0.6741154093719928,-0.37123790151049285,-0.3028775078614999,15.708606318723213,34.88511390367241,0.0684804620971407,[],[],17962076.6,4727140.0,Decreasing,Sideways,54.82,Bearish MACD crossover Declining volume suggests weakening trend High volatility detected
AIAENG,61.67,54.45,58.06,Buy,Strong bearish trend across multiple timeframes RSI indicates oversold conditions Bearish MACD crossover,0.0,0.0,0.0,1306.0,0.0,0.019,0.188,460.581,0.53091997,0.26823,0.25687,0.0,0.0,7.072,0.0,0.0,0.0,0.0,25.61739,24.666122,4.082474,21.095,5.713,0.53,282667483136.0,246007496704.0,0.175,0.0,0.0,6.563864,0.239,741.952,0.0,122.8,93320400.0,0.58533,0.34385,3028.5,-0.3684558131323845,-2.1960277732924305,,,4466.0,3001.10009765625,3112.6250122070314,3246.1240185546876,3265.719013671875,3347.3417504882814,3096.678937712254,3151.4569674258446,25.39487482219694,-54.77802971359051,-53.71238072829044,-1.0656489853000721,10.173628817399328,19.11444372695011,0.05450436674645564,[],[],55912.6,14444.0,Decreasing,Strong Downtrend,54.45,Strong bearish trend across multiple timeframes RSI indicates oversold conditions Bearish MACD crossover
NLCINDIA,67.4,48.6,58.0,Buy,Strong bearish trend across multiple timeframes Bearish MACD crossover Declining volume suggests weakening trend,0.0,0.0,0.0,0.0,0.0,0.133,0.479,118.531,0.84207,0.103369996,0.18178,0.0,0.0,102.205,0.0,0.0,0.0,0.0,10.834185,10.230701,1.7764747,12.259,3.588,1.27,323529277440.0,564485029888.0,0.426,0.0,0.0,2.0567136,0.409,131.305,0.0,0.0,1386640000.0,0.75245005,0.15027,233.63999938964844,-1.0167742606122854,-1.2093025836581672,,,294.7781178125151,186.02999877929688,236.9859992980957,233.2335998535156,234.3498991394043,234.41879188537598,235.72736571517717,235.84830467911786,49.490972504096575,-0.12093896394068793,0.48757683614334285,-0.6085158000840307,38.09570355870767,36.255565464214534,0.06548777660959719,[],[],1007422.95,195775.0,Decreasing,Sideways,48.6,Strong bearish trend across multiple timeframes Bearish MACD crossover Declining volume suggests weakening trend
RELAXO,35.19,80.82,58.0,Sell,Bullish MACD crossover Declining volume suggests weakening trend High volatility detected,0.0,0.0,0.0,7355.0,0.0,-0.125,0.101,108.237,0.58678,0.09137,0.06486,0.0,0.0,10.129,0.0,0.0,0.0,0.0,64.57204,35.953136,5.3669033,28.28,4.173,0.66,112892715008.0,112506109952.0,0.102,0.0,0.0,4.187555,0.384,84.341,0.0,12.59,248939008.0,0.71269,0.119219996,452.20001220703125,-0.5935330238908576,-4.53873748067446,,,843.657042537799,387.89342632541104,452.00791931152344,459.0420568847656,440.8302886962891,497.4240690612793,459.94233978550886,459.6619695803146,57.184398830953626,0.2803702051942878,-0.8949478620412912,1.175318067235579,46.785384550538204,59.30941793138263,0.16839004106355043,[],[],243765.9,39897.0,Decreasing,Downtrend,80.82,Bullish MACD crossover Declining volume suggests weakening trend High volatility detected
HINDCOPPER,55.27,60.24,57.76,Hold,Strong bearish trend across multiple timeframes RSI indicates oversold conditions Bearish MACD crossover,0.0,0.0,0.0,0.0,0.0,0.046,0.188,21.671,0.86987,0.35051998,0.23211001,0.0,0.0,6.258,0.0,0.0,0.0,0.0,45.714283,0.0,8.354182,26.733,10.712,0.4,222802329600.0,224273727488.0,0.184,0.0,0.0,10.641407,1.668,27.579,0.0,0.0,967024000.0,0.66142,0.077020004,230.4499969482422,-0.3200854212333959,-4.2066799966205775,,,353.0,183.82000732421875,240.69300079345703,256.22519836425784,242.48379959106444,243.96345001220703,238.17974983448448,244.4084488837741,23.83548925887098,-6.228699049289617,-5.744049489041637,-0.48464956024797967,13.523013013595063,16.421362048693634,0.10121717464430433,[],[],3103742.75,578556.0,Decreasing,Strong Downtrend,60.24,Strong bearish trend across multiple timeframes RSI indicates oversold conditions Bearish MACD crossover
AXISBANK,56.78,57.91,57.34,Hold,Strong bearish trend across multiple timeframes Bullish MACD crossover Declining volume suggests weakening trend,0.0,0.0,0.0,104453.0,0.0,-0.017,-0.031,248.573,0.0,0.45122,0.36215,0.15557,0.01768,0.0,0.0,0.0,0.0,0.0,11.733839,10.510099,1.679818,0.0,6.245,0.1,3260769632256.0,4804425285632.0,-0.03,0.0,0.0,4.238664,0.476,625.663,0.0,0.0,3102390016.0,0.022920001,0.67547,1051.300048828125,0.11428180840760138,-2.675421556203317,,,1280.5556852451584,932.7028964179103,1069.675,1125.49662109375,1151.5296252441406,1107.7102001953126,1068.3919907545549,1083.8822168469496,39.87670026421372,-15.490226092394778,-17.26717829997665,1.7769522075818713,18.154746006623256,32.15079193851195,0.0343170492702616,[],[],5351796.75,2564978.0,Decreasing,Strong Downtrend,57.91,Strong bearish trend across multiple timeframes Bullish MACD crossover Declining volume suggests weakening trend
ADANIGREEN,57.3,57.1,57.2,Hold,Strong bearish trend across multiple timeframes Bullish MACD crossover Declining volume suggests weakening trend,0.0,0.0,0.0,1247.0,0.0,0.341,0.62,78.283,0.84446,0.59868,0.13846,0.0,0.0,354.583,0.0,0.0,0.0,0.0,93.46386,36.374508,13.764399,24.318,18.888,0.0,1533434396672.0,2334020337664.0,0.599,0.0,0.0,12.409439,0.871,67.631,0.0,0.0,1647180032.0,0.80179,0.11509,930.2999877929688,-0.10201473364094271,-4.677496167127315,,,2091.0,758.0,953.9475006103515,983.582998046875,973.871498413086,1005.9447494506836,950.3934430585173,963.0603561290197,42.890687052268255,-12.66691307050246,-13.190651769580493,0.5237386990780326,44.331782738497054,52.59801852142396,0.11517574374035207,[],[],1477413.05,496114.0,Decreasing,Strong Downtrend,57.1,Strong bearish trend across multiple timeframes Bullish MACD crossover Declining volume suggests weakening trend
BANKBARODA,55.37,58.9,57.13,Hold,Bearish MACD crossover Strong volume supporting price action High volatility detected,0.0,0.0,0.0,75008.0,0.0,-0.006,-0.266,124.247,0.0,0.35212,0.30287,0.13797,0.01124,0.0,0.0,0.0,0.0,0.0,6.187401,10.566046,0.78309405,0.0,1.836,3.55,1203788709888.0,1179793227776.0,-0.266,0.0,0.0,1.873756,0.531,297.244,0.0,22.03,5171359744.0,0.64034,0.19906001,232.8300018310547,-0.9823924319936173,-4.920778671792481,,,258.05664364419215,184.3468766033746,240.8240005493164,241.10660034179688,237.6775260925293,229.5892389678955,239.98928376381062,240.89927504748601,35.7051437234836,-0.9099912836753958,0.07158126228757633,-0.9815725459629722,15.17808451174168,28.590434287438132,0.05969171318047147,[],[],5470310.3,3226596.0,Increasing,Sideways,58.9,Bearish MACD crossover Strong volume supporting price action High volatility detected
INDIGO,31.46,82.78,57.12,Sell,Strong bullish trend across multiple timeframes Bearish MACD crossover Strong volume supporting price action,0.0,0.0,0.0,41049.0,0.0,0.047,-0.203,2115.312,0.33391,0.13699001,0.082049996,0.0,0.0,713.155,0.0,0.0,0.0,0.0,33.341972,28.179605,23.880726,24.355,3.27,0.17,2237902356480.0,2672890478592.0,-0.202,0.0,0.0,2.7382154,0.917,242.434,0.0,205.45,386544992.0,0.44785,0.34271,5791.5,-4.2727272727272725,-5.913410770855332,,,6232.5,3773.6230403526224,5932.65478515625,5829.15146484375,5597.298188476562,5005.514205322265,5989.106508215386,5928.237708356321,45.50732166474044,60.8687998590658,71.40311762290192,-10.534317763836114,51.81838373118205,66.2979378604377,0.09740041876551835,[],[],1538615.55,15377934.0,Increasing,Uptrend,82.78,Strong bullish trend across multiple timeframes Bearish MACD crossover Strong volume supporting price action
CYIENT,46.46,67.67,57.06,Hold,Bullish MACD crossover Strong volume supporting price action High volatility detected,0.0,0.0,0.0,11884.0,0.0,0.022,0.068,671.663,0.30945998,0.09505,0.084580004,0.0,0.0,8.937,0.0,0.0,0.0,0.0,21.317377,14.712433,2.4943206,14.506,1.754,2.16,132652171264.0,129756102656.0,0.069,0.0,0.0,1.7934451,0.692,482.015,0.0,81.72,110332000.0,0.23837,0.49644002,1201.800048828125,-0.06651644553898883,-2.3403158889305,,,2120.487275271491,1072.3513485917751,1199.45,1249.2638940429688,1246.8192626953125,1424.7396112060546,1210.2009501467426,1218.7709694547511,51.66669573102678,-8.570019308008568,-14.653592253709764,6.083572945701196,48.352794919341754,65.60761249361794,0.08266419200083182,[],[],288837.45,59675.0,Increasing,Downtrend,67.67,Bullish MACD crossover Strong volume supporting price action High volatility detected
MAPMYINDIA,62.53,51.25,56.89,Buy,Strong bearish trend across multiple timeframes Bearish MACD crossover Stochastic indicates oversold conditions,0.0,0.0,0.0,551.0,0.0,0.198,0.275,88.68,0.69247,0.40285,0.32580003,0.0,0.0,3.77,0.0,0.0,0.0,0.0,58.133286,36.376404,11.466384,48.104,18.178,0.21,90723311616.0,87867547648.0,0.287,0.0,0.0,18.768917,0.037,145.303,0.0,0.0,54420100.0,0.6929,0.10835,1666.0999755859375,-0.5906935807913238,-5.7315857999780455,,,2213.677371878034,1510.0513632207358,1760.804998779297,1773.6953198242188,1820.510001220703,1748.8409979248047,1733.1375088613886,1760.3479161662126,30.856873885843612,-27.210407304824002,-15.376221988793237,-11.834185316030766,6.835283837977671,7.683672076952284,0.09993225133438631,[],[],47830.1,6386.0,Decreasing,Strong Downtrend,51.25,Strong bearish trend across multiple timeframes Bearish MACD crossover Stochastic indicates oversold conditions
KOTAKBANK,55.66,57.8,56.73,Hold,Strong bearish trend across multiple timeframes Bullish MACD crossover Declining volume suggests weakening trend,0.0,0.0,0.0,114000.0,0.0,0.02,-0.4,377.576,0.0,0.33905998,0.25509,0.13324,0.0,0.0,0.0,0.0,0.0,0.0,20.24294,17.133097,2.4615238,0.0,5.963,0.13,3876826382336.0,4476572270592.0,-0.4,0.0,0.0,5.1640854,0.378,792.111,0.0,0.0,1988320000.0,0.28715,0.46942002,1950.5,-0.7732589687868385,-3.3209417596034685,,,2299.2489909588016,1677.1164572250893,1986.5699951171875,2090.5502465820314,2104.2946337890626,1986.1092529296875,1988.2874087916564,2017.9228896562097,40.00770870496106,-29.6354808645533,-32.12884312048006,2.493362255926762,20.508138112321134,35.48267059793821,0.04548937696450413,[],[],3211151.5,967198.0,Decreasing,Strong Downtrend,57.8,Strong bearish trend across multiple timeframes Bullish MACD crossover Declining volume suggests weakening trend
NHPC,57.76,55.51,56.63,Hold,Strong bearish trend across multiple timeframes Bearish MACD crossover Stochastic indicates oversold conditions,0.0,0.0,0.0,4240.0,0.0,0.193,0.039,10.858,0.8806,0.42497003,0.27943,0.0,0.0,92.053,0.0,0.0,0.0,0.0,30.052631,20.709846,2.0243099,22.051,11.432,2.39,802997272576.0,1247802294272.0,0.035,0.0,0.0,7.3559904,0.219,39.49,0.0,3.86,10044999680.0,0.68485,0.15607001,79.91000366210938,0.08768452834400087,-3.443690672493871,,,98.01037645261837,69.24116197431437,82.38196144104003,84.08971298217773,84.86005104064941,81.38747928619385,81.46243655594685,82.6726981412451,36.32424428414404,-1.2102615852982552,-0.9400056915119078,-0.2702558937863474,15.140433762691131,10.422883138970054,0.07385028265266451,[],[],9182618.15,3179015.0,Increasing,Strong Downtrend,55.51,Strong bearish trend across multiple timeframes Bearish MACD crossover Stochastic indicates oversold conditions
JUSTDIAL,60.8,51.57,56.19,Buy,Strong bearish trend across multiple timeframes Bullish MACD crossover Declining volume suggests weakening trend,0.0,0.0,0.0,0.0,0.0,0.062,0.131,136.321,0.38463002,0.25089002,0.51986,0.0,0.0,2.167,0.0,0.0,0.0,0.0,11.484617,27.04553,1.5023825,5.886,1.549,0.0,69272608768.0,17961775104.0,0.131,0.0,0.0,5.975795,0.206,541.673,0.0,30.09,85044704.0,0.74154997,0.12735,813.7999877929688,-0.7742530551810178,-3.2744979607068125,,,1395.0,751.7999877929688,831.9224975585937,871.9160009765625,889.1730004882812,918.8579995727539,830.1503638171434,843.0727985274135,39.39192236537747,-12.922434710270068,-14.099816248674259,1.177381538404191,25.81957004365796,39.80167792772076,0.042854968190078495,[],[],89200.35,16730.0,Decreasing,Strong Downtrend,51.57,Strong bearish trend across multiple timeframes Bullish MACD crossover Declining volume suggests weakening trend
REDINGTON,48.87,63.23,56.05,Hold,Bullish MACD crossover Declining volume suggests weakening trend High volatility detected,0.0,0.0,0.0,12062.0,0.0,0.219,0.117,1331.348,0.05197,0.013350001,0.015700001,0.0,0.0,30.537,0.0,0.0,0.0,0.0,11.239234,15.525446,2.1057067,9.361,0.194,2.91,183638704128.0,201668427776.0,0.119,0.0,0.0,0.17638466,0.787,111.554,0.0,15.13,781774016.0,0.26005,0.36116,234.8000030517578,0.5567464889755014,-4.727122759482539,,,327.511218461602,155.15698268842897,243.8025001525879,278.9952572631836,265.52489501953124,238.86092765808107,242.46640448874135,254.17194877170633,45.34883945997387,-11.70554428296498,-12.604489976499277,0.8989456935342979,26.235339530671812,30.64432303294898,0.12708430446006447,[],[],2433406.1,477816.0,Decreasing,Strong Downtrend,63.23,Bullish MACD crossover Declining volume suggests weakening trend High volatility detected
ABB,61.22,50.76,55.99,Buy,Strong bearish trend across multiple timeframes Bullish MACD crossover Declining volume suggests weakening trend,0.0,0.0,0.0,3625.0,0.0,0.122,-0.207,595.14,0.40743,0.137,0.14234,0.26575002,0.106759995,1.018,2.011,1.489,11100999680.0,7579737600.0,58.931305,51.47165,14.7307005,46.009,8.026,0.86,1059867852800.0,1012233469952.0,-0.207,0.0,0.0,8.403586,0.68,339.529,0.0,97.17,211908000.0,0.75319,0.10679,5001.5,-0.40820390282756414,-2.3430635555989454,,,8869.40288553787,4647.14638941201,5129.30869140625,5537.40734375,5602.668876953125,5907.2183764648435,5092.142172748031,5234.062707205266,42.29632689792729,-141.92053445723468,-158.47813152946117,16.557597072226486,27.0267611176702,28.211679662912335,0.12391150868378252,[],[],401635.55,79570.0,Decreasing,Strong Downtrend,50.76,Strong bearish trend across multiple timeframes Bullish MACD crossover Declining volume suggests weakening trend
GLAXO,49.07,62.37,55.72,Hold,Bullish MACD crossover Declining volume suggests weakening trend High volatility detected,0.0,0.0,0.0,3113.0,0.0,-0.012,0.125,220.763,0.62396,0.29271,0.2541,0.0,0.0,0.51,0.0,0.0,0.0,0.0,49.341896,47.782383,24.018753,38.149,11.97,1.51,468678672384.0,447659671552.0,0.124,0.0,0.0,12.532419,0.064,115.185,0.0,57.9,169406000.0,0.75625,0.08364,2767.0,-0.803036607441221,-0.5141498068196637,,,3515.699951171875,1896.2766505968011,2809.7800170898436,3060.4600048828124,3015.095517578125,2677.8792041015627,2793.9995489163125,2874.2429781418164,53.04843949537826,-80.24342922550386,-97.32002850855176,17.076599283047898,71.16614257545201,66.06667490970285,0.21337448643619375,[],[],131326.8,15166.0,Decreasing,Sideways,62.37,Bullish MACD crossover Declining volume suggests weakening trend High volatility detected
NAZARA,46.67,64.67,55.67,Hold,RSI indicates oversold conditions Bearish MACD crossover Strong volume supporting price action,0.0,0.0,0.0,0.0,0.0,0.994,0.471,225.476,0.68083,-0.03424,0.04873,0.0,0.0,6.76,0.0,0.0,0.0,0.0,81.49928,70.0,3.350497,68.554,5.324,0.0,105281699840.0,99696205824.0,0.703,0.0,0.0,5.62222,-0.113,339.084,0.0,16.23,92616304.0,0.31375998,0.26478,1136.800048828125,0.32654428752185716,-6.773821053975116,,,1453.0,834.5499877929688,1317.2099914550781,1339.1859936523438,1241.878998413086,1103.0632495117188,1241.275868378151,1297.4590755026077,19.9593677512989,-56.18320712445666,-24.650729774670133,-31.532477349786525,25.789471821963193,24.646257196344425,0.3832350672091103,[],[],2515160.05,1063329.0,Increasing,Sideways,64.67,RSI indicates oversold conditions Bearish MACD crossover Strong volume supporting price action
SAIL,56.32,54.91,55.61,Hold,Bearish MACD crossover Declining volume suggests weakening trend High volatility detected,0.0,0.0,0.0,53159.0,0.0,0.08,8.0,251.939,0.50877,0.0512,0.029070001,0.0,0.0,62.7,0.0,0.0,0.0,0.0,16.226158,12.7243595,0.834776,7.527,0.819,1.33,491946115072.0,855086268416.0,8.105,0.0,0.0,0.47119918,1.403,142.673,0.0,9.36,4130530048.0,0.64997,0.17343001,119.19999694824219,-0.6169797216117101,-3.940687834604506,,,144.1999969482422,99.1500015258789,122.59750061035156,128.5386004638672,124.65730018615723,118.43669979095459,122.17152667263605,124.36648182513225,39.08576511479366,-2.194955152496206,-2.16694838728992,-0.02800676520628631,25.71897230028279,34.91518598146855,0.05948117437138079,[],[],8375327.6,2773632.0,Decreasing,Sideways,54.91,Bearish MACD crossover Declining volume suggests weakening trend High volatility detected
BAYERCROP,45.71,65.04,55.38,Hold,RSI indicates oversold conditions Bearish MACD crossover Stochastic indicates oversold conditions,0.0,0.0,0.0,1169.0,0.0,0.174,0.096,1280.886,0.3746,0.16775998,0.10293,0.0,0.0,3.687,0.0,0.0,0.0,0.0,40.347816,27.179407,8.376982,34.502,4.02,2.34,238777384960.0,231428292608.0,0.096,0.0,0.0,4.147889,0.319,634.238,0.0,0.0,44942100.0,0.7275,0.113450006,5310.0,-0.3939223410241999,-4.881325570980744,,,6772.560996546189,4192.9259762001775,5749.6828125,5986.2418359375,5521.05224609375,5399.887473144531,5560.88269561204,5744.8931676025495,15.612244897959187,-184.01047199050936,-143.16702536745453,-40.84344662305483,4.350002904903274,5.610069573681977,0.24607981579954938,[],[],36416.6,4255.0,Decreasing,Strong Downtrend,65.04,RSI indicates oversold conditions Bearish MACD crossover Stochastic indicates oversold conditions
HAL,46.69,64.01,55.35,Hold,Bullish MACD crossover Declining volume suggests weakening trend High volatility detected,0.0,0.0,0.0,22033.0,0.0,0.108,-0.037,470.29,0.58149,0.17774999,0.26423,0.0,0.0,0.147,0.0,0.0,0.0,0.0,35.46671,34.366947,8.411876,30.736,8.109,0.68,2942609915904.0,2550379577344.0,-0.037,0.0,0.0,9.355739,0.523,523.07,0.0,128.03,668774976.0,0.71639,0.13662,4403.0,0.44255638998917934,-1.1317174170059507,,,5147.661407909133,3035.8246466639143,4474.8548828125,4685.373466796875,4667.523620605469,4301.677939453125,4457.214368580106,4526.792753489781,39.151906577525224,-69.57838490967515,-75.1802617477369,5.601876838061756,36.10563724667586,44.491613646555216,0.04935304998000949,[],[],1269045.45,427616.0,Decreasing,Sideways,64.01,Bullish MACD crossover Declining volume suggests weakening trend High volatility detected
RAMCOCEM,47.5,62.58,55.04,Hold,RSI indicates oversold conditions Bearish MACD crossover Declining volume suggests weakening trend,0.0,0.0,0.0,3767.0,0.0,-0.009,1.209,356.447,0.53566,0.103,0.03771,0.0,0.0,62.883,0.0,0.0,0.0,0.0,76.396736,22.994186,3.2651289,22.245,3.432,0.19,242979078144.0,291648602112.0,1.288,0.0,0.0,2.8589575,-0.082,314.934,0.0,44.72,236292000.0,0.49558,0.37767,1028.300048828125,-1.4566316408121671,-7.742681558237541,,,1206.9175149129653,786.842302621666,1104.0451293945312,1104.2097583007812,1042.2042218017577,977.9578134155273,1077.1989943516157,1095.8864845036005,24.056598341476587,-18.687490151984775,-10.03317842433373,-8.654311727651045,11.87765961164819,21.63440913514971,0.19214496116669114,[],[],242589.5,76330.0,Decreasing,Sideways,62.58,RSI indicates oversold conditions Bearish MACD crossover Declining volume suggests weakening trend
JUBLFOOD,42.06,67.9,54.98,Hold,Bullish MACD crossover Strong volume supporting price action High volatility detected,0.0,0.0,0.0,10298.0,0.0,0.17,0.636,135.008,0.52523,0.09634,0.02913,0.0,0.0,200.461,0.0,0.0,0.0,0.0,160.4912,21.865135,19.926506,38.711,5.477,0.19,419022962688.0,463859056640.0,0.644,0.0,0.0,4.9474216,0.135,31.975,0.0,29.14,657651968.0,0.42407,0.39597,637.3499755859375,-0.5383914283322189,0.4966829577855547,,,795.3633603262236,557.2784032778388,637.2374969482422,666.0275317382813,675.9853167724609,673.0213082885742,636.5889223323223,644.4123730090896,53.690587202129876,-7.823450676767266,-10.21541787593282,2.3919671991655544,47.235053366624534,36.352550306331864,0.06024101728657806,[],[],1734191.15,185004.0,Increasing,Downtrend,67.9,Bullish MACD crossover Strong volume supporting price action High volatility detected
BPCL,54.74,54.8,54.77,Hold,Bearish MACD crossover Declining volume suggests weakening trend High volatility detected,0.0,0.0,0.0,8747.0,0.0,-0.005,1.408,1029.26,0.13471,0.0692,0.039419997,0.0,0.0,75.077,0.0,0.0,0.0,0.0,7.6793194,10.049999,1.6608381,6.526,0.424,3.2,1352310849536.0,1862622117888.0,1.407,0.0,0.0,0.3075332,0.916,187.586,0.0,31.0,4338509824.0,0.54504,0.17778,311.79998779296875,-0.09612890249267592,-2.5472805448086167,,,363.24483766661757,230.5385511582654,318.72000274658205,326.1436529541016,315.33603820800784,292.52873001098635,317.1503030447598,320.71598835585723,45.6640966270575,-3.565685311097411,-3.000007392862266,-0.5656779182351452,25.08591065292096,32.94389687589489,0.07003818130136373,[],[],5760133.7,1777787.0,Decreasing,Sideways,54.8,Bearish MACD crossover Declining volume suggests weakening trend High volatility detected
FLUOROCHEM,54.94,54.04,54.49,Hold,Strong bearish trend across multiple timeframes RSI indicates oversold conditions Bearish MACD crossover,0.0,0.0,0.0,0.0,0.0,0.09,0.707,440.899,0.51797,0.18345,0.12845999,0.0,0.0,28.497,0.0,0.0,0.0,0.0,59.660152,33.463715,5.1306477,32.713,8.005,0.09,372182810624.0,387600449536.0,0.704,0.0,0.0,7.686551,-0.383,660.365,0.0,0.0,109850000.0,0.67684,0.11283,3391.300048828125,0.319480811362971,-0.7637342500573352,,,4880.9501953125,3102.865373114886,3465.5049560546877,3481.5419873046876,3656.67849609375,3789.3959948730467,3424.116170945977,3458.7963249598506,23.431724176205933,-34.68015401387356,-30.555675571235756,-4.124478442637805,12.751295318936753,13.517242712759986,0.09605261880328524,[],[],122433.5,12549.0,Decreasing,Strong Downtrend,54.04,Strong bearish trend across multiple timeframes RSI indicates oversold conditions Bearish MACD crossover
HINDPETRO,53.4,54.71,54.05,Hold,Bearish MACD crossover Declining volume suggests weakening trend High volatility detected,0.0,0.0,0.0,8049.0,0.0,-0.028,5.483,2015.508,0.09472,0.05412,0.023810001,0.0,0.0,137.959,0.0,0.0,0.0,0.0,7.991872,7.0254674,1.5953155,6.806,0.347,2.74,815912648704.0,1486244675584.0,5.485,0.0,0.0,0.19023852,0.998,240.36,0.0,54.58,2127820032.0,0.54968,0.27397,383.5,0.143618690543712,-1.867960087254661,,,445.4738008048647,280.20561449395166,394.79015045166017,408.205791015625,396.38991912841794,374.9132989501953,391.3750132860131,397.8179794472098,42.9102089754246,-6.4429661611966935,-5.6263329662785395,-0.816633194918154,14.575484997385894,24.411101008082706,0.0794276498714005,[],[],5215541.1,1389087.0,Decreasing,Sideways,54.71,Bearish MACD crossover Declining volume suggests weakening trend High volatility detected
DABUR,35.1,72.74,53.92,Sell,Bearish MACD crossover Declining volume suggests weakening trend High volatility detected,0.0,0.0,0.0,5341.0,0.0,0.017,0.025,71.214,0.47166002,0.16263,0.14117,0.0,0.0,8.478,0.0,0.0,0.0,0.0,51.635098,41.766132,8.4983835,39.638,7.235,2.01,919122345984.0,912902062080.0,0.028,0.0,0.0,7.283892,0.235,60.941,0.0,12.4,1773689984.0,0.67658997,0.21794,517.75,-0.8901271433281566,-3.224299065420566,,,661.9039373337285,428.9972997779444,518.1024993896484,506.5911309814453,489.76487121582034,498.8789501953125,517.8870695389061,515.2472651185317,52.05930696812632,2.6398044203743893,2.9581935684698077,-0.3183891480954184,55.379178033382544,50.59488163227572,0.07616576773163798,[],[],2695194.05,471764.0,Decreasing,Uptrend,72.74,Bearish MACD crossover Declining volume suggests weakening trend High volatility detected
OBEROIRLTY,50.18,57.61,53.89,Hold,Strong bearish trend across multiple timeframes Bullish MACD crossover Declining volume suggests weakening trend,0.0,0.0,0.0,1470.0,0.0,-0.297,-0.279,133.905,0.64832,0.49488,0.42358002,0.0,0.0,21.015,0.0,0.0,0.0,0.0,28.639732,48.51465,3.7583,21.15,12.191,0.61,590361788416.0,593558306816.0,-0.279,0.0,0.0,12.125744,0.352,431.924,0.0,33.46,363601984.0,0.67705,0.24094,1622.300048828125,-0.9705715308058749,-2.0882355649776363,,,2335.4835244254705,1448.4807277141135,1627.2799926757812,1758.8437426757812,1725.0533752441406,1801.647495727539,1643.4084861263736,1668.8359622447078,54.10897528381681,-25.427476118334198,-35.15360158204261,9.726125463708414,67.98317959996498,76.83816174156199,0.06421827550628825,[],[],388338.45,81310.0,Decreasing,Strong Downtrend,57.61,Strong bearish trend across multiple timeframes Bullish MACD crossover Declining volume suggests weakening trend
TTKPRESTIG,25.91,81.8,53.85,Sell,Bullish MACD crossover Declining volume suggests weakening trend High volatility detected,0.0,0.0,0.0,1470.0,0.0,0.036,-0.355,199.234,0.41287,0.0357,0.03557,0.0,0.0,9.59,0.0,0.0,0.0,0.0,91.1744,38.61504,4.725233,39.721,3.171,0.94,88797282304.0,86760022016.0,-0.362,0.0,0.0,3.2453368,0.065,137.189,0.0,0.0,136948000.0,0.70954,0.19072,647.5499877929688,1.1559733026144103,-1.0694370377429596,,,954.8625574684929,576.929167627347,640.3949981689453,630.0887060546875,630.5496563720703,687.7368426513672,646.2689063577673,640.120472278405,55.885703204727115,6.148434079362232,5.770145934079746,0.378288145282486,48.20243141718364,56.0081188718892,0.06988409051386486,[],[],75602.05,10124.0,Decreasing,Sideways,81.8,Bullish MACD crossover Declining volume suggests weakening trend High volatility detected
HCLTECH,55.83,51.59,53.71,Hold,Strong bearish trend across multiple timeframes Bullish MACD crossover Declining volume suggests weakening trend,0.0,0.0,0.0,0.0,0.0,0.054,-0.077,5.174,0.34719002,0.16305,0.14229,0.24607,0.13249,9.377,2.264,2.065,2571000064.0,1986625024.0,23.253397,20.707575,483.2226,1399.589,288.283,3.62,3940691214336.0,4042012229632.0,-0.093,0.0,0.0,281.05637,0.23,3.01,0.0,70.24,2709309952.0,0.61254,0.26322,1454.9000244140625,-2.538854714254246,-2.7473245712525074,,,1960.5729817705587,1277.8815451777873,1480.7399963378907,1568.237255859375,1569.740322265625,1651.9769006347656,1484.1674460568192,1503.2504246452766,47.92189938390198,-19.08297858845731,-23.87524280077971,4.792264212322401,41.20834350585938,47.13902595163639,0.041367309230885156,[],[],2911136.65,786632.0,Decreasing,Strong Downtrend,51.59,Strong bearish trend across multiple timeframes Bullish MACD crossover Declining volume suggests weakening trend
LICHSGFIN,49.37,57.74,53.55,Hold,Strong bearish trend across multiple timeframes Bullish MACD crossover Declining volume suggests weakening trend,0.0,0.0,0.0,2352.0,0.0,0.076,0.044,153.687,0.98707,0.77322996,0.65067,0.0,0.0,722.142,0.0,0.0,0.0,0.0,5.541108,8.688833,0.8382166,0.0,34.533,1.78,304734896128.0,2918870941696.0,0.044,0.0,0.0,3.6052594,0.42,660.927,0.0,63.76,550062976.0,0.02338,0.76115996,554.2000122070312,-1.1063547353542313,-2.782337674573976,,,722.8208814566949,475.329321666055,565.9009521484375,586.2073657226563,586.7313079833984,577.1194117736817,563.9422310881557,571.9654596944505,38.13040072384122,-8.023228606294765,-8.136596763827615,0.11336815753285023,23.25630510400008,27.131117870588707,0.05084364452146185,[],[],1677604.25,500999.0,Decreasing,Strong Downtrend,57.74,Strong bearish trend across multiple timeframes Bullish MACD crossover Declining volume suggests weakening trend
NATCOPHARM,56.06,50.82,53.44,Hold,Strong bearish trend across multiple timeframes Bearish MACD crossover Stochastic indicates oversold conditions,0.0,0.0,0.0,0.0,0.0,-0.025,-0.281,245.423,0.83107,0.38633,0.38619,0.0,0.0,3.67,0.0,0.0,0.0,0.0,9.181088,21.080688,2.048553,6.678,2.981,0.94,155852668928.0,131052871680.0,-0.281,0.0,0.0,3.5454903,0.188,424.69,0.0,41.27,179110000.0,0.51265997,0.13032,869.8499755859375,1.7071003315916489,-2.1375935784298195,,,1630.6266548963351,725.1377126890426,902.6875366210937,933.9068603515625,891.3525390625,1028.6017254638673,885.5363280842244,907.575752517729,38.755520282102566,-22.039424433504678,-18.762024102388697,-3.277400331115981,10.47826902537505,11.385447496520063,0.14347371509794912,[],[],513247.8,125853.0,Decreasing,Strong Downtrend,50.82,Strong bearish trend across multiple timeframes Bearish MACD crossover Stochastic indicates oversold conditions
IPCALAB,49.91,56.98,53.44,Hold,Strong bearish trend across multiple timeframes Bullish MACD crossover Declining volume suggests weakening trend,0.0,0.0,0.0,16778.0,0.0,0.103,0.212,360.896,0.65825,0.13701999,0.085030004,0.0,0.0,16.246,0.0,0.0,0.0,0.0,45.602604,29.258099,5.1117277,22.427,4.16,0.28,355185590272.0,380913811456.0,0.213,0.0,0.0,3.878656,0.162,273.88,0.0,47.85,253704000.0,0.45049998,0.41734,1400.699951171875,-2.356225083870689,2.2110278909815317,,,1753.4666317784045,1166.5810746222649,1403.7714050292968,1415.8629467773437,1408.4238818359374,1455.1532513427735,1399.1959331684075,1408.452521012416,52.224417937353486,-9.256587844008436,-12.808925368070536,3.5523375240621,64.63561428306136,61.15916420856248,0.12744235500255094,[],[],191655.4,37472.0,Decreasing,Strong Downtrend,56.98,Strong bearish trend across multiple timeframes Bullish MACD crossover Declining volume suggests weakening trend
PAYTM,26.39,80.35,53.37,Sell,Strong bullish trend across multiple timeframes RSI indicates overbought conditions Bullish MACD crossover,0.0,0.0,0.0,39368.0,0.0,0.277,0.0,114.869,0.29381,-0.03661,0.04137,0.0,0.0,1.07,0.0,0.0,0.0,0.0,264.3067,-255.1927,5.335816,-110.496,9.149,0.0,803558457344.0,669331881984.0,0.0,0.0,0.0,10.983127,-0.718,235.784,0.0,-4.93,638478976.0,0.32575,0.38072,1258.0999755859375,0.3990104618477819,0.8092929155398609,,,1291.5999755859375,534.5499877929688,1152.1024963378907,1038.0679992675782,954.4779998779297,895.4977496337891,1210.5781192401103,1144.27823113428,87.43996818144512,66.29988810583018,58.48696306140568,7.812925044424496,88.46021817054253,91.53837634054584,0.2652423113251329,[],[],6797379.85,1279300.0,Decreasing,Strong Uptrend,80.35,Strong bullish trend across multiple timeframes RSI indicates overbought conditions Bullish MACD crossover
PAGEIND,43.36,63.31,53.34,Hold,Bullish MACD crossover Declining volume suggests weakening trend High volatility detected,0.0,0.0,0.0,20658.0,0.0,0.031,0.215,4459.374,0.57802,0.20361,0.15373999,0.0,0.0,18.605,0.0,0.0,0.0,0.0,64.95132,60.48327,35.375126,48.047,10.164,1.32,497798545408.0,505559056384.0,0.215,0.0,0.0,10.008104,0.101,1261.621,0.0,737.89,11153900.0,0.42887002,0.40424,44640.0,-1.9008900120865868,-1.641511512614302,,,50417.84840921446,38554.311327759584,45583.9009765625,46620.831875,46042.932421875,45152.97470703125,45420.854114542555,45773.11028645498,42.068481128137954,-352.2561719124278,-452.12076661304883,99.86459470062101,58.30164765525982,65.1082356301952,0.11917384151129716,[],[],27023.7,6310.0,Decreasing,Strong Downtrend,63.31,Bullish MACD crossover Declining volume suggests weakening trend High volatility detected
KALYANKJIL,48.39,58.12,53.25,Hold,Strong bearish trend across multiple timeframes RSI indicates oversold conditions Bearish MACD crossover,0.0,0.0,0.0,12534.0,0.0,0.313,0.488,259.434,0.13091,0.05645,0.02991,0.0,0.0,103.243,0.0,0.0,0.0,0.0,65.0,36.187393,10.851698,37.977,2.066,0.3,521831874560.0,553421373440.0,0.486,0.0,0.0,1.9481715,0.126,46.601,0.0,0.0,1031900032.0,0.62778,0.24309999,505.20001220703125,1.3643696616816525,-1.057578110445545,,,795.4000244140625,399.3999938964844,543.7150039672852,560.8899993896484,546.9310000610352,568.1737506103516,520.6077514221695,540.8200424712887,23.797782489835313,-20.212291049119244,-16.173090428813865,-4.03920062030538,6.411876384411438,6.065055297327674,0.3132965803694868,[],[],7058082.35,2953372.0,Decreasing,Strong Downtrend,58.12,Strong bearish trend across multiple timeframes RSI indicates oversold conditions Bearish MACD crossover
ABBOTINDIA,48.89,57.38,53.14,Hold,Bearish MACD crossover Stochastic indicates oversold conditions Declining volume suggests weakening trend,0.0,0.0,0.0,3659.0,0.0,0.116,0.115,3101.217,0.45281,0.24511999,0.22038001,0.0,0.0,4.646,0.0,0.0,0.0,0.0,46.655624,37.835136,15.980335,37.93,9.839,1.49,677413781504.0,648368881664.0,0.115,0.0,0.0,10.279592,0.086,1992.136,0.0,0.0,21249300.0,0.75514,0.07831,31835.0,-0.15681354869060415,-2.3316459579690085,,,36491.75796901832,24977.130415708973,32918.0,33206.1472265625,31678.46515625,30053.672373046877,32391.213811519196,32789.23912085265,41.791044776119406,-398.0253093334577,-240.44233063389106,-157.58297869956664,16.46271413917096,12.54210044548707,0.11208292066241542,[],[],7077.85,1084.0,Decreasing,Sideways,57.38,Bearish MACD crossover Stochastic indicates oversold conditions Declining volume suggests weakening trend
TATACHEM,51.13,54.75,52.94,Hold,Bearish MACD crossover Declining volume suggests weakening trend High volatility detected,0.0,0.0,0.0,4789.0,0.0,-0.018,0.679,581.538,0.6095,0.09922,0.022739999,0.0217,0.0,31.43,0.0,0.0,0.0,0.0,74.31764,18.873125,1.0985874,15.687,2.052,1.18,237228785664.0,304097099776.0,0.68,0.0,0.0,1.6010581,0.484,847.634,0.0,49.34,254756000.0,0.38691002,0.30218,931.2999877929688,-0.42767027180645734,-1.413225668349971,,,1233.062605979803,747.3406277921812,951.9299987792969,941.4860009765625,900.2396350097656,926.6690972900391,942.7655373882806,944.7756979706901,41.049540515460826,-2.010160582409526,0.8438602491229203,-2.8540208315324462,22.607244586486768,22.161021517998787,0.07465918192951128,[],[],501942.35,91892.0,Decreasing,Uptrend,54.75,Bearish MACD crossover Declining volume suggests weakening trend High volatility detected
POWERGRID,53.97,51.77,52.87,Hold,Strong bearish trend across multiple timeframes Bearish MACD crossover Stochastic indicates oversold conditions,0.0,0.0,0.0,0.0,0.0,0.017,-0.025,49.445,1.0,0.53735,0.33551997,0.0,0.0,145.251,0.0,0.0,0.0,0.0,17.296621,12.994828,2.7707608,9.966,8.375,4.2,2570685775872.0,3850806755328.0,-0.025,0.0,0.0,5.590591,0.266,99.756,0.0,21.27,9300599808.0,0.51361,0.35228002,276.6000061035156,-1.178988161817962,-4.091535382349598,,,355.35694963907457,246.2353454650596,285.2705673217773,290.3840557861328,294.3197378540039,293.69378219604494,283.77502195616967,286.55506769907726,34.306022937985034,-2.780045742907589,-2.1514828467287725,-0.6285628961788166,14.71279250270734,18.49787886993411,0.04846067502276194,[],[],9684498.65,3163738.0,Decreasing,Strong Downtrend,51.77,Strong bearish trend across multiple timeframes Bearish MACD crossover Stochastic indicates oversold conditions
TIMKEN,43.24,62.41,52.83,Hold,Bullish MACD crossover Declining volume suggests weakening trend High volatility detected,0.0,0.0,0.0,1282.0,0.0,0.032,0.083,421.883,0.3848,0.15026,0.1435,0.0,0.0,0.584,0.0,0.0,0.0,0.0,48.021126,122.35492,7.69304,36.889,6.817,1.22,218856341504.0,216285020160.0,0.082,0.0,0.0,6.897619,0.36,378.212,0.0,23.78,75218704.0,0.52402997,0.33391997,2910.0,-1.060789871135548,-1.6094162863319772,,,3918.394009322238,2179.442318317679,2983.984973144531,3203.274169921875,3023.4594873046876,2960.347821044922,2964.1546272346754,3043.640627046901,48.95372011200226,-79.4859998122256,-91.55241471157441,12.066414899348814,46.030599303247776,51.84798385867909,0.20897658061372518,[],[],89345.65,5401.0,Decreasing,Strong Downtrend,62.41,Bullish MACD crossover Declining volume suggests weakening trend High volatility detected
CHOLAHLDNG,47.09,58.55,52.82,Hold,Bearish MACD crossover Strong volume supporting price action High volatility detected,0.0,0.0,0.0,48434.0,0.0,0.132,0.055,1003.686,0.75723,0.31213,0.11694,0.0,0.0,650.265,0.0,0.0,0.0,0.0,15.005111,0.0,2.6435308,0.0,11.546,0.07,331261870080.0,2175939510272.0,0.055,0.0,0.0,1.7577126,0.57,666.495,0.0,0.0,187776992.0,0.46939,0.31535,1763.699951171875,-1.1655953392056606,-5.258918441017302,,,2230.063342416436,1356.4152502024224,1849.0242797851563,1975.7158569335938,1920.2148999023439,1729.6089013671874,1842.761495286596,1885.4153684643368,46.180470155872634,-42.65387317774071,-39.26286399092254,-3.3910091868181667,18.72918013378411,33.479942413699405,0.09539975539109107,[],[],220079.2,80434.0,Increasing,Sideways,58.55,Bearish MACD crossover Strong volume supporting price action High volatility detected
BANDHANBNK,41.77,63.44,52.61,Hold,Bullish MACD crossover Declining volume suggests weakening trend High volatility detected,0.0,0.0,0.0,75032.0,0.0,-0.224,-0.65,62.195,0.0,0.22322,0.205,0.0,0.0,0.0,0.0,0.0,0.0,0.0,12.912157,5.157582,1.0797322,0.0,3.031,0.9,265214001152.0,303682355200.0,-0.65,0.0,0.0,2.6472628,0.445,152.473,0.0,31.92,1610969984.0,0.46769002,0.26419002,164.5399932861328,-0.7958563362843507,-5.5887110175497074,,,213.48972540941415,126.99983993801509,167.1090950012207,174.4888754272461,169.39547119140624,161.28628295898437,168.97444783980703,170.1066805280626,52.36170789300507,-1.1322326882555842,-1.4488050833920083,0.3165723951364241,39.14858750987452,58.10779286454025,0.10575805647166735,[],[],4008375.45,624796.0,Decreasing,Sideways,63.44,Bullish MACD crossover Declining volume suggests weakening trend High volatility detected
SUPREMEIND,29.86,75.25,52.55,Sell,Strong bullish trend across multiple timeframes RSI indicates overbought conditions Bullish MACD crossover,0.0,0.0,0.0,5374.0,0.0,-0.01,-0.26,820.289,0.30936,0.08656,0.0854,0.0,0.0,1.339,0.0,0.0,0.0,0.0,65.76797,104.2841,10.3298855,41.76,5.494,0.74,585228943360.0,572388540416.0,-0.26,0.0,0.0,5.6152935,0.369,445.61,0.0,44.14,127027000.0,0.49164,0.30607,4600.0,0.5596383832365381,1.2858882571780805,,,5571.778909144303,3078.275178277414,4386.669995117188,4329.67306640625,4045.209626464844,4082.202145996094,4502.945052335247,4404.66450267448,70.87262764857071,98.28054966076706,70.13042406862675,28.150125592140313,88.76613934157315,90.81878871030938,0.15002034236784312,[],[],165586.1,42574.0,Decreasing,Strong Uptrend,75.25,Strong bullish trend across multiple timeframes RSI indicates overbought conditions Bullish MACD crossover
CGPOWER,43.19,61.72,52.45,Hold,Strong bearish trend across multiple timeframes Bullish MACD crossover Strong volume supporting price action,0.0,0.0,0.0,0.0,0.0,0.292,0.114,69.052,0.29497,0.11734,0.094960004,0.0,0.0,1.018,0.0,0.0,0.0,0.0,100.56231,70.46858,26.318512,77.135,9.584,0.19,1041912823808.0,1012011761664.0,0.116,0.0,0.0,9.867355,0.561,25.142,0.0,9.39,1574599936.0,0.58693004,0.18295,661.7999877929688,-1.4151646317219657,-1.846497917246015,,,872.9628592880013,516.7217530215826,669.6049987792969,673.2369970703126,662.0649987792968,664.4200918579102,671.3247233493544,671.4719967480949,37.895408766371936,-0.14727339874048084,-0.19417687792170477,0.04690347918122392,45.48288796015661,62.60958530591006,0.05270801608412281,[],[],2512651.7,473276.0,Increasing,Strong Downtrend,61.72,Strong bearish trend across multiple timeframes Bullish MACD crossover Strong volume supporting price action
HAVELLS,25.44,79.32,52.38,Sell,Strong bearish trend across multiple timeframes Bullish MACD crossover Strong volume supporting price action,0.0,0.0,0.0,7532.0,0.0,-0.06,-0.145,342.072,0.32886,0.07514,0.0659,0.0,0.0,3.819,0.0,0.0,0.0,0.0,67.48442,48.64249,11.416154,46.182,4.3,0.66,950256009216.0,921401032704.0,-0.148,0.0,0.0,4.434812,0.382,132.768,0.0,31.16,626942016.0,0.63587004,0.22601,1515.0999755859375,-0.18446859365496282,-3.36756476854172,,,2092.610206213487,1376.0090566150764,1513.839990234375,1531.573994140625,1544.4530737304688,1564.9684301757814,1529.16911043401,1525.4244170106817,56.20301539015762,3.744693423328272,0.1336877370757058,3.611005686252566,61.459921330373476,71.45652010229647,0.09332758013543116,[],[],928273.1,148461.0,Increasing,Downtrend,79.32,Strong bearish trend across multiple timeframes Bullish MACD crossover Strong volume supporting price action
SONATSOFTW,42.26,62.51,52.38,Hold,Bullish MACD crossover Declining volume suggests weakening trend High volatility detected,0.0,0.0,0.0,6414.0,0.0,0.173,0.037,381.568,0.13619,0.045050003,0.040430002,0.0,0.0,30.248,0.0,0.0,0.0,0.0,23.689163,17.195007,5.941472,15.208,0.939,1.55,101483536384.0,99469467648.0,0.035,0.0,0.0,0.95784366,0.4,61.441,0.0,21.23,277656000.0,0.42006,0.32445,364.54998779296875,0.08235766450754856,-2.0948081597126134,,,687.5993440081212,282.45617737789513,364.54095764160155,394.16246032714844,385.00187530517576,450.9315821838379,368.28906732894177,376.0203991352975,56.98031307124864,-7.73133180635574,-10.412346673189756,2.6810148668340155,57.32700566431553,66.4499745618202,0.19889303735463493,[],[],4041699.4,348018.0,Decreasing,Downtrend,62.51,Bullish MACD crossover Declining volume suggests weakening trend High volatility detected
VOLTAS,23.04,81.35,52.19,Sell,Bullish MACD crossover Declining volume suggests weakening trend High volatility detected,0.0,0.0,0.0,1912.0,0.0,-0.2,-0.579,436.255,0.22722,0.04064,0.04488,0.0,0.0,13.638,0.0,0.0,0.0,0.0,69.0481,39.8582,6.854193,47.98,3.035,0.52,446430019584.0,437929312256.0,-0.58,0.0,0.0,3.093688,0.02,196.843,0.0,33.85,330884992.0,0.34837002,0.38974,1349.5,0.1632859119828911,-1.4819716823263218,,,1934.1035964872967,1128.6994082869699,1323.8649963378907,1335.0926098632813,1298.8985021972655,1417.4327520751954,1340.186179680328,1333.8104556548706,57.11981902662799,6.37572402545743,0.9271250429337863,5.448598982523643,75.83256966778517,77.03776101907765,0.11543592270152166,[],[],1069636.65,129337.0,Decreasing,Downtrend,81.35,Bullish MACD crossover Declining volume suggests weakening trend High volatility detected
SBICARD,40.34,63.89,52.12,Hold,Bullish MACD crossover Declining volume suggests weakening trend High volatility detected,0.0,0.0,0.0,4098.0,0.0,0.089,-0.066,107.682,0.2616,0.27589,0.18332,0.0,0.0,326.132,0.0,0.0,0.0,0.0,40.866264,24.639584,5.5636406,0.0,11.697,0.31,767738773504.0,1198247247872.0,-0.065,0.0,0.0,7.4947557,0.284,144.995,0.0,32.74,951528000.0,0.68587995,0.22182,806.5999755859375,-1.1156107006143001,-1.4056961671174095,,,1027.25,657.8345140590833,805.9774963378907,874.0739953613281,892.5394982910157,829.2138104248047,813.9391527118701,828.9182715090625,57.288309893983225,-14.979118797192427,-20.907939637196822,5.928820840004395,67.35021035269175,77.06444291453212,0.06114928595903524,[],[],681091.6,380862.0,Decreasing,Sideways,63.89,Bullish MACD crossover Declining volume suggests weakening trend High volatility detected
IRCTC,48.34,55.68,52.01,Hold,Strong bearish trend across multiple timeframes Bullish MACD crossover Strong volume supporting price action,0.0,0.0,0.0,1393.0,0.0,0.035,0.073,58.934,0.37948,0.33233002,0.28364,0.0,0.0,2.451,0.0,0.0,0.0,0.0,42.429684,34.484436,15.483054,35.649,11.703,1.67,567199989760.0,552001404928.0,0.075,0.0,0.0,12.0249405,0.097,45.792,0.0,20.56,800000000.0,0.62397,0.17396,709.0,-1.1502265597769235,-2.902309387917701,,,947.0931852909921,655.0960495884809,723.5797729492188,749.5499877929688,756.5401959228516,760.6939172363282,722.1437260141557,731.124956483272,33.92112254450882,-8.981230469116213,-9.432964863272051,0.4517343941558387,13.276929572193714,25.44710264055277,0.03165163803873902,[],[],697860.15,371138.0,Increasing,Strong Downtrend,55.68,Strong bearish trend across multiple timeframes Bullish MACD crossover Strong volume supporting price action
ADANIENT,40.53,63.2,51.87,Hold,Bullish MACD crossover Declining volume suggests weakening trend High volatility detected,0.0,0.0,0.0,11571.0,0.0,-0.138,-0.511,816.548,0.48520002,0.09227,0.06758,0.14343001,0.0,162.597,0.0,0.0,0.0,0.0,42.313076,34.95246,5.560598,27.132,3.746,0.06,2652372467712.0,3536065396736.0,-0.495,0.0,0.0,2.8102062,0.71,413.193,0.0,0.0,1154179968.0,0.77475,0.15343,2299.300048828125,1.2015866561674748,-3.678105032726975,,,3209.359124234907,2023.9650760561603,2327.6599975585937,2472.8320068359376,2457.9084887695312,2420.935030517578,2325.5543960942005,2374.2169957902547,49.89845641856582,-48.66259969605426,-53.93091310526891,5.268313409214649,52.48754582276857,58.33340276362603,0.1298694513114332,[],[],976825.5,211825.0,Decreasing,Strong Downtrend,63.2,Bullish MACD crossover Declining volume suggests weakening trend High volatility detected
DMART,21.77,81.08,51.42,Sell,Strong bullish trend across multiple timeframes RSI indicates overbought conditions Bullish MACD crossover,0.0,0.0,0.0,16959.0,0.0,0.163,-0.001,947.321,0.1479,0.06524,0.043909997,0.0,0.0,3.825,0.0,0.0,0.0,0.0,113.76386,90.323326,14.330639,66.67,4.985,0.0,3072240648192.0,3073308098560.0,-0.001,0.0,0.0,4.9834714,0.431,329.448,0.0,52.27,650732992.0,0.77635,0.1271,4712.7001953125,-0.07844345492017402,-0.5318750406437256,,,5484.85009765625,3340.0,4424.969995117188,4274.379975585937,4205.588984375,3953.058742675781,4577.144000911145,4422.895944531981,80.37954498469668,154.24805637916415,117.25666184495373,36.99139453421043,89.16318416779251,90.30676611710301,0.1921990930568107,[],[],749629.65,295313.0,Decreasing,Strong Uptrend,81.08,Strong bullish trend across multiple timeframes RSI indicates overbought conditions Bullish MACD crossover
FACT,21.44,81.17,51.3,Sell,Bullish MACD crossover Declining volume suggests weakening trend High volatility detected,0.0,0.0,0.0,0.0,0.0,0.739,0.0,70.791,0.28468,0.01633,0.02096,0.0,0.0,131.658,0.0,0.0,0.0,0.0,650.20685,0.0,44.627476,328.457,12.922,0.1,610059485184.0,580729241600.0,0.0,0.0,0.0,13.574676,0.445,21.126,0.0,0.0,647072000.0,0.0,0.00127,942.7999877929688,-2.3713393522411086,-7.062942831276741,,,1112.0,565.0,963.0024963378906,963.49599609375,902.8619970703126,874.467749633789,975.279235708281,966.952416662119,50.28292914373829,8.326819046161972,7.8296155777479814,0.497203468413991,54.531256357828795,70.37175353452223,0.13330153661670127,[],[],605764.25,127157.0,Decreasing,Sideways,81.17,Bullish MACD crossover Declining volume suggests weakening trend High volatility detected
ABFRL,20.47,82.07,51.27,Sell,Bullish MACD crossover Stochastic indicates overbought conditions Strong volume supporting price action,0.0,0.0,0.0,0.0,0.0,-0.466,0.0,69.081,0.5773,-0.11135,-0.056760002,0.0,0.0,73.632,0.0,0.0,0.0,0.0,0.0,42.842106,1.3438774,7.299,1.589,0.0,98980773888.0,119358783488.0,0.0,0.0,0.0,1.3176408,-0.357,60.571,0.0,1.9,1215980032.0,0.53962004,0.21841,81.43000030517578,-1.3686982640909062,6.779436171152553,,,364.3999938964844,70.55000305175781,76.51050033569337,76.06039978027344,135.74029983520506,204.98255027770995,78.62634072813275,78.17095255106432,65.4443826969655,0.4553881770684285,-0.836671362061522,1.2920595391299505,85.75756664994367,83.95425078819939,0.14328915483231197,[],[],12174679.7,2655038.0,Increasing,Sideways,82.07,Bullish MACD crossover Stochastic indicates overbought conditions Strong volume supporting price action
ITC,60.09,42.4,51.25,Buy,Strong bearish trend across multiple timeframes Bearish MACD crossover Declining volume suggests weakening trend,0.0,0.0,0.0,22041.0,0.0,0.165,0.027,63.174,0.54919,0.29744,0.44154,0.0,0.0,0.405,0.0,0.0,0.0,0.0,25.169493,21.158312,7.1648116,18.438,6.135,3.89,5022580473856.0,4849227792384.0,0.03,0.0,0.0,6.3544536,0.057,55.961,0.0,18.95,12526699520.0,0.29444,0.48560002,400.79998779296875,-0.6322098108243135,-1.292944257561901,,,510.8746565677832,383.09149195819776,409.7325012207031,413.7410015869141,416.7742510986328,422.8820347595215,405.67975324350914,409.4695716203339,34.699477700548314,-3.789818376824769,-2.7065342887773998,-1.0832840880473693,20.877576285345757,15.221831198604042,0.05998203312596929,[],[],13238398.6,2208343.0,Decreasing,Strong Downtrend,42.4,Strong bearish trend across multiple timeframes Bearish MACD crossover Declining volume suggests weakening trend
SOLARINDS,47.98,54.5,51.24,Hold,Bearish MACD crossover Declining volume suggests weakening trend High volatility detected,0.0,0.0,0.0,2403.0,0.0,0.271,0.182,885.149,0.47647,0.22227,0.15751,0.0,0.0,21.491,0.0,0.0,0.0,0.0,100.98222,459.39334,29.057293,64.523,16.079,0.07,1274553040896.0,1287946895360.0,0.182,0.0,0.0,15.912202,-0.172,484.732,0.0,30.66,90490096.0,0.7315,0.15037,14087.0,-1.0257851471931478,-2.5997372605960023,,,17809.339853072794,8477.425518411364,14614.75,15484.0605078125,14813.580595703124,12331.328974609374,14568.63181246477,14790.17343292039,36.998597475455824,-221.54162045562043,-211.84007138911272,-9.70154906650771,19.025892526296953,39.16558556022682,0.10019921380787697,[],[],130359.15,21765.0,Decreasing,Sideways,54.5,Bearish MACD crossover Declining volume suggests weakening trend High volatility detected
TATAPOWER,47.39,54.86,51.12,Hold,Bearish MACD crossover Declining volume suggests weakening trend High volatility detected,0.0,0.0,0.0,22572.0,0.0,0.043,0.092,206.922,0.35639,0.16513,0.06131,0.0,0.0,148.176,0.0,0.0,0.0,0.0,29.523247,21.879456,3.3272645,12.467,2.685,0.6,1197767262208.0,1777740808192.0,0.092,0.0,0.0,1.808778,0.589,112.6,0.0,0.0,3195340032.0,0.47244,0.19814,374.3999938964844,-0.8868315297195561,-4.135192523689312,,,491.9546624593605,324.4405281971199,386.4124954223633,395.2169635009766,391.5406127929688,385.2620703125,384.0352919921562,388.3945547351233,35.50067424327206,-4.359262742967076,-3.6262202586359544,-0.7330424843311212,21.028934648892147,36.9988893047159,0.06433245053934192,[],[],4472111.4,1384362.0,Decreasing,Strong Downtrend,54.86,Bearish MACD crossover Declining volume suggests weakening trend High volatility detected
LTTS,40.58,61.61,51.09,Hold,Strong bearish trend across multiple timeframes Bullish MACD crossover Strong volume supporting price action,0.0,0.0,0.0,21028.0,0.0,0.164,0.007,1046.067,0.45492,0.13304,0.11457,0.0,0.0,9.473,0.0,0.0,0.0,0.0,35.893154,29.107155,7.4881973,25.397,3.961,1.27,455296909312.0,438626680832.0,0.007,0.0,0.0,4.111293,0.213,574.237,0.0,147.73,105883000.0,0.74104,0.14608,4300.0,-0.5780346820809301,1.5684027969602,,,5928.154144346198,3931.1564735945385,4240.105053710938,4302.548037109375,4305.786037597656,4642.079322509766,4266.196990374503,4266.794155248819,53.80297531885996,-0.5971648743161495,-21.288815158680663,20.691650284364513,70.57434631897523,77.16892413997986,0.06384369820291266,[],[],44746.75,6017.0,Increasing,Downtrend,61.61,Strong bearish trend across multiple timeframes Bullish MACD crossover Strong volume supporting price action
HAPPSTMNDS,40.69,61.47,51.08,Hold,Strong bearish trend across multiple timeframes Bullish MACD crossover Strong volume supporting price action,0.0,0.0,0.0,4886.0,0.0,0.358,-0.341,142.538,0.32516,0.23209,0.08885,0.0,0.0,0.0,0.0,0.0,0.0,0.0,45.654575,25.743193,5.516538,0.0,0.0,1.2,86884786176.0,0.0,-0.288,0.0,0.0,4.0469503,0.096,104.939,0.0,0.0,150047008.0,0.46258998,0.15614,577.4500122070312,-0.7135425641525028,-2.4165589848700875,,,825.5626854429854,516.4392664977645,591.8924987792968,614.4729992675781,602.6028778076172,651.9226248168945,588.7334780990988,596.3695408320071,39.14327211487229,-7.636062732908385,-8.023972171385548,0.38790943847716264,16.58331976996527,24.796278211805543,0.07832020277738819,[],[],315986.45,45339.0,Increasing,Strong Downtrend,61.47,Strong bearish trend across multiple timeframes Bullish MACD crossover Strong volume supporting price action
AJANTPHARM,53.81,48.22,51.02,Hold,Strong bearish trend across multiple timeframes Bearish MACD crossover Declining volume suggests weakening trend,0.0,0.0,0.0,9628.0,0.0,0.138,0.046,384.735,0.76052004,0.25733,0.19351,0.0,0.0,1.343,0.0,0.0,0.0,0.0,33.887844,25.443192,8.37572,24.643,6.628,2.09,315588345856.0,318508367872.0,0.039,0.0,0.0,6.5667815,0.172,301.586,0.0,99.28,124936000.0,0.66389,0.21618,2527.0,-2.0200882355669636,-5.838951970150386,,,3453.641070368612,2327.300048828125,2654.525,2655.4519921875,2626.462985839844,2700.324743652344,2631.271939539821,2654.046324062083,48.2717376271393,-22.774384522262153,-7.839032686682619,-14.935351835579535,25.366561555177654,39.18616347001767,0.10300308421541404,[],[],73040.25,29184.0,Decreasing,Strong Downtrend,48.22,Strong bearish trend across multiple timeframes Bearish MACD crossover Declining volume suggests weakening trend
CLEDUCATE,29.22,72.46,50.84,Sell,Strong bullish trend across multiple timeframes RSI indicates overbought conditions Bullish MACD crossover,0.0,0.0,0.0,0.0,0.0,0.55,0.0,77.066,0.26089,0.06018,-0.04724,0.0,0.0,97.872,0.0,0.0,0.0,0.0,0.0,0.0,2.4483643,23.375,1.649,0.0,6216713728.0,6770986496.0,0.0,0.0,0.0,1.5142728,-0.437,46.77,0.0,0.0,54224000.0,0.63533,0.04533,115.08999633789062,-0.3118238370443227,5.742374320371213,,,136.97999572753906,67.5,99.71700019836426,95.67959991455078,92.05379989624024,97.70944999694824,108.31890738124699,102.0074798475862,87.09457489360119,6.31142753366079,4.277207670894956,2.034219862765834,88.1106443315194,88.0920514975514,0.42895932330958086,[],[],184756.7,31673.0,Decreasing,Strong Uptrend,72.46,Strong bullish trend across multiple timeframes RSI indicates overbought conditions Bullish MACD crossover
LICI,46.53,55.07,50.8,Hold,Bearish MACD crossover Declining volume suggests weakening trend High volatility detected,0.0,0.0,0.0,91606.0,0.0,0.062,0.039,1432.314,0.11715,0.058579996,0.05703,0.0,0.0,0.001,0.0,0.0,0.0,0.0,11.395742,14.502644,4.363432,7.273,0.544,1.35,5551452848128.0,4920582340608.0,0.031,0.0,0.0,0.6141908,0.529,201.149,0.0,60.52,6325000192.0,0.965,0.0125,878.2999877929688,-1.1313095141742946,-2.3405780134985177,,,1080.6707012340075,705.9394661389632,894.3699920654296,911.3867810058593,877.5620587158203,856.813562927246,891.8090237546257,897.2646737583545,44.18510860813877,-5.455650003728806,-4.804700020176809,-0.650949983551997,23.888858748070977,29.825067716370867,0.04283760407590905,[],[],1073002.25,281912.0,Decreasing,Sideways,55.07,Bearish MACD crossover Declining volume suggests weakening trend High volatility detected
COLPAL,40.23,61.35,50.79,Hold,Strong bearish trend across multiple timeframes Bullish MACD crossover Strong volume supporting price action,0.0,0.0,0.0,2198.0,0.0,-0.042,-0.119,219.792,0.68544,0.28941,0.23312001,0.0,0.0,3.655,0.0,0.0,0.0,0.0,44.452698,37.063232,37.161953,32.519,10.291,2.36,618550525952.0,615169785856.0,-0.119,0.0,0.0,10.347945,0.315,61.197,0.0,61.36,271985984.0,0.5142,0.19028,2274.800048828125,-0.40716467888898267,-3.4670040811319747,,,3818.084124653987,2151.0,2250.0000122070314,2328.0440087890624,2422.6575341796874,2529.9095056152346,2273.202292867034,2280.9553547044893,54.403340871285494,-7.753061837455334,-20.90191244096892,13.148850603513587,59.70817132296467,65.61702448956733,0.08988521173090307,[],[],584102.95,197377.0,Increasing,Downtrend,61.35,Strong bearish trend across multiple timeframes Bullish MACD crossover Strong volume supporting price action
CAMS,44.07,57.46,50.77,Hold,Strong bearish trend across multiple timeframes Bullish MACD crossover Declining volume suggests weakening trend,0.0,0.0,0.0,7932.0,0.0,0.069,0.004,292.868,0.65462995,0.37678,0.32595003,0.0,0.0,7.911,0.0,0.0,0.0,0.0,38.858135,32.58803,16.3166,28.531,12.336,1.18,182755557376.0,178287132672.0,0.008,0.0,0.0,12.645407,0.154,226.291,0.0,0.0,49496400.0,0.03767,0.59069,3688.699951171875,-1.0063872173098565,-3.9851136371074403,,,5301.947964899499,3008.406776566888,3802.8531860351563,4012.0070556640626,3945.9557177734373,4051.2011779785157,3814.463062414207,3873.6847886348633,40.616769384357305,-59.221726220656365,-59.582249389706014,0.36052316904964954,27.784664798794054,55.29139550368175,0.07893104634303985,[],[],410283.1,75172.0,Decreasing,Strong Downtrend,57.46,Strong bearish trend across multiple timeframes Bullish MACD crossover Declining volume suggests weakening trend
SYNGENE,46.81,54.02,50.42,Hold,Bearish MACD crossover Declining volume suggests weakening trend High volatility detected,0.0,0.0,0.0,6533.0,0.0,0.107,0.144,92.684,0.68193,0.114350006,0.13608,0.0,0.0,12.226,0.0,0.0,0.0,0.0,50.84591,37.9911,5.443916,24.644,6.767,0.19,257130971136.0,252225110016.0,0.145,0.0,0.0,6.898771,0.023,117.59,0.0,16.85,401672992.0,0.53104,0.32027,640.4500122070312,-1.2869876299384186,-4.045246760985166,,,958.7403573186607,598.3893124980021,673.3225006103515,660.1867370605469,659.1695751953125,726.5251104736328,662.1816088067111,665.8364163906359,37.51003771927331,-3.6548075839248213,0.010788293801810234,-3.6655958777266315,20.12213554334789,30.58924029312226,0.14762151636378276,[],[],736893.25,444508.0,Decreasing,Strong Downtrend,54.02,Bearish MACD crossover Declining volume suggests weakening trend High volatility detected
BHARATFORG,48.08,52.45,50.27,Hold,Strong bearish trend across multiple timeframes Bearish MACD crossover Strong volume supporting price action,0.0,0.0,0.0,3972.0,0.0,-0.048,0.36,315.703,0.55280995,0.11431,0.06848,0.0,0.0,72.742,0.0,0.0,0.0,0.0,51.666664,30.493187,5.781998,22.61,3.902,0.76,535029383168.0,582319931392.0,0.399,0.0,0.0,3.584689,0.49,193.549,0.0,0.0,478088992.0,0.45683998,0.40418,1119.5999755859375,-0.24058390133786522,-3.39115091899278,,,1618.6236122634707,914.8537033202958,1157.425,1216.1161474609376,1196.0101147460937,1202.866470336914,1148.5652951797654,1170.6731800444338,45.74375741290817,-22.10788486466845,-20.12051635565157,-1.9873685090168784,25.586159554192324,29.95811393093743,0.08021010177580484,[],[],1000478.7,216186.0,Increasing,Strong Downtrend,52.45,Strong bearish trend across multiple timeframes Bearish MACD crossover Strong volume supporting price action
SKFINDIA,37.3,63.11,50.2,Sell,Bullish MACD crossover Declining volume suggests weakening trend High volatility detected,0.0,0.0,0.0,1727.0,0.0,0.064,-0.255,1010.99,0.37258,0.112799995,0.105100006,0.0,0.0,0.266,0.0,0.0,0.0,0.0,42.71874,31.821175,8.659165,30.368,4.363,0.32,224962674688.0,218017431552.0,-0.256,0.0,0.0,4.50209,0.323,525.501,0.0,0.0,49438000.0,0.53116,0.29282,4554.2998046875,0.0439338375284537,0.7566139309389097,,,5563.873386939384,3530.7663158911523,4608.5050048828125,4747.412666015625,4498.513725585937,4376.137501220703,4554.447837473434,4627.9330911627,31.723262073860468,-73.48525368926585,-77.01639918266488,3.5311454933990376,38.24101595266455,29.548450535679354,0.1389661046745334,[],[],24046.4,4167.0,Decreasing,Sideways,63.11,Bullish MACD crossover Declining volume suggests weakening trend High volatility detected
GUJGASLTD,44.82,55.38,50.1,Hold,Strong bearish trend across multiple timeframes Bullish MACD crossover Strong volume supporting price action,0.0,0.0,0.0,0.0,0.0,-0.13,-0.008,231.121,0.20603001,0.10035,0.07199,0.0,0.0,1.767,0.0,0.0,0.0,0.0,25.51714,14.978822,3.4424715,15.501,1.827,1.37,292118298624.0,290682437632.0,-0.009,0.0,0.0,1.8363512,0.234,123.269,0.0,28.33,688390016.0,0.74987,0.16045,424.6499938964844,-0.16457322134395547,-1.7468806333421072,,,684.0952539687155,360.25,429.46499786376955,453.3709985351563,454.5939990234375,456.66199951171876,430.14748256192456,437.532993190639,45.33620017966335,-7.385510628714428,-8.578186238398619,1.1926756096841906,37.06374755694224,45.355836652460574,0.06249009403651317,[],[],243419.05,26375.0,Increasing,Strong Downtrend,55.38,Strong bearish trend across multiple timeframes Bullish MACD crossover Strong volume supporting price action
FEDERALBNK,44.93,54.91,49.92,Hold,Bearish MACD crossover Declining volume suggests weakening trend High volatility detected,0.0,0.0,0.0,15545.0,0.0,0.018,-0.111,55.195,0.0,0.38036,0.29911,0.0,0.0,0.0,0.0,0.0,0.0,0.0,11.689106,16.33875,1.3587826,0.0,3.632,0.62,469374861312.0,491701305344.0,-0.106,0.0,0.0,3.4668255,0.338,140.567,0.0,11.69,2457459968.0,0.087510005,0.59464,190.99000549316406,-0.7637956819198211,-3.7874033173293187,,,218.67621963798794,171.62108444662016,196.17296676635743,204.47082641601563,201.3208915710449,197.15242469787597,195.51349625379646,198.49485630407023,34.957784830829894,-2.9813600502737643,-2.911189873210161,-0.0701701770636034,13.797530128780187,37.944919016416655,0.05930014155558935,[],[],7696311.1,1559825.0,Decreasing,Strong Downtrend,54.91,Bearish MACD crossover Declining volume suggests weakening trend High volatility detected
NTPC,51.01,48.83,49.92,Hold,Strong bearish trend across multiple timeframes Bearish MACD crossover Declining volume suggests weakening trend,0.0,0.0,0.0,16646.0,0.0,-0.03,0.097,192.524,0.44237998,0.16983,0.12835,0.0,0.0,130.856,0.0,0.0,0.0,0.0,18.178825,13.756745,1.7456254,10.791,3.046,3.48,3213956743168.0,5686618488832.0,0.098,0.0,0.0,1.7216899,0.301,189.846,0.0,24.09,9696669696.0,0.53025,0.36596,331.6000061035156,-0.48019389102587073,-3.0409338878609304,,,442.2557615548011,292.79998779296875,335.6625,336.72600158691404,341.1015008544922,339.00570526123045,335.9824053184584,336.4587554395031,49.320653075305344,-0.4763501210446748,-0.14948476629983926,-0.3268653547448355,35.45653872619339,48.27467743178526,0.04217456115531054,[],[],9002910.8,1678790.0,Decreasing,Strong Downtrend,48.83,Strong bearish trend across multiple timeframes Bearish MACD crossover Declining volume suggests weakening trend
HONAUT,38.69,60.51,49.6,Sell,Bullish MACD crossover Stochastic indicates overbought conditions Declining volume suggests weakening trend,0.0,0.0,0.0,3140.0,0.0,0.232,-0.087,4991.008,0.37201,0.10827,0.11597,0.0,0.0,2.499,0.0,0.0,0.0,0.0,66.98924,122.973404,8.502811,54.837,6.87,0.28,343360438272.0,303110291456.0,-0.087,0.0,0.0,7.7818923,0.448,4567.313,0.0,315.8,8841520.0,0.75171995,0.13951,38835.0,2.494061757719712,1.7022390991226821,,,52604.702171000885,30939.54399954985,37605.5,38819.1,37511.14541015625,38019.49818359375,37934.538323503955,38103.34414572124,65.96675415573054,-168.805822217284,-393.93365383955023,225.12783162226623,81.97056030389363,80.17598061928362,0.09900838743794615,[],[],2866.45,3676.0,Decreasing,Strong Uptrend,60.51,Bullish MACD crossover Stochastic indicates overbought conditions Declining volume suggests weakening trend
GMMPFAUDLR,27.36,71.81,49.59,Sell,Strong bullish trend across multiple timeframes RSI indicates oversold conditions Bearish MACD crossover,0.0,0.0,0.0,744.0,0.0,0.012,-0.559,713.736,0.56648,0.08211,0.01275,0.0,0.0,82.593,0.0,0.0,0.0,0.0,131.14879,23.185686,5.268941,17.928,1.814,0.17,53982015488.0,58203045888.0,-0.559,0.0,0.0,1.6827102,0.09,227.503,0.0,0.0,44957200.0,0.41474,0.2201,1200.0,-0.24108607159394335,-4.6938270774276365,,,1527.5657259480338,990.3417291023092,1289.5999938964844,1269.736318359375,1181.7089624023438,1176.295054626465,1247.4318406753246,1267.3909564402743,24.51112151032048,-19.95911576494973,-5.580804761298936,-14.378311003650794,6.277565902362158,4.77670373112461,0.19432015940955694,[],[],68468.4,28852.0,Decreasing,Uptrend,71.81,Strong bullish trend across multiple timeframes RSI indicates oversold conditions Bearish MACD crossover
APLLTD,50.36,48.41,49.38,Hold,Strong bearish trend across multiple timeframes Bearish MACD crossover Declining volume suggests weakening trend,0.0,0.0,0.0,16571.0,0.0,0.095,0.148,347.141,0.72232,0.12134,0.08842,0.0,0.0,24.232,0.0,0.0,0.0,0.0,30.58431,21.59885,3.5577562,19.003,2.871,1.17,184680775680.0,195807363072.0,0.146,0.0,0.0,2.7075083,0.467,264.085,0.0,43.5,196563008.0,0.70453,0.16514999,939.8499755859375,0.3577122889415474,-4.316622490614663,,,1289.562796062957,717.2260087371483,961.6774993896485,975.6221752929688,945.2028656005859,948.0047073364258,961.3759318081225,967.7082142351279,47.47898205286397,-6.3322824270054525,-5.032290249816599,-1.2999921771888534,41.08262591888934,54.99090984696888,0.0840672233019171,[],[],93655.4,228643.0,Decreasing,Strong Downtrend,48.41,Strong bearish trend across multiple timeframes Bearish MACD crossover Declining volume suggests weakening trend
STARHEALTH,25.59,73.02,49.3,Sell,Bearish MACD crossover Declining volume suggests weakening trend High volatility detected,0.0,0.0,0.0,0.0,0.0,0.109,-0.175,281.525,0.20752001,0.08327,0.03566,0.0,0.0,6.608,0.0,0.0,0.0,0.0,43.91129,25.263641,3.1236107,0.0,1.534,0.0,256039583744.0,253517545472.0,-0.177,0.0,0.0,1.5489969,0.058,139.454,0.0,0.0,587785984.0,0.62391,0.25179002,435.75,0.1609038562631504,-0.12605725609823315,,,647.0,327.29998779296875,438.94249572753904,432.7159997558594,424.3729992675781,428.67300033569336,438.86679225670827,437.49666594929124,54.24322085894484,1.3701263074170242,1.8042944755089885,-0.43416816809196423,34.34063715236295,43.1326556694547,0.048036251120810676,[],[],1014303.6,103112.0,Decreasing,Uptrend,73.02,Bearish MACD crossover Declining volume suggests weakening trend High volatility detected
GAIL,40.87,57.61,49.24,Hold,Strong bearish trend across multiple timeframes Bullish MACD crossover Declining volume suggests weakening trend,0.0,0.0,0.0,5010.0,0.0,0.016,-0.256,216.597,0.17745,0.07579,0.08167,0.0,0.0,25.335,0.0,0.0,0.0,0.0,9.717514,10.195613,1.330425,8.983,0.927,4.37,1130913726464.0,1320759853056.0,-0.256,0.0,0.0,0.7937551,0.668,129.282,0.0,16.87,6575079936.0,0.58984,0.24789,171.97999572753906,0.1980868906430011,-3.4471140567957304,,,234.72022292857122,149.6568887751788,174.06978454589844,180.75878448486327,183.85210403442383,179.64494758605957,174.58122657930235,176.490845408996,55.65881978991383,-1.9096188296936418,-2.230487272787834,0.3208684430941924,48.79184488489083,63.243619860894455,0.06431034183915893,[],[],9288958.05,2850339.0,Decreasing,Strong Downtrend,57.61,Strong bearish trend across multiple timeframes Bullish MACD crossover Declining volume suggests weakening trend
NESTLEIND,30.54,67.46,49.0,Sell,Bullish MACD crossover Strong volume supporting price action High volatility detected,0.0,0.0,0.0,8419.0,0.0,0.059,-0.133,105.984,0.55291003,0.1851,0.1521,0.0,0.0,29.106,0.0,0.0,0.0,0.0,71.758514,59.77754,55.727066,48.965,11.023,1.72,2234718617600.0,2251997315072.0,-0.134,0.0,0.0,10.937963,0.239,20.796,0.0,0.0,1928310016.0,0.62913,0.16228001,1158.5,-0.3183575397799898,-2.671599388694712,,,1359.8399081411658,1043.2536856060474,1133.7425048828125,1168.75044921875,1174.4966809082032,1133.3732159423828,1150.556159468104,1151.2040883881436,60.04800745610307,-0.6479289200397034,-7.695690628457365,7.047761708417662,67.71504757086699,70.38748035760085,0.10383480636771157,[],[],1311681.25,215352.0,Increasing,Sideways,67.46,Bullish MACD crossover Strong volume supporting price action High volatility detected
GRINDWELL,35.85,61.34,48.59,Sell,Strong bearish trend across multiple timeframes Bullish MACD crossover Strong volume supporting price action,0.0,0.0,0.0,2429.0,0.0,-0.003,0.013,253.702,0.54166,0.14781,0.1317,0.0,0.0,3.681,0.0,0.0,0.0,0.0,46.407185,36.77561,7.608781,33.635,5.873,1.09,171615993856.0,165007163392.0,0.014,0.0,0.0,6.1085434,0.361,203.712,0.0,0.0,110720000.0,0.58305,0.21225001,1553.199951171875,-0.486936021174289,2.6298352131467473,,,2606.079328372314,1342.6953674667652,1514.1850036621095,1629.6095678710938,1666.869482421875,1753.2483569335936,1536.1508662485323,1561.8468191128718,66.26983718506794,-25.69595286433946,-41.74289556702155,16.046942702682088,74.68719497777454,79.1389027764386,0.09130932546838448,[],[],56391.0,7276.0,Increasing,Downtrend,61.34,Strong bearish trend across multiple timeframes Bullish MACD crossover Strong volume supporting price action
CDSL,42.41,54.48,48.44,Hold,Bearish MACD crossover Declining volume suggests weakening trend High volatility detected,0.0,0.0,0.0,403.0,0.0,0.029,-0.237,57.724,1.0,0.51362,0.4102,0.0,0.0,0.165,0.0,0.0,0.0,0.0,62.80354,47.157326,17.686728,43.319,25.088,0.84,311347281920.0,302627880960.0,-0.237,0.0,0.0,25.811289,0.216,84.227,0.0,31.59,209000000.0,0.0,0.14521,1488.5,-0.24126906003894,-6.005302920691835,,,1973.707641734152,1038.978785448007,1542.5873168945313,1636.88171875,1524.329970703125,1491.6231726074218,1544.0714507836117,1569.6154354232444,39.65677629027372,-25.543984639632754,-23.18551169554955,-2.3584729440832035,14.652013143039476,36.7318948339352,0.10182245693992044,[],[],2396773.85,633374.0,Decreasing,Strong Downtrend,54.48,Bearish MACD crossover Declining volume suggests weakening trend High volatility detected
GRANULES,44.67,52.19,48.43,Hold,Strong bearish trend across multiple timeframes RSI indicates overbought conditions Bullish MACD crossover,0.0,0.0,0.0,4066.0,0.0,0.026,-0.164,186.014,0.60175997,0.14699,0.10628,0.0,0.0,39.153,0.0,0.0,0.0,0.0,23.887203,16.451431,3.0827327,13.675,2.742,0.32,114600910848.0,123732156416.0,-0.163,0.0,0.0,2.5399988,-0.126,153.192,0.0,0.0,242644000.0,0.40151,0.29263002,473.29998779296875,0.8093690719848334,2.5902203384325695,,,718.802501498043,420.7138311311148,458.45249938964844,474.78314208984375,481.700188293457,515.595908203125,462.6350879366093,465.3042161555161,74.12931719207316,-2.669128218906792,-5.845495164216693,3.1763669453099013,81.0143972637313,73.7256738947951,0.10573526978307378,[],[],1413024.85,1683200.0,Increasing,Downtrend,52.19,Strong bearish trend across multiple timeframes RSI indicates overbought conditions Bullish MACD crossover
IDFCFIRSTB,32.29,63.98,48.13,Sell,Bullish MACD crossover Declining volume suggests weakening trend High volatility detected,0.0,0.0,0.0,42190.0,0.0,0.043,-0.322,28.513,0.0,0.10383,0.06202,0.03599,0.00389,0.0,0.0,0.0,0.0,0.0,39.367817,12.404971,1.291673,0.0,3.698,0.36,502558457856.0,775852785664.0,-0.294,0.0,0.0,2.3952317,0.604,53.032,0.0,0.0,7336620032.0,0.11328,0.36446998,68.54000091552734,-0.31995522668433196,-3.803507486979163,,,78.19406329631497,52.288854643874124,69.42550048828124,71.8718180847168,69.15647575378418,65.23340114593506,69.66882676358394,70.23150064948516,49.02345438018746,-0.5626738859012193,-0.590151329293966,0.027477443392746714,38.56209394765005,49.4870391382575,0.05158202624023298,[],[],14207331.5,6150291.0,Decreasing,Sideways,63.98,Bullish MACD crossover Declining volume suggests weakening trend High volatility detected
PETRONET,40.5,55.16,47.83,Hold,Strong bearish trend across multiple timeframes Bullish MACD crossover Strong volume supporting price action,0.0,0.0,0.0,0.0,0.0,-0.114,-0.239,329.549,0.12597,0.08016,0.07501,0.0,0.0,13.365,0.0,0.0,0.0,0.0,10.996766,12.108193,2.0520036,6.318,0.664,3.72,407925030912.0,328484585472.0,-0.238,0.0,0.0,0.82497823,0.282,132.529,0.0,22.46,1500000000.0,0.50171,0.26705,272.70001220703125,1.4509020056453048,-2.659283188207351,,,361.0976977947631,266.91207490651425,277.4925018310547,291.5746356201172,298.07520568847656,305.05790466308594,276.1187678735946,281.92597979232613,50.093638684406486,-5.807211918731525,-5.998363104793304,0.19115118606177894,21.102782694567278,29.29002048622496,0.08432656518635656,[],[],1599651.7,937113.0,Increasing,Strong Downtrend,55.16,Strong bearish trend across multiple timeframes Bullish MACD crossover Strong volume supporting price action
IRCON,38.02,57.14,47.58,Sell,Strong bearish trend across multiple timeframes Bullish MACD crossover Declining volume suggests weakening trend,0.0,0.0,0.0,834.0,0.0,-0.219,-0.265,109.043,0.11096,0.09111,0.06511,0.0,0.0,67.576,0.0,0.0,0.0,0.0,23.114084,15.73442,2.441786,18.618,1.434,1.6,154348077056.0,147079151616.0,-0.265,0.0,0.0,1.5045534,0.601,67.209,0.0,10.43,940515968.0,0.65169,0.03175,164.10000610351562,-0.8638873233412392,-4.420756147685956,,,262.5748194789889,134.24000549316406,170.41050033569337,184.40460021972658,180.70040008544922,184.25926528930665,169.00709100570063,173.78658058640266,37.84811520190368,-4.779489580702034,-5.200118041664119,0.42062846096208517,23.44099285028237,33.50661024834012,0.11135897598541351,[],[],2042498.35,568329.0,Decreasing,Strong Downtrend,57.14,Strong bearish trend across multiple timeframes Bullish MACD crossover Declining volume suggests weakening trend
MRF,39.8,54.58,47.19,Sell,Bearish MACD crossover Declining volume suggests weakening trend High volatility detected,0.0,0.0,0.0,17850.0,0.0,0.067,-0.124,67553.3,0.34547,0.0837,0.06278,0.0,0.0,20.397,0.0,0.0,0.0,0.0,33.491085,26.820683,3.2596898,15.262,2.102,0.3,602779680768.0,602286718976.0,-0.124,0.0,0.0,2.1039224,0.333,43593.105,0.0,5298.15,4241140.0,0.47962,0.17826,142100.0,-0.1966568338249708,-4.496269910612272,,,152767.25626352726,101968.69403906824,144699.25,144911.71875,139318.421484375,128363.5562109375,144683.52391539692,144967.5768941347,41.400762592815575,-284.05297873777454,-158.95568481221923,-125.0972939255553,51.04940685699386,65.43692695433016,0.09156553552652638,[],[],6165.4,2106.0,Decreasing,Sideways,54.58,Bearish MACD crossover Declining volume suggests weakening trend High volatility detected
THERMAX,43.15,50.62,46.88,Hold,Strong bearish trend across multiple timeframes Bearish MACD crossover Strong volume supporting price action,0.0,0.0,0.0,5601.0,0.0,-0.016,0.315,919.322,0.45481998,0.08196,0.06481,0.0,0.0,34.752,0.0,0.0,0.0,0.0,55.24233,40.98159,7.515817,36.748,3.449,0.43,371060604928.0,357093179392.0,0.316,0.0,0.0,3.5835824,0.226,438.289,0.0,80.38,112644000.0,0.73684,0.20299,3295.0,1.1139426572572608,1.9082655565553663,,,5696.018202674428,2938.1952228728974,3399.5249877929687,3499.834140625,3448.5759912109374,3691.9075024414065,3311.1944353294593,3402.9936601358513,31.33207331324401,-91.79922480639198,-85.84820178437582,-5.951023022016159,35.9249421508431,26.907622838714122,0.2631331891315615,[],[],409300.05,196652.0,Increasing,Strong Downtrend,50.62,Strong bearish trend across multiple timeframes Bearish MACD crossover Strong volume supporting price action
CONCOR,45.41,47.97,46.69,Hold,Strong bearish trend across multiple timeframes Bearish MACD crossover Declining volume suggests weakening trend,0.0,0.0,0.0,0.0,0.0,0.024,0.035,117.262,0.38108003,0.12588,0.14513,0.0,0.0,6.899,0.0,0.0,0.0,0.0,31.17215,18.941448,3.2638988,19.127,4.176,1.21,404191019008.0,373238267904.0,0.032,0.0,0.0,4.5224066,0.157,162.551,0.0,28.01,761617984.0,0.54799,0.42459,530.2000122070312,0.3311571500757893,-4.89685879694507,,,981.5373551458223,478.3862926246822,553.0304382324218,582.6270166015624,579.6050366210937,616.0287017822266,545.6305093694103,559.8772979554747,36.8257748205218,-14.246788586064326,-13.75999193633421,-0.4867966497301168,17.796404994552326,26.66759852670854,0.12802012895045198,[],[],1348024.75,887013.0,Decreasing,Strong Downtrend,47.97,Strong bearish trend across multiple timeframes Bearish MACD crossover Declining volume suggests weakening trend
RBLBANK,32.28,60.95,46.62,Sell,Strong bullish trend across multiple timeframes Bearish MACD crossover Declining volume suggests weakening trend,0.0,0.0,0.0,0.0,0.0,0.0,-0.388,119.871,0.0,0.13151,0.07965,0.0,0.0,0.0,0.0,0.0,0.0,0.0,26.387434,12.936345,0.97644895,0.0,2.514,0.59,154386530304.0,183133421568.0,-0.39,0.0,0.0,2.1192472,0.851,258.078,0.0,19.48,612644992.0,0.12153,0.40236,251.8000030517578,-1.4095500903518632,-1.8706168891599484,,,272.8800048828125,146.10000610351562,258.6990005493164,254.17079986572264,228.12929962158202,195.15609992980956,255.99077051482072,256.0157801550367,41.80736222311051,-0.025009640215955642,1.2026437940564718,-1.2276534342724275,21.17637835999818,21.08686797105815,0.0796276506556723,[],[],9145889.5,6711851.0,Decreasing,Uptrend,60.95,Strong bullish trend across multiple timeframes Bearish MACD crossover Declining volume suggests weakening trend
DEEPAKNTR,41.53,51.48,46.5,Hold,Strong bearish trend across multiple timeframes Bullish MACD crossover Declining volume suggests weakening trend,0.0,0.0,0.0,1757.0,0.0,-0.128,-0.446,586.939,0.22713,0.07318,0.07582,0.11849,0.0,23.356,0.0,0.0,0.0,0.0,40.762997,27.191084,4.5840883,26.12,3.19,0.41,247356407808.0,255359205376.0,-0.446,0.0,0.0,3.0900354,0.117,395.084,0.0,0.0,136392992.0,0.49776,0.25772,1812.0,-1.7140364506619377,-0.14878223643151056,,,3011.337982082546,1774.6558662628224,1829.551580810547,1892.935517578125,1932.6610302734375,2129.6161737060547,1828.2037092444864,1849.5337154758904,49.897498933948874,-21.330006231404013,-24.54698725066686,3.216981019262846,52.548995672487756,47.494526782067005,0.051577175018291406,[],[],135668.9,24441.0,Decreasing,Strong Downtrend,51.48,Strong bearish trend across multiple timeframes Bullish MACD crossover Declining volume suggests weakening trend
GRAPHITE,38.42,54.45,46.44,Sell,Bearish MACD crossover Declining volume suggests weakening trend High volatility detected,0.0,0.0,0.0,1678.0,0.0,-0.087,-0.433,127.914,0.52035,0.028570002,0.14380999,0.0,0.0,2.943,0.0,0.0,0.0,0.0,28.073996,10.0350065,1.7186422,39.472,2.863,2.11,100814012416.0,71498612736.0,-0.435,0.0,0.0,4.037357,1.222,300.237,0.0,0.0,195376000.0,0.65958,0.1238,515.7999877929688,-0.9600614664352913,-5.140232130028732,,,611.671781892142,358.89784025832853,536.3149963378906,547.953779296875,519.993872680664,501.3161079406738,532.977726044646,538.8004620585557,38.71866295264624,-5.822736013909662,-3.9060973541804582,-1.9166386597292036,14.730450498635905,26.014594135145103,0.10502955610595725,[],[],809482.1,46907.0,Decreasing,Sideways,54.45,Bearish MACD crossover Declining volume suggests weakening trend High volatility detected
TRITURBINE,36.23,55.96,46.09,Sell,Strong bearish trend across multiple timeframes Bullish MACD crossover Declining volume suggests weakening trend,0.0,0.0,0.0,928.0,0.0,-0.199,-0.194,60.423,0.50115,0.17748,0.17854999,0.0,0.0,3.206,0.0,0.0,0.0,0.0,48.60777,142.39838,13.565951,39.017,8.467,0.76,167030046720.0,162040463360.0,-0.194,0.0,0.0,8.727664,0.262,38.733,0.0,3.69,317880000.0,0.59805,0.26318002,525.25,-0.8588123627414568,-1.3337045010893167,,,881.9361040925888,460.29998779296875,540.1299926757813,593.7569995117187,574.2205010986328,613.8535835266114,533.7486930583927,554.0807114797332,47.18408459064553,-20.332018421340422,-22.88733204608424,2.5553136247438175,56.365755953212954,46.45685038311402,0.22867750237922738,[],[],909724.55,110471.0,Decreasing,Strong Downtrend,55.96,Strong bearish trend across multiple timeframes Bullish MACD crossover Declining volume suggests weakening trend
TORNTPOWER,43.05,49.03,46.04,Hold,Strong bearish trend across multiple timeframes Bearish MACD crossover Stochastic indicates oversold conditions,0.0,0.0,0.0,7969.0,0.0,-0.125,-0.282,567.719,0.26243,0.13822,0.098000005,0.0,0.0,48.528,0.0,0.0,0.0,0.0,22.662584,41.5593,3.598635,14.415,2.577,1.5,633911246848.0,722591350784.0,-0.248,0.0,0.0,2.2609084,0.396,349.577,0.0,30.27,503904000.0,0.6229,0.24991,1258.0,-0.9604748575702149,-2.1240214573255423,,,2007.619084117887,1202.9704790719366,1311.8599975585937,1368.077998046875,1417.1578576660156,1431.0029998779296,1295.1707725335887,1321.171232399408,34.80606864348427,-26.000459865819266,-22.221319731479117,-3.7791401343401496,10.283516991361255,12.47610387469355,0.09727226452487331,[],[],514033.9,64804.0,Increasing,Strong Downtrend,49.03,Strong bearish trend across multiple timeframes Bearish MACD crossover Stochastic indicates oversold conditions
GSPL,45.77,46.17,45.97,Hold,Strong bearish trend across multiple timeframes Bearish MACD crossover Strong volume supporting price action,0.0,0.0,0.0,0.0,0.0,-0.131,-0.023,307.705,0.24997999,0.12892,0.06273,0.0,0.0,0.888,0.0,0.0,0.0,0.0,15.851692,19.94591,1.4309067,5.62,0.865,1.69,166723092480.0,144830021632.0,-0.161,0.0,0.0,0.9953609,0.468,206.163,0.0,14.79,564211008.0,0.4911,0.35707,295.5,-0.26999251634385324,-2.4752475247524774,,,464.5990042704623,261.45001220703125,304.81499633789065,318.5509979248047,322.22749969482425,327.1782502746582,302.4710627696929,308.5570375099813,38.47244919717771,-6.085974740288407,-5.940796661973368,-0.14517807831503848,10.091479279298044,23.611891551435246,0.0833279151474526,[],[],519540.3,29068.0,Increasing,Strong Downtrend,46.17,Strong bearish trend across multiple timeframes Bearish MACD crossover Strong volume supporting price action
SUNPHARMA,49.71,42.05,45.88,Hold,Strong bearish trend across multiple timeframes Bearish MACD crossover Declining volume suggests weakening trend,0.0,0.0,0.0,43000.0,0.0,0.095,-0.195,224.239,0.78248,0.24344999,0.19287,0.0,0.0,3.259,0.0,0.0,0.0,0.0,36.271618,48.136475,5.2263846,23.501,6.703,1.0,3774386012160.0,3604729823232.0,-0.196,0.0,0.0,7.018576,0.313,300.992,0.0,32.68,2399330048.0,0.55612,0.24754,1572.199951171875,-1.7559268136514317,-3.7291057084372525,,,1942.2129644874753,1547.9543734723854,1631.989990234375,1659.5567797851563,1688.4258435058593,1715.9189923095703,1623.9687584939509,1639.459074563921,44.20946911118596,-15.49031606997005,-13.114450380814187,-2.3758656891558623,44.48105111620594,63.621839378325745,0.09545521298752026,[],[],2533803.5,1688912.0,Decreasing,Strong Downtrend,42.05,Strong bearish trend across multiple timeframes Bearish MACD crossover Declining volume suggests weakening trend
ROUTE,40.15,51.25,45.7,Hold,Strong bearish trend across multiple timeframes Bullish MACD crossover Declining volume suggests weakening trend,0.0,0.0,0.0,520.0,0.0,-0.048,-0.325,718.476,0.14883,0.0915,0.064899996,0.0,0.0,19.0,0.0,0.0,0.0,0.0,18.301886,11.246376,2.2114506,8.942,1.01,1.63,53777821696.0,45697392640.0,-0.322,0.0,0.0,1.1889777,0.293,385.991,0.0,75.9,62997600.0,0.74858004,0.1014,853.5999755859375,-0.7960993112805737,-5.679560708736187,,,1690.4818574932956,850.0,881.0074951171875,940.881328125,958.2770581054688,1094.4994921875,878.4288701497669,897.543840237217,41.33566804426626,-19.114970087450047,-20.427580406517553,1.312610319067506,13.118385196584113,25.609629751102933,0.07512007220047873,[],[],64077.1,37864.0,Decreasing,Strong Downtrend,51.25,Strong bearish trend across multiple timeframes Bullish MACD crossover Declining volume suggests weakening trend
ASTRAZEN,34.44,56.87,45.66,Sell,Bearish MACD crossover Stochastic indicates oversold conditions Declining volume suggests weakening trend,0.0,0.0,0.0,600.0,0.0,0.358,0.0,741.858,0.44274,0.12262999,0.09884,0.0,0.0,4.638,0.0,0.0,0.0,0.0,113.17341,0.0,26.793015,68.734,10.534,0.4,206399995904.0,195408396288.0,0.0,0.0,0.0,11.1262045,0.126,308.14,0.0,0.0,25000000.0,0.81589997,0.06222,8237.5,2.756814070978608,-2.64153173383761,,,10654.58192950054,6198.812075243067,8622.4,8875.55216796875,8754.23173828125,7930.217197265625,8405.560393024833,8615.196803499812,30.865384615384613,-209.63641047497913,-171.33455119194193,-38.3018592830372,13.81795044718819,15.435111634468923,0.1634372706643373,[],[],31324.2,37328.0,Decreasing,Sideways,56.87,Bearish MACD crossover Stochastic indicates oversold conditions Declining volume suggests weakening trend
ONGC,39.65,51.59,45.62,Sell,Strong bearish trend across multiple timeframes Bullish MACD crossover Declining volume suggests weakening trend,0.0,0.0,0.0,24378.0,0.0,-0.021,-0.014,522.333,0.18049,0.1013,0.05486,0.0,0.0,50.187,0.0,0.0,0.0,0.0,8.1953945,6.5737476,0.8603695,5.347,0.731,6.3,2954860953600.0,4805932089344.0,-0.013,0.0,0.0,0.4496099,0.383,272.999,0.0,35.73,12580299776.0,0.69208,0.21822001,234.9499969482422,0.32452047436402065,-1.2524674565092764,,,320.0240242396589,205.0,236.47399826049804,241.26919982910155,241.67779983520506,242.76404205322265,236.4770426981977,237.94386901924975,53.87646171861215,-1.4668263210520536,-1.5720533068954363,0.10522698584338275,41.21897868132434,49.00132253238943,0.04095352128053571,[],[],8156569.5,1327253.0,Decreasing,Strong Downtrend,51.59,Strong bearish trend across multiple timeframes Bullish MACD crossover Declining volume suggests weakening trend
ATGL,29.38,61.25,45.31,Sell,Strong bearish trend across multiple timeframes Bullish MACD crossover Strong volume supporting price action,0.0,0.0,0.0,578.0,0.0,0.203,-0.038,47.58,0.31604,0.17232999,0.123789996,0.0,0.0,43.596,0.0,0.0,0.0,0.0,387.07547,0.0,16.088936,63.852,13.649,0.04,677093507072.0,714268737536.0,-0.038,0.0,0.0,12.93904,0.965,38.253,0.0,0.0,1099810048.0,0.79767996,0.07216,613.2000122070312,-3.5394053119307323,-2.7284282266673676,,,861.679669518305,532.4020332032183,610.7674957275391,633.34,637.907373046875,645.4940380859375,619.8634640298201,622.1107490118411,60.254237156632165,-2.2472849820210286,-5.67248628443087,3.4252013024098416,78.00927586839617,79.88726129288624,0.10030347524322461,[],[],596630.35,1067969.0,Increasing,Downtrend,61.25,Strong bearish trend across multiple timeframes Bullish MACD crossover Strong volume supporting price action
KPITTECH,38.35,51.47,44.91,Sell,Strong bearish trend across multiple timeframes Bullish MACD crossover Declining volume suggests weakening trend,0.0,0.0,0.0,12873.0,0.0,0.128,-0.159,221.444,0.34585,0.16962999,0.13419,0.0,0.0,11.842,0.0,0.0,0.0,0.0,40.779133,32.579586,11.211281,28.252,5.206,0.71,327074906112.0,313218367488.0,-0.158,0.0,0.0,5.4363203,-0.033,107.374,0.0,0.0,271702016.0,0.45515,0.26804,1202.4000244140625,0.19165476834561712,-1.0044419082084644,,,1908.2270481977637,1015.6100283950327,1211.2150024414063,1249.4823510742187,1259.4347888183593,1312.1218548583984,1207.1071750273234,1219.9223034517643,47.06406843755464,-12.8151284244409,-14.680193903710117,1.8650654792692176,31.012185005564405,33.01038401924588,0.053313726287680815,[],[],953724.25,325545.0,Decreasing,Strong Downtrend,51.47,Strong bearish trend across multiple timeframes Bullish MACD crossover Declining volume suggests weakening trend
GODREJPROP,32.57,57.13,44.85,Sell,Strong bearish trend across multiple timeframes Bullish MACD crossover Declining volume suggests weakening trend,0.0,0.0,0.0,4199.0,0.0,-0.412,0.065,158.498,0.43573,-0.61057,0.32044998,0.0,0.0,71.934,0.0,0.0,0.0,0.0,39.709045,81.16497,3.4665246,-1002.535,13.934,0.0,600183078912.0,643527475200.0,0.154,0.0,0.0,12.995476,0.483,574.812,0.0,24.55,301206016.0,0.53731996,0.25019,1991.9000244140625,-0.7573091204606142,-2.4439231668498707,,,3399.0,1900.0,2031.9000061035156,2202.8060131835937,2192.6970056152345,2307.6057489013674,2029.1536270787956,2080.688998064862,41.216561999044266,-51.53537098606648,-61.98154627913216,10.446175293065679,49.428260775171985,58.2218689549972,0.11241134594572234,[],[],789588.35,222461.0,Decreasing,Strong Downtrend,57.13,Strong bearish trend across multiple timeframes Bullish MACD crossover Declining volume suggests weakening trend
PSPPROJECT,20.88,68.69,44.78,Sell,Strong bullish trend across multiple timeframes Bullish MACD crossover Declining volume suggests weakening trend,0.0,0.0,0.0,0.0,0.0,-0.169,-0.988,614.5,0.12442,0.01526,0.00921,0.0,0.0,22.46,0.0,0.0,0.0,0.0,126.25,15.135135,2.3047183,20.624,1.132,0.0,28040964096.0,27255285760.0,-0.988,0.0,0.0,1.1650598,0.061,306.762,0.0,0.0,39641800.0,0.71086,0.0834,706.0,2.089510875872813,7.630152734439144,,,843.4500122070312,565.4000244140625,690.5375,745.0300024414063,696.73,669.2822494506836,685.9132326390167,705.001249234698,48.93398381519196,-19.088016595681324,-23.64581493367869,4.557798337997365,70.60064949295717,57.67051955278851,0.20615461557034842,[],[],372796.25,114401.0,Decreasing,Sideways,68.69,Strong bullish trend across multiple timeframes Bullish MACD crossover Declining volume suggests weakening trend
WHIRLPOOL,31.8,57.13,44.47,Sell,Strong bearish trend across multiple timeframes Bullish MACD crossover Declining volume suggests weakening trend,0.0,0.0,0.0,2193.0,0.0,-0.026,0.013,619.189,0.34463,0.06479,0.04595,0.0,0.0,7.126,0.0,0.0,0.0,0.0,45.20775,28.594654,4.121987,28.831,1.79,0.39,162890956800.0,140632358912.0,0.013,0.0,0.0,2.073768,0.274,311.476,0.0,0.0,126872000.0,0.51,0.35886002,1284.199951171875,-0.06226060919261034,-1.070797679338087,,,2449.699951171875,899.0,1297.0049865722656,1350.9080004882812,1286.235498046875,1375.3552481079103,1294.6864371134288,1311.7683537663909,41.080392505669,-17.081916652962036,-19.871933930467,2.7900172775049654,58.273240886628535,63.181718311971906,0.11222254916677174,[],[],163836.4,7747.0,Decreasing,Strong Downtrend,57.13,Strong bearish trend across multiple timeframes Bullish MACD crossover Declining volume suggests weakening trend
RAJESHEXPO,37.37,50.84,44.11,Sell,Strong bearish trend across multiple timeframes Bullish MACD crossover Declining volume suggests weakening trend,0.0,0.0,0.0,0.0,0.0,1.178,0.0,14315.894,0.00119,0.00014,0.00022,0.00611,0.00296,5.833,1.283,0.508,77375537152.0,75265499136.0,84.4689,3.5307999,0.3131302,24.53,0.01,0.0,52125200384.0,41000062976.0,0.0,0.0,0.0,0.01231985,0.109,563.791,0.0,50.0,295260000.0,0.71296996,0.15002,176.61000061035156,-0.17521906048050262,-4.493833896213662,,,306.95001220703125,151.11000061035156,182.23449935913087,192.3097994995117,193.3084001159668,199.17704986572267,181.798740025537,185.49010872437415,44.19444969554451,-3.6913686988371524,-3.9527781160788806,0.2614094172417283,25.793394614059622,43.46305247063233,0.1163587441038082,[],[],338279.85,224890.0,Decreasing,Strong Downtrend,50.84,Strong bearish trend across multiple timeframes Bullish MACD crossover Declining volume suggests weakening trend
INDUSINDBK,27.94,60.28,44.11,Sell,Strong bearish trend across multiple timeframes RSI indicates oversold conditions Bearish MACD crossover,0.0,0.0,0.0,44974.0,0.0,-0.259,-0.722,228.772,0.0,0.16028999,0.056599997,0.0,0.0,0.0,0.0,0.0,0.0,0.0,58.16705,7.7873263,0.9035157,0.0,3.053,1.92,585943023616.0,544115916800.0,-0.722,0.0,0.0,3.2874837,0.646,832.415,0.0,96.58,779075968.0,0.1689,0.48806,751.2999877929688,-0.6742512501958786,-3.456698020059401,,,1498.0,606.0,783.4400024414062,823.5140002441407,809.1270013427734,877.4575021362305,772.8064725549101,791.0922138167664,28.4828513684338,-18.285741261856288,-16.556746793907696,-1.728994467948592,5.702535885649972,5.826396839730783,0.0970885130707944,[],[],3736061.5,885448.0,Decreasing,Strong Downtrend,60.28,Strong bearish trend across multiple timeframes RSI indicates oversold conditions Bearish MACD crossover
MFSL,13.07,75.08,44.08,Strong Sell,Strong bullish trend across multiple timeframes RSI indicates overbought conditions Bullish MACD crossover,0.0,0.0,0.0,10.0,0.0,0.087,-0.451,1381.553,0.1183,0.01039,0.00567,0.0,0.0,22.445,0.0,0.0,0.0,0.0,205.39624,114.18881,10.725758,74.952,1.205,0.0,561105272832.0,572619948032.0,-0.453,0.0,0.0,1.1807433,0.709,152.241,0.0,14.3,343624992.0,0.025729999,0.83769,1633.0,0.6285402307721677,-0.6449242968720958,,,1674.800048828125,950.0,1572.1149963378907,1577.5200024414062,1466.8659997558593,1286.32675201416,1615.3476979618074,1587.370457796227,78.92616437573061,27.977240165580497,20.881561044493615,7.0956791210868815,81.20957711566643,84.28205542669771,0.16696921974447587,[],[],523349.15,133124.0,Decreasing,Strong Uptrend,75.08,Strong bullish trend across multiple timeframes RSI indicates overbought conditions Bullish MACD crossover
HATSUN,29.93,57.76,43.84,Sell,Strong bearish trend across multiple timeframes Bullish MACD crossover Declining volume suggests weakening trend,0.0,0.0,0.0,5313.0,0.0,0.091,0.036,400.029,0.30893,0.08636,0.0318,0.0,0.0,149.657,0.0,0.0,0.0,0.0,70.389145,40.422123,11.616909,21.122,2.488,1.36,199821508608.0,221788274688.0,0.036,0.0,0.0,2.2414129,-0.034,77.073,0.0,22.15,222748000.0,0.76619005,0.1076,895.4500122070312,1.3411087537927635,-1.8631157622410965,,,1337.6106210226744,854.1925578285621,897.6875,925.2139978027344,924.0687603759766,958.3281793212891,898.598405637844,906.5534367101409,52.31481481481482,-7.955031072296833,-9.421772103574051,1.466741031277218,33.92386062674792,40.91588749344947,0.049294991936833794,[],[],24097.95,2941.0,Decreasing,Strong Downtrend,57.76,Strong bearish trend across multiple timeframes Bullish MACD crossover Declining volume suggests weakening trend
BERGEPAINT,30.17,57.32,43.75,Sell,Bearish MACD crossover Stochastic indicates oversold conditions Declining volume suggests weakening trend,0.0,0.0,0.0,4760.0,0.0,0.036,-0.109,100.002,0.4044,0.13573,0.09794,0.0,0.0,10.869,0.0,0.0,0.0,0.0,53.797333,42.534252,9.957562,40.113,5.24,0.72,612912594944.0,610692562944.0,-0.11,0.0,0.0,5.259039,0.471,52.784,0.0,0.0,1165890048.0,0.90850997,0.14503999,525.1500244140625,0.009531295077502833,-3.376260457394209,,,625.3033370363257,434.8316579245351,546.698583984375,559.7444104003906,555.0523611450195,515.9539952087403,536.9777000437671,546.6355903998169,30.192403932028398,-9.657890356049847,-7.733320234638203,-1.9245701214116444,9.146438688630234,9.015059640626141,0.11801848700750274,[],[],518723.25,390974.0,Decreasing,Sideways,57.32,Bearish MACD crossover Stochastic indicates oversold conditions Declining volume suggests weakening trend
AUROPHARMA,45.43,41.81,43.62,Hold,Strong bearish trend across multiple timeframes Bearish MACD crossover Declining volume suggests weakening trend,0.0,0.0,0.0,27707.0,0.0,0.04,-0.095,550.669,0.58805,0.15222,0.105900005,0.0,0.0,25.31,0.0,0.0,0.0,0.0,17.66541,16.54519,1.8325981,9.126,1.897,0.38,598574497792.0,607504564224.0,-0.103,0.0,0.0,1.8690938,0.132,562.371,0.0,62.29,580801984.0,0.54153997,0.29638,1030.0999755859375,-1.482402482968126,-1.5577263424905174,,,1586.0463578222204,1006.2228922021169,1071.767236328125,1105.6179418945312,1137.8100183105469,1165.3540850830077,1059.5748805360506,1078.7731765465874,39.74435967974152,-19.19829601053675,-17.51199433453837,-1.6863016759983793,21.592375292241815,24.866029352208447,0.11879380042584504,[],[],1611656.3,1225755.0,Decreasing,Strong Downtrend,41.81,Strong bearish trend across multiple timeframes Bearish MACD crossover Declining volume suggests weakening trend
SIEMENS,33.98,52.48,43.23,Sell,Strong bearish trend across multiple timeframes Bearish MACD crossover Strong volume supporting price action,0.0,0.0,0.0,9434.0,0.0,-0.165,-0.268,640.457,0.32396,0.103590004,0.10742,0.0,0.0,1.094,0.0,0.0,0.0,0.0,44.86538,35.767063,8.801145,36.206,4.492,0.39,1085990961152.0,1024616628224.0,-0.268,0.0,0.0,4.761448,0.476,346.489,0.0,85.26,356120992.0,0.76268,0.07803,3049.800048828125,0.059056720082839576,-3.337455090770225,,,8113.15043985426,2450.0,3102.220007324219,3151.5180126953123,3149.641506347656,4626.375572509765,3115.916506677563,3123.0995550874422,46.8231920422977,-7.18304840987912,-6.142942364319262,-1.0401060455598579,52.40861790154569,66.60215753808242,0.07690232587597674,[],[],435499.75,127537.0,Increasing,Strong Downtrend,52.48,Strong bearish trend across multiple timeframes Bearish MACD crossover Strong volume supporting price action
ETERNAL,19.04,67.43,43.23,Strong Sell,RSI indicates overbought conditions Bearish MACD crossover Strong volume supporting price action,0.0,0.0,0.0,16375.0,0.0,0.704,-0.893,26.715,0.58589,-0.02777,0.01289,0.0,0.0,6.747,0.0,0.0,0.0,0.0,1004.84375,114.87374,10.341223,478.586,11.251,0.0,2919647936512.0,2610686590976.0,-0.901,0.0,0.0,12.58252,0.328,31.094,0.0,0.0,9079919616.0,0.30278,0.48124,321.8500061035156,1.2425329609529578,-1.4392839887144349,,,331.3500061035156,194.8000030517578,311.68749847412107,286.55639801025393,,,316.49419816438143,306.60682559342996,70.4262921730797,9.88737257095147,10.697515548859167,-0.810142977907697,72.79782045105844,72.38390099723095,0.1070798145563812,[],[],66843835.1,8818672.0,Increasing,Sideways,67.43,RSI indicates overbought conditions Bearish MACD crossover Strong volume supporting price action
INDIGOPNTS,38.45,47.64,43.05,Sell,Strong bearish trend across multiple timeframes Bearish MACD crossover Declining volume suggests weakening trend,0.0,0.0,0.0,1045.0,0.0,-0.007,-0.013,280.981,0.45859,0.09547,0.10569999,0.0,0.0,2.646,0.0,0.0,0.0,0.0,37.505074,29.894012,5.129889,21.442,3.753,0.32,53039861760.0,50240606208.0,-0.01,0.0,0.0,3.9624152,0.369,216.262,0.0,0.0,47634700.0,0.53924,0.31658,1108.199951171875,0.39861407402737026,-4.270107036331783,,,1715.0142702473443,907.2039086126512,1149.900048828125,1165.4974829101564,1093.9402044677734,1172.732446899414,1131.226604317276,1145.1347852165022,32.27204759513182,-13.908180899226181,-9.876544068719543,-4.031636830506638,29.969078896043715,35.617159013519434,0.1609535977409749,[],[],44175.3,8449.0,Decreasing,Strong Downtrend,47.64,Strong bearish trend across multiple timeframes Bearish MACD crossover Declining volume suggests weakening trend
SYMPHONY,32.25,52.43,42.34,Sell,Strong bearish trend across multiple timeframes Bullish MACD crossover Stochastic indicates oversold conditions,0.0,0.0,0.0,486.0,0.0,-0.527,-0.524,208.309,0.48150003,0.09562001,0.11613,0.0,0.0,18.628,0.0,0.0,0.0,0.0,36.183353,30.646523,8.517304,26.481,4.426,0.43,64777732096.0,63462707200.0,-0.523,0.0,0.0,4.518221,0.233,110.751,0.0,30.78,68671400.0,0.75782996,0.11151,943.2999877929688,1.2993959866107962,-1.7191081693948784,,,1860.8694616163223,925.7999877929688,989.8548004150391,1066.9943420410157,1126.6919219970703,1192.9698300170899,964.8982420995611,1006.8850302422896,35.41664200265626,-41.98678814272853,-42.5667338803324,0.5799457376038717,14.632481164858362,12.582031903509055,0.25655464328695077,[],[],72011.35,15558.0,Decreasing,Strong Downtrend,52.43,Strong bearish trend across multiple timeframes Bullish MACD crossover Stochastic indicates oversold conditions
BALKRISIND,40.53,44.06,42.3,Hold,Strong bearish trend across multiple timeframes Bearish MACD crossover Stochastic indicates oversold conditions,0.0,0.0,0.0,3758.0,0.0,0.017,-0.412,542.71,0.50368,0.115229994,0.13851,0.0,0.0,31.455,0.0,0.0,0.0,0.0,30.857866,20.898333,4.3110905,20.334,4.424,0.69,447818825728.0,464171433984.0,-0.412,0.0,0.0,4.268002,0.442,537.335,0.0,0.0,193316992.0,0.58559,0.30931,2317.39990234375,-0.29686986789222436,-4.283184962608,,,3137.4825517801396,2145.669496645434,2456.3350219726562,2533.3092236328125,2537.7687451171873,2619.9130981445314,2401.4725360711896,2467.521396129218,30.6722531039034,-66.04886005802837,-54.48184322124779,-11.567016836780574,7.035491938895954,8.725690871705085,0.19446614367610618,[],[],243750.85,23920.0,Decreasing,Strong Downtrend,44.06,Strong bearish trend across multiple timeframes Bearish MACD crossover Stochastic indicates oversold conditions
BHEL,19.09,65.51,42.3,Strong Sell,RSI indicates oversold conditions Bearish MACD crossover Stochastic indicates oversold conditions,0.0,0.0,0.0,41132.0,0.0,0.0,0.0,81.325,0.32708,-0.11148,0.01023,0.0,0.0,36.464,0.0,0.0,0.0,0.0,259.34146,28.05541,2.9952536,112.807,2.668,0.24,740494868480.0,756029718528.0,0.0,0.0,0.0,2.612761,0.777,70.999,0.0,7.58,3482060032.0,0.64233,0.17952,212.9199981689453,0.6713939333074848,-3.5120315694508575,,,298.12356120136496,175.63094183264417,225.77616348266602,243.13333923339843,240.66271194458008,228.49826515197753,219.77392008641502,228.28703798345936,18.803616258303364,-8.513117897044339,-8.027335266067135,-0.4857826309772033,6.01482199976401,4.942219183547809,0.19922706162550416,[],[],7266138.65,1622950.0,Decreasing,Strong Downtrend,65.51,RSI indicates oversold conditions Bearish MACD crossover Stochastic indicates oversold conditions
VGUARD,26.42,57.28,41.85,Sell,Strong bearish trend across multiple timeframes Bullish MACD crossover Declining volume suggests weakening trend,0.0,0.0,0.0,3133.0,0.0,-0.007,-0.253,127.253,0.35158002,0.066350006,0.05184,0.0,0.0,6.365,0.0,0.0,0.0,0.0,55.098934,60.333332,7.5197344,35.266,2.836,0.42,157961224192.0,157883236352.0,-0.254,0.0,0.0,2.837559,0.13,48.14,0.0,6.0,435993984.0,0.57173,0.3205,361.70001220703125,0.20778500474736283,-2.361992093850962,,,475.1616296799235,298.84379967142706,367.87500457763673,380.71136352539065,374.6411929321289,379.3396846008301,367.3216948095253,372.08950598653126,46.60195421273729,-4.767811177005967,-5.011298516549302,0.2434873395433348,45.30309811987056,56.02041337924924,0.0967015412309526,[],[],212018.9,26812.0,Decreasing,Strong Downtrend,57.28,Strong bearish trend across multiple timeframes Bullish MACD crossover Declining volume suggests weakening trend
ASTRAL,25.87,56.74,41.3,Sell,Strong bearish trend across multiple timeframes Bullish MACD crossover Declining volume suggests weakening trend,0.0,0.0,0.0,0.0,0.0,-0.016,-0.326,216.332,0.38873002,0.083009996,0.08339,0.0,0.0,6.315,0.0,0.0,0.0,0.0,75.63918,45.666557,10.151215,41.956,6.376,0.27,367170355200.0,370433130496.0,-0.326,0.0,0.0,6.319628,0.424,134.644,0.0,29.93,268635008.0,0.55293,0.24051,1367.0,-1.661749226072795,-1.9228044116268994,,,2032.6373759467613,1230.1541251402011,1379.3827880859376,1445.9932080078124,1422.0501794433594,1480.8973870849609,1382.6147364298583,1398.4232432987872,43.86138024337305,-15.808506868928816,-23.83175280680241,8.023245937873593,69.15113530014169,77.93871387652365,0.15108043111348657,[],[],1300872.1,134744.0,Decreasing,Strong Downtrend,56.74,Strong bearish trend across multiple timeframes Bullish MACD crossover Declining volume suggests weakening trend
EASEMYTRIP,34.57,48.0,41.28,Sell,Strong bearish trend across multiple timeframes Bearish MACD crossover Stochastic indicates oversold conditions,0.0,0.0,0.0,0.0,0.0,-0.254,0.0,1.641,0.68157,0.098579995,0.1389,0.0,0.0,5.071,0.0,0.0,0.0,0.0,40.952385,11.466667,4.584222,18.826,5.44,0.0,31388626944.0,29839249408.0,-0.959,0.0,0.0,5.7224946,-0.057,1.876,0.0,0.0,3636849920.0,0.49233,0.03865,8.59000015258789,2.2619112224538496,-11.076601570660161,,,22.190000534057617,8.289999961853027,9.224999952316285,9.964599952697753,10.837799997329713,12.577875008583069,9.011186061093566,9.392191494344203,39.61219012194349,-0.3810054332506372,-0.349468561240459,-0.031536872010178185,10.578872047073894,14.512766675546809,0.19982201459594776,[],[],25480667.55,11706036.0,Increasing,Strong Downtrend,48.0,Strong bearish trend across multiple timeframes Bearish MACD crossover Stochastic indicates oversold conditions
CROMPTON,30.54,51.54,41.04,Sell,Strong bearish trend across multiple timeframes Bullish MACD crossover Declining volume suggests weakening trend,0.0,0.0,0.0,2333.0,0.0,-0.065,-0.195,119.997,0.32939,0.07616,0.06816,0.0,0.0,12.438,0.0,0.0,0.0,0.0,39.316242,43.929058,6.115046,26.288,2.692,0.92,207320662016.0,207919693824.0,-0.194,0.0,0.0,2.6840405,0.205,52.657,0.0,7.33,643852992.0,0.0029300002,0.78670996,321.95001220703125,-0.9232189220810483,-1.949137742506002,,,479.72940569011513,298.34412991637464,322.0450042724609,334.1336401367187,336.37611694335936,350.5717185974121,322.88220503760886,325.88673153781303,53.75797733379777,-3.0045265002041788,-3.909890696954017,0.9053641967498383,54.83240305850047,45.23344751847458,0.04582245418336233,[],[],2030736.6,171963.0,Decreasing,Strong Downtrend,51.54,Strong bearish trend across multiple timeframes Bullish MACD crossover Declining volume suggests weakening trend
BIOCON,33.85,47.68,40.77,Sell,Strong bearish trend across multiple timeframes Bearish MACD crossover Declining volume suggests weakening trend,0.0,0.0,0.0,0.0,0.0,0.148,-0.953,131.416,0.60433,0.07456,0.02441,0.0,0.0,66.259,0.0,0.0,0.0,0.0,111.847824,36.305443,1.9935458,19.464,3.982,0.14,481045151744.0,627919945728.0,-0.952,0.0,0.0,3.0502462,0.23,180.658,0.0,9.92,1334569984.0,0.56068003,0.27769,360.1499938964844,0.5163288212514772,0.1947368662349458,,,406.0,290.61144213644866,364.7125,370.1432135009766,351.54002960205077,352.2088583374023,361.23680263740914,365.6353491234815,49.799518962980514,-4.398546486072348,-4.099125324555189,-0.29942116151715936,65.27354418880314,56.68217834586728,0.15717059071510753,[],[],3321037.35,920683.0,Decreasing,Sideways,47.68,Strong bearish trend across multiple timeframes Bearish MACD crossover Declining volume suggests weakening trend
BLUEDART,28.21,51.27,39.74,Sell,Strong bearish trend across multiple timeframes Bullish MACD crossover Declining volume suggests weakening trend,0.0,0.0,0.0,12703.0,0.0,0.074,-0.086,2454.429,0.22062,0.05179,0.04256,0.0,0.0,64.625,0.0,0.0,0.0,0.0,54.033962,28.008453,8.572433,22.619,2.398,0.44,133727379456.0,139656019968.0,-0.086,0.0,0.0,2.2963166,0.038,657.048,0.0,0.0,23727900.0,0.76321,0.16302,5634.0,-1.0884831460674205,-3.527397260273968,,,9447.758265914965,5341.851324003666,5843.355493164063,6290.36189453125,6398.50474609375,6543.589768066407,5829.158457462764,6000.2346145848305,38.69787856620337,-171.07615712206643,-175.22228850796216,4.146131385895728,28.28775821009376,37.488717144561456,0.07288126427886202,[],[],25598.9,3508.0,Decreasing,Strong Downtrend,51.27,Strong bearish trend across multiple timeframes Bullish MACD crossover Declining volume suggests weakening trend
PRAJIND,25.58,52.5,39.04,Sell,Strong bearish trend across multiple timeframes RSI indicates oversold conditions Bearish MACD crossover,0.0,0.0,0.0,1844.0,0.0,-0.084,-0.937,172.338,0.37101,0.01627,0.0442,0.0,0.0,14.102,0.0,0.0,0.0,0.0,52.758842,17.772627,5.3550525,33.57,2.209,1.5,74003177472.0,69990072320.0,-0.937,0.0,0.0,2.3351462,0.375,75.172,0.0,22.65,183812992.0,0.34631002,0.2764,402.5,0.7635468017930469,-2.127659574468088,,,863.8071738496072,394.8999938964844,430.05054168701173,464.7619958496094,476.59705352783203,573.0349087524414,415.45984901167856,434.77653292540464,22.287530847886686,-19.31668391372608,-18.200220227748858,-1.116463685977223,11.062810980364183,13.359955987040399,0.2497789821316304,[],[],716155.65,138312.0,Decreasing,Strong Downtrend,52.5,Strong bearish trend across multiple timeframes RSI indicates oversold conditions Bearish MACD crossover
BATAINDIA,25.61,41.24,33.42,Sell,Strong bearish trend across multiple timeframes Bearish MACD crossover Declining volume suggests weakening trend,0.0,0.0,0.0,3961.0,0.0,-0.003,-0.701,271.312,0.55574,0.098450005,0.05984,0.0,0.0,91.84,0.0,0.0,0.0,0.0,66.522545,41.751823,8.789039,31.792,4.161,1.78,138431119360.0,145048649728.0,-0.701,0.0,0.0,3.9710522,0.341,122.539,0.0,0.0,128528000.0,0.50459,0.33073002,1076.9000244140625,1.1173731844190238,-4.783375383372013,,,1467.8265429621163,1025.0999755859375,1140.506640625,1184.5939331054688,1201.0742895507813,1258.304789428711,1111.8988645333961,1142.8194592431921,32.21171134670442,-30.920594709795978,-25.53452336531004,-5.386071344485938,31.81329859483074,38.64388830296716,0.176463281702923,[],[],214489.55,61390.0,Decreasing,Strong Downtrend,41.24,Strong bearish trend across multiple timeframes Bearish MACD crossover Declining volume suggests weakening trend
MCDHOLDING,3.33,33.0,18.16,Strong Sell,Strong bearish trend across multiple timeframes Bearish MACD crossover Declining volume suggests weakening trend,0.0,0.0,0.0,0.0,0.0,0.0,0.0,0.0,0.0,0.0,0.0,0.0,0.0,0.0,0.0,0.0,0.0,0.0,0.0,0.0,-28.210915,0.0,0.0,0.0,968962496.0,0.0,0.0,0.0,0.0,0.0,0.0,-2.437,0.0,0.0,13992300.0,0.0,0.0,68.75,0.0,0.0,,,68.75,68.75,68.75,68.75,68.75,68.75,68.75,68.75,50.0,0.0,0.0,0.0,,,,[],[],0.0,0.0,Decreasing,Sideways,33.0,Strong bearish trend across multiple timeframes Bearish MACD crossover Declining volume suggests weakening trend
LXMACHIN,3.33,0.0,1.67,Strong Sell,No technical data available,0.0,0.0,0.0,0.0,0.0,0.0,0.0,0.0,0.0,0.0,0.0,0.0,0.0,0.0,0.0,0.0,0.0,0.0,0.0,0.0,0.0,0.0,0.0,0.0,0.0,0.0,0.0,0.0,0.0,0.0,0.0,0.0,0.0,0.0,0.0,0.0,0.0,,,,,,,,,,,,,,,,,,,,,,,,,,,,
CENTURYTEX,3.33,0.0,1.67,Strong Sell,No technical data available,0.0,0.0,0.0,0.0,0.0,0.0,0.0,0.0,0.0,0.0,0.0,0.0,0.0,0.0,0.0,0.0,0.0,0.0,0.0,0.0,0.0,0.0,0.0,0.0,0.0,0.0,0.0,0.0,0.0,0.0,0.0,0.0,0.0,0.0,0.0,0.0,0.0,,,,,,,,,,,,,,,,,,,,,,,,,,,,
