date,symbol,action,score,price,pe_ratio,roe,debt_to_equity,reason,rank,sector,price_7d,price_30d,price_90d,return_7d,return_30d,return_90d,hybrid_fundamental_quality,hybrid_momentum_technical,hybrid_volume_strength,hybrid_multi_timeframe,hybrid_ml_signal,hybrid_risk_adjustment,score_v2,regime,hybrid_growth,hybrid_value,sleeve,fq_score,turbo_score_recomputed,picking_rank,active_oracle,exit_rule
2026-03-24 22:55:43.784902,COALINDIA,NEW POSITION,73.565,442.1,9.126755,35.6775,12.976,🟢 BUY (VALUE) (BEAR: MEDIUM),0,Energy,449.3999938964844,456.0,,1.65,3.14,,,,,,,,,,,,,,,,,
2026-03-24 22:55:43.787669,LUPIN,NEW POSITION,71.47,2331.8,22.971136,19.0753,31.513,🟢 BUY (BEAR: MEDIUM),0,Healthcare,2274.89990234375,2296.10009765625,,-2.44,-1.53,,,,,,,,,,,,,,,,,
2026-03-24 22:55:43.789379,AUROPHARMA,NEW POSITION,70.72500000000001,1281.6,21.32446,10.6754,22.248,🟢 BUY (BEAR: MEDIUM),0,Healthcare,1342.0999755859375,1413.800048828125,,4.72,10.32,,,,,,,,,,,,,,,,,
2026-03-24 22:55:43.791044,DRREDDY,HOLD,63.795,1259.6,18.542618,16.1,18.026,🟡 HOLD,0,Healthcare,1209.5999755859375,1317.0999755859375,,-3.97,4.56,,,,,,,,,,,,,,,,,
2026-03-24 22:55:43.792881,ICICIBANK,HOLD,59.205,1251.2,17.08356,16.798,0.0,🟡 HOLD,0,Financial Services,1212.699951171875,1326.199951171875,,-3.08,5.99,,,,,,,,,,,,,,,,,
2026-03-24 22:55:43.794646,J&KBANK,HOLD,58.489999999999995,113.1,5.779254,14.635,0.0,🟡 HOLD,0,Financial Services,114.2699966430664,126.0500030517578,,1.03,11.45,,,,,,,,,,,,,,,,,
2026-03-24 22:55:43.796182,SBIN,HOLD,58.28,1030.8,11.223868,15.9252,0.0,🟡 HOLD,0,Financial Services,1017.7999877929688,1101.0999755859375,,-1.26,6.82,,,,,,,,,,,,,,,,,
2026-03-24 22:55:43.798069,AXISBANK,HOLD,57.32,1192.7,14.151637,13.625,0.0,🟡 HOLD,0,Financial Services,1193.0999755859375,1365.9000244140625,,0.03,14.52,,,,,,,,,,,,,,,,,
2026-03-24 22:55:43.799852,ICICIGI,HOLD,56.855,1730.1,31.692617,17.266,0.0,🟡 HOLD,0,Financial Services,1694.9000244140625,1772.0999755859375,,-2.03,2.43,,,,,,,,,,,,,,,,,
2026-03-24 22:55:43.801350,INDIANB,HOLD,56.325,871.45,10.192398,15.752,0.0,🟡 HOLD,0,Financial Services,888.0,909.9000244140624,,1.9,4.41,,,,,,,,,,,,,,,,,
2026-03-24 22:55:43.802725,GICRE,HOLD,55.62500000000001,357.3,6.511755,10.142,0.0,🟡 HOLD,0,Financial Services,380.1000061035156,397.8999938964844,,6.38,11.36,,,,,,,,,,,,,,,,,
2026-03-24 22:55:43.804093,KOTAKBANK,HOLD,55.62500000000001,366.85,19.410053,14.0492,0.0,🟡 HOLD,0,Financial Services,356.04998779296875,370.8500061035156,,-2.94,1.09,,,,,,,,,,,,,,,,,
2026-03-24 22:55:43.805469,PNB,STOP LOSS,54.575,107.26,6.9244676,12.706,0.0,🟡 HOLD,0,Financial Services,104.0,113.08999633789062,,-3.04,5.44,,,,,,,,,,,,,,,,,
2026-03-24 22:55:43.806919,MAHABANK,REDUCE,54.50000000000001,63.88,7.5866985,21.175,0.0,🟡 HOLD,0,Financial Services,64.87999725341797,77.9000015258789,,1.57,21.95,,,,,,,,,,,,,,,,,
2026-03-24 22:55:43.808709,IOB,REDUCE,54.205,32.44,13.186991,15.338,0.0,🟡 HOLD,0,Financial Services,32.40999984741211,35.0099983215332,,-0.09,7.92,,,,,,,,,,,,,,,,,
2026-03-24 22:55:43.810377,CANBK,REDUCE,54.18000000000001,133.15,5.978895,18.215,0.0,🟡 HOLD,0,Financial Services,127.3000030517578,140.85000610351562,,-4.39,5.78,,,,,,,,,,,,,,,,,
2026-03-24 22:55:43.811858,BANKBARODA,STOP LOSS,53.900000000000006,270.5,7.1845946,12.813,0.0,🟠 WEAK SELL,0,Financial Services,252.02999877929688,274.1300048828125,,-6.83,1.34,,,,,,,,,,,,,,,,,
2026-03-24 22:55:43.813285,ICICIPRULI,REDUCE,50.31,537.5,56.81818,10.913,19.287,🟠 WEAK SELL,0,Financial Services,513.3499755859375,514.2000122070312,,-4.49,-4.33,,,,,,,,,,,,,,,,,
2026-03-24 22:55:43.814696,CENTRALBK,REDUCE,49.64,33.06,6.077206,13.226,0.0,🟠 WEAK SELL,0,Financial Services,33.08000183105469,36.0099983215332,,0.06,8.92,,,,,,,,,,,,,,,,,
2026-03-24 22:55:43.816068,BANKINDIA,WEAK SELL,49.42,146.33,6.7839594,12.05,0.0,🟠 WEAK SELL,0,Financial Services,141.6999969482422,147.44000244140625,,-3.16,0.76,,,,,,,,,,,,,,,,,
2026-03-24 22:55:43.817509,UNIONBANK,REDUCE,49.290000000000006,173.82,7.0060463,15.561,0.0,🟠 WEAK SELL,0,Financial Services,171.63999938964844,177.0,,-1.25,1.83,,,,,,,,,,,,,,,,,
2026-03-24 22:55:43.818911,BAJAJHLDNG,REDUCE,48.395,9337.0,11.822578,10.4019,0.019,🟠 WEAK SELL,0,Financial Services,8907.0,10259.5,,-4.61,9.88,,,,,,,,,,,,,,,,,
2026-03-24 22:55:43.820314,LICHSGFIN,WEAK SELL,47.985,479.0,4.8024864,14.971,500.0,🟠 WEAK SELL,0,Financial Services,515.5499877929688,540.75,,7.63,12.89,,,,,,,,,,,,,,,,,
2026-03-24 22:55:43.822075,UCOBANK,REDUCE,47.855,23.98,11.640777,8.567,0.0,🟠 WEAK SELL,0,Financial Services,23.68000030517578,26.469999313354492,,-1.25,10.38,,,,,,,,,,,,,,,,,
2026-03-24 22:55:43.823450,IDBI,REDUCE,40.645,67.07,7.762731,14.728,0.0,🔴 SELL,0,Financial Services,67.6500015258789,76.16999816894531,,0.86,13.57,,,,,,,,,,,,,,,,,
2026-03-25 10:02:16.559000,LUPIN,WATCHLIST,70.8265,2344.2,23.09329,19.0753,31.513,🟢 BUY (BEAR: MEDIUM),0,Healthcare,2207.39990234375,2324.5,,-5.84,-0.84,,,,,,,,,,,,,,,,,
2026-03-25 10:02:16.562071,COALINDIA,NEW POSITION,70.44925,440.25,9.088563,35.6775,12.976,🟢 BUY (VALUE) (BEAR: MEDIUM),0,Energy,443.8500061035156,452.5,,0.82,2.78,,,,,,,,,,,,,,,,,
2026-03-25 10:02:16.563687,DRREDDY,INCREASE,63.63275,1288.3,18.976286,16.1,18.026,🟡 HOLD,0,Healthcare,1189.800048828125,1334.5,,-7.65,3.59,,,,,,,,,,,,,,,,,
2026-03-25 10:02:16.565199,J&KBANK,WATCHLIST,59.7605,117.46,6.002044,14.635,0.0,🟡 HOLD,0,Financial Services,110.1500015258789,129.22000122070312,,-6.22,10.01,,,,,,,,,,,,,,,,,
2026-03-25 10:02:16.566771,SBIN,WATCHLIST,59.446000000000005,1046.6,11.395906,15.9252,0.0,🟡 HOLD,0,Financial Services,978.5,1111.8499755859375,,-6.51,6.23,,,,,,,,,,,,,,,,,
2026-03-25 10:02:16.568492,ICICIBANK,HOLD,59.20225,1261.3,17.230875,16.798,0.0,🟡 HOLD,0,Financial Services,1194.5,1314.0999755859375,,-5.3,4.19,,,,,,,,,,,,,,,,,
2026-03-25 10:02:16.570116,INDIANB,WATCHLIST,57.30125,897.5,10.497076,15.752,0.0,🟡 HOLD,0,Financial Services,848.6500244140625,912.6500244140624,,-5.44,1.69,,,,,,,,,,,,,,,,,
2026-03-25 10:02:16.571591,AXISBANK,HOLD,57.254000000000005,1217.3,14.457246,13.625,0.0,🟡 HOLD,0,Financial Services,1158.9000244140625,1324.199951171875,,-4.8,8.78,,,,,,,,,,,,,,,,,
2026-03-25 10:02:16.573290,ICICIGI,HOLD,56.60475000000001,1757.1,32.04048,17.266,0.0,🟡 HOLD,0,Financial Services,1647.800048828125,1770.5,,-6.22,0.76,,,,,,,,,,,,,,,,,
2026-03-25 10:02:16.574743,KOTAKBANK,HOLD,56.10625,375.2,19.851852,14.0492,0.0,🟡 HOLD,0,Financial Services,347.95001220703125,376.7999877929687,,-7.26,0.43,,,,,,,,,,,,,,,,,
2026-03-25 10:02:16.576292,GICRE,HOLD,55.17125,363.25,6.635915,10.142,0.0,🟡 HOLD,0,Financial Services,366.4500122070313,399.8500061035156,,0.88,10.08,,,,,,,,,,,,,,,,,
2026-03-25 10:02:16.577736,CANBK,HOLD,54.851000000000006,136.22,6.116749,18.215,0.0,🟡 HOLD,0,Financial Services,122.73999786376952,140.52000427246094,,-9.9,3.16,,,,,,,,,,,,,,,,,
2026-03-25 10:02:16.579168,MAHABANK,REDUCE,54.830000000000005,65.38,7.7648454,21.175,0.0,🟡 HOLD,0,Financial Services,61.84000015258789,79.75,,-5.41,21.98,,,,,,,,,,,,,,,,,
2026-03-25 10:02:16.580607,PNB,REDUCE,53.48875,108.9,7.0303426,12.706,0.0,🟡 HOLD,0,Financial Services,100.38999938964844,113.87999725341795,,-7.81,4.57,,,,,,,,,,,,,,,,,
2026-03-25 10:02:16.582032,IOB,REDUCE,53.32225,32.86,13.357723,15.338,0.0,🟡 HOLD,0,Financial Services,31.65999984741211,35.31999969482422,,-3.65,7.49,,,,,,,,,,,,,,,,,
2026-03-25 10:02:16.583471,BANKBARODA,WEAK SELL,52.91,271.85,7.224289,12.813,0.0,🟠 WEAK SELL,0,Financial Services,242.07000732421875,273.989990234375,,-10.95,0.79,,,,,,,,,,,,,,,,,
2026-03-25 10:02:16.584932,UNIONBANK,REDUCE,50.7805,179.12,7.2196693,15.561,0.0,🟠 WEAK SELL,0,Financial Services,164.6199951171875,176.10000610351562,,-8.1,-1.69,,,,,,,,,,,,,,,,,
2026-03-25 10:02:16.586474,ICICIPRULI,HOLD,50.4145,548.0,57.26228,10.913,19.287,🟠 WEAK SELL,0,Financial Services,498.5,519.5999755859375,,-9.03,-5.18,,,,,,,,,,,,,,,,,
2026-03-25 10:02:16.587964,BANKINDIA,WEAK SELL,49.904,149.69,6.939731,12.05,0.0,🟠 WEAK SELL,0,Financial Services,135.6999969482422,147.50999450683594,,-9.35,-1.46,,,,,,,,,,,,,,,,,
2026-03-25 10:02:16.589478,LICHSGFIN,WEAK SELL,49.69825,494.4,4.9568877,14.971,500.0,🟠 WEAK SELL,0,Financial Services,506.2999877929687,543.0999755859375,,2.41,9.85,,,,,,,,,,,,,,,,,
2026-03-25 10:02:16.591012,CENTRALBK,REDUCE,48.518,33.88,6.2279415,13.226,0.0,🟠 WEAK SELL,0,Financial Services,32.209999084472656,36.52000045776367,,-4.93,7.79,,,,,,,,,,,,,,,,,
2026-03-25 10:02:16.592550,BAJAJHLDNG,WEAK SELL,48.23275,9600.0,12.153284,10.4019,0.019,🟠 WEAK SELL,0,Financial Services,8626.5,10333.5,,-10.14,7.64,,,,,,,,,,,,,,,,,
2026-03-25 10:02:16.594091,UCOBANK,REDUCE,46.83475,24.56,11.92233,8.567,0.0,🟠 WEAK SELL,0,Financial Services,23.040000915527344,26.549999237060547,,-6.19,8.1,,,,,,,,,,,,,,,,,
2026-03-25 10:02:16.595627,IDBI,SELL,40.89525,68.2,7.893518,14.728,0.0,🔴 SELL,0,Financial Services,65.3499984741211,77.54000091552734,,-4.18,13.7,,,,,,,,,,,,,,,,,
2026-03-25 10:10:40.926749,LUPIN,WATCHLIST,70.8265,2344.2,23.09329,19.0753,31.513,🟢 BUY (BEAR: MEDIUM),0,Healthcare,2207.39990234375,2324.5,,-5.84,-0.84,,,,,,,,,,,,,,,,,
2026-03-25 10:10:40.929663,COALINDIA,NEW POSITION,70.44925,440.25,9.088563,35.6775,12.976,🟢 BUY (VALUE) (BEAR: MEDIUM),0,Energy,443.8500061035156,452.5,,0.82,2.78,,,,,,,,,,,,,,,,,
2026-03-25 10:10:40.931805,DRREDDY,INCREASE,63.63275,1288.3,18.976286,16.1,18.026,🟡 HOLD,0,Healthcare,1189.800048828125,1334.5,,-7.65,3.59,,,,,,,,,,,,,,,,,
2026-03-25 10:10:40.933656,J&KBANK,WATCHLIST,59.7605,117.46,6.002044,14.635,0.0,🟡 HOLD,0,Financial Services,110.1500015258789,129.22000122070312,,-6.22,10.01,,,,,,,,,,,,,,,,,
2026-03-25 10:10:40.935378,SBIN,WATCHLIST,59.446000000000005,1046.6,11.395906,15.9252,0.0,🟡 HOLD,0,Financial Services,978.5,1111.8499755859375,,-6.51,6.23,,,,,,,,,,,,,,,,,
2026-03-25 10:10:40.937036,ICICIBANK,HOLD,59.20225,1261.3,17.230875,16.798,0.0,🟡 HOLD,0,Financial Services,1194.5,1314.0999755859375,,-5.3,4.19,,,,,,,,,,,,,,,,,
2026-03-25 10:10:40.939073,INDIANB,WATCHLIST,57.30125,897.5,10.497076,15.752,0.0,🟡 HOLD,0,Financial Services,848.6500244140625,912.6500244140624,,-5.44,1.69,,,,,,,,,,,,,,,,,
2026-03-25 10:10:40.940738,AXISBANK,HOLD,57.254000000000005,1217.3,14.457246,13.625,0.0,🟡 HOLD,0,Financial Services,1158.9000244140625,1324.199951171875,,-4.8,8.78,,,,,,,,,,,,,,,,,
2026-03-25 10:10:40.942413,ICICIGI,HOLD,56.60475000000001,1757.1,32.04048,17.266,0.0,🟡 HOLD,0,Financial Services,1647.800048828125,1770.5,,-6.22,0.76,,,,,,,,,,,,,,,,,
2026-03-25 10:10:40.944183,KOTAKBANK,HOLD,56.10625,375.2,19.851852,14.0492,0.0,🟡 HOLD,0,Financial Services,347.95001220703125,376.7999877929687,,-7.26,0.43,,,,,,,,,,,,,,,,,
2026-03-25 10:10:40.946153,GICRE,HOLD,55.17125,363.25,6.635915,10.142,0.0,🟡 HOLD,0,Financial Services,366.4500122070313,399.8500061035156,,0.88,10.08,,,,,,,,,,,,,,,,,
2026-03-25 10:10:40.947867,CANBK,HOLD,54.851000000000006,136.22,6.116749,18.215,0.0,🟡 HOLD,0,Financial Services,122.73999786376952,140.52000427246094,,-9.9,3.16,,,,,,,,,,,,,,,,,
2026-03-25 10:10:40.949528,MAHABANK,REDUCE,54.830000000000005,65.38,7.7648454,21.175,0.0,🟡 HOLD,0,Financial Services,61.84000015258789,79.75,,-5.41,21.98,,,,,,,,,,,,,,,,,
2026-03-25 10:10:40.951081,PNB,REDUCE,53.48875,108.9,7.0303426,12.706,0.0,🟡 HOLD,0,Financial Services,100.38999938964844,113.87999725341795,,-7.81,4.57,,,,,,,,,,,,,,,,,
2026-03-25 10:10:40.952652,IOB,REDUCE,53.32225,32.86,13.357723,15.338,0.0,🟡 HOLD,0,Financial Services,31.65999984741211,35.31999969482422,,-3.65,7.49,,,,,,,,,,,,,,,,,
2026-03-25 10:10:40.954511,BANKBARODA,WEAK SELL,52.91,271.85,7.224289,12.813,0.0,🟠 WEAK SELL,0,Financial Services,242.07000732421875,273.989990234375,,-10.95,0.79,,,,,,,,,,,,,,,,,
2026-03-25 10:10:40.956038,UNIONBANK,REDUCE,50.7805,179.12,7.2196693,15.561,0.0,🟠 WEAK SELL,0,Financial Services,164.6199951171875,176.10000610351562,,-8.1,-1.69,,,,,,,,,,,,,,,,,
2026-03-25 10:10:40.957606,ICICIPRULI,HOLD,50.4145,548.0,57.26228,10.913,19.287,🟠 WEAK SELL,0,Financial Services,498.5,519.5999755859375,,-9.03,-5.18,,,,,,,,,,,,,,,,,
2026-03-25 10:10:40.959130,BANKINDIA,WEAK SELL,49.904,149.69,6.939731,12.05,0.0,🟠 WEAK SELL,0,Financial Services,135.6999969482422,147.50999450683594,,-9.35,-1.46,,,,,,,,,,,,,,,,,
2026-03-25 10:10:40.960669,LICHSGFIN,WEAK SELL,49.69825,494.4,4.9568877,14.971,500.0,🟠 WEAK SELL,0,Financial Services,506.2999877929687,543.0999755859375,,2.41,9.85,,,,,,,,,,,,,,,,,
2026-03-25 10:10:40.962796,CENTRALBK,REDUCE,48.518,33.88,6.2279415,13.226,0.0,🟠 WEAK SELL,0,Financial Services,32.209999084472656,36.52000045776367,,-4.93,7.79,,,,,,,,,,,,,,,,,
2026-03-25 10:10:40.964528,BAJAJHLDNG,WEAK SELL,48.23275,9600.0,12.153284,10.4019,0.019,🟠 WEAK SELL,0,Financial Services,8626.5,10333.5,,-10.14,7.64,,,,,,,,,,,,,,,,,
2026-03-25 10:10:40.966203,UCOBANK,REDUCE,46.83475,24.56,11.92233,8.567,0.0,🟠 WEAK SELL,0,Financial Services,23.040000915527344,26.549999237060547,,-6.19,8.1,,,,,,,,,,,,,,,,,
2026-03-25 10:10:40.967755,IDBI,SELL,40.89525,68.2,7.893518,14.728,0.0,🔴 SELL,0,Financial Services,65.3499984741211,77.54000091552734,,-4.18,13.7,,,,,,,,,,,,,,,,,
2026-03-25 10:56:31.022825,LUPIN,WATCHLIST,70.8265,2344.2,23.09329,19.0753,31.513,🟢 BUY (BEAR: MEDIUM),0,Healthcare,2207.39990234375,2324.5,,-5.84,-0.84,,,,,,,,,,,,,,,,,
2026-03-25 10:56:31.026472,COALINDIA,NEW POSITION,70.44925,440.25,9.088563,35.6775,12.976,🟢 BUY (VALUE) (BEAR: MEDIUM),0,Energy,443.8500061035156,452.5,,0.82,2.78,,,,,,,,,,,,,,,,,
2026-03-25 10:56:31.028540,DRREDDY,INCREASE,63.63275,1288.3,18.976286,16.1,18.026,🟡 HOLD,0,Healthcare,1189.800048828125,1334.5,,-7.65,3.59,,,,,,,,,,,,,,,,,
2026-03-25 10:56:31.030448,J&KBANK,WATCHLIST,59.7605,117.46,6.002044,14.635,0.0,🟡 HOLD,0,Financial Services,110.1500015258789,129.22000122070312,,-6.22,10.01,,,,,,,,,,,,,,,,,
2026-03-25 10:56:31.032226,SBIN,WATCHLIST,59.446000000000005,1046.6,11.395906,15.9252,0.0,🟡 HOLD,0,Financial Services,978.5,1111.8499755859375,,-6.51,6.23,,,,,,,,,,,,,,,,,
2026-03-25 10:56:31.033976,ICICIBANK,HOLD,59.20225,1261.3,17.230875,16.798,0.0,🟡 HOLD,0,Financial Services,1194.5,1314.0999755859375,,-5.3,4.19,,,,,,,,,,,,,,,,,
2026-03-25 10:56:31.035734,INDIANB,WATCHLIST,57.30125,897.5,10.497076,15.752,0.0,🟡 HOLD,0,Financial Services,848.6500244140625,912.6500244140624,,-5.44,1.69,,,,,,,,,,,,,,,,,
2026-03-25 10:56:31.037561,AXISBANK,HOLD,57.254000000000005,1217.3,14.457246,13.625,0.0,🟡 HOLD,0,Financial Services,1158.9000244140625,1324.199951171875,,-4.8,8.78,,,,,,,,,,,,,,,,,
2026-03-25 10:56:31.039398,ICICIGI,HOLD,56.60475000000001,1757.1,32.04048,17.266,0.0,🟡 HOLD,0,Financial Services,1647.800048828125,1770.5,,-6.22,0.76,,,,,,,,,,,,,,,,,
2026-03-25 10:56:31.041144,KOTAKBANK,HOLD,56.10625,375.2,19.851852,14.0492,0.0,🟡 HOLD,0,Financial Services,347.95001220703125,376.7999877929687,,-7.26,0.43,,,,,,,,,,,,,,,,,
2026-03-25 10:56:31.042852,GICRE,HOLD,55.17125,363.25,6.635915,10.142,0.0,🟡 HOLD,0,Financial Services,366.4500122070313,399.8500061035156,,0.88,10.08,,,,,,,,,,,,,,,,,
2026-03-25 10:56:31.044538,CANBK,HOLD,54.851000000000006,136.22,6.116749,18.215,0.0,🟡 HOLD,0,Financial Services,122.73999786376952,140.52000427246094,,-9.9,3.16,,,,,,,,,,,,,,,,,
2026-03-25 10:56:31.046206,MAHABANK,REDUCE,54.830000000000005,65.38,7.7648454,21.175,0.0,🟡 HOLD,0,Financial Services,61.84000015258789,79.75,,-5.41,21.98,,,,,,,,,,,,,,,,,
2026-03-25 10:56:31.047935,PNB,REDUCE,53.48875,108.9,7.0303426,12.706,0.0,🟡 HOLD,0,Financial Services,100.38999938964844,113.87999725341795,,-7.81,4.57,,,,,,,,,,,,,,,,,
2026-03-25 10:56:31.049645,IOB,REDUCE,53.32225,32.86,13.357723,15.338,0.0,🟡 HOLD,0,Financial Services,31.65999984741211,35.31999969482422,,-3.65,7.49,,,,,,,,,,,,,,,,,
2026-03-25 10:56:31.051288,BANKBARODA,WEAK SELL,52.91,271.85,7.224289,12.813,0.0,🟠 WEAK SELL,0,Financial Services,242.07000732421875,273.989990234375,,-10.95,0.79,,,,,,,,,,,,,,,,,
2026-03-25 10:56:31.052963,UNIONBANK,REDUCE,50.7805,179.12,7.2196693,15.561,0.0,🟠 WEAK SELL,0,Financial Services,164.6199951171875,176.10000610351562,,-8.1,-1.69,,,,,,,,,,,,,,,,,
2026-03-25 10:56:31.054627,ICICIPRULI,HOLD,50.4145,548.0,57.26228,10.913,19.287,🟠 WEAK SELL,0,Financial Services,498.5,519.5999755859375,,-9.03,-5.18,,,,,,,,,,,,,,,,,
2026-03-25 10:56:31.056268,BANKINDIA,WEAK SELL,49.904,149.69,6.939731,12.05,0.0,🟠 WEAK SELL,0,Financial Services,135.6999969482422,147.50999450683594,,-9.35,-1.46,,,,,,,,,,,,,,,,,
2026-03-25 10:56:31.057960,LICHSGFIN,WEAK SELL,49.69825,494.4,4.9568877,14.971,500.0,🟠 WEAK SELL,0,Financial Services,506.2999877929687,543.0999755859375,,2.41,9.85,,,,,,,,,,,,,,,,,
2026-03-25 10:56:31.059601,CENTRALBK,REDUCE,48.518,33.88,6.2279415,13.226,0.0,🟠 WEAK SELL,0,Financial Services,32.209999084472656,36.52000045776367,,-4.93,7.79,,,,,,,,,,,,,,,,,
2026-03-25 10:56:31.061375,BAJAJHLDNG,WEAK SELL,48.23275,9600.0,12.153284,10.4019,0.019,🟠 WEAK SELL,0,Financial Services,8626.5,10333.5,,-10.14,7.64,,,,,,,,,,,,,,,,,
2026-03-25 10:56:31.062986,UCOBANK,REDUCE,46.83475,24.56,11.92233,8.567,0.0,🟠 WEAK SELL,0,Financial Services,23.040000915527344,26.549999237060547,,-6.19,8.1,,,,,,,,,,,,,,,,,
2026-03-25 10:56:31.064641,IDBI,SELL,40.89525,68.2,7.893518,14.728,0.0,🔴 SELL,0,Financial Services,65.3499984741211,77.54000091552734,,-4.18,13.7,,,,,,,,,,,,,,,,,
2026-03-25 15:01:10.203393,AUROPHARMA,WATCHLIST,71.53625000000001,1306.1,21.77559,10.6754,22.248,🟢 BUY (BEAR: MEDIUM),0,Healthcare,1282.5,1416.699951171875,,-1.81,8.47,,,,,,,,,,,,,,,,,
2026-03-25 15:01:10.206678,LUPIN,WATCHLIST,71.1565,2347.0,23.13911,19.0753,31.513,🟢 BUY (BEAR: MEDIUM),0,Healthcare,2207.39990234375,2324.5,,-5.95,-0.96,,,,,,,,,,,,,,,,,
2026-03-25 15:01:10.209052,COALINDIA,NEW POSITION,70.99924999999999,443.8,9.159958,35.6775,12.976,🟢 BUY (VALUE) (BEAR: MEDIUM),0,Energy,443.8500061035156,452.5,,0.01,1.96,,,,,,,,,,,,,,,,,
2026-03-25 15:01:10.211208,DRREDDY,INCREASE,64.78775,1300.1,19.150095,16.1,18.026,🟡 HOLD,0,Healthcare,1189.800048828125,1334.5,,-8.48,2.65,,,,,,,,,,,,,,,,,
2026-03-25 15:01:10.213249,J&KBANK,WATCHLIST,60.8055,118.57,6.0587635,14.635,0.0,🟡 HOLD,0,Financial Services,110.1500015258789,129.22000122070312,,-7.1,8.98,,,,,,,,,,,,,,,,,
2026-03-25 15:01:10.215388,SBIN,WATCHLIST,59.996,1060.4,11.546168,15.9252,0.0,🟡 HOLD,0,Financial Services,978.5,1111.8499755859375,,-7.72,4.85,,,,,,,,,,,,,,,,,
2026-03-25 15:01:10.217461,ICICIBANK,HOLD,59.20225,1260.2,17.215847,16.798,0.0,🟡 HOLD,0,Financial Services,1194.5,1314.0999755859375,,-5.21,4.28,,,,,,,,,,,,,,,,,
2026-03-25 15:01:10.219390,INDIANB,WATCHLIST,58.51125,910.85,10.654463,15.752,0.0,🟡 HOLD,0,Financial Services,848.6500244140625,912.6500244140624,,-6.83,0.2,,,,,,,,,,,,,,,,,
2026-03-25 15:01:10.221434,AXISBANK,HOLD,58.079,1225.3,14.554632,13.625,0.0,🟡 HOLD,0,Financial Services,1158.9000244140625,1324.199951171875,,-5.42,8.07,,,,,,,,,,,,,,,,,
2026-03-25 15:01:10.223457,ICICIGI,HOLD,56.71475,1777.2,32.507774,17.266,0.0,🟡 HOLD,0,Financial Services,1647.800048828125,1770.5,,-7.28,-0.38,,,,,,,,,,,,,,,,,
2026-03-25 15:01:10.225463,GICRE,HOLD,56.65625,367.05,6.6882286,10.142,0.0,🟡 HOLD,0,Financial Services,366.4500122070313,399.8500061035156,,-0.16,8.94,,,,,,,,,,,,,,,,,
2026-03-25 15:01:10.227627,KOTAKBANK,HOLD,56.10625,370.85,19.632082,14.0492,0.0,🟡 HOLD,0,Financial Services,347.95001220703125,376.7999877929687,,-6.18,1.6,,,,,,,,,,,,,,,,,
2026-03-25 15:01:10.229774,CANBK,HOLD,55.511,136.58,6.1301613,18.215,0.0,🟡 HOLD,0,Financial Services,122.73999786376952,140.52000427246094,,-10.13,2.88,,,,,,,,,,,,,,,,,
2026-03-25 15:01:10.231738,MAHABANK,REDUCE,55.325,65.86,7.8218527,21.175,0.0,🟡 HOLD,0,Financial Services,61.84000015258789,79.75,,-6.1,21.09,,,,,,,,,,,,,,,,,
2026-03-25 15:01:10.233617,PNB,HOLD,54.478750000000005,109.93,7.0968366,12.706,0.0,🟡 HOLD,0,Financial Services,100.38999938964844,113.87999725341795,,-8.68,3.59,,,,,,,,,,,,,,,,,
2026-03-25 15:01:10.235578,IOB,REDUCE,54.14725,33.1,13.455284,15.338,0.0,🟡 HOLD,0,Financial Services,31.65999984741211,35.31999969482422,,-4.35,6.71,,,,,,,,,,,,,,,,,
2026-03-25 15:01:10.237420,BANKBARODA,WEAK SELL,53.35000000000001,272.75,7.248206,12.813,0.0,🟠 WEAK SELL,0,Financial Services,242.07000732421875,273.989990234375,,-11.25,0.45,,,,,,,,,,,,,,,,,
2026-03-25 15:01:10.239249,UNIONBANK,REDUCE,51.38550000000001,180.7,7.2862906,15.561,0.0,🟠 WEAK SELL,0,Financial Services,164.6199951171875,176.10000610351562,,-8.9,-2.55,,,,,,,,,,,,,,,,,
2026-03-25 15:01:10.241050,ICICIPRULI,REDUCE,50.5245,541.0,57.18816,10.913,19.287,🟠 WEAK SELL,0,Financial Services,498.5,519.5999755859375,,-7.86,-3.96,,,,,,,,,,,,,,,,,
2026-03-25 15:01:10.242819,LICHSGFIN,WEAK SELL,50.46825,496.4,4.977439,14.971,500.0,🟠 WEAK SELL,0,Financial Services,506.2999877929687,543.0999755859375,,1.99,9.41,,,,,,,,,,,,,,,,,
2026-03-25 15:01:10.244570,BANKINDIA,WEAK SELL,50.069,149.57,6.9341683,12.05,0.0,🟠 WEAK SELL,0,Financial Services,135.6999969482422,147.50999450683594,,-9.27,-1.38,,,,,,,,,,,,,,,,,
2026-03-25 15:01:10.246281,CENTRALBK,REDUCE,49.398,34.19,6.284926,13.226,0.0,🟠 WEAK SELL,0,Financial Services,32.209999084472656,36.52000045776367,,-5.79,6.81,,,,,,,,,,,,,,,,,
2026-03-25 15:01:10.248023,BAJAJHLDNG,REDUCE,49.33275,9578.0,12.125432,10.4019,0.019,🟠 WEAK SELL,0,Financial Services,8626.5,10333.5,,-9.93,7.89,,,,,,,,,,,,,,,,,
2026-03-25 15:01:10.249827,UCOBANK,REDUCE,46.999750000000006,24.67,11.975729,8.567,0.0,🟠 WEAK SELL,0,Financial Services,23.040000915527344,26.549999237060547,,-6.61,7.62,,,,,,,,,,,,,,,,,
2026-03-25 15:01:10.251644,IDBI,SELL,40.84025,67.3,7.789352,14.728,0.0,🔴 SELL,0,Financial Services,65.3499984741211,77.54000091552734,,-2.9,15.22,,,,,,,,,,,,,,,,,
2026-03-25 20:31:53.805452,DRREDDY,INCREASE,63.77660009765626,1300.7,19.158934,16.1,18.026,🟡 HOLD,0,Healthcare,1189.800048828125,1334.5,,-8.53,2.6,,,,,,,,,,,,,,,,,
2026-03-25 20:31:53.809479,J&KBANK,WATCHLIST,59.35560009765625,118.07,6.033214,14.635,0.0,🟡 HOLD,0,Financial Services,110.1500015258789,129.22000122070312,,-6.71,9.44,,,,,,,,,,,,,,,,,
2026-03-25 20:31:53.811908,SBIN,WATCHLIST,59.313600097656256,1060.6,11.548346,15.9252,0.0,🟡 HOLD,0,Financial Services,978.5,1111.8499755859375,,-7.74,4.83,,,,,,,,,,,,,,,,,
2026-03-25 20:31:53.814013,INDIANB,WATCHLIST,57.96260009765626,909.05,10.633408,15.752,0.0,🟡 HOLD,0,Financial Services,848.6500244140625,912.6500244140624,,-6.64,0.4,,,,,,,,,,,,,,,,,
2026-03-25 20:31:53.815963,ICICIBANK,HOLD,57.49860009765625,1259.7,17.209017,16.798,0.0,🟡 HOLD,0,Financial Services,1194.5,1314.0999755859375,,-5.18,4.32,,,,,,,,,,,,,,,,,
2026-03-25 20:31:53.817945,AXISBANK,HOLD,56.32160009765625,1222.1,14.514252,13.625,0.0,🟡 HOLD,0,Financial Services,1158.9000244140625,1324.199951171875,,-5.17,8.35,,,,,,,,,,,,,,,,,
2026-03-25 20:31:53.819870,ICICIGI,HOLD,55.90860009765625,1770.3,32.381565,17.266,0.0,🟡 HOLD,0,Financial Services,1647.800048828125,1770.5,,-6.92,0.01,,,,,,,,,,,,,,,,,
2026-03-25 20:31:53.821718,GICRE,HOLD,55.74260009765626,367.3,6.692784,10.142,0.0,🟡 HOLD,0,Financial Services,366.4500122070313,399.8500061035156,,-0.23,8.86,,,,,,,,,,,,,,,,,
2026-03-25 20:31:53.823656,KOTAKBANK,HOLD,54.862600097656255,371.1,19.645315,14.0492,0.0,🟡 HOLD,0,Financial Services,347.95001220703125,376.7999877929687,,-6.24,1.54,,,,,,,,,,,,,,,,,
2026-03-25 20:31:53.825498,CANBK,HOLD,54.01360009765626,136.53,6.1279173,18.215,0.0,🟡 HOLD,0,Financial Services,122.73999786376952,140.52000427246094,,-10.1,2.92,,,,,,,,,,,,,,,,,
2026-03-25 20:31:53.827358,MAHABANK,REDUCE,53.83760009765626,65.51,7.7802854,21.175,0.0,🟡 HOLD,0,Financial Services,61.84000015258789,79.75,,-5.6,21.74,,,,,,,,,,,,,,,,,
2026-03-25 20:31:53.829461,PNB,REDUCE,52.972600097656255,110.07,7.105875,12.706,0.0,🟡 HOLD,0,Financial Services,100.38999938964844,113.87999725341795,,-8.79,3.46,,,,,,,,,,,,,,,,,
2026-03-25 20:31:53.831577,IOB,REDUCE,52.65860009765625,33.05,13.434958,15.338,0.0,🟡 HOLD,0,Financial Services,31.65999984741211,35.31999969482422,,-4.21,6.87,,,,,,,,,,,,,,,,,
2026-03-25 20:31:53.833624,BANKBARODA,WEAK SELL,51.71760009765626,272.7,7.2468777,12.813,0.0,🟠 WEAK SELL,0,Financial Services,242.07000732421875,273.989990234375,,-11.23,0.47,,,,,,,,,,,,,,,,,
2026-03-25 20:31:53.835842,UNIONBANK,REDUCE,50.71560009765625,180.32,7.2709684,15.561,0.0,🟠 WEAK SELL,0,Financial Services,164.6199951171875,176.10000610351562,,-8.71,-2.34,,,,,,,,,,,,,,,,,
2026-03-25 20:31:53.837727,LICHSGFIN,WEAK SELL,50.05460009765625,496.3,4.976436,14.971,500.0,🟠 WEAK SELL,0,Financial Services,506.2999877929687,543.0999755859375,,2.01,9.43,,,,,,,,,,,,,,,,,
2026-03-25 20:31:53.839651,ICICIPRULI,HOLD,49.87960009765625,540.6,57.145874,10.913,19.287,🟠 WEAK SELL,0,Financial Services,498.5,519.5999755859375,,-7.79,-3.88,,,,,,,,,,,,,,,,,
2026-03-25 20:31:53.841660,BANKINDIA,WEAK SELL,48.82160009765626,149.5,6.9309225,12.05,0.0,🟠 WEAK SELL,0,Financial Services,135.6999969482422,147.50999450683594,,-9.23,-1.33,,,,,,,,,,,,,,,,,
2026-03-25 20:31:53.843531,BAJAJHLDNG,REDUCE,48.69660009765626,9554.0,12.095049,10.4019,0.019,🟠 WEAK SELL,0,Financial Services,8626.5,10333.5,,-9.71,8.16,,,,,,,,,,,,,,,,,
2026-03-25 20:31:53.845460,CENTRALBK,REDUCE,47.10560009765626,34.12,6.2720585,13.226,0.0,🟠 WEAK SELL,0,Financial Services,32.209999084472656,36.52000045776367,,-5.6,7.03,,,,,,,,,,,,,,,,,
2026-03-25 20:31:53.847409,UCOBANK,REDUCE,45.14860009765626,24.61,11.946603,8.567,0.0,🟠 WEAK SELL,0,Financial Services,23.040000915527344,26.549999237060547,,-6.38,7.88,,,,,,,,,,,,,,,,,
2026-03-25 20:31:53.849582,IDBI,SELL,39.38660009765625,67.15,7.771991,14.728,0.0,🔴 SELL,0,Financial Services,65.3499984741211,77.54000091552734,,-2.68,15.47,,,,,,,,,,,,,,,,,
2026-03-25 21:18:14.549893,DRREDDY,INCREASE,63.77660009765626,1300.7,19.158934,16.1,18.026,🟡 HOLD,0,Healthcare,1189.800048828125,1334.5,,-8.53,2.6,,,,,,,,,,,,,,,,,
2026-03-25 21:18:14.554286,J&KBANK,WATCHLIST,59.35560009765625,118.07,6.033214,14.635,0.0,🟡 HOLD,0,Financial Services,110.1500015258789,129.22000122070312,,-6.71,9.44,,,,,,,,,,,,,,,,,
2026-03-25 21:18:14.556596,SBIN,WATCHLIST,59.313600097656256,1060.6,11.548346,15.9252,0.0,🟡 HOLD,0,Financial Services,978.5,1111.8499755859375,,-7.74,4.83,,,,,,,,,,,,,,,,,
2026-03-25 21:18:14.559005,INDIANB,WATCHLIST,57.96260009765626,909.05,10.633408,15.752,0.0,🟡 HOLD,0,Financial Services,848.6500244140625,912.6500244140624,,-6.64,0.4,,,,,,,,,,,,,,,,,
2026-03-25 21:18:14.561288,ICICIBANK,HOLD,57.49860009765625,1259.7,17.209017,16.798,0.0,🟡 HOLD,0,Financial Services,1194.5,1314.0999755859375,,-5.18,4.32,,,,,,,,,,,,,,,,,
2026-03-25 21:18:14.563470,AXISBANK,HOLD,56.32160009765625,1222.1,14.514252,13.625,0.0,🟡 HOLD,0,Financial Services,1158.9000244140625,1324.199951171875,,-5.17,8.35,,,,,,,,,,,,,,,,,
2026-03-25 21:18:14.565626,ICICIGI,HOLD,55.90860009765625,1770.3,32.381565,17.266,0.0,🟡 HOLD,0,Financial Services,1647.800048828125,1770.5,,-6.92,0.01,,,,,,,,,,,,,,,,,
2026-03-25 21:18:14.567967,GICRE,HOLD,55.74260009765626,367.3,6.692784,10.142,0.0,🟡 HOLD,0,Financial Services,366.4500122070313,399.8500061035156,,-0.23,8.86,,,,,,,,,,,,,,,,,
2026-03-25 21:18:14.570125,KOTAKBANK,HOLD,54.862600097656255,371.1,19.645315,14.0492,0.0,🟡 HOLD,0,Financial Services,347.95001220703125,376.7999877929687,,-6.24,1.54,,,,,,,,,,,,,,,,,
2026-03-25 21:18:14.572238,CANBK,HOLD,54.01360009765626,136.53,6.1279173,18.215,0.0,🟡 HOLD,0,Financial Services,122.73999786376952,140.52000427246094,,-10.1,2.92,,,,,,,,,,,,,,,,,
2026-03-25 21:18:14.574381,MAHABANK,REDUCE,53.83760009765626,65.51,7.7802854,21.175,0.0,🟡 HOLD,0,Financial Services,61.84000015258789,79.75,,-5.6,21.74,,,,,,,,,,,,,,,,,
2026-03-25 21:18:14.576568,PNB,REDUCE,52.972600097656255,110.07,7.105875,12.706,0.0,🟡 HOLD,0,Financial Services,100.38999938964844,113.87999725341795,,-8.79,3.46,,,,,,,,,,,,,,,,,
2026-03-25 21:18:14.578584,IOB,REDUCE,52.65860009765625,33.05,13.434958,15.338,0.0,🟡 HOLD,0,Financial Services,31.65999984741211,35.31999969482422,,-4.21,6.87,,,,,,,,,,,,,,,,,
2026-03-25 21:18:14.580782,BANKBARODA,WEAK SELL,51.71760009765626,272.7,7.2468777,12.813,0.0,🟠 WEAK SELL,0,Financial Services,242.07000732421875,273.989990234375,,-11.23,0.47,,,,,,,,,,,,,,,,,
2026-03-25 21:18:14.582831,UNIONBANK,REDUCE,50.71560009765625,180.32,7.2709684,15.561,0.0,🟠 WEAK SELL,0,Financial Services,164.6199951171875,176.10000610351562,,-8.71,-2.34,,,,,,,,,,,,,,,,,
2026-03-25 21:18:14.584827,LICHSGFIN,WEAK SELL,50.05460009765625,496.3,4.976436,14.971,500.0,🟠 WEAK SELL,0,Financial Services,506.2999877929687,543.0999755859375,,2.01,9.43,,,,,,,,,,,,,,,,,
2026-03-25 21:18:14.586926,ICICIPRULI,HOLD,49.87960009765625,540.6,57.145874,10.913,19.287,🟠 WEAK SELL,0,Financial Services,498.5,519.5999755859375,,-7.79,-3.88,,,,,,,,,,,,,,,,,
2026-03-25 21:18:14.588918,BANKINDIA,WEAK SELL,48.82160009765626,149.5,6.9309225,12.05,0.0,🟠 WEAK SELL,0,Financial Services,135.6999969482422,147.50999450683594,,-9.23,-1.33,,,,,,,,,,,,,,,,,
2026-03-25 21:18:14.590944,BAJAJHLDNG,REDUCE,48.69660009765626,9554.0,12.095049,10.4019,0.019,🟠 WEAK SELL,0,Financial Services,8626.5,10333.5,,-9.71,8.16,,,,,,,,,,,,,,,,,
2026-03-25 21:18:14.593276,CENTRALBK,REDUCE,47.10560009765626,34.12,6.2720585,13.226,0.0,🟠 WEAK SELL,0,Financial Services,32.209999084472656,36.52000045776367,,-5.6,7.03,,,,,,,,,,,,,,,,,
2026-03-25 21:18:14.595618,UCOBANK,REDUCE,45.14860009765626,24.61,11.946603,8.567,0.0,🟠 WEAK SELL,0,Financial Services,23.040000915527344,26.549999237060547,,-6.38,7.88,,,,,,,,,,,,,,,,,
2026-03-25 21:18:14.597758,IDBI,SELL,39.38660009765625,67.15,7.771991,14.728,0.0,🔴 SELL,0,Financial Services,65.3499984741211,77.54000091552734,,-2.68,15.47,,,,,,,,,,,,,,,,,
2026-03-25 23:18:08.433714,DRREDDY,INCREASE,64.39960009765625,1300.7,19.158934,16.1,18.026,🟡 HOLD,0,Healthcare,1189.800048828125,1334.5,,-8.53,2.6,,,,,,,,,,,,,,,,,
2026-03-25 23:18:08.438322,J&KBANK,WATCHLIST,61.47780009765626,118.07,6.033214,14.635,0.0,🟡 HOLD,0,Financial Services,110.1500015258789,129.22000122070312,,-6.71,9.44,,,,,,,,,,,,,,,,,
2026-03-25 23:18:08.440853,SBIN,WATCHLIST,59.47380009765625,1060.6,11.548346,15.9252,0.0,🟡 HOLD,0,Financial Services,978.5,1111.8499755859375,,-7.74,4.83,,,,,,,,,,,,,,,,,
2026-03-25 23:18:08.443573,INDIANB,WATCHLIST,58.35580009765626,909.05,10.633408,15.752,0.0,🟡 HOLD,0,Financial Services,848.6500244140625,912.6500244140624,,-6.64,0.4,,,,,,,,,,,,,,,,,
2026-03-25 23:18:08.446289,ICICIBANK,HOLD,57.91980009765626,1259.7,17.209017,16.798,0.0,🟡 HOLD,0,Financial Services,1194.5,1314.0999755859375,,-5.18,4.32,,,,,,,,,,,,,,,,,
2026-03-25 23:18:08.448661,AXISBANK,HOLD,56.37580009765625,1222.1,14.514252,13.625,0.0,🟡 HOLD,0,Financial Services,1158.9000244140625,1324.199951171875,,-5.17,8.35,,,,,,,,,,,,,,,,,
2026-03-25 23:18:08.451180,ICICIGI,HOLD,56.23780009765625,1770.3,32.381565,17.266,0.0,🟡 HOLD,0,Financial Services,1647.800048828125,1770.5,,-6.92,0.01,,,,,,,,,,,,,,,,,
2026-03-25 23:18:08.453475,GICRE,HOLD,56.05380009765626,367.3,6.692784,10.142,0.0,🟡 HOLD,0,Financial Services,366.4500122070313,399.8500061035156,,-0.23,8.86,,,,,,,,,,,,,,,,,
2026-03-25 23:18:08.455743,KOTAKBANK,HOLD,55.209800097656256,371.1,19.645315,14.0492,0.0,🟡 HOLD,0,Financial Services,347.95001220703125,376.7999877929687,,-6.24,1.54,,,,,,,,,,,,,,,,,
2026-03-25 23:18:08.458519,MAHABANK,REDUCE,53.999800097656255,65.51,7.7802854,21.175,0.0,🟡 HOLD,0,Financial Services,61.84000015258789,79.75,,-5.6,21.74,,,,,,,,,,,,,,,,,
2026-03-25 23:18:08.461124,CANBK,HOLD,53.923800097656255,136.53,6.1279173,18.215,0.0,🟡 HOLD,0,Financial Services,122.73999786376952,140.52000427246094,,-10.1,2.92,,,,,,,,,,,,,,,,,
2026-03-25 23:18:08.463746,PNB,REDUCE,52.83380009765625,110.07,7.105875,12.706,0.0,🟡 HOLD,0,Financial Services,100.38999938964844,113.87999725341795,,-8.79,3.46,,,,,,,,,,,,,,,,,
2026-03-25 23:18:08.466080,IOB,WEAK SELL,51.99180009765625,33.05,13.434958,15.338,0.0,🟠 WEAK SELL,0,Financial Services,31.65999984741211,35.31999969482422,,-4.21,6.87,,,,,,,,,,,,,,,,,
2026-03-25 23:18:08.468293,BANKBARODA,REDUCE,51.905800097656254,272.7,7.2468777,12.813,0.0,🟡 HOLD,0,Financial Services,242.07000732421875,273.989990234375,,-11.23,0.47,,,,,,,,,,,,,,,,,
2026-03-25 23:18:08.470642,UNIONBANK,REDUCE,51.149800097656254,180.32,7.2709684,15.561,0.0,🟠 WEAK SELL,0,Financial Services,164.6199951171875,176.10000610351562,,-8.71,-2.34,,,,,,,,,,,,,,,,,
2026-03-25 23:18:08.472865,LICHSGFIN,WEAK SELL,50.719800097656254,496.3,4.976436,14.971,500.0,🟠 WEAK SELL,0,Financial Services,506.2999877929687,543.0999755859375,,2.01,9.43,,,,,,,,,,,,,,,,,
2026-03-25 23:18:08.475092,ICICIPRULI,HOLD,50.52580009765625,540.6,57.145874,10.913,19.287,🟡 HOLD,0,Financial Services,498.5,519.5999755859375,,-7.79,-3.88,,,,,,,,,,,,,,,,,
2026-03-25 23:18:08.477232,BANKINDIA,WEAK SELL,49.149800097656254,149.5,6.9309225,12.05,0.0,🟠 WEAK SELL,0,Financial Services,135.6999969482422,147.50999450683594,,-9.23,-1.33,,,,,,,,,,,,,,,,,
2026-03-25 23:18:08.479511,BAJAJHLDNG,REDUCE,48.53780009765625,9554.0,12.095049,10.4019,0.019,🟠 WEAK SELL,0,Financial Services,8626.5,10333.5,,-9.71,8.16,,,,,,,,,,,,,,,,,
2026-03-25 23:18:08.481841,CENTRALBK,REDUCE,46.789800097656254,34.12,6.2720585,13.226,0.0,🟠 WEAK SELL,0,Financial Services,32.209999084472656,36.52000045776367,,-5.6,7.03,,,,,,,,,,,,,,,,,
2026-03-25 23:18:08.484196,UCOBANK,REDUCE,45.057800097656255,24.61,11.946603,8.567,0.0,🟠 WEAK SELL,0,Financial Services,23.040000915527344,26.549999237060547,,-6.38,7.88,,,,,,,,,,,,,,,,,
2026-03-25 23:18:08.486670,IDBI,SELL,39.71780009765625,67.15,7.771991,14.728,0.0,🟠 WEAK SELL,0,Financial Services,65.3499984741211,77.54000091552734,,-2.68,15.47,,,,,,,,,,,,,,,,,
2026-03-26 13:08:46.912443,DRREDDY,INCREASE,63.897520117187504,1300.7,19.15611,16.1,18.026,🟡 HOLD,0,Healthcare,1199.4000244140625,1334.5,,-7.79,2.6,,,,,,,,,,,,,,,,,
2026-03-26 13:08:46.917533,J&KBANK,WATCHLIST,59.95316011718751,118.07,6.0362988,14.635,0.0,🟡 HOLD,0,Financial Services,112.9000015258789,129.22000122070312,,-4.38,9.44,,,,,,,,,,,,,,,,,
2026-03-26 13:08:46.920223,SBIN,WATCHLIST,59.552360117187504,1060.6,11.547088,15.9252,0.0,🟡 HOLD,0,Financial Services,1005.2999877929688,1111.8499755859375,,-5.21,4.83,,,,,,,,,,,,,,,,,
2026-03-26 13:08:46.922862,INDIANB,WATCHLIST,58.368760117187506,909.05,10.638385,15.752,0.0,🟡 HOLD,0,Financial Services,886.8499755859375,912.6500244140624,,-2.44,0.4,,,,,,,,,,,,,,,,,
2026-03-26 13:08:46.925595,ICICIBANK,HOLD,57.241560117187504,1259.7,17.211367,16.798,0.0,🟡 HOLD,0,Financial Services,1209.0,1314.0999755859375,,-4.02,4.32,,,,,,,,,,,,,,,,,
2026-03-26 13:08:46.928131,AXISBANK,HOLD,56.1327601171875,1222.1,14.514252,13.625,0.0,🟡 HOLD,0,Financial Services,1214.199951171875,1324.199951171875,,-0.65,8.35,,,,,,,,,,,,,,,,,
2026-03-26 13:08:46.930930,GICRE,HOLD,55.82836011718751,367.3,6.694004,10.142,0.0,🟡 HOLD,0,Financial Services,387.4500122070313,399.8500061035156,,5.49,8.86,,,,,,,,,,,,,,,,,
2026-03-26 13:08:46.933447,ICICIGI,HOLD,55.7851601171875,1770.3,32.363804,17.266,0.0,🟡 HOLD,0,Financial Services,1692.0,1770.5,,-4.42,0.01,,,,,,,,,,,,,,,,,
2026-03-26 13:08:46.935816,KOTAKBANK,HOLD,54.7795601171875,371.1,19.645315,14.0492,0.0,🟡 HOLD,0,Financial Services,352.54998779296875,376.7999877929687,,-5.0,1.54,,,,,,,,,,,,,,,,,
2026-03-26 13:08:46.938497,CANBK,HOLD,53.96236011718751,136.53,6.130669,18.215,0.0,🟡 HOLD,0,Financial Services,127.5500030517578,140.52000427246094,,-6.58,2.92,,,,,,,,,,,,,,,,,
2026-03-26 13:08:46.940952,MAHABANK,REDUCE,53.737560117187506,65.51,7.7802854,21.175,0.0,🟡 HOLD,0,Financial Services,65.08999633789062,79.75,,-0.64,21.74,,,,,,,,,,,,,,,,,
2026-03-26 13:08:46.943329,PNB,REDUCE,52.704360117187505,110.07,7.105875,12.706,0.0,🟡 HOLD,0,Financial Services,104.5,113.87999725341795,,-5.06,3.46,,,,,,,,,,,,,,,,,
2026-03-26 13:08:46.945828,IOB,WEAK SELL,52.2159601171875,33.05,13.434958,15.338,0.0,🟠 WEAK SELL,0,Financial Services,32.720001220703125,35.31999969482422,,-1.0,6.87,,,,,,,,,,,,,,,,,
2026-03-26 13:08:46.948132,BANKBARODA,REDUCE,51.39876011718751,272.7,7.2468777,12.813,0.0,🟡 HOLD,0,Financial Services,252.97000122070312,273.989990234375,,-7.24,0.47,,,,,,,,,,,,,,,,,
2026-03-26 13:08:46.950620,UNIONBANK,REDUCE,51.0875601171875,180.32,7.2680373,15.561,0.0,🟠 WEAK SELL,0,Financial Services,172.8000030517578,176.10000610351562,,-4.17,-2.34,,,,,,,,,,,,,,,,,
2026-03-26 13:08:46.952876,LICHSGFIN,WEAK SELL,50.6015601171875,496.3,4.9774346,14.971,500.0,🟠 WEAK SELL,0,Financial Services,514.25,543.0999755859375,,3.62,9.43,,,,,,,,,,,,,,,,,
2026-03-26 13:08:46.955245,ICICIPRULI,HOLD,49.8427601171875,540.6,57.145874,10.913,19.287,🟠 WEAK SELL,0,Financial Services,502.5499877929687,519.5999755859375,,-7.04,-3.88,,,,,,,,,,,,,,,,,
2026-03-26 13:08:46.957416,BANKINDIA,WEAK SELL,48.76756011718751,149.5,6.9309225,12.05,0.0,🟠 WEAK SELL,0,Financial Services,140.69000244140625,147.50999450683594,,-5.89,-1.33,,,,,,,,,,,,,,,,,
2026-03-26 13:08:46.959743,BAJAJHLDNG,REDUCE,48.72516011718751,9554.0,12.1065445,10.4019,0.019,🟠 WEAK SELL,0,Financial Services,9021.0,10333.5,,-5.58,8.16,,,,,,,,,,,,,,,,,
2026-03-26 13:08:46.962043,CENTRALBK,REDUCE,46.53556011718751,34.12,6.2720585,13.226,0.0,🟠 WEAK SELL,0,Financial Services,33.41999816894531,36.52000045776367,,-2.05,7.03,,,,,,,,,,,,,,,,,
2026-03-26 13:08:46.964262,UCOBANK,REDUCE,44.589160117187504,24.61,11.946603,8.567,0.0,🟠 WEAK SELL,0,Financial Services,24.049999237060547,26.549999237060547,,-2.28,7.88,,,,,,,,,,,,,,,,,
2026-03-26 13:08:46.966574,IDBI,SELL,39.2011601171875,67.15,7.771991,14.728,0.0,🟠 WEAK SELL,0,Financial Services,68.04000091552734,77.54000091552734,,1.33,15.47,,,,,,,,,,,,,,,,,
2026-03-26 14:27:46.536181,DRREDDY,INCREASE,63.897520117187504,1300.7,19.15611,16.1,18.026,🟡 HOLD,0,Healthcare,1199.4000244140625,1334.5,,-7.79,2.6,,,,,,,,,,,,,,,,,
2026-03-26 14:27:46.541815,J&KBANK,WATCHLIST,59.95316011718751,118.07,6.0362988,14.635,0.0,🟡 HOLD,0,Financial Services,112.9000015258789,129.22000122070312,,-4.38,9.44,,,,,,,,,,,,,,,,,
2026-03-26 14:27:46.544903,SBIN,WATCHLIST,59.552360117187504,1060.6,11.547088,15.9252,0.0,🟡 HOLD,0,Financial Services,1005.2999877929688,1111.8499755859375,,-5.21,4.83,,,,,,,,,,,,,,,,,
2026-03-26 14:27:46.547625,INDIANB,WATCHLIST,58.368760117187506,909.05,10.638385,15.752,0.0,🟡 HOLD,0,Financial Services,886.8499755859375,912.6500244140624,,-2.44,0.4,,,,,,,,,,,,,,,,,
2026-03-26 14:27:46.550503,ICICIBANK,HOLD,57.241560117187504,1259.7,17.211367,16.798,0.0,🟡 HOLD,0,Financial Services,1209.0,1314.0999755859375,,-4.02,4.32,,,,,,,,,,,,,,,,,
2026-03-26 14:27:46.553234,AXISBANK,HOLD,56.1327601171875,1222.1,14.514252,13.625,0.0,🟡 HOLD,0,Financial Services,1214.199951171875,1324.199951171875,,-0.65,8.35,,,,,,,,,,,,,,,,,
2026-03-26 14:27:46.555611,GICRE,HOLD,55.82836011718751,367.3,6.694004,10.142,0.0,🟡 HOLD,0,Financial Services,387.4500122070313,399.8500061035156,,5.49,8.86,,,,,,,,,,,,,,,,,
2026-03-26 14:27:46.558515,ICICIGI,HOLD,55.7851601171875,1770.3,32.363804,17.266,0.0,🟡 HOLD,0,Financial Services,1692.0,1770.5,,-4.42,0.01,,,,,,,,,,,,,,,,,
2026-03-26 14:27:46.561423,KOTAKBANK,HOLD,54.7795601171875,371.1,19.645315,14.0492,0.0,🟡 HOLD,0,Financial Services,352.54998779296875,376.7999877929687,,-5.0,1.54,,,,,,,,,,,,,,,,,
2026-03-26 14:27:46.564109,CANBK,HOLD,53.96236011718751,136.53,6.130669,18.215,0.0,🟡 HOLD,0,Financial Services,127.5500030517578,140.52000427246094,,-6.58,2.92,,,,,,,,,,,,,,,,,
2026-03-26 14:27:46.567129,MAHABANK,REDUCE,53.737560117187506,65.51,7.7802854,21.175,0.0,🟡 HOLD,0,Financial Services,65.08999633789062,79.75,,-0.64,21.74,,,,,,,,,,,,,,,,,
2026-03-26 14:27:46.569607,PNB,REDUCE,52.704360117187505,110.07,7.105875,12.706,0.0,🟡 HOLD,0,Financial Services,104.5,113.87999725341795,,-5.06,3.46,,,,,,,,,,,,,,,,,
2026-03-26 14:27:46.572129,IOB,WEAK SELL,52.2159601171875,33.05,13.434958,15.338,0.0,🟠 WEAK SELL,0,Financial Services,32.720001220703125,35.31999969482422,,-1.0,6.87,,,,,,,,,,,,,,,,,
2026-03-26 14:27:46.575058,BANKBARODA,REDUCE,51.39876011718751,272.7,7.2468777,12.813,0.0,🟡 HOLD,0,Financial Services,252.97000122070312,273.989990234375,,-7.24,0.47,,,,,,,,,,,,,,,,,
2026-03-26 14:27:46.577721,UNIONBANK,REDUCE,51.0875601171875,180.32,7.2680373,15.561,0.0,🟠 WEAK SELL,0,Financial Services,172.8000030517578,176.10000610351562,,-4.17,-2.34,,,,,,,,,,,,,,,,,
2026-03-26 14:27:46.580279,LICHSGFIN,WEAK SELL,50.6015601171875,496.3,4.9774346,14.971,500.0,🟠 WEAK SELL,0,Financial Services,514.25,543.0999755859375,,3.62,9.43,,,,,,,,,,,,,,,,,
2026-03-26 14:27:46.583646,ICICIPRULI,HOLD,49.8427601171875,540.6,57.145874,10.913,19.287,🟠 WEAK SELL,0,Financial Services,502.5499877929687,519.5999755859375,,-7.04,-3.88,,,,,,,,,,,,,,,,,
2026-03-26 14:27:46.586988,BANKINDIA,WEAK SELL,48.76756011718751,149.5,6.9309225,12.05,0.0,🟠 WEAK SELL,0,Financial Services,140.69000244140625,147.50999450683594,,-5.89,-1.33,,,,,,,,,,,,,,,,,
2026-03-26 14:27:46.589662,BAJAJHLDNG,REDUCE,48.72516011718751,9554.0,12.1065445,10.4019,0.019,🟠 WEAK SELL,0,Financial Services,9021.0,10333.5,,-5.58,8.16,,,,,,,,,,,,,,,,,
2026-03-26 14:27:46.592736,CENTRALBK,REDUCE,46.53556011718751,34.12,6.2720585,13.226,0.0,🟠 WEAK SELL,0,Financial Services,33.41999816894531,36.52000045776367,,-2.05,7.03,,,,,,,,,,,,,,,,,
2026-03-26 14:27:46.595349,UCOBANK,REDUCE,44.589160117187504,24.61,11.946603,8.567,0.0,🟠 WEAK SELL,0,Financial Services,24.049999237060547,26.549999237060547,,-2.28,7.88,,,,,,,,,,,,,,,,,
2026-03-26 14:27:46.597740,IDBI,SELL,39.2011601171875,67.15,7.771991,14.728,0.0,🟠 WEAK SELL,0,Financial Services,68.04000091552734,77.54000091552734,,1.33,15.47,,,,,,,,,,,,,,,,,
2026-03-26 14:57:09.137779,DRREDDY,INCREASE,63.897520117187504,1300.7,19.15611,16.1,18.026,🟡 HOLD,0,Healthcare,1199.4000244140625,1334.5,,-7.79,2.6,,,,,,,,,,,,,,,,,
2026-03-26 14:57:09.142364,J&KBANK,WATCHLIST,59.95316011718751,118.07,6.0362988,14.635,0.0,🟡 HOLD,0,Financial Services,112.9000015258789,129.22000122070312,,-4.38,9.44,,,,,,,,,,,,,,,,,
2026-03-26 14:57:09.145313,SBIN,WATCHLIST,59.552360117187504,1060.6,11.547088,15.9252,0.0,🟡 HOLD,0,Financial Services,1005.2999877929688,1111.8499755859375,,-5.21,4.83,,,,,,,,,,,,,,,,,
2026-03-26 14:57:09.148136,INDIANB,WATCHLIST,58.368760117187506,909.05,10.638385,15.752,0.0,🟡 HOLD,0,Financial Services,886.8499755859375,912.6500244140624,,-2.44,0.4,,,,,,,,,,,,,,,,,
2026-03-26 14:57:09.150620,ICICIBANK,HOLD,57.241560117187504,1259.7,17.211367,16.798,0.0,🟡 HOLD,0,Financial Services,1209.0,1314.0999755859375,,-4.02,4.32,,,,,,,,,,,,,,,,,
2026-03-26 14:57:09.153043,AXISBANK,HOLD,56.1327601171875,1222.1,14.514252,13.625,0.0,🟡 HOLD,0,Financial Services,1214.199951171875,1324.199951171875,,-0.65,8.35,,,,,,,,,,,,,,,,,
2026-03-26 14:57:09.155649,GICRE,HOLD,55.82836011718751,367.3,6.694004,10.142,0.0,🟡 HOLD,0,Financial Services,387.4500122070313,399.8500061035156,,5.49,8.86,,,,,,,,,,,,,,,,,
2026-03-26 14:57:09.158227,ICICIGI,HOLD,55.7851601171875,1770.3,32.363804,17.266,0.0,🟡 HOLD,0,Financial Services,1692.0,1770.5,,-4.42,0.01,,,,,,,,,,,,,,,,,
2026-03-26 14:57:09.160910,KOTAKBANK,HOLD,54.7795601171875,371.1,19.645315,14.0492,0.0,🟡 HOLD,0,Financial Services,352.54998779296875,376.7999877929687,,-5.0,1.54,,,,,,,,,,,,,,,,,
2026-03-26 14:57:09.163418,CANBK,HOLD,53.96236011718751,136.53,6.130669,18.215,0.0,🟡 HOLD,0,Financial Services,127.5500030517578,140.52000427246094,,-6.58,2.92,,,,,,,,,,,,,,,,,
2026-03-26 14:57:09.165813,MAHABANK,REDUCE,53.737560117187506,65.51,7.7802854,21.175,0.0,🟡 HOLD,0,Financial Services,65.08999633789062,79.75,,-0.64,21.74,,,,,,,,,,,,,,,,,
2026-03-26 14:57:09.168200,PNB,REDUCE,52.704360117187505,110.07,7.105875,12.706,0.0,🟡 HOLD,0,Financial Services,104.5,113.87999725341795,,-5.06,3.46,,,,,,,,,,,,,,,,,
2026-03-26 14:57:09.170584,IOB,WEAK SELL,52.2159601171875,33.05,13.434958,15.338,0.0,🟠 WEAK SELL,0,Financial Services,32.720001220703125,35.31999969482422,,-1.0,6.87,,,,,,,,,,,,,,,,,
2026-03-26 14:57:09.172945,BANKBARODA,REDUCE,51.39876011718751,272.7,7.2468777,12.813,0.0,🟡 HOLD,0,Financial Services,252.97000122070312,273.989990234375,,-7.24,0.47,,,,,,,,,,,,,,,,,
2026-03-26 14:57:09.175525,UNIONBANK,REDUCE,51.0875601171875,180.32,7.2680373,15.561,0.0,🟠 WEAK SELL,0,Financial Services,172.8000030517578,176.10000610351562,,-4.17,-2.34,,,,,,,,,,,,,,,,,
2026-03-26 14:57:09.177914,LICHSGFIN,WEAK SELL,50.6015601171875,496.3,4.9774346,14.971,500.0,🟠 WEAK SELL,0,Financial Services,514.25,543.0999755859375,,3.62,9.43,,,,,,,,,,,,,,,,,
2026-03-26 14:57:09.180308,ICICIPRULI,HOLD,49.8427601171875,540.6,57.145874,10.913,19.287,🟠 WEAK SELL,0,Financial Services,502.5499877929687,519.5999755859375,,-7.04,-3.88,,,,,,,,,,,,,,,,,
2026-03-26 14:57:09.182692,BANKINDIA,WEAK SELL,48.76756011718751,149.5,6.9309225,12.05,0.0,🟠 WEAK SELL,0,Financial Services,140.69000244140625,147.50999450683594,,-5.89,-1.33,,,,,,,,,,,,,,,,,
2026-03-26 14:57:09.185316,BAJAJHLDNG,REDUCE,48.72516011718751,9554.0,12.1065445,10.4019,0.019,🟠 WEAK SELL,0,Financial Services,9021.0,10333.5,,-5.58,8.16,,,,,,,,,,,,,,,,,
2026-03-26 14:57:09.189234,CENTRALBK,REDUCE,46.53556011718751,34.12,6.2720585,13.226,0.0,🟠 WEAK SELL,0,Financial Services,33.41999816894531,36.52000045776367,,-2.05,7.03,,,,,,,,,,,,,,,,,
2026-03-26 14:57:09.193040,UCOBANK,REDUCE,44.589160117187504,24.61,11.946603,8.567,0.0,🟠 WEAK SELL,0,Financial Services,24.049999237060547,26.549999237060547,,-2.28,7.88,,,,,,,,,,,,,,,,,
2026-03-26 14:57:09.195750,IDBI,SELL,39.2011601171875,67.15,7.771991,14.728,0.0,🟠 WEAK SELL,0,Financial Services,68.04000091552734,77.54000091552734,,1.33,15.47,,,,,,,,,,,,,,,,,
2026-03-26 15:03:01.614289,DRREDDY,INCREASE,63.897520117187504,1300.7,19.15611,16.1,18.026,🟡 HOLD,0,Healthcare,1199.4000244140625,1334.5,,-7.79,2.6,,,,,,,,,,,,,,,,,
2026-03-26 15:03:01.619096,J&KBANK,WATCHLIST,59.95316011718751,118.07,6.0362988,14.635,0.0,🟡 HOLD,0,Financial Services,112.9000015258789,129.22000122070312,,-4.38,9.44,,,,,,,,,,,,,,,,,
2026-03-26 15:03:01.621783,SBIN,WATCHLIST,59.552360117187504,1060.6,11.547088,15.9252,0.0,🟡 HOLD,0,Financial Services,1005.2999877929688,1111.8499755859375,,-5.21,4.83,,,,,,,,,,,,,,,,,
2026-03-26 15:03:01.624670,INDIANB,WATCHLIST,58.368760117187506,909.05,10.638385,15.752,0.0,🟡 HOLD,0,Financial Services,886.8499755859375,912.6500244140624,,-2.44,0.4,,,,,,,,,,,,,,,,,
2026-03-26 15:03:01.627342,ICICIBANK,HOLD,57.241560117187504,1259.7,17.211367,16.798,0.0,🟡 HOLD,0,Financial Services,1209.0,1314.0999755859375,,-4.02,4.32,,,,,,,,,,,,,,,,,
2026-03-26 15:03:01.629773,AXISBANK,HOLD,56.1327601171875,1222.1,14.514252,13.625,0.0,🟡 HOLD,0,Financial Services,1214.199951171875,1324.199951171875,,-0.65,8.35,,,,,,,,,,,,,,,,,
2026-03-26 15:03:01.632242,GICRE,HOLD,55.82836011718751,367.3,6.694004,10.142,0.0,🟡 HOLD,0,Financial Services,387.4500122070313,399.8500061035156,,5.49,8.86,,,,,,,,,,,,,,,,,
2026-03-26 15:03:01.634584,ICICIGI,HOLD,55.7851601171875,1770.3,32.363804,17.266,0.0,🟡 HOLD,0,Financial Services,1692.0,1770.5,,-4.42,0.01,,,,,,,,,,,,,,,,,
2026-03-26 15:03:01.636903,KOTAKBANK,HOLD,54.7795601171875,371.1,19.645315,14.0492,0.0,🟡 HOLD,0,Financial Services,352.54998779296875,376.7999877929687,,-5.0,1.54,,,,,,,,,,,,,,,,,
2026-03-26 15:03:01.639311,CANBK,HOLD,53.96236011718751,136.53,6.130669,18.215,0.0,🟡 HOLD,0,Financial Services,127.5500030517578,140.52000427246094,,-6.58,2.92,,,,,,,,,,,,,,,,,
2026-03-26 15:03:01.641574,MAHABANK,REDUCE,53.737560117187506,65.51,7.7802854,21.175,0.0,🟡 HOLD,0,Financial Services,65.08999633789062,79.75,,-0.64,21.74,,,,,,,,,,,,,,,,,
2026-03-26 15:03:01.643858,PNB,REDUCE,52.704360117187505,110.07,7.105875,12.706,0.0,🟡 HOLD,0,Financial Services,104.5,113.87999725341795,,-5.06,3.46,,,,,,,,,,,,,,,,,
2026-03-26 15:03:01.646242,IOB,WEAK SELL,52.2159601171875,33.05,13.434958,15.338,0.0,🟠 WEAK SELL,0,Financial Services,32.720001220703125,35.31999969482422,,-1.0,6.87,,,,,,,,,,,,,,,,,
2026-03-26 15:03:01.648596,BANKBARODA,REDUCE,51.39876011718751,272.7,7.2468777,12.813,0.0,🟡 HOLD,0,Financial Services,252.97000122070312,273.989990234375,,-7.24,0.47,,,,,,,,,,,,,,,,,
2026-03-26 15:03:01.650945,UNIONBANK,REDUCE,51.0875601171875,180.32,7.2680373,15.561,0.0,🟠 WEAK SELL,0,Financial Services,172.8000030517578,176.10000610351562,,-4.17,-2.34,,,,,,,,,,,,,,,,,
2026-03-26 15:03:01.653464,LICHSGFIN,WEAK SELL,50.6015601171875,496.3,4.9774346,14.971,500.0,🟠 WEAK SELL,0,Financial Services,514.25,543.0999755859375,,3.62,9.43,,,,,,,,,,,,,,,,,
2026-03-26 15:03:01.655736,ICICIPRULI,HOLD,49.8427601171875,540.6,57.145874,10.913,19.287,🟠 WEAK SELL,0,Financial Services,502.5499877929687,519.5999755859375,,-7.04,-3.88,,,,,,,,,,,,,,,,,
2026-03-26 15:03:01.658070,BANKINDIA,WEAK SELL,48.76756011718751,149.5,6.9309225,12.05,0.0,🟠 WEAK SELL,0,Financial Services,140.69000244140625,147.50999450683594,,-5.89,-1.33,,,,,,,,,,,,,,,,,
2026-03-26 15:03:01.660388,BAJAJHLDNG,REDUCE,48.72516011718751,9554.0,12.1065445,10.4019,0.019,🟠 WEAK SELL,0,Financial Services,9021.0,10333.5,,-5.58,8.16,,,,,,,,,,,,,,,,,
2026-03-26 15:03:01.662624,CENTRALBK,REDUCE,46.53556011718751,34.12,6.2720585,13.226,0.0,🟠 WEAK SELL,0,Financial Services,33.41999816894531,36.52000045776367,,-2.05,7.03,,,,,,,,,,,,,,,,,
2026-03-26 15:03:01.665011,UCOBANK,REDUCE,44.589160117187504,24.61,11.946603,8.567,0.0,🟠 WEAK SELL,0,Financial Services,24.049999237060547,26.549999237060547,,-2.28,7.88,,,,,,,,,,,,,,,,,
2026-03-26 15:03:01.667381,IDBI,SELL,39.2011601171875,67.15,7.771991,14.728,0.0,🟠 WEAK SELL,0,Financial Services,68.04000091552734,77.54000091552734,,1.33,15.47,,,,,,,,,,,,,,,,,
2026-03-26 15:11:06.054442,DRREDDY,INCREASE,63.897520117187504,1300.7,19.15611,16.1,18.026,🟡 HOLD,0,Healthcare,1199.4000244140625,1334.5,,-7.79,2.6,,,,,,,,,,,,,,,,,
2026-03-26 15:11:06.059132,J&KBANK,WATCHLIST,59.95316011718751,118.07,6.0362988,14.635,0.0,🟡 HOLD,0,Financial Services,112.9000015258789,129.22000122070312,,-4.38,9.44,,,,,,,,,,,,,,,,,
2026-03-26 15:11:06.062089,SBIN,WATCHLIST,59.552360117187504,1060.6,11.547088,15.9252,0.0,🟡 HOLD,0,Financial Services,1005.2999877929688,1111.8499755859375,,-5.21,4.83,,,,,,,,,,,,,,,,,
2026-03-26 15:11:06.065299,INDIANB,WATCHLIST,58.368760117187506,909.05,10.638385,15.752,0.0,🟡 HOLD,0,Financial Services,886.8499755859375,912.6500244140624,,-2.44,0.4,,,,,,,,,,,,,,,,,
2026-03-26 15:11:06.068136,ICICIBANK,HOLD,57.241560117187504,1259.7,17.211367,16.798,0.0,🟡 HOLD,0,Financial Services,1209.0,1314.0999755859375,,-4.02,4.32,,,,,,,,,,,,,,,,,
2026-03-26 15:11:06.070827,AXISBANK,HOLD,56.1327601171875,1222.1,14.514252,13.625,0.0,🟡 HOLD,0,Financial Services,1214.199951171875,1324.199951171875,,-0.65,8.35,,,,,,,,,,,,,,,,,
2026-03-26 15:11:06.073599,GICRE,HOLD,55.82836011718751,367.3,6.694004,10.142,0.0,🟡 HOLD,0,Financial Services,387.4500122070313,399.8500061035156,,5.49,8.86,,,,,,,,,,,,,,,,,
2026-03-26 15:11:06.076248,ICICIGI,HOLD,55.7851601171875,1770.3,32.363804,17.266,0.0,🟡 HOLD,0,Financial Services,1692.0,1770.5,,-4.42,0.01,,,,,,,,,,,,,,,,,
2026-03-26 15:11:06.078859,KOTAKBANK,HOLD,54.7795601171875,371.1,19.645315,14.0492,0.0,🟡 HOLD,0,Financial Services,352.54998779296875,376.7999877929687,,-5.0,1.54,,,,,,,,,,,,,,,,,
2026-03-26 15:11:06.081390,CANBK,HOLD,53.96236011718751,136.53,6.130669,18.215,0.0,🟡 HOLD,0,Financial Services,127.5500030517578,140.52000427246094,,-6.58,2.92,,,,,,,,,,,,,,,,,
2026-03-26 15:11:06.084138,MAHABANK,REDUCE,53.737560117187506,65.51,7.7802854,21.175,0.0,🟡 HOLD,0,Financial Services,65.08999633789062,79.75,,-0.64,21.74,,,,,,,,,,,,,,,,,
2026-03-26 15:11:06.087028,PNB,REDUCE,52.704360117187505,110.07,7.105875,12.706,0.0,🟡 HOLD,0,Financial Services,104.5,113.87999725341795,,-5.06,3.46,,,,,,,,,,,,,,,,,
2026-03-26 15:11:06.089575,IOB,WEAK SELL,52.2159601171875,33.05,13.434958,15.338,0.0,🟠 WEAK SELL,0,Financial Services,32.720001220703125,35.31999969482422,,-1.0,6.87,,,,,,,,,,,,,,,,,
2026-03-26 15:11:06.092049,BANKBARODA,REDUCE,51.39876011718751,272.7,7.2468777,12.813,0.0,🟡 HOLD,0,Financial Services,252.97000122070312,273.989990234375,,-7.24,0.47,,,,,,,,,,,,,,,,,
2026-03-26 15:11:06.094632,UNIONBANK,REDUCE,51.0875601171875,180.32,7.2680373,15.561,0.0,🟠 WEAK SELL,0,Financial Services,172.8000030517578,176.10000610351562,,-4.17,-2.34,,,,,,,,,,,,,,,,,
2026-03-26 15:11:06.097211,LICHSGFIN,WEAK SELL,50.6015601171875,496.3,4.9774346,14.971,500.0,🟠 WEAK SELL,0,Financial Services,514.25,543.0999755859375,,3.62,9.43,,,,,,,,,,,,,,,,,
2026-03-26 15:11:06.100157,ICICIPRULI,HOLD,49.8427601171875,540.6,57.145874,10.913,19.287,🟠 WEAK SELL,0,Financial Services,502.5499877929687,519.5999755859375,,-7.04,-3.88,,,,,,,,,,,,,,,,,
2026-03-26 15:11:06.102861,BANKINDIA,WEAK SELL,48.76756011718751,149.5,6.9309225,12.05,0.0,🟠 WEAK SELL,0,Financial Services,140.69000244140625,147.50999450683594,,-5.89,-1.33,,,,,,,,,,,,,,,,,
2026-03-26 15:11:06.105469,BAJAJHLDNG,REDUCE,48.72516011718751,9554.0,12.1065445,10.4019,0.019,🟠 WEAK SELL,0,Financial Services,9021.0,10333.5,,-5.58,8.16,,,,,,,,,,,,,,,,,
2026-03-26 15:11:06.108025,CENTRALBK,REDUCE,46.53556011718751,34.12,6.2720585,13.226,0.0,🟠 WEAK SELL,0,Financial Services,33.41999816894531,36.52000045776367,,-2.05,7.03,,,,,,,,,,,,,,,,,
2026-03-26 15:11:06.110621,UCOBANK,REDUCE,44.589160117187504,24.61,11.946603,8.567,0.0,🟠 WEAK SELL,0,Financial Services,24.049999237060547,26.549999237060547,,-2.28,7.88,,,,,,,,,,,,,,,,,
2026-03-26 15:11:06.113923,IDBI,SELL,39.2011601171875,67.15,7.771991,14.728,0.0,🟠 WEAK SELL,0,Financial Services,68.04000091552734,77.54000091552734,,1.33,15.47,,,,,,,,,,,,,,,,,
2026-03-26 16:00:39.305550,DRREDDY,INCREASE,63.897520117187504,1300.7,19.15611,16.1,18.026,🟡 HOLD,0,Healthcare,1199.4000244140625,1334.5,,-7.79,2.6,,,,,,,,,,,,,,,,,
2026-03-26 16:00:39.310513,J&KBANK,WATCHLIST,59.95316011718751,118.07,6.0362988,14.635,0.0,🟡 HOLD,0,Financial Services,112.9000015258789,129.22000122070312,,-4.38,9.44,,,,,,,,,,,,,,,,,
2026-03-26 16:00:39.313701,SBIN,WATCHLIST,59.552360117187504,1060.6,11.547088,15.9252,0.0,🟡 HOLD,0,Financial Services,1005.2999877929688,1111.8499755859375,,-5.21,4.83,,,,,,,,,,,,,,,,,
2026-03-26 16:00:39.316762,INDIANB,WATCHLIST,58.368760117187506,909.05,10.638385,15.752,0.0,🟡 HOLD,0,Financial Services,886.8499755859375,912.6500244140624,,-2.44,0.4,,,,,,,,,,,,,,,,,
2026-03-26 16:00:39.319804,ICICIBANK,HOLD,57.241560117187504,1259.7,17.211367,16.798,0.0,🟡 HOLD,0,Financial Services,1209.0,1314.0999755859375,,-4.02,4.32,,,,,,,,,,,,,,,,,
2026-03-26 16:00:39.322552,AXISBANK,HOLD,56.1327601171875,1222.1,14.514252,13.625,0.0,🟡 HOLD,0,Financial Services,1214.199951171875,1324.199951171875,,-0.65,8.35,,,,,,,,,,,,,,,,,
2026-03-26 16:00:39.325688,GICRE,HOLD,55.82836011718751,367.3,6.694004,10.142,0.0,🟡 HOLD,0,Financial Services,387.4500122070313,399.8500061035156,,5.49,8.86,,,,,,,,,,,,,,,,,
2026-03-26 16:00:39.328801,ICICIGI,HOLD,55.7851601171875,1770.3,32.363804,17.266,0.0,🟡 HOLD,0,Financial Services,1692.0,1770.5,,-4.42,0.01,,,,,,,,,,,,,,,,,
2026-03-26 16:00:39.331569,KOTAKBANK,HOLD,54.7795601171875,371.1,19.645315,14.0492,0.0,🟡 HOLD,0,Financial Services,352.54998779296875,376.7999877929687,,-5.0,1.54,,,,,,,,,,,,,,,,,
2026-03-26 16:00:39.334613,CANBK,HOLD,53.96236011718751,136.53,6.130669,18.215,0.0,🟡 HOLD,0,Financial Services,127.5500030517578,140.52000427246094,,-6.58,2.92,,,,,,,,,,,,,,,,,
2026-03-26 16:00:39.337607,MAHABANK,REDUCE,53.737560117187506,65.51,7.7802854,21.175,0.0,🟡 HOLD,0,Financial Services,65.08999633789062,79.75,,-0.64,21.74,,,,,,,,,,,,,,,,,
2026-03-26 16:00:39.340361,PNB,REDUCE,52.704360117187505,110.07,7.105875,12.706,0.0,🟡 HOLD,0,Financial Services,104.5,113.87999725341795,,-5.06,3.46,,,,,,,,,,,,,,,,,
2026-03-26 16:00:39.343231,IOB,WEAK SELL,52.2159601171875,33.05,13.434958,15.338,0.0,🟠 WEAK SELL,0,Financial Services,32.720001220703125,35.31999969482422,,-1.0,6.87,,,,,,,,,,,,,,,,,
2026-03-26 16:00:39.345978,BANKBARODA,REDUCE,51.39876011718751,272.7,7.2468777,12.813,0.0,🟡 HOLD,0,Financial Services,252.97000122070312,273.989990234375,,-7.24,0.47,,,,,,,,,,,,,,,,,
2026-03-26 16:00:39.348487,UNIONBANK,REDUCE,51.0875601171875,180.32,7.2680373,15.561,0.0,🟠 WEAK SELL,0,Financial Services,172.8000030517578,176.10000610351562,,-4.17,-2.34,,,,,,,,,,,,,,,,,
2026-03-26 16:00:39.351457,LICHSGFIN,WEAK SELL,50.6015601171875,496.3,4.9774346,14.971,500.0,🟠 WEAK SELL,0,Financial Services,514.25,543.0999755859375,,3.62,9.43,,,,,,,,,,,,,,,,,
2026-03-26 16:00:39.354388,ICICIPRULI,HOLD,49.8427601171875,540.6,57.145874,10.913,19.287,🟠 WEAK SELL,0,Financial Services,502.5499877929687,519.5999755859375,,-7.04,-3.88,,,,,,,,,,,,,,,,,
2026-03-26 16:00:39.357367,BANKINDIA,WEAK SELL,48.76756011718751,149.5,6.9309225,12.05,0.0,🟠 WEAK SELL,0,Financial Services,140.69000244140625,147.50999450683594,,-5.89,-1.33,,,,,,,,,,,,,,,,,
2026-03-26 16:00:39.361765,BAJAJHLDNG,REDUCE,48.72516011718751,9554.0,12.1065445,10.4019,0.019,🟠 WEAK SELL,0,Financial Services,9021.0,10333.5,,-5.58,8.16,,,,,,,,,,,,,,,,,
2026-03-26 16:00:39.367033,CENTRALBK,REDUCE,46.53556011718751,34.12,6.2720585,13.226,0.0,🟠 WEAK SELL,0,Financial Services,33.41999816894531,36.52000045776367,,-2.05,7.03,,,,,,,,,,,,,,,,,
2026-03-26 16:00:39.370241,UCOBANK,REDUCE,44.589160117187504,24.61,11.946603,8.567,0.0,🟠 WEAK SELL,0,Financial Services,24.049999237060547,26.549999237060547,,-2.28,7.88,,,,,,,,,,,,,,,,,
2026-03-26 16:00:39.372805,IDBI,SELL,39.2011601171875,67.15,7.771991,14.728,0.0,🟠 WEAK SELL,0,Financial Services,68.04000091552734,77.54000091552734,,1.33,15.47,,,,,,,,,,,,,,,,,
2026-03-26 18:04:45.492015,DRREDDY,INCREASE,63.897520117187504,1300.7,19.15611,16.1,18.026,🟡 HOLD,0,Healthcare,1199.4000244140625,1334.5,,-7.79,2.6,,,,,,,,,,,,,,,,,
2026-03-26 18:04:45.496342,J&KBANK,WATCHLIST,59.95316011718751,118.07,6.0362988,14.635,0.0,🟡 HOLD,0,Financial Services,112.9000015258789,129.22000122070312,,-4.38,9.44,,,,,,,,,,,,,,,,,
2026-03-26 18:04:45.499334,SBIN,WATCHLIST,59.552360117187504,1060.6,11.547088,15.9252,0.0,🟡 HOLD,0,Financial Services,1005.2999877929688,1111.8499755859375,,-5.21,4.83,,,,,,,,,,,,,,,,,
2026-03-26 18:04:45.502302,INDIANB,WATCHLIST,58.368760117187506,909.05,10.638385,15.752,0.0,🟡 HOLD,0,Financial Services,886.8499755859375,912.6500244140624,,-2.44,0.4,,,,,,,,,,,,,,,,,
2026-03-26 18:04:45.505355,ICICIBANK,HOLD,57.241560117187504,1259.7,17.211367,16.798,0.0,🟡 HOLD,0,Financial Services,1209.0,1314.0999755859375,,-4.02,4.32,,,,,,,,,,,,,,,,,
2026-03-26 18:04:45.508281,AXISBANK,HOLD,56.1327601171875,1222.1,14.514252,13.625,0.0,🟡 HOLD,0,Financial Services,1214.199951171875,1324.199951171875,,-0.65,8.35,,,,,,,,,,,,,,,,,
2026-03-26 18:04:45.511133,GICRE,HOLD,55.82836011718751,367.3,6.694004,10.142,0.0,🟡 HOLD,0,Financial Services,387.4500122070313,399.8500061035156,,5.49,8.86,,,,,,,,,,,,,,,,,
2026-03-26 18:04:45.513948,ICICIGI,HOLD,55.7851601171875,1770.3,32.363804,17.266,0.0,🟡 HOLD,0,Financial Services,1692.0,1770.5,,-4.42,0.01,,,,,,,,,,,,,,,,,
2026-03-26 18:04:45.516775,KOTAKBANK,HOLD,54.7795601171875,371.1,19.645315,14.0492,0.0,🟡 HOLD,0,Financial Services,352.54998779296875,376.7999877929687,,-5.0,1.54,,,,,,,,,,,,,,,,,
2026-03-26 18:04:45.519532,CANBK,HOLD,53.96236011718751,136.53,6.130669,18.215,0.0,🟡 HOLD,0,Financial Services,127.5500030517578,140.52000427246094,,-6.58,2.92,,,,,,,,,,,,,,,,,
2026-03-26 18:04:45.522296,MAHABANK,REDUCE,53.737560117187506,65.51,7.7802854,21.175,0.0,🟡 HOLD,0,Financial Services,65.08999633789062,79.75,,-0.64,21.74,,,,,,,,,,,,,,,,,
2026-03-26 18:04:45.525096,PNB,REDUCE,52.704360117187505,110.07,7.105875,12.706,0.0,🟡 HOLD,0,Financial Services,104.5,113.87999725341795,,-5.06,3.46,,,,,,,,,,,,,,,,,
2026-03-26 18:04:45.527823,IOB,WEAK SELL,52.2159601171875,33.05,13.434958,15.338,0.0,🟠 WEAK SELL,0,Financial Services,32.720001220703125,35.31999969482422,,-1.0,6.87,,,,,,,,,,,,,,,,,
2026-03-26 18:04:45.530596,BANKBARODA,REDUCE,51.39876011718751,272.7,7.2468777,12.813,0.0,🟡 HOLD,0,Financial Services,252.97000122070312,273.989990234375,,-7.24,0.47,,,,,,,,,,,,,,,,,
2026-03-26 18:04:45.533367,UNIONBANK,REDUCE,51.0875601171875,180.32,7.2680373,15.561,0.0,🟠 WEAK SELL,0,Financial Services,172.8000030517578,176.10000610351562,,-4.17,-2.34,,,,,,,,,,,,,,,,,
2026-03-26 18:04:45.536115,LICHSGFIN,WEAK SELL,50.6015601171875,496.3,4.9774346,14.971,500.0,🟠 WEAK SELL,0,Financial Services,514.25,543.0999755859375,,3.62,9.43,,,,,,,,,,,,,,,,,
2026-03-26 18:04:45.538876,ICICIPRULI,HOLD,49.8427601171875,540.6,57.145874,10.913,19.287,🟠 WEAK SELL,0,Financial Services,502.5499877929687,519.5999755859375,,-7.04,-3.88,,,,,,,,,,,,,,,,,
2026-03-26 18:04:45.541763,BANKINDIA,WEAK SELL,48.76756011718751,149.5,6.9309225,12.05,0.0,🟠 WEAK SELL,0,Financial Services,140.69000244140625,147.50999450683594,,-5.89,-1.33,,,,,,,,,,,,,,,,,
2026-03-26 18:04:45.544964,BAJAJHLDNG,REDUCE,48.72516011718751,9554.0,12.1065445,10.4019,0.019,🟠 WEAK SELL,0,Financial Services,9021.0,10333.5,,-5.58,8.16,,,,,,,,,,,,,,,,,
2026-03-26 18:04:45.547780,CENTRALBK,REDUCE,46.53556011718751,34.12,6.2720585,13.226,0.0,🟠 WEAK SELL,0,Financial Services,33.41999816894531,36.52000045776367,,-2.05,7.03,,,,,,,,,,,,,,,,,
2026-03-26 18:04:45.550429,UCOBANK,REDUCE,44.589160117187504,24.61,11.946603,8.567,0.0,🟠 WEAK SELL,0,Financial Services,24.049999237060547,26.549999237060547,,-2.28,7.88,,,,,,,,,,,,,,,,,
2026-03-26 18:04:45.553451,IDBI,SELL,39.2011601171875,67.15,7.771991,14.728,0.0,🟠 WEAK SELL,0,Financial Services,68.04000091552734,77.54000091552734,,1.33,15.47,,,,,,,,,,,,,,,,,
2026-03-26 18:11:51.912873,DRREDDY,INCREASE,63.897520117187504,1300.7,19.15611,16.1,18.026,🟡 HOLD,0,Healthcare,1199.4000244140625,1334.5,,-7.79,2.6,,,,,,,,,,,,,,,,,
2026-03-26 18:11:51.918546,J&KBANK,WATCHLIST,59.95316011718751,118.07,6.0362988,14.635,0.0,🟡 HOLD,0,Financial Services,112.9000015258789,129.22000122070312,,-4.38,9.44,,,,,,,,,,,,,,,,,
2026-03-26 18:11:51.921679,SBIN,WATCHLIST,59.552360117187504,1060.6,11.547088,15.9252,0.0,🟡 HOLD,0,Financial Services,1005.2999877929688,1111.8499755859375,,-5.21,4.83,,,,,,,,,,,,,,,,,
2026-03-26 18:11:51.924848,INDIANB,WATCHLIST,58.368760117187506,909.05,10.638385,15.752,0.0,🟡 HOLD,0,Financial Services,886.8499755859375,912.6500244140624,,-2.44,0.4,,,,,,,,,,,,,,,,,
2026-03-26 18:11:51.927917,ICICIBANK,HOLD,57.241560117187504,1259.7,17.211367,16.798,0.0,🟡 HOLD,0,Financial Services,1209.0,1314.0999755859375,,-4.02,4.32,,,,,,,,,,,,,,,,,
2026-03-26 18:11:51.931154,AXISBANK,HOLD,56.1327601171875,1222.1,14.514252,13.625,0.0,🟡 HOLD,0,Financial Services,1214.199951171875,1324.199951171875,,-0.65,8.35,,,,,,,,,,,,,,,,,
2026-03-26 18:11:51.934560,GICRE,HOLD,55.82836011718751,367.3,6.694004,10.142,0.0,🟡 HOLD,0,Financial Services,387.4500122070313,399.8500061035156,,5.49,8.86,,,,,,,,,,,,,,,,,
2026-03-26 18:11:51.937763,ICICIGI,HOLD,55.7851601171875,1770.3,32.363804,17.266,0.0,🟡 HOLD,0,Financial Services,1692.0,1770.5,,-4.42,0.01,,,,,,,,,,,,,,,,,
2026-03-26 18:11:51.940728,KOTAKBANK,HOLD,54.7795601171875,371.1,19.645315,14.0492,0.0,🟡 HOLD,0,Financial Services,352.54998779296875,376.7999877929687,,-5.0,1.54,,,,,,,,,,,,,,,,,
2026-03-26 18:11:51.943805,CANBK,HOLD,53.96236011718751,136.53,6.130669,18.215,0.0,🟡 HOLD,0,Financial Services,127.5500030517578,140.52000427246094,,-6.58,2.92,,,,,,,,,,,,,,,,,
2026-03-26 18:11:51.947103,MAHABANK,REDUCE,53.737560117187506,65.51,7.7802854,21.175,0.0,🟡 HOLD,0,Financial Services,65.08999633789062,79.75,,-0.64,21.74,,,,,,,,,,,,,,,,,
2026-03-26 18:11:51.950010,PNB,REDUCE,52.704360117187505,110.07,7.105875,12.706,0.0,🟡 HOLD,0,Financial Services,104.5,113.87999725341795,,-5.06,3.46,,,,,,,,,,,,,,,,,
2026-03-26 18:11:51.952833,IOB,WEAK SELL,52.2159601171875,33.05,13.434958,15.338,0.0,🟠 WEAK SELL,0,Financial Services,32.720001220703125,35.31999969482422,,-1.0,6.87,,,,,,,,,,,,,,,,,
2026-03-26 18:11:51.955860,BANKBARODA,REDUCE,51.39876011718751,272.7,7.2468777,12.813,0.0,🟡 HOLD,0,Financial Services,252.97000122070312,273.989990234375,,-7.24,0.47,,,,,,,,,,,,,,,,,
2026-03-26 18:11:51.959104,UNIONBANK,REDUCE,51.0875601171875,180.32,7.2680373,15.561,0.0,🟠 WEAK SELL,0,Financial Services,172.8000030517578,176.10000610351562,,-4.17,-2.34,,,,,,,,,,,,,,,,,
2026-03-26 18:11:51.962354,LICHSGFIN,WEAK SELL,50.6015601171875,496.3,4.9774346,14.971,500.0,🟠 WEAK SELL,0,Financial Services,514.25,543.0999755859375,,3.62,9.43,,,,,,,,,,,,,,,,,
2026-03-26 18:11:51.965446,ICICIPRULI,HOLD,49.8427601171875,540.6,57.145874,10.913,19.287,🟠 WEAK SELL,0,Financial Services,502.5499877929687,519.5999755859375,,-7.04,-3.88,,,,,,,,,,,,,,,,,
2026-03-26 18:11:51.968946,BANKINDIA,WEAK SELL,48.76756011718751,149.5,6.9309225,12.05,0.0,🟠 WEAK SELL,0,Financial Services,140.69000244140625,147.50999450683594,,-5.89,-1.33,,,,,,,,,,,,,,,,,
2026-03-26 18:11:51.972085,BAJAJHLDNG,REDUCE,48.72516011718751,9554.0,12.1065445,10.4019,0.019,🟠 WEAK SELL,0,Financial Services,9021.0,10333.5,,-5.58,8.16,,,,,,,,,,,,,,,,,
2026-03-26 18:11:51.975027,CENTRALBK,REDUCE,46.53556011718751,34.12,6.2720585,13.226,0.0,🟠 WEAK SELL,0,Financial Services,33.41999816894531,36.52000045776367,,-2.05,7.03,,,,,,,,,,,,,,,,,
2026-03-26 18:11:51.978162,UCOBANK,REDUCE,44.589160117187504,24.61,11.946603,8.567,0.0,🟠 WEAK SELL,0,Financial Services,24.049999237060547,26.549999237060547,,-2.28,7.88,,,,,,,,,,,,,,,,,
2026-03-26 18:11:51.980957,IDBI,SELL,39.2011601171875,67.15,7.771991,14.728,0.0,🟠 WEAK SELL,0,Financial Services,68.04000091552734,77.54000091552734,,1.33,15.47,,,,,,,,,,,,,,,,,
2026-03-26 23:20:32.598308,DRREDDY,INCREASE,63.897520117187504,1300.7,19.15611,16.1,18.026,🟡 HOLD,0,Healthcare,1199.4000244140625,1334.5,,-7.79,2.6,,,,,,,,,,,,,,,,,
2026-03-26 23:20:32.618895,J&KBANK,WATCHLIST,59.95316011718751,118.07,6.0362988,14.635,0.0,🟡 HOLD,0,Financial Services,112.9000015258789,129.22000122070312,,-4.38,9.44,,,,,,,,,,,,,,,,,
2026-03-26 23:20:32.622140,SBIN,WATCHLIST,59.552360117187504,1060.6,11.547088,15.9252,0.0,🟡 HOLD,0,Financial Services,1005.2999877929688,1111.8499755859375,,-5.21,4.83,,,,,,,,,,,,,,,,,
2026-03-26 23:20:32.625138,INDIANB,WATCHLIST,58.368760117187506,909.05,10.638385,15.752,0.0,🟡 HOLD,0,Financial Services,886.8499755859375,912.6500244140624,,-2.44,0.4,,,,,,,,,,,,,,,,,
2026-03-26 23:20:32.628064,ICICIBANK,HOLD,57.241560117187504,1259.7,17.211367,16.798,0.0,🟡 HOLD,0,Financial Services,1209.0,1314.0999755859375,,-4.02,4.32,,,,,,,,,,,,,,,,,
2026-03-26 23:20:32.631209,AXISBANK,HOLD,56.1327601171875,1222.1,14.514252,13.625,0.0,🟡 HOLD,0,Financial Services,1214.199951171875,1324.199951171875,,-0.65,8.35,,,,,,,,,,,,,,,,,
2026-03-26 23:20:32.634365,GICRE,HOLD,55.82836011718751,367.3,6.694004,10.142,0.0,🟡 HOLD,0,Financial Services,387.4500122070313,399.8500061035156,,5.49,8.86,,,,,,,,,,,,,,,,,
2026-03-26 23:20:32.637289,ICICIGI,HOLD,55.7851601171875,1770.3,32.363804,17.266,0.0,🟡 HOLD,0,Financial Services,1692.0,1770.5,,-4.42,0.01,,,,,,,,,,,,,,,,,
2026-03-26 23:20:32.640172,KOTAKBANK,HOLD,54.7795601171875,371.1,19.645315,14.0492,0.0,🟡 HOLD,0,Financial Services,352.54998779296875,376.7999877929687,,-5.0,1.54,,,,,,,,,,,,,,,,,
2026-03-26 23:20:32.642911,CANBK,HOLD,53.96236011718751,136.53,6.130669,18.215,0.0,🟡 HOLD,0,Financial Services,127.5500030517578,140.52000427246094,,-6.58,2.92,,,,,,,,,,,,,,,,,
2026-03-26 23:20:32.645682,MAHABANK,REDUCE,53.737560117187506,65.51,7.7802854,21.175,0.0,🟡 HOLD,0,Financial Services,65.08999633789062,79.75,,-0.64,21.74,,,,,,,,,,,,,,,,,
2026-03-26 23:20:32.648436,PNB,REDUCE,52.704360117187505,110.07,7.105875,12.706,0.0,🟡 HOLD,0,Financial Services,104.5,113.87999725341795,,-5.06,3.46,,,,,,,,,,,,,,,,,
2026-03-26 23:20:32.651113,IOB,WEAK SELL,52.2159601171875,33.05,13.434958,15.338,0.0,🟠 WEAK SELL,0,Financial Services,32.720001220703125,35.31999969482422,,-1.0,6.87,,,,,,,,,,,,,,,,,
2026-03-26 23:20:32.653946,BANKBARODA,REDUCE,51.39876011718751,272.7,7.2468777,12.813,0.0,🟡 HOLD,0,Financial Services,252.97000122070312,273.989990234375,,-7.24,0.47,,,,,,,,,,,,,,,,,
2026-03-26 23:20:32.656636,UNIONBANK,REDUCE,51.0875601171875,180.32,7.2680373,15.561,0.0,🟠 WEAK SELL,0,Financial Services,172.8000030517578,176.10000610351562,,-4.17,-2.34,,,,,,,,,,,,,,,,,
2026-03-26 23:20:32.659662,LICHSGFIN,WEAK SELL,50.6015601171875,496.3,4.9774346,14.971,500.0,🟠 WEAK SELL,0,Financial Services,514.25,543.0999755859375,,3.62,9.43,,,,,,,,,,,,,,,,,
2026-03-26 23:20:32.662517,ICICIPRULI,HOLD,49.8427601171875,540.6,57.145874,10.913,19.287,🟠 WEAK SELL,0,Financial Services,502.5499877929687,519.5999755859375,,-7.04,-3.88,,,,,,,,,,,,,,,,,
2026-03-26 23:20:32.665376,BANKINDIA,WEAK SELL,48.76756011718751,149.5,6.9309225,12.05,0.0,🟠 WEAK SELL,0,Financial Services,140.69000244140625,147.50999450683594,,-5.89,-1.33,,,,,,,,,,,,,,,,,
2026-03-26 23:20:32.668468,BAJAJHLDNG,REDUCE,48.72516011718751,9554.0,12.1065445,10.4019,0.019,🟠 WEAK SELL,0,Financial Services,9021.0,10333.5,,-5.58,8.16,,,,,,,,,,,,,,,,,
2026-03-26 23:20:32.671558,CENTRALBK,REDUCE,46.53556011718751,34.12,6.2720585,13.226,0.0,🟠 WEAK SELL,0,Financial Services,33.41999816894531,36.52000045776367,,-2.05,7.03,,,,,,,,,,,,,,,,,
2026-03-26 23:20:32.674734,UCOBANK,REDUCE,44.589160117187504,24.61,11.946603,8.567,0.0,🟠 WEAK SELL,0,Financial Services,24.049999237060547,26.549999237060547,,-2.28,7.88,,,,,,,,,,,,,,,,,
2026-03-26 23:20:32.677984,IDBI,SELL,39.2011601171875,67.15,7.771991,14.728,0.0,🟠 WEAK SELL,0,Financial Services,68.04000091552734,77.54000091552734,,1.33,15.47,,,,,,,,,,,,,,,,,
2026-03-26 23:26:23.864142,DRREDDY,INCREASE,63.897520117187504,1300.7,19.15611,16.1,18.026,🟡 HOLD,0,Healthcare,1199.4000244140625,1334.5,,-7.79,2.6,,,,,,,,,,,,,,,,,
2026-03-26 23:26:23.870365,J&KBANK,WATCHLIST,59.95316011718751,118.07,6.0362988,14.635,0.0,🟡 HOLD,0,Financial Services,112.9000015258789,129.22000122070312,,-4.38,9.44,,,,,,,,,,,,,,,,,
2026-03-26 23:26:23.875031,SBIN,WATCHLIST,59.552360117187504,1060.6,11.547088,15.9252,0.0,🟡 HOLD,0,Financial Services,1005.2999877929688,1111.8499755859375,,-5.21,4.83,,,,,,,,,,,,,,,,,
2026-03-26 23:26:23.879386,INDIANB,WATCHLIST,58.368760117187506,909.05,10.638385,15.752,0.0,🟡 HOLD,0,Financial Services,886.8499755859375,912.6500244140624,,-2.44,0.4,,,,,,,,,,,,,,,,,
2026-03-26 23:26:23.884072,ICICIBANK,HOLD,57.241560117187504,1259.7,17.211367,16.798,0.0,🟡 HOLD,0,Financial Services,1209.0,1314.0999755859375,,-4.02,4.32,,,,,,,,,,,,,,,,,
2026-03-26 23:26:23.888051,AXISBANK,HOLD,56.1327601171875,1222.1,14.514252,13.625,0.0,🟡 HOLD,0,Financial Services,1214.199951171875,1324.199951171875,,-0.65,8.35,,,,,,,,,,,,,,,,,
2026-03-26 23:26:23.892315,GICRE,HOLD,55.82836011718751,367.3,6.694004,10.142,0.0,🟡 HOLD,0,Financial Services,387.4500122070313,399.8500061035156,,5.49,8.86,,,,,,,,,,,,,,,,,
2026-03-26 23:26:23.898025,ICICIGI,HOLD,55.7851601171875,1770.3,32.363804,17.266,0.0,🟡 HOLD,0,Financial Services,1692.0,1770.5,,-4.42,0.01,,,,,,,,,,,,,,,,,
2026-03-26 23:26:23.901869,KOTAKBANK,HOLD,54.7795601171875,371.1,19.645315,14.0492,0.0,🟡 HOLD,0,Financial Services,352.54998779296875,376.7999877929687,,-5.0,1.54,,,,,,,,,,,,,,,,,
2026-03-26 23:26:23.904887,CANBK,HOLD,53.96236011718751,136.53,6.130669,18.215,0.0,🟡 HOLD,0,Financial Services,127.5500030517578,140.52000427246094,,-6.58,2.92,,,,,,,,,,,,,,,,,
2026-03-26 23:26:23.908925,MAHABANK,REDUCE,53.737560117187506,65.51,7.7802854,21.175,0.0,🟡 HOLD,0,Financial Services,65.08999633789062,79.75,,-0.64,21.74,,,,,,,,,,,,,,,,,
2026-03-26 23:26:23.914336,PNB,REDUCE,52.704360117187505,110.07,7.105875,12.706,0.0,🟡 HOLD,0,Financial Services,104.5,113.87999725341795,,-5.06,3.46,,,,,,,,,,,,,,,,,
2026-03-26 23:26:23.921377,IOB,WEAK SELL,52.2159601171875,33.05,13.434958,15.338,0.0,🟠 WEAK SELL,0,Financial Services,32.720001220703125,35.31999969482422,,-1.0,6.87,,,,,,,,,,,,,,,,,
2026-03-26 23:26:23.928317,BANKBARODA,REDUCE,51.39876011718751,272.7,7.2468777,12.813,0.0,🟡 HOLD,0,Financial Services,252.97000122070312,273.989990234375,,-7.24,0.47,,,,,,,,,,,,,,,,,
2026-03-26 23:26:23.934878,UNIONBANK,REDUCE,51.0875601171875,180.32,7.2680373,15.561,0.0,🟠 WEAK SELL,0,Financial Services,172.8000030517578,176.10000610351562,,-4.17,-2.34,,,,,,,,,,,,,,,,,
2026-03-26 23:26:23.941343,LICHSGFIN,WEAK SELL,50.6015601171875,496.3,4.9774346,14.971,500.0,🟠 WEAK SELL,0,Financial Services,514.25,543.0999755859375,,3.62,9.43,,,,,,,,,,,,,,,,,
2026-03-26 23:26:23.946489,ICICIPRULI,HOLD,49.8427601171875,540.6,57.145874,10.913,19.287,🟠 WEAK SELL,0,Financial Services,502.5499877929687,519.5999755859375,,-7.04,-3.88,,,,,,,,,,,,,,,,,
2026-03-26 23:26:23.952198,BANKINDIA,WEAK SELL,48.76756011718751,149.5,6.9309225,12.05,0.0,🟠 WEAK SELL,0,Financial Services,140.69000244140625,147.50999450683594,,-5.89,-1.33,,,,,,,,,,,,,,,,,
2026-03-26 23:26:23.960916,BAJAJHLDNG,REDUCE,48.72516011718751,9554.0,12.1065445,10.4019,0.019,🟠 WEAK SELL,0,Financial Services,9021.0,10333.5,,-5.58,8.16,,,,,,,,,,,,,,,,,
2026-03-26 23:26:23.968473,CENTRALBK,REDUCE,46.53556011718751,34.12,6.2720585,13.226,0.0,🟠 WEAK SELL,0,Financial Services,33.41999816894531,36.52000045776367,,-2.05,7.03,,,,,,,,,,,,,,,,,
2026-03-26 23:26:23.974008,UCOBANK,REDUCE,44.589160117187504,24.61,11.946603,8.567,0.0,🟠 WEAK SELL,0,Financial Services,24.049999237060547,26.549999237060547,,-2.28,7.88,,,,,,,,,,,,,,,,,
2026-03-26 23:26:23.978575,IDBI,SELL,39.2011601171875,67.15,7.771991,14.728,0.0,🟠 WEAK SELL,0,Financial Services,68.04000091552734,77.54000091552734,,1.33,15.47,,,,,,,,,,,,,,,,,
2026-03-26 23:38:22.860191,DRREDDY,INCREASE,63.897520117187504,1300.7,19.15611,16.1,18.026,🟡 HOLD,0,Healthcare,1199.4000244140625,1334.5,,-7.79,2.6,,,,,,,,,,,,,,,,,
2026-03-26 23:38:22.865648,J&KBANK,WATCHLIST,59.95316011718751,118.07,6.0362988,14.635,0.0,🟡 HOLD,0,Financial Services,112.9000015258789,129.22000122070312,,-4.38,9.44,,,,,,,,,,,,,,,,,
2026-03-26 23:38:22.869131,SBIN,WATCHLIST,59.552360117187504,1060.6,11.547088,15.9252,0.0,🟡 HOLD,0,Financial Services,1005.2999877929688,1111.8499755859375,,-5.21,4.83,,,,,,,,,,,,,,,,,
2026-03-26 23:38:22.872899,INDIANB,WATCHLIST,58.368760117187506,909.05,10.638385,15.752,0.0,🟡 HOLD,0,Financial Services,886.8499755859375,912.6500244140624,,-2.44,0.4,,,,,,,,,,,,,,,,,
2026-03-26 23:38:22.876228,ICICIBANK,HOLD,57.241560117187504,1259.7,17.211367,16.798,0.0,🟡 HOLD,0,Financial Services,1209.0,1314.0999755859375,,-4.02,4.32,,,,,,,,,,,,,,,,,
2026-03-26 23:38:22.879646,AXISBANK,HOLD,56.1327601171875,1222.1,14.514252,13.625,0.0,🟡 HOLD,0,Financial Services,1214.199951171875,1324.199951171875,,-0.65,8.35,,,,,,,,,,,,,,,,,
2026-03-26 23:38:22.882943,GICRE,HOLD,55.82836011718751,367.3,6.694004,10.142,0.0,🟡 HOLD,0,Financial Services,387.4500122070313,399.8500061035156,,5.49,8.86,,,,,,,,,,,,,,,,,
2026-03-26 23:38:22.886285,ICICIGI,HOLD,55.7851601171875,1770.3,32.363804,17.266,0.0,🟡 HOLD,0,Financial Services,1692.0,1770.5,,-4.42,0.01,,,,,,,,,,,,,,,,,
2026-03-26 23:38:22.889373,KOTAKBANK,HOLD,54.7795601171875,371.1,19.645315,14.0492,0.0,🟡 HOLD,0,Financial Services,352.54998779296875,376.7999877929687,,-5.0,1.54,,,,,,,,,,,,,,,,,
2026-03-26 23:38:22.892785,CANBK,HOLD,53.96236011718751,136.53,6.130669,18.215,0.0,🟡 HOLD,0,Financial Services,127.5500030517578,140.52000427246094,,-6.58,2.92,,,,,,,,,,,,,,,,,
2026-03-26 23:38:22.896227,MAHABANK,REDUCE,53.737560117187506,65.51,7.7802854,21.175,0.0,🟡 HOLD,0,Financial Services,65.08999633789062,79.75,,-0.64,21.74,,,,,,,,,,,,,,,,,
2026-03-26 23:38:22.899665,PNB,REDUCE,52.704360117187505,110.07,7.105875,12.706,0.0,🟡 HOLD,0,Financial Services,104.5,113.87999725341795,,-5.06,3.46,,,,,,,,,,,,,,,,,
2026-03-26 23:38:22.902922,IOB,WEAK SELL,52.2159601171875,33.05,13.434958,15.338,0.0,🟠 WEAK SELL,0,Financial Services,32.720001220703125,35.31999969482422,,-1.0,6.87,,,,,,,,,,,,,,,,,
2026-03-26 23:38:22.906008,BANKBARODA,REDUCE,51.39876011718751,272.7,7.2468777,12.813,0.0,🟡 HOLD,0,Financial Services,252.97000122070312,273.989990234375,,-7.24,0.47,,,,,,,,,,,,,,,,,
2026-03-26 23:38:22.909104,UNIONBANK,REDUCE,51.0875601171875,180.32,7.2680373,15.561,0.0,🟠 WEAK SELL,0,Financial Services,172.8000030517578,176.10000610351562,,-4.17,-2.34,,,,,,,,,,,,,,,,,
2026-03-26 23:38:22.912112,LICHSGFIN,WEAK SELL,50.6015601171875,496.3,4.9774346,14.971,500.0,🟠 WEAK SELL,0,Financial Services,514.25,543.0999755859375,,3.62,9.43,,,,,,,,,,,,,,,,,
2026-03-26 23:38:22.915529,ICICIPRULI,HOLD,49.8427601171875,540.6,57.145874,10.913,19.287,🟠 WEAK SELL,0,Financial Services,502.5499877929687,519.5999755859375,,-7.04,-3.88,,,,,,,,,,,,,,,,,
2026-03-26 23:38:22.919378,BANKINDIA,WEAK SELL,48.76756011718751,149.5,6.9309225,12.05,0.0,🟠 WEAK SELL,0,Financial Services,140.69000244140625,147.50999450683594,,-5.89,-1.33,,,,,,,,,,,,,,,,,
2026-03-26 23:38:22.922517,BAJAJHLDNG,REDUCE,48.72516011718751,9554.0,12.1065445,10.4019,0.019,🟠 WEAK SELL,0,Financial Services,9021.0,10333.5,,-5.58,8.16,,,,,,,,,,,,,,,,,
2026-03-26 23:38:22.925746,CENTRALBK,REDUCE,46.53556011718751,34.12,6.2720585,13.226,0.0,🟠 WEAK SELL,0,Financial Services,33.41999816894531,36.52000045776367,,-2.05,7.03,,,,,,,,,,,,,,,,,
2026-03-26 23:38:22.928996,UCOBANK,REDUCE,44.589160117187504,24.61,11.946603,8.567,0.0,🟠 WEAK SELL,0,Financial Services,24.049999237060547,26.549999237060547,,-2.28,7.88,,,,,,,,,,,,,,,,,
2026-03-26 23:38:22.932101,IDBI,SELL,39.2011601171875,67.15,7.771991,14.728,0.0,🟠 WEAK SELL,0,Financial Services,68.04000091552734,77.54000091552734,,1.33,15.47,,,,,,,,,,,,,,,,,
2026-03-30 13:04:27.033066,DRREDDY,INCREASE,60.044304133300784,1259.2,18.536728,16.1,18.026,🟡 HOLD,0,Healthcare,1196.0999755859375,1322.9000244140625,,-5.01,5.06,,,,,,,,,,,,,,,,,
2026-03-30 13:04:27.039355,SBIN,HOLD,55.49527213330079,989.0,10.767472,15.9252,0.0,🟡 HOLD,0,Financial Services,1030.4000244140625,1068.449951171875,,4.19,8.03,,,,,,,,,,,,,,,,,
2026-03-30 13:04:27.043137,ICICIBANK,HOLD,54.95311213330078,1217.3,16.60936,16.798,0.0,🟡 HOLD,0,Financial Services,1245.5,1263.4000244140625,,2.32,3.79,,,,,,,,,,,,,,,,,
2026-03-30 13:04:27.047080,GICRE,HOLD,54.270472133300785,360.8,6.5731463,10.142,0.0,🟡 HOLD,0,Financial Services,381.9500122070313,393.3999938964844,,5.86,9.04,,,,,,,,,,,,,,,,,
2026-03-30 13:04:27.050725,ICICIGI,HOLD,54.261832133300786,1713.2,31.33138,17.266,0.0,🟡 HOLD,0,Financial Services,1726.5999755859375,1763.199951171875,,0.78,2.92,,,,,,,,,,,,,,,,,
2026-03-30 13:04:27.054359,AXISBANK,HOLD,54.25135213330079,1159.7,13.766619,13.625,0.0,🟡 HOLD,0,Financial Services,1250.0999755859375,1268.300048828125,,7.8,9.36,,,,,,,,,,,,,,,,,
2026-03-30 13:04:27.057903,INDIANB,HOLD,52.93855213330079,855.15,9.999416,15.752,0.0,🟡 HOLD,0,Financial Services,905.25,851.8499755859375,,5.86,-0.39,,,,,,,,,,,,,,,,,
2026-03-30 13:04:27.061308,KOTAKBANK,HOLD,52.54071213330079,357.6,18.930653,14.0492,0.0,🟡 HOLD,0,Financial Services,362.9500122070313,383.2999877929687,,1.5,7.19,,,,,,,,,,,,,,,,,
2026-03-30 13:04:27.064754,LICHSGFIN,WEAK SELL,50.58511213330079,501.35,5.0265694,14.971,500.0,🟠 WEAK SELL,0,Financial Services,512.8499755859375,554.7000122070312,,2.29,10.64,,,,,,,,,,,,,,,,,
2026-03-30 13:04:27.068137,BANKBARODA,HOLD,50.42455213330079,250.3,6.649841,12.813,0.0,🟡 HOLD,0,Financial Services,258.1000061035156,263.4599914550781,,3.12,5.26,,,,,,,,,,,,,,,,,
2026-03-30 13:04:27.071437,CANBK,REDUCE,50.057272133300785,125.11,5.6178713,18.215,0.0,🟡 HOLD,0,Financial Services,129.50999450683594,134.64999389648438,,3.52,7.63,,,,,,,,,,,,,,,,,
2026-03-30 13:04:27.075150,IOB,WEAK SELL,49.54799213330078,31.54,12.821138,15.338,0.0,🟠 WEAK SELL,0,Financial Services,32.939998626708984,35.0,,4.44,10.97,,,,,,,,,,,,,,,,,
2026-03-30 13:04:27.078395,MAHABANK,WEAK SELL,49.21231213330079,62.22,7.390736,21.175,0.0,🟠 WEAK SELL,0,Financial Services,66.54000091552734,78.37000274658203,,6.94,25.96,,,,,,,,,,,,,,,,,
2026-03-30 13:04:27.081907,J&KBANK,WEAK SELL,48.981000137329104,111.36,5.6903424,14.635,0.0,🟠 WEAK SELL,0,Financial Services,116.8499984741211,129.02000427246094,,4.93,15.86,,,,,,,,,,,,,,,,,
2026-03-30 13:04:27.085207,PNB,REDUCE,48.84567213330079,101.68,6.564235,12.706,0.0,🟠 WEAK SELL,0,Financial Services,104.58000183105467,109.36000061035156,,2.85,7.55,,,,,,,,,,,,,,,,,
2026-03-30 13:04:27.088772,UNIONBANK,WEAK SELL,47.322312133300784,168.03,6.772672,15.561,0.0,🟠 WEAK SELL,0,Financial Services,171.8800048828125,165.94000244140625,,2.29,-1.24,,,,,,,,,,,,,,,,,
2026-03-30 13:04:27.092645,ICICIPRULI,HOLD,46.833352133300785,512.75,54.31674,10.913,19.287,🟠 WEAK SELL,0,Financial Services,516.6500244140625,513.8499755859375,,0.76,0.21,,,,,,,,,,,,,,,,,
2026-03-30 13:04:27.096271,BANKINDIA,WEAK SELL,45.65831213330078,139.41,6.4631433,12.05,0.0,🟠 WEAK SELL,0,Financial Services,137.5500030517578,139.8699951171875,,-1.33,0.33,,,,,,,,,,,,,,,,,
2026-03-30 13:04:27.099684,BAJAJHLDNG,REDUCE,45.00983213330079,8834.0,11.187235,10.4019,0.019,🟠 WEAK SELL,0,Financial Services,9237.0,10267.0,,4.56,16.22,,,,,,,,,,,,,,,,,
2026-03-30 13:04:27.103046,CENTRALBK,REDUCE,44.571912133300785,31.85,5.8547792,13.226,0.0,🟠 WEAK SELL,0,Financial Services,33.81999969482422,36.41999816894531,,6.19,14.35,,,,,,,,,,,,,,,,,
2026-03-30 13:04:27.106653,UCOBANK,REDUCE,43.62263213330078,22.88,11.106796,8.567,0.0,🟠 WEAK SELL,0,Financial Services,24.329999923706055,26.350000381469727,,6.34,15.17,,,,,,,,,,,,,,,,,
2026-03-30 13:04:27.110145,IDBI,SELL,35.50503213330077,62.6,7.24537,14.728,0.0,🔴 SELL,0,Financial Services,69.63999938964844,75.87999725341797,,11.25,21.21,,,,,,,,,,,,,,,,,
2026-03-31 16:11:45.890577,COALINDIA,NEW POSITION,70.56544012451172,450.45,9.293377,35.6775,12.976,🟢 BUY (VALUE) (BEAR: MEDIUM),0,Energy,449.25,481.4500122070313,,-0.27,6.88,,,,,,,,,,,,,,,,,
2026-03-31 16:11:45.895560,DRREDDY,INCREASE,58.58646092431641,1254.9,18.484314,16.1,18.026,🟡 HOLD,0,Healthcare,1191.4000244140625,1322.9000244140625,,-5.06,5.42,,,,,,,,,,,,,,,,,
2026-03-31 16:11:45.899125,ICICIBANK,HOLD,56.60822252431641,1205.9,16.474045,16.798,0.0,🟡 HOLD,0,Financial Services,1309.199951171875,1263.4000244140625,,8.57,4.77,,,,,,,,,,,,,,,,,
2026-03-31 16:11:45.902829,AXISBANK,HOLD,56.46787052431641,1161.3,13.774168,13.625,0.0,🟡 HOLD,0,Financial Services,1333.0,1268.300048828125,,14.79,9.21,,,,,,,,,,,,,,,,,
2026-03-31 16:11:45.906336,ICICIGI,HOLD,55.82996652431641,1710.6,31.346893,17.266,0.0,🟡 HOLD,0,Financial Services,1750.5,1756.800048828125,,2.33,2.7,,,,,,,,,,,,,,,,,
2026-03-31 16:11:45.909763,GICRE,HOLD,55.43169452431641,362.95,6.6135206,10.142,0.0,🟡 HOLD,0,Financial Services,387.75,393.3999938964844,,6.83,8.39,,,,,,,,,,,,,,,,,
2026-03-31 16:11:45.913235,SBIN,HOLD,55.19665452431641,979.4,10.660716,15.9252,0.0,🟡 HOLD,0,Financial Services,1061.449951171875,1068.449951171875,,8.38,9.09,,,,,,,,,,,,,,,,,
2026-03-31 16:11:45.916572,KOTAKBANK,HOLD,54.20574252431641,353.4,18.688524,14.0492,0.0,🟡 HOLD,0,Financial Services,380.1499938964844,383.2999877929687,,7.57,8.46,,,,,,,,,,,,,,,,,
2026-03-31 16:11:45.919723,INDIANB,HOLD,52.36531052431641,845.7,9.891229,15.752,0.0,🟡 HOLD,0,Financial Services,956.5,851.8499755859375,,13.1,0.73,,,,,,,,,,,,,,,,,
2026-03-31 16:11:45.923046,BANKBARODA,HOLD,51.702510524316416,247.6,6.578109,12.813,0.0,🟡 HOLD,0,Financial Services,275.9800109863281,263.4599914550781,,11.46,6.41,,,,,,,,,,,,,,,,,
2026-03-31 16:11:45.926398,LICHSGFIN,WEAK SELL,51.25462252431641,495.25,4.96541,14.971,500.0,🟠 WEAK SELL,0,Financial Services,529.5999755859375,554.7000122070312,,6.94,12.0,,,,,,,,,,,,,,,,,
2026-03-31 16:11:45.929860,CANBK,REDUCE,50.90905452431642,123.45,5.5433316,18.215,0.0,🟡 HOLD,0,Financial Services,139.19000244140625,134.64999389648438,,12.75,9.07,,,,,,,,,,,,,,,,,
2026-03-31 16:11:45.933126,IOB,WEAK SELL,50.56719852431641,31.38,12.756097,15.338,0.0,🟠 WEAK SELL,0,Financial Services,34.43000030517578,35.0,,9.72,11.54,,,,,,,,,,,,,,,,,
2026-03-31 16:11:45.936257,J&KBANK,WEAK SELL,50.13380012512208,110.01,5.6213593,14.635,0.0,🟠 WEAK SELL,0,Financial Services,123.38999938964844,129.02000427246094,,12.16,17.28,,,,,,,,,,,,,,,,,
2026-03-31 16:11:45.939560,PNB,REDUCE,49.786734524316415,100.56,6.49193,12.706,0.0,🟠 WEAK SELL,0,Financial Services,111.13999938964844,109.36000061035156,,10.52,8.75,,,,,,,,,,,,,,,,,
2026-03-31 16:11:45.942835,MAHABANK,WEAK SELL,49.78006252431641,61.33,7.2838483,21.175,0.0,🟠 WEAK SELL,0,Financial Services,69.94000244140625,78.37000274658203,,14.04,27.78,,,,,,,,,,,,,,,,,
2026-03-31 16:11:45.945923,ICICIPRULI,HOLD,48.584270524316416,509.55,54.034992,10.913,19.287,🟠 WEAK SELL,0,Financial Services,541.5999755859375,513.8499755859375,,6.29,0.84,,,,,,,,,,,,,,,,,
2026-03-31 16:11:45.949422,UNIONBANK,WEAK SELL,47.402062524316406,164.2,6.618299,15.561,0.0,🟠 WEAK SELL,0,Financial Services,185.66000366210935,165.94000244140625,,13.07,1.06,,,,,,,,,,,,,,,,,
2026-03-31 16:11:45.952469,UCOBANK,REDUCE,47.06212652431641,22.45,10.898059,8.567,0.0,🟠 WEAK SELL,0,Financial Services,25.920000076293945,26.350000381469727,,15.46,17.37,,,,,,,,,,,,,,,,,
2026-03-31 16:11:45.955676,CENTRALBK,REDUCE,46.53198252431641,31.43,5.7775736,13.226,0.0,🟠 WEAK SELL,0,Financial Services,35.38999938964844,36.41999816894531,,12.6,15.88,,,,,,,,,,,,,,,,,
2026-03-31 16:11:45.958756,BAJAJHLDNG,REDUCE,46.219566524316406,8746.0,11.07425,10.4019,0.019,🟠 WEAK SELL,0,Financial Services,9970.0,10376.0,,13.99,18.64,,,,,,,,,,,,,,,,,
2026-03-31 16:11:45.962107,BANKINDIA,WEAK SELL,45.86926252431641,136.99,6.3480077,12.05,0.0,🟠 WEAK SELL,0,Financial Services,146.49000549316406,139.8699951171875,,6.93,2.1,,,,,,,,,,,,,,,,,
2026-03-31 16:11:45.965118,IDBI,SELL,36.31860652431641,61.5,7.1180553,14.728,0.0,🔴 SELL,0,Financial Services,73.56999969482422,75.87999725341797,,19.63,23.38,,,,,,,,,,,,,,,,,
2026-04-02 10:52:26.862248,ONGC,NEW POSITION,75.0614123711548,284.45,9.403306,10.5479,43.805,🟢 BUY (UNDERVALUED) (BEAR: MEDIUM),0,Energy,286.29998779296875,292.8999938964844,,0.65,2.97,,,,,,,,,,,,,,,,,
2026-04-02 10:52:26.867696,GICRE,HOLD,57.91011941123291,366.45,6.6760798,10.142,0.0,🟡 HOLD,0,Financial Services,398.2999877929687,409.3500061035156,,8.69,11.71,,,,,,,,,,,,,,,,,
2026-04-02 10:52:26.873777,DRREDDY,HOLD,57.09159605123292,1189.5,17.528736,16.1,18.026,🟡 HOLD,0,Healthcare,1228.0999755859375,1287.199951171875,,3.25,8.21,,,,,,,,,,,,,,,,,
2026-04-02 10:52:26.877795,ICICIBANK,HOLD,56.317772211232906,1194.4,16.305803,16.798,0.0,🟡 HOLD,0,Financial Services,1320.5,1270.800048828125,,10.56,6.4,,,,,,,,,,,,,,,,,
2026-04-02 10:52:26.881587,AXISBANK,HOLD,56.213737011232915,1158.8,13.757568,13.625,0.0,🟡 HOLD,0,Financial Services,1348.699951171875,1275.0999755859375,,16.39,10.04,,,,,,,,,,,,,,,,,
2026-04-02 10:52:26.885325,KOTAKBANK,HOLD,54.997524211232914,347.7,18.387098,14.0492,0.0,🟡 HOLD,0,Financial Services,376.5499877929687,371.6499938964844,,8.3,6.89,,,,,,,,,,,,,,,,,
2026-04-02 10:52:26.889073,SBIN,HOLD,53.476615411232906,978.3,10.644108,15.9252,0.0,🟡 HOLD,0,Financial Services,1060.0,1068.4000244140625,,8.35,9.21,,,,,,,,,,,,,,,,,
2026-04-02 10:52:26.892606,ICICIGI,HOLD,53.359946611232914,1647.9,30.192377,17.266,0.0,🟡 HOLD,0,Financial Services,1785.4000244140625,1756.800048828125,,8.34,6.61,,,,,,,,,,,,,,,,,
2026-04-02 10:52:26.896167,LICHSGFIN,WEAK SELL,52.45241221123291,506.3,5.0777254,14.971,500.0,🟠 WEAK SELL,0,Financial Services,532.0,557.0,,5.08,10.01,,,,,,,,,,,,,,,,,
2026-04-02 10:52:26.899686,INDIANB,HOLD,51.8434810112329,848.0,9.916968,15.752,0.0,🟡 HOLD,0,Financial Services,957.9500122070312,830.3499755859375,,12.97,-2.08,,,,,,,,,,,,,,,,,
2026-04-02 10:52:26.903189,BANKBARODA,HOLD,50.60720101123291,242.01,6.4313045,12.813,0.0,🟡 HOLD,0,Financial Services,276.0799865722656,265.1000061035156,,14.08,9.54,,,,,,,,,,,,,,,,,
2026-04-02 10:52:26.906662,CANBK,REDUCE,50.43785541123291,122.72,5.5130277,18.215,0.0,🟡 HOLD,0,Financial Services,139.97999572753906,134.8000030517578,,14.06,9.84,,,,,,,,,,,,,,,,,
2026-04-02 10:52:26.909975,CENTRALBK,REDUCE,50.090148211232915,32.2,5.919118,13.226,0.0,🟠 WEAK SELL,0,Financial Services,35.560001373291016,35.58000183105469,,10.43,10.5,,,,,,,,,,,,,,,,,
2026-04-02 10:52:26.913234,PNB,REDUCE,50.055623411232915,100.34,6.4777274,12.706,0.0,🟠 WEAK SELL,0,Financial Services,111.43000030517578,108.68000030517578,,11.05,8.31,,,,,,,,,,,,,,,,,
2026-04-02 10:52:26.916664,IOB,WEAK SELL,50.04366981123291,31.68,12.878049,15.338,0.0,🟠 WEAK SELL,0,Financial Services,34.689998626708984,34.869998931884766,,9.5,10.07,,,,,,,,,,,,,,,,,
2026-04-02 10:52:26.920016,J&KBANK,WEAK SELL,49.91032997131348,109.91,5.6162496,14.635,0.0,🟠 WEAK SELL,0,Financial Services,123.13999938964844,131.63999938964844,,12.04,19.77,,,,,,,,,,,,,,,,,
2026-04-02 10:52:26.923645,MAHABANK,REDUCE,48.43495621123291,61.84,7.344418,21.175,0.0,🟠 WEAK SELL,0,Financial Services,70.19000244140625,79.30000305175781,,13.5,28.23,,,,,,,,,,,,,,,,,
2026-04-02 10:52:26.927159,ICICIPRULI,HOLD,48.22537701123291,498.4,52.74074,10.913,19.287,🟠 WEAK SELL,0,Financial Services,545.3499755859375,535.5499877929688,,9.42,7.45,,,,,,,,,,,,,,,,,
2026-04-02 10:52:26.930684,UCOBANK,REDUCE,47.17316261123291,23.04,11.184466,8.567,0.0,🟠 WEAK SELL,0,Financial Services,26.209999084472656,26.6299991607666,,13.76,15.58,,,,,,,,,,,,,,,,,
2026-04-02 10:52:26.934260,BAJAJHLDNG,REDUCE,46.27890661123291,8626.5,10.931244,10.4019,0.019,🟠 WEAK SELL,0,Financial Services,9965.0,10376.0,,15.52,20.28,,,,,,,,,,,,,,,,,
2026-04-02 10:52:26.937739,UNIONBANK,WEAK SELL,46.03715621123291,164.57,6.6358876,15.561,0.0,🟠 WEAK SELL,0,Financial Services,188.6000061035156,163.77000427246094,,14.6,-0.49,,,,,,,,,,,,,,,,,
2026-04-02 10:52:26.941257,BANKINDIA,REDUCE,45.433876211232906,135.71,6.2916093,12.05,0.0,🟠 WEAK SELL,0,Financial Services,147.2899932861328,138.66000366210938,,8.53,2.17,,,,,,,,,,,,,,,,,
2026-04-02 10:52:26.945132,IDBI,SELL,38.53881061123291,65.36,7.5648146,14.728,0.0,🔴 SELL,0,Financial Services,74.23999786376953,74.87000274658203,,13.59,14.55,,,,,,,,,,,,,,,,,
2026-04-06 11:30:30.003981,GICRE,INCREASE,66.25849990844726,387.45,7.058663,10.142,0.0,🟢 HOLD (BEAR: MARGINAL),0,Financial Services,396.5499877929687,399.75,,2.35,3.17,,,,,,,,,,,,,,,,,
2026-04-06 11:30:30.009940,AXISBANK,HOLD,57.958499908447266,1214.2,14.418715,13.625,0.0,🟡 HOLD,0,Financial Services,1372.0999755859375,1298.5999755859375,,13.0,6.95,,,,,,,,,,,,,,,,,
2026-04-06 11:30:30.014956,INDIANB,WATCHLIST,56.55849990844727,886.95,10.37854,15.752,0.0,🟡 HOLD,0,Financial Services,996.2000122070312,865.25,,12.32,-2.45,,,,,,,,,,,,,,,,,
2026-04-06 11:30:30.019349,DRREDDY,HOLD,54.62849990844727,1200.3,17.66966,16.1,18.026,🟡 HOLD,0,Healthcare,1202.0,1309.9000244140625,,0.14,9.13,,,,,,,,,,,,,,,,,
2026-04-06 11:30:30.023749,ICICIBANK,HOLD,54.55849990844727,1209.1,16.520016,16.798,0.0,🟡 HOLD,0,Financial Services,1355.0,1289.0,,12.07,6.61,,,,,,,,,,,,,,,,,
2026-04-06 11:30:30.028820,IOB,HOLD,54.25849990844726,32.74,13.308944,15.338,0.0,🟡 HOLD,0,Financial Services,35.29999923706055,35.18000030517578,,7.82,7.45,,,,,,,,,,,,,,,,,
2026-04-06 11:30:30.033191,SBIN,HOLD,54.05849990844727,1006.3,10.954714,15.9252,0.0,🟡 HOLD,0,Financial Services,1086.4000244140625,1093.199951171875,,7.96,8.64,,,,,,,,,,,,,,,,,
2026-04-06 11:30:30.039043,LICHSGFIN,HOLD,53.65849990844727,514.25,5.1579742,14.971,500.0,🟡 HOLD,0,Financial Services,530.0999755859375,592.5999755859375,,3.08,15.24,,,,,,,,,,,,,,,,,
2026-04-06 11:30:30.043258,MAHABANK,REDUCE,53.05849990844727,65.07,7.7280283,21.175,0.0,🟡 HOLD,0,Financial Services,71.58999633789062,84.25,,10.02,29.48,,,,,,,,,,,,,,,,,
2026-04-06 11:30:30.049152,CENTRALBK,HOLD,51.958499908447266,33.4,6.139706,13.226,0.0,🟠 WEAK SELL,0,Financial Services,35.77000045776367,36.880001068115234,,7.1,10.42,,,,,,,,,,,,,,,,,
2026-04-06 11:30:30.053035,ICICIGI,WEAK SELL,51.958499908447266,1692.0,31.01173,17.266,0.0,🟠 WEAK SELL,0,Financial Services,1806.0999755859375,1828.800048828125,,6.74,8.09,,,,,,,,,,,,,,,,,
2026-04-06 11:30:30.057292,KOTAKBANK,HOLD,51.15849990844727,352.55,18.653439,14.0492,0.0,🟠 WEAK SELL,0,Financial Services,379.4500122070313,380.2000122070313,,7.63,7.84,,,,,,,,,,,,,,,,,
2026-04-06 11:30:30.061657,BANKBARODA,REDUCE,50.458499908447266,253.0,6.7233586,12.813,0.0,🟠 WEAK SELL,0,Financial Services,282.6400146484375,269.25,,11.72,6.42,,,,,,,,,,,,,,,,,
2026-04-06 11:30:30.065046,J&KBANK,WEAK SELL,50.05849990844727,112.81,5.7644353,14.635,0.0,🟠 WEAK SELL,0,Financial Services,126.06999969482422,142.55999755859375,,11.75,26.37,,,,,,,,,,,,,,,,,
2026-04-06 11:30:30.068311,CANBK,REDUCE,49.458499908447266,127.64,5.7314773,18.215,0.0,🟠 WEAK SELL,0,Financial Services,142.91000366210938,136.60000610351562,,11.96,7.02,,,,,,,,,,,,,,,,,
2026-04-06 11:30:30.071933,PNB,REDUCE,48.15849990844727,104.56,6.750161,12.706,0.0,🟠 WEAK SELL,0,Financial Services,113.9000015258789,109.5199966430664,,8.93,4.74,,,,,,,,,,,,,,,,,
2026-04-06 11:30:30.076672,UNIONBANK,REDUCE,47.55849990844727,173.02,6.9709916,15.561,0.0,🟠 WEAK SELL,0,Financial Services,190.91000366210935,167.58999633789062,,10.34,-3.14,,,,,,,,,,,,,,,,,
2026-04-06 11:30:30.080864,UCOBANK,REDUCE,47.358499908447264,24.04,11.669904,8.567,0.0,🟠 WEAK SELL,0,Financial Services,26.40999984741211,27.1200008392334,,9.86,12.81,,,,,,,,,,,,,,,,,
2026-04-06 11:30:30.084897,ICICIPRULI,REDUCE,45.358499908447264,502.7,53.139538,10.913,19.287,🟠 WEAK SELL,0,Financial Services,566.5499877929688,556.75,,12.7,10.75,,,,,,,,,,,,,,,,,
2026-04-06 11:30:30.088933,BANKINDIA,WEAK SELL,44.958499908447266,140.69,6.5224853,12.05,0.0,🟠 WEAK SELL,0,Financial Services,149.22000122070312,141.35000610351562,,6.06,0.47,,,,,,,,,,,,,,,,,
2026-04-06 11:30:30.092925,BAJAJHLDNG,REDUCE,43.55849990844727,9021.0,11.42564,10.4019,0.019,🟠 WEAK SELL,0,Financial Services,10140.0,10552.0,,12.4,16.97,,,,,,,,,,,,,,,,,
2026-04-06 11:30:30.097205,IDBI,SELL,36.65849990844727,68.1,7.881944,14.728,0.0,🔴 SELL,0,Financial Services,74.9800033569336,76.25,,10.1,11.97,,,,,,,,,,,,,,,,,
2026-04-06 11:40:08.323834,GICRE,INCREASE,66.25849990844726,387.45,7.058663,10.142,0.0,🟢 HOLD (BEAR: MARGINAL),0,Financial Services,396.5499877929687,399.75,,2.35,3.17,,,,,,,,,,,,,,,,,
2026-04-06 11:40:08.329745,AXISBANK,HOLD,57.958499908447266,1214.2,14.418715,13.625,0.0,🟡 HOLD,0,Financial Services,1372.0999755859375,1298.5999755859375,,13.0,6.95,,,,,,,,,,,,,,,,,
2026-04-06 11:40:08.334239,INDIANB,WATCHLIST,56.55849990844727,886.95,10.37854,15.752,0.0,🟡 HOLD,0,Financial Services,996.2000122070312,865.25,,12.32,-2.45,,,,,,,,,,,,,,,,,
2026-04-06 11:40:08.338268,DRREDDY,HOLD,54.62849990844727,1200.3,17.66966,16.1,18.026,🟡 HOLD,0,Healthcare,1202.0,1309.9000244140625,,0.14,9.13,,,,,,,,,,,,,,,,,
2026-04-06 11:40:08.342088,ICICIBANK,HOLD,54.55849990844727,1209.1,16.520016,16.798,0.0,🟡 HOLD,0,Financial Services,1355.0,1289.0,,12.07,6.61,,,,,,,,,,,,,,,,,
2026-04-06 11:40:08.345834,IOB,HOLD,54.25849990844726,32.74,13.308944,15.338,0.0,🟡 HOLD,0,Financial Services,35.29999923706055,35.18000030517578,,7.82,7.45,,,,,,,,,,,,,,,,,
2026-04-06 11:40:08.349475,SBIN,HOLD,54.05849990844727,1006.3,10.954714,15.9252,0.0,🟡 HOLD,0,Financial Services,1086.4000244140625,1093.199951171875,,7.96,8.64,,,,,,,,,,,,,,,,,
2026-04-06 11:40:08.353008,LICHSGFIN,HOLD,53.65849990844727,514.25,5.1579742,14.971,500.0,🟡 HOLD,0,Financial Services,530.0999755859375,592.5999755859375,,3.08,15.24,,,,,,,,,,,,,,,,,
2026-04-06 11:40:08.356583,MAHABANK,REDUCE,53.05849990844727,65.07,7.7280283,21.175,0.0,🟡 HOLD,0,Financial Services,71.58999633789062,84.25,,10.02,29.48,,,,,,,,,,,,,,,,,
2026-04-06 11:40:08.360166,CENTRALBK,HOLD,51.958499908447266,33.4,6.139706,13.226,0.0,🟠 WEAK SELL,0,Financial Services,35.77000045776367,36.880001068115234,,7.1,10.42,,,,,,,,,,,,,,,,,
2026-04-06 11:40:08.363690,ICICIGI,WEAK SELL,51.958499908447266,1692.0,31.01173,17.266,0.0,🟠 WEAK SELL,0,Financial Services,1806.0999755859375,1828.800048828125,,6.74,8.09,,,,,,,,,,,,,,,,,
2026-04-06 11:40:08.367064,KOTAKBANK,HOLD,51.15849990844727,352.55,18.653439,14.0492,0.0,🟠 WEAK SELL,0,Financial Services,379.4500122070313,380.2000122070313,,7.63,7.84,,,,,,,,,,,,,,,,,
2026-04-06 11:40:08.370514,BANKBARODA,REDUCE,50.458499908447266,253.0,6.7233586,12.813,0.0,🟠 WEAK SELL,0,Financial Services,282.6400146484375,269.25,,11.72,6.42,,,,,,,,,,,,,,,,,
2026-04-06 11:40:08.373926,J&KBANK,WEAK SELL,50.05849990844727,112.81,5.7644353,14.635,0.0,🟠 WEAK SELL,0,Financial Services,126.06999969482422,142.55999755859375,,11.75,26.37,,,,,,,,,,,,,,,,,
2026-04-06 11:40:08.377378,CANBK,REDUCE,49.458499908447266,127.64,5.7314773,18.215,0.0,🟠 WEAK SELL,0,Financial Services,142.91000366210938,136.60000610351562,,11.96,7.02,,,,,,,,,,,,,,,,,
2026-04-06 11:40:08.380886,PNB,REDUCE,48.15849990844727,104.56,6.750161,12.706,0.0,🟠 WEAK SELL,0,Financial Services,113.9000015258789,109.5199966430664,,8.93,4.74,,,,,,,,,,,,,,,,,
2026-04-06 11:40:08.384492,UNIONBANK,REDUCE,47.55849990844727,173.02,6.9709916,15.561,0.0,🟠 WEAK SELL,0,Financial Services,190.91000366210935,167.58999633789062,,10.34,-3.14,,,,,,,,,,,,,,,,,
2026-04-06 11:40:08.388179,UCOBANK,REDUCE,47.358499908447264,24.04,11.669904,8.567,0.0,🟠 WEAK SELL,0,Financial Services,26.40999984741211,27.1200008392334,,9.86,12.81,,,,,,,,,,,,,,,,,
2026-04-06 11:40:08.391757,ICICIPRULI,REDUCE,45.358499908447264,502.7,53.139538,10.913,19.287,🟠 WEAK SELL,0,Financial Services,566.5499877929688,556.75,,12.7,10.75,,,,,,,,,,,,,,,,,
2026-04-06 11:40:08.395352,BANKINDIA,WEAK SELL,44.958499908447266,140.69,6.5224853,12.05,0.0,🟠 WEAK SELL,0,Financial Services,149.22000122070312,141.35000610351562,,6.06,0.47,,,,,,,,,,,,,,,,,
2026-04-06 11:40:08.398920,BAJAJHLDNG,REDUCE,43.55849990844727,9021.0,11.42564,10.4019,0.019,🟠 WEAK SELL,0,Financial Services,10140.0,10552.0,,12.4,16.97,,,,,,,,,,,,,,,,,
2026-04-06 11:40:08.402456,IDBI,SELL,36.65849990844727,68.1,7.881944,14.728,0.0,🔴 SELL,0,Financial Services,74.9800033569336,76.25,,10.1,11.97,,,,,,,,,,,,,,,,,
2026-04-06 13:59:34.386608,GICRE,INCREASE,66.25849990844726,387.45,7.058663,10.142,0.0,🟢 HOLD (BEAR: MARGINAL),0,Financial Services,396.5499877929687,399.75,,2.35,3.17,,,,,,,,,,,,,,,,,
2026-04-06 13:59:34.392920,AXISBANK,HOLD,57.958499908447266,1214.2,14.418715,13.625,0.0,🟡 HOLD,0,Financial Services,1372.0999755859375,1298.5999755859375,,13.0,6.95,,,,,,,,,,,,,,,,,
2026-04-06 13:59:34.397786,INDIANB,WATCHLIST,56.55849990844727,886.95,10.37854,15.752,0.0,🟡 HOLD,0,Financial Services,996.2000122070312,865.25,,12.32,-2.45,,,,,,,,,,,,,,,,,
2026-04-06 13:59:34.402212,DRREDDY,HOLD,54.62849990844727,1200.3,17.66966,16.1,18.026,🟡 HOLD,0,Healthcare,1202.0,1309.9000244140625,,0.14,9.13,,,,,,,,,,,,,,,,,
2026-04-06 13:59:34.406102,ICICIBANK,HOLD,54.55849990844727,1209.1,16.520016,16.798,0.0,🟡 HOLD,0,Financial Services,1355.0,1289.0,,12.07,6.61,,,,,,,,,,,,,,,,,
2026-04-06 13:59:34.409856,IOB,HOLD,54.25849990844726,32.74,13.308944,15.338,0.0,🟡 HOLD,0,Financial Services,35.29999923706055,35.18000030517578,,7.82,7.45,,,,,,,,,,,,,,,,,
2026-04-06 13:59:34.413613,SBIN,HOLD,54.05849990844727,1006.3,10.954714,15.9252,0.0,🟡 HOLD,0,Financial Services,1086.4000244140625,1093.199951171875,,7.96,8.64,,,,,,,,,,,,,,,,,
2026-04-06 13:59:34.417687,LICHSGFIN,HOLD,53.65849990844727,514.25,5.1579742,14.971,500.0,🟡 HOLD,0,Financial Services,530.0999755859375,592.5999755859375,,3.08,15.24,,,,,,,,,,,,,,,,,
2026-04-06 13:59:34.421662,MAHABANK,REDUCE,53.05849990844727,65.07,7.7280283,21.175,0.0,🟡 HOLD,0,Financial Services,71.58999633789062,84.25,,10.02,29.48,,,,,,,,,,,,,,,,,
2026-04-06 13:59:34.425576,CENTRALBK,HOLD,51.958499908447266,33.4,6.139706,13.226,0.0,🟠 WEAK SELL,0,Financial Services,35.77000045776367,36.880001068115234,,7.1,10.42,,,,,,,,,,,,,,,,,
2026-04-06 13:59:34.429544,ICICIGI,WEAK SELL,51.958499908447266,1692.0,31.01173,17.266,0.0,🟠 WEAK SELL,0,Financial Services,1806.0999755859375,1828.800048828125,,6.74,8.09,,,,,,,,,,,,,,,,,
2026-04-06 13:59:34.433406,KOTAKBANK,HOLD,51.15849990844727,352.55,18.653439,14.0492,0.0,🟠 WEAK SELL,0,Financial Services,379.4500122070313,380.2000122070313,,7.63,7.84,,,,,,,,,,,,,,,,,
2026-04-06 13:59:34.437207,BANKBARODA,REDUCE,50.458499908447266,253.0,6.7233586,12.813,0.0,🟠 WEAK SELL,0,Financial Services,282.6400146484375,269.25,,11.72,6.42,,,,,,,,,,,,,,,,,
2026-04-06 13:59:34.441081,J&KBANK,WEAK SELL,50.05849990844727,112.81,5.7644353,14.635,0.0,🟠 WEAK SELL,0,Financial Services,126.06999969482422,142.55999755859375,,11.75,26.37,,,,,,,,,,,,,,,,,
2026-04-06 13:59:34.444552,CANBK,REDUCE,49.458499908447266,127.64,5.7314773,18.215,0.0,🟠 WEAK SELL,0,Financial Services,142.91000366210938,136.60000610351562,,11.96,7.02,,,,,,,,,,,,,,,,,
2026-04-06 13:59:34.448707,PNB,REDUCE,48.15849990844727,104.56,6.750161,12.706,0.0,🟠 WEAK SELL,0,Financial Services,113.9000015258789,109.5199966430664,,8.93,4.74,,,,,,,,,,,,,,,,,
2026-04-06 13:59:34.452517,UNIONBANK,REDUCE,47.55849990844727,173.02,6.9709916,15.561,0.0,🟠 WEAK SELL,0,Financial Services,190.91000366210935,167.58999633789062,,10.34,-3.14,,,,,,,,,,,,,,,,,
2026-04-06 13:59:34.456283,UCOBANK,REDUCE,47.358499908447264,24.04,11.669904,8.567,0.0,🟠 WEAK SELL,0,Financial Services,26.40999984741211,27.1200008392334,,9.86,12.81,,,,,,,,,,,,,,,,,
2026-04-06 13:59:34.460080,ICICIPRULI,REDUCE,45.358499908447264,502.7,53.139538,10.913,19.287,🟠 WEAK SELL,0,Financial Services,566.5499877929688,556.75,,12.7,10.75,,,,,,,,,,,,,,,,,
2026-04-06 13:59:34.464085,BANKINDIA,WEAK SELL,44.958499908447266,140.69,6.5224853,12.05,0.0,🟠 WEAK SELL,0,Financial Services,149.22000122070312,141.35000610351562,,6.06,0.47,,,,,,,,,,,,,,,,,
2026-04-06 13:59:34.468015,BAJAJHLDNG,REDUCE,43.55849990844727,9021.0,11.42564,10.4019,0.019,🟠 WEAK SELL,0,Financial Services,10140.0,10552.0,,12.4,16.97,,,,,,,,,,,,,,,,,
2026-04-06 13:59:34.472391,IDBI,SELL,36.65849990844727,68.1,7.881944,14.728,0.0,🔴 SELL,0,Financial Services,74.9800033569336,76.25,,10.1,11.97,,,,,,,,,,,,,,,,,
2026-04-07 00:27:25.070672,GICRE,INCREASE,62.14967489242554,385.45,7.0222263,10.142,0.0,🟡 HOLD,0,Financial Services,396.5499877929687,397.1499938964844,,2.88,3.04,,,,,,,,,,,,,,,,,
2026-04-07 00:27:25.077695,AXISBANK,HOLD,57.87967489242554,1245.3,14.788031,13.625,0.0,🟡 HOLD,0,Financial Services,1372.0999755859375,1269.0,,10.18,1.9,,,,,,,,,,,,,,,,,
2026-04-07 00:27:25.083291,INDIANB,WEAK SELL,56.15967489242554,899.85,10.529488,15.752,0.0,🟠 WEAK SELL,0,Financial Services,996.2000122070312,853.2000122070312,,10.71,-5.18,,,,,,,,,,,,,,,,,
2026-04-07 00:27:25.088196,BANKBARODA,SELL,55.19599990844727,259.76,6.903003,12.813,0.0,🟠 WEAK SELL,0,Financial Services,282.6400146484375,267.3500061035156,,8.81,2.92,,,,,,,,,,,,,,,,,
2026-04-07 00:27:25.092985,MAHABANK,WEAK SELL,54.17467489242554,66.59,7.9085507,21.175,0.0,🟠 WEAK SELL,0,Financial Services,71.58999633789062,83.25,,7.51,25.02,,,,,,,,,,,,,,,,,
2026-04-07 00:27:25.097875,SBIN,WEAK SELL,54.16984730621864,1032.75,11.242652,15.9252,0.0,🟠 WEAK SELL,0,Financial Services,1086.4000244140625,1075.5,,5.19,4.14,,,,,,,,,,,,,,,,,
2026-04-07 00:27:25.102618,ICICIBANK,WEAK SELL,54.11467489242554,1231.4,16.824703,16.798,0.0,🟠 WEAK SELL,0,Financial Services,1355.0,1263.699951171875,,10.04,2.62,,,,,,,,,,,,,,,,,
2026-04-07 00:27:25.107442,IOB,SELL,53.99467489242554,33.05,13.434958,15.338,0.0,🟠 WEAK SELL,0,Financial Services,35.29999923706055,34.75,,6.81,5.14,,,,,,,,,,,,,,,,,
2026-04-07 00:27:25.111988,LICHSGFIN,WEAK SELL,53.25967489242554,517.55,5.1910734,14.971,500.0,🟠 WEAK SELL,0,Financial Services,530.0999755859375,579.8499755859375,,2.42,12.04,,,,,,,,,,,,,,,,,
2026-04-07 00:27:25.116733,DRREDDY,WEAK SELL,52.05867489242554,1217.8,17.927279,16.1,18.026,🟠 WEAK SELL,0,Healthcare,1202.0,1297.699951171875,,-1.3,6.56,,,,,,,,,,,,,,,,,
2026-04-07 00:27:25.121588,ICICIGI,WEAK SELL,51.91967489242553,1713.0,31.396627,17.266,0.0,🟠 WEAK SELL,0,Financial Services,1806.0999755859375,1821.199951171875,,5.43,6.32,,,,,,,,,,,,,,,,,
2026-04-07 00:27:25.126200,J&KBANK,WEAK SELL,50.87467489242554,115.8,5.9172206,14.635,0.0,🟠 WEAK SELL,0,Financial Services,126.06999969482422,140.39999389648438,,8.87,21.24,,,,,,,,,,,,,,,,,
2026-04-07 00:27:25.130946,KOTAKBANK,HOLD,50.856895361893095,360.55,19.07672,14.0492,0.0,🟠 WEAK SELL,0,Financial Services,379.4500122070313,377.0499877929687,,5.24,4.58,,,,,,,,,,,,,,,,,
2026-04-07 00:27:25.135356,CENTRALBK,SELL,50.72967489242554,33.93,6.2371325,13.226,0.0,🟠 WEAK SELL,0,Financial Services,35.77000045776367,36.560001373291016,,5.42,7.75,,,,,,,,,,,,,,,,,
2026-04-07 00:27:25.139849,CANBK,REDUCE,49.91239766577212,130.51,5.8603497,18.215,0.0,🟠 WEAK SELL,0,Financial Services,142.91000366210938,134.7100067138672,,9.5,3.22,,,,,,,,,,,,,,,,,
2026-04-07 00:27:25.144155,ICICIPRULI,SELL,49.29599990844727,513.1,54.2389,10.913,19.287,🟠 WEAK SELL,0,Financial Services,566.5499877929688,569.9000244140625,,10.42,11.07,,,,,,,,,,,,,,,,,
2026-04-07 00:27:25.149082,PNB,REDUCE,48.987049310564,106.5,6.8754034,12.706,0.0,🟠 WEAK SELL,0,Financial Services,113.9000015258789,107.86000061035156,,6.95,1.28,,,,,,,,,,,,,,,,,
2026-04-07 00:27:25.154473,UNIONBANK,REDUCE,48.374674892425546,174.12,7.0153103,15.561,0.0,🟠 WEAK SELL,0,Financial Services,190.91000366210935,165.02999877929688,,9.64,-5.22,,,,,,,,,,,,,,,,,
2026-04-07 00:27:25.159150,UCOBANK,SELL,46.65972086197739,24.35,11.820389,8.567,0.0,🟠 WEAK SELL,0,Financial Services,26.40999984741211,26.899999618530273,,8.46,10.47,,,,,,,,,,,,,,,,,
2026-04-07 00:27:25.163951,BANKINDIA,WEAK SELL,45.92326308694722,143.05,6.6318965,12.05,0.0,🟠 WEAK SELL,0,Financial Services,149.22000122070312,139.82000732421875,,4.31,-2.26,,,,,,,,,,,,,,,,,
2026-04-07 00:27:25.168609,BAJAJHLDNG,REDUCE,45.370707659301885,9131.0,11.564962,10.4019,0.019,🟠 WEAK SELL,0,Financial Services,10140.0,10717.0,,11.05,17.37,,,,,,,,,,,,,,,,,
2026-04-07 00:27:25.173464,IDBI,SELL,43.49599990844727,70.06,8.108796,14.728,0.0,🔴 SELL,0,Financial Services,74.9800033569336,74.77999877929688,,7.02,6.74,,,,,,,,,,,,,,,,,
2026-04-09 09:34:46.668901,INDIANB,INCREASE,67.28549987792968,957.2,11.200562,15.752,0.0,🟢 HOLD (BEAR: MARGINAL),0,Financial Services,939.4500122070312,843.2000122070312,,-1.85,-11.91,,,,,,,,,,,,,,,,,
2026-04-09 09:34:46.675359,MAHABANK,HOLD,66.08549987792969,70.71,8.397862,21.175,0.0,🟢 HOLD (BEAR: MARGINAL),0,Financial Services,72.7300033569336,81.66000366210938,,2.86,15.49,,,,,,,,,,,,,,,,,
2026-04-09 09:34:46.680495,GICRE,INCREASE,64.83796113300323,388.55,6.973259,10.142,0.0,🟡 HOLD,0,Financial Services,400.3999938964844,392.0499877929687,,3.05,0.9,,,,,,,,,,,,,,,,,
2026-04-09 09:34:46.686044,IOB,HOLD,64.18549987792969,34.53,13.435798,15.338,0.0,🟡 HOLD,0,Financial Services,34.959999084472656,34.400001525878906,,1.25,-0.38,,,,,,,,,,,,,,,,,
2026-04-09 09:34:46.691332,AXISBANK,WATCHLIST,63.92846113300324,1322.4,14.719502,13.625,0.0,🟡 HOLD,0,Financial Services,1359.0999755859375,1277.0999755859375,,2.78,-3.43,,,,,,,,,,,,,,,,,
2026-04-09 09:34:46.696628,ICICIBANK,HOLD,60.59571113300324,1298.3,16.86542,16.798,0.0,🟡 HOLD,0,Financial Services,1346.800048828125,1271.699951171875,,3.74,-2.05,,,,,,,,,,,,,,,,,
2026-04-09 09:34:46.701714,CANBK,HOLD,60.58549987792969,139.19,5.8141184,18.215,0.0,🟡 HOLD,0,Financial Services,142.3699951171875,133.8699951171875,,2.28,-3.82,,,,,,,,,,,,,,,,,
2026-04-09 09:34:46.706705,UCOBANK,REDUCE,58.58549987792969,25.99,12.616505,8.567,0.0,🟡 HOLD,0,Financial Services,26.770000457763672,26.420000076293945,,3.0,1.65,,,,,,,,,,,,,,,,,
2026-04-09 09:34:46.711553,BAJAJHLDNG,WEAK SELL,57.48549987792969,10030.5,11.76681,10.4019,0.019,🟠 WEAK SELL,0,Financial Services,10355.5,10523.0,,3.24,4.91,,,,,,,,,,,,,,,,,
2026-04-09 09:34:46.716496,SBIN,WEAK SELL,57.300021477830825,1060.8,11.213787,15.9252,0.0,🟠 WEAK SELL,0,Financial Services,1080.25,977.2000122070312,,1.83,-7.88,,,,,,,,,,,,,,,,,
2026-04-09 09:34:46.721626,CENTRALBK,WEAK SELL,56.68096113300325,35.57,6.251318,13.226,0.0,🟠 WEAK SELL,0,Financial Services,36.060001373291016,35.779998779296875,,1.38,0.59,,,,,,,,,,,,,,,,,
2026-04-09 09:34:46.727053,LICHSGFIN,WEAK SELL,56.33146113300323,531.3,5.328987,14.971,500.0,🟠 WEAK SELL,0,Financial Services,540.0,595.4000244140625,,1.64,12.06,,,,,,,,,,,,,,,,,
2026-04-09 09:34:46.732434,KOTAKBANK,WEAK SELL,55.945488297316885,377.5,19.962982,14.0492,0.0,🟠 WEAK SELL,0,Financial Services,383.6000061035156,383.4500122070313,,1.62,1.58,,,,,,,,,,,,,,,,,
2026-04-09 09:34:46.737073,BANKBARODA,WEAK SELL,55.124174888610845,275.92,7.3324475,12.813,0.0,🟠 WEAK SELL,0,Financial Services,280.44000244140625,266.95001220703125,,1.64,-3.25,,,,,,,,,,,,,,,,,
2026-04-09 09:34:46.742110,UNIONBANK,REDUCE,54.55671113300324,185.65,6.929824,15.561,0.0,🟠 WEAK SELL,0,Financial Services,188.91000366210935,164.3300018310547,,1.76,-11.48,,,,,,,,,,,,,,,,,
2026-04-09 09:34:46.747041,PNB,WEAK SELL,53.1460421793517,110.7,7.146546,12.706,0.0,🟠 WEAK SELL,0,Financial Services,114.4800033569336,105.77999877929688,,3.41,-4.44,,,,,,,,,,,,,,,,,
2026-04-09 09:34:46.752056,ICICIGI,WEAK SELL,50.92246113300324,1744.2,31.968473,17.266,0.0,🟠 WEAK SELL,0,Financial Services,1891.5999755859375,1841.800048828125,,8.45,5.6,,,,,,,,,,,,,,,,,
2026-04-09 09:34:46.757159,BANKINDIA,WEAK SELL,48.69371700108583,146.45,6.7895226,12.05,0.0,🟠 WEAK SELL,0,Financial Services,148.10000610351562,144.0500030517578,,1.13,-1.64,,,,,,,,,,,,,,,,,
2026-04-09 09:34:46.762017,DRREDDY,WEAK SELL,47.05811113300324,1202.6,17.771538,16.1,18.026,🟠 WEAK SELL,0,Healthcare,1235.699951171875,1293.5,,2.75,7.56,,,,,,,,,,,,,,,,,
2026-04-09 09:34:46.767210,ICICIPRULI,REDUCE,46.819174888610846,545.5,55.04541,10.913,19.287,🟠 WEAK SELL,0,Financial Services,562.0,566.5499877929688,,3.02,3.86,,,,,,,,,,,,,,,,,
2026-04-10 13:43:01.731585,NMDC,WATCHLIST,70.5490874004364,84.28,10.736305,22.03,11.21,🟢 BUY (VALUE) (BEAR: MEDIUM),0,Basic Materials,88.9000015258789,87.55000305175781,,5.48,3.88,,,,,,,,,,,,,,,,,
2026-04-10 13:43:01.738498,GICRE,WATCHLIST,69.11529368877412,398.35,7.2572417,10.142,0.0,🟢 HOLD (BEAR: MARGINAL),0,Financial Services,395.8999938964844,392.0499877929687,,-0.62,-1.58,,,,,,,,,,,,,,,,,
2026-04-10 13:43:01.744730,AXISBANK,WATCHLIST,64.90658740043641,1348.7,16.185047,13.625,0.0,🟡 HOLD,0,Financial Services,1354.699951171875,1277.0999755859375,,0.44,-5.31,,,,,,,,,,,,,,,,,
2026-04-10 13:43:01.754189,INDIANB,WATCHLIST,63.89658740043641,957.85,11.200304,15.752,0.0,🟡 HOLD,0,Financial Services,928.2999877929688,843.2000122070312,,-3.09,-11.97,,,,,,,,,,,,,,,,,
2026-04-10 13:43:01.762830,ICICIBANK,HOLD,62.3240874004364,1320.7,18.020193,16.798,0.0,🟡 HOLD,0,Financial Services,1356.199951171875,1271.699951171875,,2.69,-3.71,,,,,,,,,,,,,,,,,
2026-04-10 13:43:01.768085,IOB,HOLD,61.9140874004364,34.7,14.279836,15.338,0.0,🟡 HOLD,0,Financial Services,34.79999923706055,34.400001525878906,,0.29,-0.86,,,,,,,,,,,,,,,,,
2026-04-10 13:43:01.773396,MAHABANK,HOLD,61.7540874004364,70.21,8.33848,21.175,0.0,🟡 HOLD,0,Financial Services,75.54000091552734,81.66000366210938,,7.59,16.31,,,,,,,,,,,,,,,,,
2026-04-10 13:43:01.778994,CANBK,REDUCE,58.37294878710969,139.98,6.285586,18.215,0.0,🟡 HOLD,0,Financial Services,142.74000549316406,133.8699951171875,,1.97,-4.36,,,,,,,,,,,,,,,,,
2026-04-10 13:43:01.784057,SBIN,HOLD,58.295336792222386,1060.0,11.544326,15.9252,0.0,🟡 HOLD,0,Financial Services,1107.8499755859375,977.2000122070312,,4.51,-7.81,,,,,,,,,,,,,,,,,
2026-04-10 13:43:01.789479,CENTRALBK,REDUCE,57.88529368877411,35.56,6.536765,13.226,0.0,🟡 HOLD,0,Financial Services,35.72999954223633,35.779998779296875,,0.48,0.62,,,,,,,,,,,,,,,,,
2026-04-10 13:43:01.794690,KOTAKBANK,HOLD,57.79519763517018,376.55,19.933828,14.0492,0.0,🟡 HOLD,0,Financial Services,379.2000122070313,383.4500122070313,,0.7,1.83,,,,,,,,,,,,,,,,,
2026-04-10 13:43:01.800089,LICHSGFIN,WATCHLIST,57.79279368877411,532.0,5.3349376,14.971,500.0,🟡 HOLD,0,Financial Services,536.7000122070312,595.4000244140625,,0.88,11.92,,,,,,,,,,,,,,,,,
2026-04-10 13:43:01.805745,BANKBARODA,REDUCE,56.52687494277954,276.09,7.380112,12.813,0.0,🟡 HOLD,0,Financial Services,281.010009765625,266.95001220703125,,1.78,-3.31,,,,,,,,,,,,,,,,,
2026-04-10 13:43:01.810942,UNIONBANK,REDUCE,56.2540874004364,188.67,7.6076612,15.561,0.0,🟡 HOLD,0,Financial Services,189.2899932861328,164.3300018310547,,0.33,-12.9,,,,,,,,,,,,,,,,,
2026-04-10 13:43:01.816216,UCOBANK,REDUCE,55.34661038521233,26.22,12.728155,8.567,0.0,🟡 HOLD,0,Financial Services,26.5,26.420000076293945,,1.07,0.76,,,,,,,,,,,,,,,,,
2026-04-10 13:43:01.821478,ICICIGI,HOLD,55.08279368877411,1786.6,32.70963,17.266,0.0,🟡 HOLD,0,Financial Services,1876.5,1841.800048828125,,5.03,3.09,,,,,,,,,,,,,,,,,
2026-04-10 13:43:01.826738,PNB,REDUCE,55.04963729330872,111.44,7.1943192,12.706,0.0,🟡 HOLD,0,Financial Services,113.73999786376952,105.77999877929688,,2.06,-5.08,,,,,,,,,,,,,,,,,
2026-04-10 13:43:01.832168,BAJAJHLDNG,WEAK SELL,54.102103783874576,9965.0,12.6292715,10.4019,0.019,🟠 WEAK SELL,0,Financial Services,10388.0,10523.0,,4.24,5.6,,,,,,,,,,,,,,,,,
2026-04-10 13:43:01.837547,DRREDDY,WEAK SELL,50.62504368877411,1228.4,18.099308,16.1,18.026,🟠 WEAK SELL,0,Healthcare,1232.5999755859375,1293.5,,0.34,5.3,,,,,,,,,,,,,,,,,
2026-04-10 13:43:01.842548,BANKINDIA,WEAK SELL,49.70869073740453,147.32,6.829857,12.05,0.0,🟠 WEAK SELL,0,Financial Services,148.30999755859375,144.0500030517578,,0.67,-2.22,,,,,,,,,,,,,,,,,
2026-04-10 13:43:01.848139,ICICIPRULI,REDUCE,48.251874942779544,545.95,57.895016,10.913,19.287,🟠 WEAK SELL,0,Financial Services,557.9000244140625,566.5499877929688,,2.19,3.77,,,,,,,,,,,,,,,,,
2026-04-15 09:26:47.492176,NMDC,NEW POSITION,81.10000000000001,87.46,11.141401,22.03,11.21,🟢 STRONG BUY (UNDERVALUED) (SIDEWAYS-Q1: MEDIUM),0,Basic Materials,87.30999755859375,89.22000122070312,,-0.17,2.01,,,,,,,,,,,,,,,,,
2026-04-15 09:26:47.498187,ICICIBANK,HOLD,78.92,1354.7,18.499247,16.798,0.0,🟢 STRONG BUY (UNDERVALUED) (SIDEWAYS-Q1: MEDIUM),0,Financial Services,1348.0,1234.5,,-0.49,-8.87,,,,,,,,,,,,,,,,,
2026-04-15 09:26:47.503891,ABB,NEW POSITION,78.62,6890.0,51.9530879,22.391,0.0,🟢 STRONG BUY (SIDEWAYS-Q1: MEDIUM),0,Industrials,7575.5,6251.0,,9.95,-9.27,,,,,,,,,,,,,,,,,
2026-04-15 09:26:47.509068,CUMMINSIND,NEW POSITION,78.32,5064.7,62.63542,26.4493,0.308,🟢 STRONG BUY (SIDEWAYS-Q1: MEDIUM),0,Industrials,5176.89990234375,5245.0,,2.22,3.56,,,,,,,,,,,,,,,,,
2026-04-15 09:26:47.514162,LICI,WATCHLIST,78.22,828.75,9.887259,37.9798,0.0,🟢 STRONG BUY (UNDERVALUED) (SIDEWAYS-Q1: MEDIUM),0,Financial Services,811.6500244140625,778.7999877929688,,-2.06,-6.03,,,,,,,,,,,,,,,,,
2026-04-15 09:26:47.519644,NATIONALUM,WATCHLIST,78.0,428.8,12.822967,29.5861,0.282,🟢 STRONG BUY (UNDERVALUED) (SIDEWAYS-Q1: MEDIUM),0,Basic Materials,439.25,399.6499938964844,,2.44,-6.8,,,,,,,,,,,,,,,,,
2026-04-15 09:26:47.524756,VEDL,WATCHLIST,77.60000000000001,764.7,21.212206,39.1342,190.255,🟢 STRONG BUY (SIDEWAYS-Q1: MEDIUM),0,Basic Materials,735.5999755859375,327.79998779296875,,-3.81,-57.13,,,,,,,,,,,,,,,,,
2026-04-15 09:26:47.530268,LUPIN,NEW POSITION,77.44,2332.9,23.006903,19.0753,31.513,🟢 STRONG BUY (SIDEWAYS-Q1: MEDIUM),0,Healthcare,2341.39990234375,2230.199951171875,,0.36,-4.4,,,,,,,,,,,,,,,,,
2026-04-15 09:26:47.535515,ONGC,NEW POSITION,77.4,286.05,9.456198,10.5479,43.805,🟢 STRONG BUY (UNDERVALUED) (SIDEWAYS-Q1: MEDIUM),0,Energy,286.25,296.75,,0.07,3.74,,,,,,,,,,,,,,,,,
2026-04-15 09:26:47.540475,INDIANB,HOLD,77.22,995.6,11.652621,15.752,0.0,🟢 STRONG BUY (UNDERVALUED) (SIDEWAYS-Q1: MEDIUM),0,Financial Services,914.9500122070312,808.3499755859375,,-8.1,-18.81,,,,,,,,,,,,,,,,,
2026-04-15 09:26:47.545379,FEDERALBNK,WATCHLIST,75.62,293.8,17.795275,12.0412,0.0,🟢 STRONG BUY (UNDERVALUED) (SIDEWAYS-Q1: MEDIUM),0,Financial Services,295.3999938964844,280.1000061035156,,0.54,-4.66,,,,,,,,,,,,,,,,,
2026-04-15 09:26:47.550474,SBIN,HOLD,73.92,1086.3,11.821744,15.9252,0.0,🟢 STRONG BUY (UNDERVALUED) (SIDEWAYS-Q1: MEDIUM),0,Financial Services,1094.25,938.0,,0.73,-13.65,,,,,,,,,,,,,,,,,
2026-04-15 09:26:47.555411,AXISBANK,HOLD,73.92,1372.1,16.297659,13.625,0.0,🟢 STRONG BUY (UNDERVALUED) (SIDEWAYS-Q1: MEDIUM),0,Financial Services,1369.5999755859375,1230.800048828125,,-0.18,-10.3,,,,,,,,,,,,,,,,,
2026-04-15 09:26:47.560626,AUROPHARMA,WATCHLIST,73.24,1354.0,22.559147,10.6754,22.248,🟢 STRONG BUY (SIDEWAYS-Q1: MEDIUM),0,Healthcare,1435.4000244140625,1494.800048828125,,6.01,10.4,,,,,,,,,,,,,,,,,
2026-04-15 09:26:47.565571,CANBK,HOLD,72.62,143.0,6.421194,18.215,0.0,🟢 STRONG BUY (UNDERVALUED) (SIDEWAYS-Q1: MEDIUM),0,Financial Services,140.8699951171875,124.5,,-1.49,-12.94,,,,,,,,,,,,,,,,,
2026-04-15 09:26:47.570478,GICRE,HOLD,72.42,396.55,7.2257648,10.142,0.0,🟢 STRONG BUY (UNDERVALUED) (SIDEWAYS-Q1: MEDIUM),0,Financial Services,398.7999877929687,382.2999877929687,,0.57,-3.59,,,,,,,,,,,,,,,,,
2026-04-15 09:26:47.575565,MAHABANK,REDUCE,72.42,71.59,8.502375,21.175,0.0,🟢 STRONG BUY (UNDERVALUED) (SIDEWAYS-Q1: MEDIUM),0,Financial Services,77.30999755859375,76.93000030517578,,7.99,7.46,,,,,,,,,,,,,,,,,
2026-04-15 09:26:47.580708,IOB,REDUCE,72.32000000000001,35.25,14.329268,15.338,0.0,🟢 STRONG BUY (UNDERVALUED) (SIDEWAYS-Q1: MEDIUM),0,Financial Services,35.13999938964844,33.029998779296875,,-0.31,-6.3,,,,,,,,,,,,,,,,,
2026-04-15 09:26:47.586012,ICICIGI,HOLD,71.82000000000001,1806.9,33.129814,17.266,0.0,🟢 STRONG BUY (SIDEWAYS-Q1: MEDIUM),0,Financial Services,1809.9000244140625,1798.199951171875,,0.17,-0.48,,,,,,,,,,,,,,,,,
2026-04-15 09:26:47.591342,ADANIPOWER,WATCHLIST,71.60000000000001,183.74,31.35495,22.9626,72.104,🟢 STRONG BUY (SIDEWAYS-Q1: MEDIUM),0,Utilities,214.17999267578125,219.8800048828125,,16.57,19.67,,,,,,,,,,,,,,,,,
2026-04-15 09:26:47.596195,KOTAKBANK,HOLD,71.52,379.4,20.084702,14.0492,0.0,🟢 STRONG BUY (UNDERVALUED) (SIDEWAYS-Q1: MEDIUM),0,Financial Services,370.3999938964844,380.9500122070313,,-2.37,0.41,,,,,,,,,,,,,,,,,
2026-04-15 09:26:47.601305,UNIONBANK,BOOK_PROFIT,69.92,190.97,7.7004037,15.561,0.0,🟢 BUY (VALUE) (CONCENTRATION RISK),0,Financial Services,179.7100067138672,158.25,,-5.9,-17.13,,,,,,,,,,,,,,,,,
2026-04-15 09:26:47.606167,BANKBARODA,REDUCE,67.52,282.64,7.5090337,12.813,0.0,🟢 BUY (VALUE),0,Financial Services,276.3399963378906,256.1499938964844,,-2.23,-9.37,,,,,,,,,,,,,,,,,
2026-04-15 09:26:47.611004,CENTRALBK,REDUCE,67.32000000000001,35.74,6.5698533,13.226,0.0,🟢 BUY (VALUE),0,Financial Services,36.13999938964844,33.209999084472656,,1.12,-7.08,,,,,,,,,,,,,,,,,
2026-04-15 09:26:47.615959,PNB,REDUCE,66.72,113.82,7.3479667,12.706,0.0,🟢 BUY (VALUE) (CONCENTRATION RISK),0,Financial Services,112.70999908447266,99.13999938964844,,-0.98,-12.9,,,,,,,,,,,,,,,,,
2026-04-15 09:26:47.620942,ICICIPRULI,HOLD,66.12,566.35,59.94709,10.913,19.287,🟢 BUY (CONCENTRATION RISK),0,Financial Services,535.2999877929688,499.0499877929687,,-5.48,-11.88,,,,,,,,,,,,,,,,,
2026-04-15 09:26:47.626263,BAJAJHLDNG,REDUCE,65.62,10140.0,12.841457,10.4019,0.019,🟢 BUY (VALUE),0,Financial Services,10376.5,10122.0,,2.33,-0.18,,,,,,,,,,,,,,,,,
2026-04-15 09:26:47.631168,UCOBANK,REDUCE,65.22,26.4,12.815535,8.567,0.0,🟢 BUY (VALUE) (CONCENTRATION RISK),0,Financial Services,26.6200008392334,24.549999237060547,,0.83,-7.01,,,,,,,,,,,,,,,,,
2026-04-15 09:26:47.636338,LICHSGFIN,REDUCE,62.92,530.0,5.315948,14.971,500.0,🟢 BUY (VALUE) (CONCENTRATION RISK),0,Financial Services,545.5499877929688,536.6500244140625,,2.93,1.25,,,,,,,,,,,,,,,,,
2026-04-15 09:26:47.642316,BANKINDIA,REDUCE,60.52,149.21,6.9174786,12.05,0.0,🟢 BUY (VALUE),0,Financial Services,150.86000061035156,138.0,,1.11,-7.51,,,,,,,,,,,,,,,,,
2026-04-15 09:26:47.649676,DRREDDY,SELL,58.940000000000005,1202.9,17.728815,16.1,18.026,🟡 HOLD,0,Healthcare,1331.0,1331.9000244140625,,10.65,10.72,,,,,,,,,,,,,,,,,
2026-04-16 13:53:01.969102,NMDC,INCREASE,81.485,86.61,11.033121,22.03,0.0,🟢 STRONG BUY (UNDERVALUED) (SIDEWAYS-Q1: MEDIUM),0,Basic Materials,89.29000091552734,89.22000122070312,,3.09,3.01,,,,,,,,,,,,,,,,,
2026-04-16 13:53:01.976211,NATIONALUM,NEW POSITION,79.375,433.3,12.777942,29.5861,0.282,🟢 STRONG BUY (UNDERVALUED) (SIDEWAYS-Q1: MEDIUM),0,Basic Materials,437.0499877929687,399.6499938964844,,0.87,-7.77,,,,,,,,,,,,,,,,,
2026-04-16 13:53:01.981359,VEDL,WATCHLIST,79.08500000000001,784.2,21.373672,39.1342,190.255,🟢 STRONG BUY (SIDEWAYS-Q1: MEDIUM),0,Basic Materials,720.9500122070312,327.79998779296875,,-8.07,-58.2,,,,,,,,,,,,,,,,,
2026-04-16 13:53:01.986649,ICICIBANK,HOLD,78.524,1342.7,18.37553,16.798,0.0,🟢 STRONG BUY (UNDERVALUED) (SIDEWAYS-Q1: MEDIUM),0,Financial Services,1326.199951171875,1234.5,,-1.23,-8.06,,,,,,,,,,,,,,,,,
2026-04-16 13:53:01.992341,LICI,HOLD,78.374,839.65,9.558858,37.9798,0.0,🟢 STRONG BUY (UNDERVALUED) (SIDEWAYS-Q1: MEDIUM),0,Financial Services,811.0499877929688,778.7999877929688,,-3.41,-7.25,,,,,,,,,,,,,,,,,
2026-04-16 13:53:01.997414,ABB,HOLD,78.0095,6778.0,85.75405,22.391,1.082,🟢 STRONG BUY (SIDEWAYS-Q1: MEDIUM),0,Industrials,7328.5,6251.0,,8.12,-7.78,,,,,,,,,,,,,,,,,
2026-04-16 13:53:02.002410,ADANIPORTS,WATCHLIST,77.9795,1548.9,26.830072,19.407,9.74,🟢 STRONG BUY (SIDEWAYS-Q1: MEDIUM),0,Industrials,1585.0999755859375,1752.199951171875,,2.34,13.13,,,,,,,,,,,,,,,,,
2026-04-16 13:53:02.007576,CUMMINSIND,HOLD,77.0495,4983.9,61.484085,26.4493,0.308,🟢 STRONG BUY (SIDEWAYS-Q1: MEDIUM),0,Industrials,5232.0,5245.0,,4.98,5.24,,,,,,,,,,,,,,,,,
2026-04-16 13:53:02.012483,AXISBANK,HOLD,75.834,1349.0,16.000475,13.625,0.0,🟢 STRONG BUY (UNDERVALUED) (SIDEWAYS-Q1: MEDIUM),0,Financial Services,1365.9000244140625,1230.800048828125,,1.25,-8.76,,,,,,,,,,,,,,,,,
2026-04-16 13:53:02.017357,INDIANB,HOLD,75.50399999999999,941.0,11.003275,15.752,0.0,🟢 STRONG BUY (UNDERVALUED) (SIDEWAYS-Q1: MEDIUM),0,Financial Services,909.9000244140624,808.3499755859375,,-3.3,-14.1,,,,,,,,,,,,,,,,,
2026-04-16 13:53:02.022201,HINDALCO,WATCHLIST,75.305,1039.9,14.3791485,12.9344,57.571,🟢 STRONG BUY (UNDERVALUED) (SIDEWAYS-Q1: MEDIUM),0,Basic Materials,1048.3499755859375,1051.199951171875,,0.81,1.09,,,,,,,,,,,,,,,,,
2026-04-16 13:53:02.027058,BAJAJ-AUTO,WATCHLIST,74.559,9791.5,30.787006,20.8156,57.257,🟢 STRONG BUY (SIDEWAYS-Q1: MEDIUM),0,Consumer Cyclical,9576.0,10242.5,,-2.2,4.61,,,,,,,,,,,,,,,,,
2026-04-16 13:53:02.031744,ICICIGI,HOLD,74.284,1887.0,34.541462,17.266,0.0,🟢 STRONG BUY (SIDEWAYS-Q1: MEDIUM),0,Financial Services,1772.0999755859375,1798.199951171875,,-6.09,-4.71,,,,,,,,,,,,,,,,,
2026-04-16 13:53:02.037434,FEDERALBNK,HOLD,74.124,282.75,17.146755,12.0412,0.0,🟢 STRONG BUY (UNDERVALUED) (SIDEWAYS-Q1: MEDIUM),0,Financial Services,293.0,280.1000061035156,,3.63,-0.94,,,,,,,,,,,,,,,,,
2026-04-16 13:53:02.042342,SBIN,HOLD,73.57900000000001,1067.5,11.617151,15.9252,0.0,🟢 STRONG BUY (UNDERVALUED) (SIDEWAYS-Q1: MEDIUM),0,Financial Services,1101.0999755859375,938.0,,3.15,-12.13,,,,,,,,,,,,,,,,,
2026-04-16 13:53:02.047243,MAHABANK,SELL,73.399,70.86,8.415677,21.175,0.0,🟢 STRONG BUY (UNDERVALUED) (SIDEWAYS-Q1: MEDIUM),0,Financial Services,77.9000015258789,76.93000030517578,,9.94,8.57,,,,,,,,,,,,,,,,,
2026-04-16 13:53:02.052000,ADANIPOWER,WATCHLIST,72.15,187.19,31.889269,22.9626,44.84,🟢 STRONG BUY (SIDEWAYS-Q1: MEDIUM),0,Utilities,212.8999938964844,219.8800048828125,,13.73,17.46,,,,,,,,,,,,,,,,,
2026-04-16 13:53:02.057315,CANBK,HOLD,71.894,140.5,6.304309,18.215,0.0,🟢 STRONG BUY (UNDERVALUED) (SIDEWAYS-Q1: MEDIUM),0,Financial Services,140.85000610351562,124.5,,0.25,-11.39,,,,,,,,,,,,,,,,,
2026-04-16 13:53:02.062332,KOTAKBANK,HOLD,71.894,380.05,20.11911,14.0492,0.0,🟢 STRONG BUY (UNDERVALUED) (SIDEWAYS-Q1: MEDIUM),0,Financial Services,370.8500061035156,380.9500122070313,,-2.42,0.24,,,,,,,,,,,,,,,,,
2026-04-16 13:53:02.067343,GICRE,HOLD,71.584,399.8,7.284985,10.142,0.0,🟢 STRONG BUY (UNDERVALUED) (SIDEWAYS-Q1: MEDIUM),0,Financial Services,397.8999938964844,382.2999877929687,,-0.48,-4.38,,,,,,,,,,,,,,,,,
2026-04-16 13:53:02.072436,IOB,HOLD,71.209,35.02,14.235772,15.338,0.0,🟢 STRONG BUY (UNDERVALUED) (SIDEWAYS-Q1: MEDIUM),0,Financial Services,35.0099983215332,33.029998779296875,,-0.03,-5.68,,,,,,,,,,,,,,,,,
2026-04-16 13:53:02.077254,UNIONBANK,BOOK_PROFIT,69.469,188.19,7.4265985,15.561,0.0,🟢 BUY (VALUE) (CONCENTRATION RISK),0,Financial Services,177.0,158.25,,-5.95,-15.91,,,,,,,,,,,,,,,,,
2026-04-16 13:53:02.082011,BANKBARODA,HOLD,67.784,278.47,7.3108425,12.813,0.0,🟢 BUY (VALUE),0,Financial Services,274.1300048828125,256.1499938964844,,-1.56,-8.02,,,,,,,,,,,,,,,,,
2026-04-16 13:53:02.086723,CENTRALBK,HOLD,67.08900000000001,35.82,6.5845585,13.226,0.0,🟢 BUY (VALUE),0,Financial Services,36.0099983215332,33.209999084472656,,0.53,-7.29,,,,,,,,,,,,,,,,,
2026-04-16 13:53:02.092235,ICICIPRULI,HOLD,66.989,559.2,50.333035,10.913,19.287,🟢 BUY (CONCENTRATION RISK),0,Financial Services,514.2000122070312,499.0499877929687,,-8.05,-10.76,,,,,,,,,,,,,,,,,
2026-04-16 13:53:02.097658,PNB,HOLD,66.654,113.52,7.328599,12.706,0.0,🟢 BUY (VALUE) (CONCENTRATION RISK),0,Financial Services,113.08999633789062,99.13999938964844,,-0.38,-12.67,,,,,,,,,,,,,,,,,
2026-04-16 13:53:02.102668,BAJAJHLDNG,HOLD,65.71900000000001,10157.0,12.862987,10.4019,0.019,🟢 BUY (VALUE),0,Financial Services,10259.5,10122.0,,1.01,-0.34,,,,,,,,,,,,,,,,,
2026-04-16 13:53:02.107599,UCOBANK,HOLD,65.319,26.5,12.864078,8.567,0.0,🟢 BUY (VALUE) (CONCENTRATION RISK),0,Financial Services,26.469999313354492,24.549999237060547,,-0.11,-7.36,,,,,,,,,,,,,,,,,
2026-04-16 13:53:02.112499,BANKINDIA,HOLD,61.224,148.95,6.905424,12.05,0.0,🟢 BUY (VALUE),0,Financial Services,147.44000244140625,138.0,,-1.01,-7.35,,,,,,,,,,,,,,,,,
2026-04-18 01:58:25.339816,NMDC,INCREASE,78.3115,89.78,11.436943,22.03,0.0,🟢 STRONG BUY (UNDERVALUED) (SIDEWAYS-Q1: MEDIUM),0,Basic Materials,90.41999816894533,90.08000183105467,,0.71,0.33,,,,,,,,,,,,,,,,,
2026-04-18 01:58:25.347194,ADANIPORTS,WATCHLIST,76.206575,1573.4,27.29228,19.407,9.74,🟢 STRONG BUY (SIDEWAYS-Q1: MEDIUM),0,Industrials,1628.5,1780.4000244140625,,3.5,13.16,,,,,,,,,,,,,,,,,
2026-04-18 01:58:25.353133,LUPIN,WATCHLIST,75.6379,2326.1,22.926277,19.0753,31.513,🟢 STRONG BUY (SIDEWAYS-Q1: MEDIUM),0,Healthcare,2324.5,2269.10009765625,,-0.07,-2.45,,,,,,,,,,,,,,,,,
2026-04-18 01:58:25.359345,ABB,HOLD,74.85332500000001,7029.5,89.582,22.391,1.082,🟢 STRONG BUY (SIDEWAYS-Q1: MEDIUM),0,Industrials,7430.5,6327.0,,5.7,-9.99,,,,,,,,,,,,,,,,,
2026-04-18 01:58:25.364868,CUMMINSIND,HOLD,74.78707499999999,5140.9,63.374012,26.4493,0.308,🟢 STRONG BUY (SIDEWAYS-Q1: MEDIUM),0,Industrials,5233.2001953125,5289.5,,1.8,2.89,,,,,,,,,,,,,,,,,
2026-04-18 01:58:25.370533,ICICIBANK,HOLD,73.999425,1346.8,18.398909,16.798,0.0,🟢 STRONG BUY (UNDERVALUED) (SIDEWAYS-Q1: MEDIUM),0,Financial Services,1314.0999755859375,1238.699951171875,,-2.43,-8.03,,,,,,,,,,,,,,,,,
2026-04-18 01:58:25.376164,LICI,HOLD,73.626675,842.2,10.046523,37.9798,0.0,🟢 STRONG BUY (UNDERVALUED) (SIDEWAYS-Q1: MEDIUM),0,Financial Services,819.5,802.7999877929688,,-2.7,-4.68,,,,,,,,,,,,,,,,,
2026-04-18 01:58:25.381699,SBIN,HOLD,73.283925,1080.25,11.757184,15.9252,0.0,🟢 STRONG BUY (UNDERVALUED) (SIDEWAYS-Q1: MEDIUM),0,Financial Services,1111.8499755859375,947.2999877929688,,2.93,-12.31,,,,,,,,,,,,,,,,,
2026-04-18 01:58:25.387318,AXISBANK,HOLD,72.733925,1359.1,16.137497,13.625,0.0,🟢 STRONG BUY (UNDERVALUED) (SIDEWAYS-Q1: MEDIUM),0,Financial Services,1324.199951171875,1244.5999755859375,,-2.57,-8.42,,,,,,,,,,,,,,,,,
2026-04-18 01:58:25.393599,ICICIGI,HOLD,72.011675,1891.6,34.57503,17.266,0.0,🟢 STRONG BUY (SIDEWAYS-Q1: MEDIUM),0,Financial Services,1770.5,1816.300048828125,,-6.4,-3.98,,,,,,,,,,,,,,,,,
2026-04-18 01:58:25.398861,FEDERALBNK,HOLD,71.85442499999999,293.75,17.80303,12.0412,0.0,🟢 STRONG BUY (UNDERVALUED) (SIDEWAYS-Q1: MEDIUM),0,Financial Services,294.04998779296875,285.29998779296875,,0.1,-2.88,,,,,,,,,,,,,,,,,
2026-04-18 01:58:25.404535,INDIANB,HOLD,71.655925,939.45,10.994149,15.752,0.0,🟢 STRONG BUY (UNDERVALUED) (SIDEWAYS-Q1: MEDIUM),0,Financial Services,912.6500244140624,810.9000244140625,,-2.85,-13.68,,,,,,,,,,,,,,,,,
2026-04-18 01:58:25.410286,MAHABANK,HOLD,70.840675,72.73,8.637768,21.175,0.0,🟢 STRONG BUY (UNDERVALUED) (SIDEWAYS-Q1: MEDIUM),0,Financial Services,79.75,78.12999725341797,,9.65,7.42,,,,,,,,,,,,,,,,,
2026-04-18 01:58:25.415623,TMPV,WATCHLIST,70.359975,360.1,33.907722,23.9616,56.134,🟢 BUY (SIDEWAYS-Q1: MEDIUM),0,Consumer Cyclical,354.3500061035156,363.2999877929687,,-1.6,0.89,,,,,,,,,,,,,,,,,
2026-04-18 01:58:25.421083,GICRE,HOLD,70.021175,400.4,7.294589,10.142,0.0,🟢 STRONG BUY (UNDERVALUED) (SIDEWAYS-Q1: MEDIUM),0,Financial Services,399.8500061035156,389.75,,-0.14,-2.66,,,,,,,,,,,,,,,,,
2026-04-18 01:58:25.426827,CANBK,HOLD,69.720675,142.37,6.3929048,18.215,0.0,🟢 STRONG BUY (UNDERVALUED),0,Financial Services,140.52000427246094,125.9000015258789,,-1.3,-11.57,,,,,,,,,,,,,,,,,
2026-04-18 01:58:25.432180,KOTAKBANK,HOLD,69.126675,383.6,20.274841,14.0492,0.0,🟢 STRONG BUY (UNDERVALUED) (CONCENTRATION RISK),0,Financial Services,376.7999877929687,386.6499938964844,,-1.77,0.8,,,,,,,,,,,,,,,,,
2026-04-18 01:58:25.438076,POWERGRID,WATCHLIST,68.66375000000001,318.1,20.417202,16.7505,141.186,🟢 BUY (VALUE),0,Utilities,320.8999938964844,298.29998779296875,,0.88,-6.22,,,,,,,,,,,,,,,,,
2026-04-18 01:58:25.443740,IOB,HOLD,67.352675,34.96,14.211382,15.338,0.0,🟢 BUY (VALUE) (CONCENTRATION RISK),0,Financial Services,35.31999969482422,33.54999923706055,,1.03,-4.03,,,,,,,,,,,,,,,,,
2026-04-18 01:58:25.449091,NTPC,WATCHLIST,66.40174999999999,393.6,21.806095,12.7247,118.127,🟢 BUY (VALUE),0,Utilities,410.2000122070313,389.8500061035156,,4.22,-0.95,,,,,,,,,,,,,,,,,
2026-04-18 01:58:25.454853,ADANIENSOL,WATCHLIST,66.14225,1259.8,65.17011600000001,4.8032,1.232,🟢 BUY,0,Utilities,1435.800048828125,1320.300048828125,,13.97,4.8,,,,,,,,,,,,,,,,,
2026-04-18 01:58:25.460836,UNIONBANK,BOOK_PROFIT,65.744675,188.91,7.614269,15.561,0.0,🟢 BUY (VALUE) (CONCENTRATION RISK),0,Financial Services,176.10000610351562,159.66000366210938,,-6.78,-15.48,,,,,,,,,,,,,,,,,
2026-04-18 01:58:25.466374,PNB,HOLD,65.553175,114.48,7.390575,12.706,0.0,🟢 BUY (VALUE) (CONCENTRATION RISK),0,Financial Services,113.87999725341795,101.08999633789062,,-0.52,-11.7,,,,,,,,,,,,,,,,,
2026-04-18 01:58:25.471652,ICICIPRULI,HOLD,65.10442499999999,562.0,50.63063,12.579,19.037,🟢 BUY (CONCENTRATION RISK),0,Financial Services,519.5999755859375,521.4500122070312,,-7.54,-7.22,,,,,,,,,,,,,,,,,
2026-04-18 01:58:25.476871,BANKBARODA,HOLD,65.041425,280.44,7.4525642,12.813,0.0,🟢 BUY (VALUE),0,Financial Services,273.989990234375,260.6000061035156,,-2.3,-7.07,,,,,,,,,,,,,,,,,
2026-04-18 01:58:25.482479,CENTRALBK,HOLD,64.063175,36.06,6.628677,13.226,0.0,🟢 BUY (VALUE),0,Financial Services,36.52000045776367,34.220001220703125,,1.28,-5.1,,,,,,,,,,,,,,,,,
2026-04-18 01:58:25.488461,BAJAJHLDNG,HOLD,61.656425,10355.5,13.110385,10.4019,0.019,🟢 BUY (VALUE),0,Financial Services,10333.5,10372.0,,-0.21,0.16,,,,,,,,,,,,,,,,,
2026-04-18 01:58:25.494288,UCOBANK,HOLD,60.901675,26.77,12.995146,8.567,0.0,🟢 BUY (VALUE) (CONCENTRATION RISK),0,Financial Services,26.549999237060547,24.899999618530273,,-0.82,-6.99,,,,,,,,,,,,,,,,,
2026-04-18 01:58:25.504514,BANKINDIA,HOLD,59.309175,148.1,6.866018,12.05,0.0,🟢 BUY (VALUE),0,Financial Services,147.50999450683594,138.74000549316406,,-0.4,-6.32,,,,,,,,,,,,,,,,,
2026-04-18 03:19:00.912119,ZYDUSLIFE,NEW POSITION,73.8,943.95,19.22,18.89,34.3,,0,Healthcare,939.6500244140624,1011.9500122070312,,-0.46,7.2,,,,,,,,,,,,,,,,,
2026-04-21 11:42:59.296856,NMDC,INCREASE,79.84517500000001,88.47,11.270064,22.03,0.0,🟢 STRONG BUY (UNDERVALUED) (SIDEWAYS-Q1: MEDIUM),0,Basic Materials,91.83999633789062,87.86000061035156,,3.81,-0.69,,,,,,,,,,,,,,,,,
2026-04-21 11:42:59.303592,ABB,HOLD,78.37149625,7271.0,92.34189,22.391,1.082,🟢 STRONG BUY (SIDEWAYS-Q1: MEDIUM),0,Industrials,7249.5,6662.5,,-0.3,-8.37,,,,,,,,,,,,,,,,,
2026-04-21 11:42:59.309563,ADANIPORTS,WATCHLIST,78.26545875,1601.0,27.713346,19.407,9.74,🟢 STRONG BUY (SIDEWAYS-Q1: MEDIUM),0,Industrials,1663.5,1792.9000244140625,,3.9,11.99,,,,,,,,,,,,,,,,,
2026-04-21 11:42:59.315075,CUMMINSIND,HOLD,77.62668375,5224.7,64.40705,26.4493,0.308,🟢 STRONG BUY (SIDEWAYS-Q1: MEDIUM),0,Industrials,5282.7998046875,5368.0,,1.11,2.74,,,,,,,,,,,,,,,,,
2026-04-21 11:42:59.320794,MAHABANK,EXIT 75-80 - Strong exhaustion,76.01580375,79.9,9.489311,21.175,0.0,🟢 STRONG BUY (UNDERVALUED) (SIDEWAYS-Q1: MEDIUM),0,Financial Services,80.12000274658203,79.6500015258789,,0.28,-0.31,,,,,,,,,,,,,,,,,
2026-04-21 11:42:59.327060,ICICIBANK,EXIT 75-80 - Strong exhaustion,74.74224125,1380.2,18.847466,16.359,0.0,🟢 STRONG BUY (UNDERVALUED) (SIDEWAYS-Q1: MEDIUM),0,Financial Services,1289.800048828125,1264.800048828125,,-6.55,-8.36,,,,,,,,,,,,,,,,,
2026-04-21 11:42:59.332838,CGPOWER,WATCHLIST,74.42592125000002,816.5,114.036316,25.3541,1.519,🟢 STRONG BUY (SIDEWAYS-Q1: MEDIUM),0,Industrials,834.8499755859375,861.2000122070312,,2.25,5.47,,,,,,,,,,,,,,,,,
2026-04-21 11:42:59.339047,NESTLEIND,WATCHLIST,74.37662625000002,1300.8,77.24036,51.8032,10.753,🟢 STRONG BUY (SIDEWAYS-Q1: MEDIUM),0,Consumer Defensive,1449.9000244140625,1424.800048828125,,11.46,9.53,,,,,,,,,,,,,,,,,
2026-04-21 11:42:59.344820,FEDERALBNK,HOLD,73.83199124999999,297.75,18.034525,12.0412,0.0,🟢 STRONG BUY (UNDERVALUED) (SIDEWAYS-Q1: MEDIUM),0,Financial Services,297.0,286.0,,-0.25,-3.95,,,,,,,,,,,,,,,,,
2026-04-21 11:42:59.350302,SBIN,HOLD,73.37526625000001,1111.45,12.102025,15.9252,0.0,🟢 STRONG BUY (UNDERVALUED) (SIDEWAYS-Q1: MEDIUM),0,Financial Services,1097.4000244140625,953.5,,-1.26,-14.21,,,,,,,,,,,,,,,,,
2026-04-21 11:42:59.355873,AXISBANK,HOLD,72.57776625,1369.0,16.24733,13.625,0.0,🟢 STRONG BUY (UNDERVALUED) (SIDEWAYS-Q1: MEDIUM),0,Financial Services,1290.5,1277.0,,-5.73,-6.72,,,,,,,,,,,,,,,,,
2026-04-21 11:42:59.362004,POWERGRID,WATCHLIST,71.37868750000001,319.8,20.51315,16.7505,141.186,🟢 BUY (VALUE) (SIDEWAYS-Q1: MEDIUM),0,Utilities,321.45001220703125,295.95001220703125,,0.52,-7.46,,,,,,,,,,,,,,,,,
2026-04-21 11:42:59.367580,LICI,HOLD,71.32950375000001,828.55,9.887231,37.9798,0.0,🟢 STRONG BUY (UNDERVALUED) (SIDEWAYS-Q1: MEDIUM),0,Financial Services,819.6500244140625,819.9000244140625,,-1.07,-1.04,,,,,,,,,,,,,,,,,
2026-04-21 11:42:59.373314,ICICIGI,HOLD,70.71275374999999,1861.0,34.078007,17.851,0.0,🟢 STRONG BUY (SIDEWAYS-Q1: MEDIUM),0,Financial Services,1794.199951171875,1844.300048828125,,-3.59,-0.9,,,,,,,,,,,,,,,,,
2026-04-21 11:42:59.379209,TORNTPOWER,WATCHLIST,70.3902875,1620.8,25.73924,16.9654,53.715,🟢 BUY (SIDEWAYS-Q1: MEDIUM),0,Utilities,1729.0,1493.0,,6.68,-7.88,,,,,,,,,,,,,,,,,
2026-04-21 11:42:59.384787,INDIANB,HOLD,70.22266625,928.85,10.863743,15.752,0.0,🟢 STRONG BUY (UNDERVALUED) (SIDEWAYS-Q1: MEDIUM),0,Financial Services,914.1500244140624,819.5999755859375,,-1.58,-11.76,,,,,,,,,,,,,,,,,
2026-04-21 11:42:59.390575,CANBK,HOLD,70.01180375,144.36,6.482263,18.215,0.0,🟢 STRONG BUY (UNDERVALUED) (SIDEWAYS-Q1: MEDIUM),0,Financial Services,138.55999755859375,127.83000183105467,,-4.02,-11.45,,,,,,,,,,,,,,,,,
2026-04-21 11:42:59.396302,KOTAKBANK,HOLD,69.85450375,380.55,20.113636,14.0492,0.0,🟢 STRONG BUY (UNDERVALUED) (CONCENTRATION RISK),0,Financial Services,382.6000061035156,384.2000122070313,,0.54,0.96,,,,,,,,,,,,,,,,,
2026-04-21 11:42:59.402060,NTPC,WATCHLIST,69.37078749999999,399.55,22.111235,12.7247,118.127,🟢 BUY,0,Utilities,407.3500061035156,388.7000122070313,,1.95,-2.72,,,,,,,,,,,,,,,,,
2026-04-21 11:42:59.407755,IOB,HOLD,67.68120375000001,35.04,14.243902,15.338,0.0,🟢 BUY (VALUE) (CONCENTRATION RISK),0,Financial Services,35.529998779296875,33.56999969482422,,1.4,-4.2,,,,,,,,,,,,,,,,,
2026-04-21 11:42:59.413674,UNIONBANK,BOOK_PROFIT,67.67260375000001,192.0,7.7356973,15.561,0.0,🟢 BUY (VALUE) (CONCENTRATION RISK),0,Financial Services,170.3699951171875,160.8800048828125,,-11.27,-16.21,,,,,,,,,,,,,,,,,
2026-04-21 11:42:59.419401,GICRE,HOLD,67.56202875,395.75,7.209874,10.142,0.0,🟢 BUY (VALUE) (CONCENTRATION RISK),0,Financial Services,400.0,384.3999938964844,,1.07,-2.87,,,,,,,,,,,,,,,,,
2026-04-21 11:42:59.424659,CENTRALBK,HOLD,64.93592875,36.29,6.670956,13.226,0.0,🟢 BUY (VALUE),0,Financial Services,36.7599983215332,31.770000457763672,,1.3,-12.46,,,,,,,,,,,,,,,,,
2026-04-21 11:42:59.430462,PNB,HOLD,64.06642875,114.67,7.4028406,12.706,0.0,🟢 BUY (VALUE) (CONCENTRATION RISK),0,Financial Services,112.08000183105467,102.58999633789062,,-2.26,-10.53,,,,,,,,,,,,,,,,,
2026-04-21 11:42:59.437117,BANKBARODA,HOLD,64.05614125,283.13,7.5240498,12.813,0.0,🟢 BUY (VALUE),0,Financial Services,270.6499938964844,265.29998779296875,,-4.41,-6.3,,,,,,,,,,,,,,,,,
2026-04-21 11:42:59.442879,BAJAJHLDNG,EXIT 75-80 - Strong exhaustion,62.697891250000005,10410.0,13.185728,10.4019,0.019,🟢 BUY (VALUE),0,Financial Services,10326.0,10525.0,,-0.81,1.1,,,,,,,,,,,,,,,,,
2026-04-21 11:42:59.448487,ICICIPRULI,WEAK SELL,62.48949125,547.45,49.31982,12.579,19.037,🟢 BUY (CONCENTRATION RISK),0,Financial Services,529.6500244140625,519.25,,-3.25,-5.15,,,,,,,,,,,,,,,,,
2026-04-21 11:42:59.454504,UCOBANK,HOLD,61.69825375,26.79,13.004855,8.567,0.0,🟢 BUY (VALUE) (CONCENTRATION RISK),0,Financial Services,26.729999542236328,24.809999465942383,,-0.22,-7.39,,,,,,,,,,,,,,,,,
2026-04-21 11:42:59.460903,BANKINDIA,HOLD,59.93662875,150.78,6.9935064,12.05,0.0,🟢 BUY (VALUE),0,Financial Services,145.97999572753906,139.7100067138672,,-3.18,-7.34,,,,,,,,,,,,,,,,,
2026-04-21 12:31:19.656151,LUPIN,NEW POSITION,78.749055,2322.3,22.924974,19.0753,31.513,🟢 STRONG BUY (SIDEWAYS-Q1: MEDIUM),0,Healthcare,2328.699951171875,2280.89990234375,,0.28,-1.78,,,,,,,,,,,,,,,,,
2026-04-21 22:33:19.413359,ALKEM,WATCHLIST,75.9977925,5696.5,28.765844,18.0684,17.056,🟢 STRONG BUY (SIDEWAYS-Q1: MEDIUM),0,Healthcare,5368.0,5450.0,,-5.77,-4.33,,,,,,,,,,,,,,,,,
2026-04-21 22:33:19.422901,AUROPHARMA,WATCHLIST,74.01019249999999,1391.7,23.175686,10.6754,22.248,🟢 STRONG BUY (SIDEWAYS-Q1: MEDIUM),0,Healthcare,1409.5999755859375,1456.0,,1.29,4.62,,,,,,,,,,,,,,,,,
2026-04-22 12:21:32.754138,NESTLEIND,HIGH MOMENTUM NEW POSITION,82.114,1415.8,77.7485,55.223200000000006,8.613,🟢 STRONG BUY (SIDEWAYS-Q1: MEDIUM),0,Consumer Defensive,1458.5999755859375,1431.800048828125,,3.02,1.13,,,,,,,,,,,,,,,,,
2026-04-22 12:21:32.761322,NMDC,INCREASE,80.58482875000001,88.63,11.290445,22.03,11.21,🟢 STRONG BUY (UNDERVALUED) (SIDEWAYS-Q1: MEDIUM),0,Basic Materials,90.37000274658205,89.6500015258789,,1.96,1.15,,,,,,,,,,,,,,,,,
2026-04-22 12:21:32.767585,ABB,HOLD,80.1537733125,7817.0,98.849266,22.391,1.082,🟢 STRONG BUY (SIDEWAYS-Q1: MEDIUM),0,Industrials,7230.0,6813.0,,-7.51,-12.84,,,,,,,,,,,,,,,,,
2026-04-22 12:21:32.773761,ADANIPORTS,WATCHLIST,79.1408064375,1594.8,27.634727,19.407,4.328,🟢 STRONG BUY (SIDEWAYS-Q1: MEDIUM),0,Industrials,1657.300048828125,1801.5,,3.92,12.96,,,,,,,,,,,,,,,,,
2026-04-22 12:21:32.779312,MAHABANK,EXIT 75-80 - Strong exhaustion,78.47826168750001,81.29,9.654394,22.66,0.0,🟢 STRONG BUY (UNDERVALUED) (SIDEWAYS-Q1: MEDIUM),0,Financial Services,78.37000274658203,80.95999908447266,,-3.59,-0.41,,,,,,,,,,,,,,,,,
2026-04-22 12:21:32.785230,CUMMINSIND,HOLD,77.5058576875,5191.3,64.21697,26.4493,0.308,🟢 STRONG BUY (SIDEWAYS-Q1: MEDIUM),0,Industrials,5266.39990234375,5376.0,,1.45,3.56,,,,,,,,,,,,,,,,,
2026-04-22 12:21:32.790927,ALKEM,WATCHLIST,77.275006625,5692.5,28.745646,18.0684,17.056,🟢 STRONG BUY (SIDEWAYS-Q1: MEDIUM),0,Healthcare,5400.0,5414.5,,-5.14,-4.88,,,,,,,,,,,,,,,,,
2026-04-22 12:21:32.796531,CGPOWER,WATCHLIST,76.64026456250002,831.4,115.95537,25.3541,1.519,🟢 STRONG BUY (SIDEWAYS-Q1: MEDIUM),0,Industrials,813.3499755859375,874.2000122070312,,-2.17,5.15,,,,,,,,,,,,,,,,,
2026-04-22 12:21:32.802396,ICICIBANK,EXIT NOW - Heavy exhaustion,74.3494085625,1370.2,18.310837,16.359,0.0,🟢 STRONG BUY (UNDERVALUED) (SIDEWAYS-Q1: MEDIUM),0,Financial Services,1263.4000244140625,1281.5,,-7.79,-6.47,,,,,,,,,,,,,,,,,
2026-04-22 12:21:32.807655,AXISBANK,HOLD,73.84564481250001,1385.0,16.425522,13.625,0.0,🟢 STRONG BUY (UNDERVALUED) (SIDEWAYS-Q1: MEDIUM),0,Financial Services,1268.300048828125,1305.0,,-8.43,-5.78,,,,,,,,,,,,,,,,,
2026-04-22 12:21:32.813384,FEDERALBNK,EXIT NOW - Heavy exhaustion,73.3072960625,297.0,18.0,12.0412,0.0,🟢 STRONG BUY (UNDERVALUED) (SIDEWAYS-Q1: MEDIUM),0,Financial Services,286.95001220703125,289.95001220703125,,-3.38,-2.37,,,,,,,,,,,,,,,,,
2026-04-22 12:21:32.819099,TORNTPOWER,WATCHLIST,72.865129375,1650.0,26.202953,16.9654,53.715,🟢 STRONG BUY (SIDEWAYS-Q1: MEDIUM),0,Utilities,1736.0,1483.9000244140625,,5.21,-10.07,,,,,,,,,,,,,,,,,
2026-04-22 12:21:32.824541,POWERGRID,WATCHLIST,72.765409375,320.5,20.571245,16.7505,141.186,🟢 STRONG BUY (UNDERVALUED) (SIDEWAYS-Q1: MEDIUM),0,Utilities,318.3500061035156,294.79998779296875,,-0.67,-8.02,,,,,,,,,,,,,,,,,
2026-04-22 12:21:32.829923,SBIN,HOLD,72.39501981250001,1103.3,12.013285,15.9252,0.0,🟢 STRONG BUY (UNDERVALUED) (SIDEWAYS-Q1: MEDIUM),0,Financial Services,1068.449951171875,961.7999877929688,,-3.16,-12.83,,,,,,,,,,,,,,,,,
2026-04-22 12:21:32.835187,CANBK,EXIT NOW - Heavy exhaustion,71.0574616875,145.83,6.548271,18.215,0.0,🟢 STRONG BUY (UNDERVALUED) (SIDEWAYS-Q1: MEDIUM),0,Financial Services,134.64999389648438,132.69000244140625,,-7.67,-9.01,,,,,,,,,,,,,,,,,
2026-04-22 12:21:32.840420,INDIANB,HOLD,70.6628498125,927.1,10.84708,15.752,0.0,🟢 STRONG BUY (UNDERVALUED) (SIDEWAYS-Q1: MEDIUM),0,Financial Services,851.8499755859375,849.0499877929688,,-8.12,-8.42,,,,,,,,,,,,,,,,,
2026-04-22 12:21:32.845895,NTPC,WATCHLIST,70.57760437499999,405.9,22.462645,12.7247,118.127,🟢 BUY (SIDEWAYS-Q1: MEDIUM),0,Utilities,399.1499938964844,389.7999877929687,,-1.66,-3.97,,,,,,,,,,,,,,,,,
2026-04-22 12:21:32.851473,UNIONBANK,BOOK_PROFIT,70.56307168750001,196.56,7.9258065,15.561,0.0,🟢 BUY (VALUE) (SIDEWAYS-Q1: MEDIUM),0,Financial Services,165.94000244140625,165.49000549316406,,-15.58,-15.81,,,,,,,,,,,,,,,,,
2026-04-22 12:21:32.856802,LICI,SELL,70.11592668750001,823.65,9.827587,37.9798,0.0,🟢 STRONG BUY (UNDERVALUED) (SIDEWAYS-Q1: MEDIUM),0,Financial Services,797.9000244140625,834.8499755859375,,-3.13,1.36,,,,,,,,,,,,,,,,,
2026-04-22 12:21:32.862103,ICICIGI,HOLD,69.4148891875,1822.5,33.35956,17.851,0.0,🟢 STRONG BUY,0,Financial Services,1763.199951171875,1852.0,,-3.25,1.62,,,,,,,,,,,,,,,,,
2026-04-22 12:21:32.867480,IOB,HOLD,69.09019168750001,35.38,14.382114,15.338,0.0,🟢 BUY (VALUE) (CONCENTRATION RISK),0,Financial Services,35.0,33.880001068115234,,-1.07,-4.24,,,,,,,,,,,,,,,,,
2026-04-22 12:21:32.872764,GICRE,HOLD,68.43431293750001,399.85,7.2845693,10.142,0.0,🟢 BUY (VALUE),0,Financial Services,393.3999938964844,389.6499938964844,,-1.61,-2.55,,,,,,,,,,,,,,,,,
2026-04-22 12:21:32.877975,KOTAKBANK,HOLD,66.9304266875,378.3,19.994715,14.0492,0.0,🟢 BUY (VALUE) (CONCENTRATION RISK),0,Financial Services,383.2999877929687,392.0499877929687,,1.32,3.63,,,,,,,,,,,,,,,,,
2026-04-22 12:21:32.883231,CENTRALBK,HOLD,65.6575679375,36.83,6.7702208,13.226,0.0,🟢 BUY (VALUE),0,Financial Services,36.41999816894531,31.280000686645508,,-1.11,-15.07,,,,,,,,,,,,,,,,,
2026-04-22 12:21:32.888586,BANKBARODA,EXIT NOW - Heavy exhaustion,64.18091356250001,282.82,7.5138154,12.813,0.0,🟢 BUY (VALUE),0,Financial Services,263.4599914550781,269.29998779296875,,-6.85,-4.78,,,,,,,,,,,,,,,,,
2026-04-22 12:21:32.893794,PNB,HOLD,63.896792937499995,114.88,7.421189,12.706,0.0,🟢 BUY (VALUE) (CONCENTRATION RISK),0,Financial Services,109.36000061035156,104.93000030517578,,-4.81,-8.66,,,,,,,,,,,,,,,,,
2026-04-22 12:21:32.899014,BANKINDIA,HOLD,62.3408829375,153.42,7.1093607,12.05,0.0,🟢 BUY (VALUE),0,Financial Services,139.8699951171875,143.86000061035156,,-8.83,-6.23,,,,,,,,,,,,,,,,,
2026-04-22 12:21:32.904276,UCOBANK,HOLD,61.9263641875,27.05,13.131068,8.567,0.0,🟢 BUY (VALUE) (CONCENTRATION RISK),0,Financial Services,26.350000381469727,25.450000762939453,,-2.59,-5.91,,,,,,,,,,,,,,,,,
2026-04-22 12:21:32.909595,ICICIPRULI,SELL,60.3904210625,543.9,48.9559,12.579,19.037,🟢 BUY,0,Financial Services,513.8499755859375,527.0499877929688,,-5.52,-3.1,,,,,,,,,,,,,,,,,
2026-04-22 12:21:32.914894,BAJAJHLDNG,EXIT NOW - Heavy exhaustion,60.1487010625,10379.5,13.1529255,10.4019,0.019,🟢 BUY (VALUE),0,Financial Services,10267.0,10660.0,,-1.08,2.7,,,,,,,,,,,,,,,,,
2026-04-25 09:57:12.982937,NESTLEIND,NEW POSITION,82.0135,1421.3,78.09341,53.69330000000001,8.613,🟢 STRONG BUY (SIDEWAYS-Q1: MEDIUM),0,Consumer Defensive,1457.0999755859375,1428.5999755859375,,2.52,0.51,,,,,,,,,,,,,,,,,
2026-04-25 09:57:12.990058,NMDC,INCREASE,81.2371558125,89.29,11.374522,22.03,0.0,🟢 STRONG BUY (UNDERVALUED) (SIDEWAYS-Q1: MEDIUM),0,Basic Materials,89.08999633789062,90.66999816894531,,-0.22,1.55,,,,,,,,,,,,,,,,,
2026-04-25 09:57:12.996754,ABB,HOLD,79.348443328125,7328.5,93.01307,22.391,1.082,🟢 STRONG BUY (SIDEWAYS-Q1: MEDIUM),0,Industrials,7236.5,6804.0,,-1.26,-7.16,,,,,,,,,,,,,,,,,
2026-04-25 09:57:13.003476,CUMMINSIND,HOLD,78.439221728125,5232.0,64.51295,26.4493,0.308,🟢 STRONG BUY (SIDEWAYS-Q1: MEDIUM),0,Industrials,5289.0,5418.5,,1.09,3.56,,,,,,,,,,,,,,,,,
2026-04-25 09:57:13.009977,MAHABANK,EXIT,78.284565421875,77.9,8.541667,22.66,0.0,🟢 STRONG BUY (UNDERVALUED) (SIDEWAYS-Q1: MEDIUM),0,Financial Services,79.30000305175781,80.18000030517578,,1.8,2.93,,,,,,,,,,,,,,,,,
2026-04-25 09:57:13.016138,NATIONALUM,HOLD,78.12975953125,437.05,13.073586,29.5861,0.282,🟢 STRONG BUY (UNDERVALUED) (SIDEWAYS-Q1: MEDIUM),0,Basic Materials,407.7999877929687,416.20001220703125,,-6.69,-4.77,,,,,,,,,,,,,,,,,
2026-04-25 09:57:13.022604,DRREDDY,NEW POSITION,77.0445237,1317.1,19.417662,16.1,18.026,🟢 STRONG BUY (SIDEWAYS-Q1: MEDIUM),0,Healthcare,1287.199951171875,1327.9000244140625,,-2.27,0.82,,,,,,,,,,,,,,,,,
2026-04-25 09:57:13.028841,MARICO,HOLD,76.328116184375,783.3,59.161633,40.9811,13.671,🟢 STRONG BUY (SIDEWAYS-Q1: MEDIUM),0,Consumer Defensive,784.5499877929688,830.0,,0.16,5.96,,,,,,,,,,,,,,,,,
2026-04-25 09:57:13.035267,AUROPHARMA,HOLD,75.44132264375,1413.8,23.528042,10.6754,22.248,🟢 STRONG BUY (SIDEWAYS-Q1: MEDIUM),0,Healthcare,1376.0,1461.199951171875,,-2.67,3.35,,,,,,,,,,,,,,,,,
2026-04-25 09:57:13.041251,AXISBANK,HOLD,74.19410464687502,1365.9,16.206692,13.625,0.0,🟢 STRONG BUY (UNDERVALUED) (SIDEWAYS-Q1: MEDIUM),0,Financial Services,1275.0999755859375,1299.300048828125,,-6.65,-4.88,,,,,,,,,,,,,,,,,
2026-04-25 09:57:13.047521,TORNTPOWER,HOLD,74.14082115625001,1699.5,27.027672,16.9654,53.715,🟢 STRONG BUY (SIDEWAYS-Q1: MEDIUM),0,Utilities,1724.0,1468.5,,1.44,-13.59,,,,,,,,,,,,,,,,,
2026-04-25 09:57:13.053642,FEDERALBNK,HOLD,73.358012834375,293.0,17.74682,12.0412,0.0,🟢 STRONG BUY (UNDERVALUED) (SIDEWAYS-Q1: MEDIUM),0,Financial Services,289.1499938964844,290.20001220703125,,-1.31,-0.96,,,,,,,,,,,,,,,,,
2026-04-25 09:57:13.059827,ICICIBANK,HOLD,72.602352140625,1326.2,17.729944,16.359,0.0,🟢 STRONG BUY (UNDERVALUED) (SIDEWAYS-Q1: MEDIUM),0,Financial Services,1270.800048828125,1279.0999755859375,,-4.18,-3.55,,,,,,,,,,,,,,,,,
2026-04-25 09:57:13.065907,SBIN,HOLD,72.11375495312501,1101.1,11.990634,15.9252,0.0,🟢 STRONG BUY (UNDERVALUED) (SIDEWAYS-Q1: MEDIUM),0,Financial Services,1068.4000244140625,968.5,,-2.97,-12.04,,,,,,,,,,,,,,,,,
2026-04-25 09:57:13.072488,OFSS,HOLD,71.8315998125,8949.0,29.585426,32.606,0.415,🟢 BUY (VALUE) (SIDEWAYS-Q1: MEDIUM),0,Technology,9459.0107421875,9882.0,,5.7,10.43,,,,,,,,,,,,,,,,,
2026-04-25 09:57:13.079278,CANBK,HOLD,69.454365421875,140.85,6.324652,18.215,0.0,🟢 STRONG BUY (UNDERVALUED),0,Financial Services,134.8000030517578,133.14999389648438,,-4.3,-5.47,,,,,,,,,,,,,,,,,
2026-04-25 09:57:13.085712,LICI,HOLD,68.843981671875,811.05,9.671476,37.9798,0.0,🟢 STRONG BUY (UNDERVALUED) (CONCENTRATION RISK),0,Financial Services,802.0,427.45001220703125,,-1.12,-47.3,,,,,,,,,,,,,,,,,
2026-04-25 09:57:13.091817,INDIANB,HOLD,68.53071245312499,909.9,10.647087,15.752,0.0,🟢 STRONG BUY (UNDERVALUED) (CONCENTRATION RISK),0,Financial Services,830.3499755859375,833.5499877929688,,-8.74,-8.39,,,,,,,,,,,,,,,,,
2026-04-25 09:57:13.098442,GICRE,HOLD,67.973578234375,397.9,7.2516856,10.142,0.0,🟢 BUY (VALUE) (CONCENTRATION RISK),0,Financial Services,409.3500061035156,393.45001220703125,,2.88,-1.12,,,,,,,,,,,,,,,,,
2026-04-25 09:57:13.104579,KOTAKBANK,HOLD,67.37573467812501,370.85,19.611317,14.0492,0.0,🟢 BUY (VALUE) (CONCENTRATION RISK),0,Financial Services,371.6499938964844,388.6499938964844,,0.22,4.8,,,,,,,,,,,,,,,,,
2026-04-25 09:57:13.110878,IOB,HOLD,66.787547921875,35.01,14.231707,15.338,0.0,🟢 BUY (VALUE) (CONCENTRATION RISK),0,Financial Services,34.869998931884766,33.630001068115234,,-0.4,-3.94,,,,,,,,,,,,,,,,,
2026-04-25 09:57:13.116692,ICICIGI,HOLD,66.04372229687499,1772.1,32.051003,17.851,0.0,🟢 BUY (CONCENTRATION RISK),0,Financial Services,1756.800048828125,1860.300048828125,,-0.86,4.98,,,,,,,,,,,,,,,,,
2026-04-25 09:57:13.123138,UNIONBANK,HOLD,65.35576792187501,177.0,6.954813,15.708,0.0,🟢 BUY (VALUE) (CONCENTRATION RISK),0,Financial Services,163.77000427246094,167.55999755859375,,-7.47,-5.33,,,,,,,,,,,,,,,,,
2026-04-25 09:57:13.129271,CENTRALBK,HOLD,64.95439198437501,36.01,6.619485,13.226,0.0,🟢 BUY (VALUE),0,Financial Services,35.58000183105469,31.020000457763672,,-1.19,-13.86,,,,,,,,,,,,,,,,,
2026-04-25 09:57:13.140063,PNB,HOLD,63.314198234375,113.09,7.300839,12.706,0.0,🟢 BUY (VALUE) (CONCENTRATION RISK),0,Financial Services,108.68000030517578,105.91000366210938,,-3.9,-6.35,,,,,,,,,,,,,,,,,
2026-04-25 09:57:13.146474,BANKBARODA,HOLD,62.560228390625,274.13,7.2829437,12.813,0.0,🟢 BUY (VALUE),0,Financial Services,265.1000061035156,270.54998779296875,,-3.29,-1.31,,,,,,,,,,,,,,,,,
2026-04-25 09:57:13.152744,BANKINDIA,HOLD,61.350220734375,147.44,6.8354197,12.05,0.0,🟢 BUY (VALUE),0,Financial Services,138.66000366210938,140.40357971191406,,-5.95,-4.77,,,,,,,,,,,,,,,,,
2026-04-25 09:57:13.158916,UCOBANK,HOLD,61.021591046875,26.47,12.849515,8.567,0.0,🟢 BUY (VALUE) (CONCENTRATION RISK),0,Financial Services,26.6299991607666,25.40999984741211,,0.6,-4.0,,,,,,,,,,,,,,,,,
2026-04-25 09:57:13.164929,BAJAJHLDNG,SELL,60.45078558437501,10259.5,12.987038,10.4019,0.019,🟢 BUY (VALUE),0,Financial Services,10376.0,10705.0,,1.14,4.34,,,,,,,,,,,,,,,,,
2026-04-25 09:57:13.171016,ICICIPRULI,SELL,59.66260526562501,514.2,46.407944,12.579,19.037,🟢 BUY (CONCENTRATION RISK),0,Financial Services,535.5499877929688,522.7000122070312,,4.15,1.65,,,,,,,,,,,,,,,,,
2026-04-28 21:18:20.542440,NATIONALUM,NEW POSITION,82.65636774218751,441.5,13.2067,29.5861,0.282,🟢 STRONG BUY (UNDERVALUED) (SIDEWAYS-Q1: MEDIUM),0,Basic Materials,406.5499877929687,424.45001220703125,,-7.92,-3.86,,,,,,,,,,,,,,,,,
2026-04-28 21:18:20.548925,NESTLEIND,NEW POSITION,82.245925,1440.0,79.38258,52.87220000000001,8.613,🟢 STRONG BUY (SIDEWAYS-Q1: MEDIUM),0,Consumer Defensive,1486.0999755859375,1421.5,,3.2,-1.28,,,,,,,,,,,,,,,,,
2026-04-28 21:18:20.554861,NMDC,INCREASE,81.80543569687501,90.9,11.579618,22.03,11.21,🟢 STRONG BUY (UNDERVALUED) (SIDEWAYS-Q1: MEDIUM),0,Basic Materials,89.18000030517578,87.98999786376953,,-1.89,-3.2,,,,,,,,,,,,,,,,,
2026-04-28 21:18:20.560933,ADANIPORTS,HOLD,80.34611088515626,1637.6,28.405897,19.407,4.328,🟢 STRONG BUY (SIDEWAYS-Q1: MEDIUM),0,Industrials,1748.300048828125,1804.5999755859375,,6.76,10.2,,,,,,,,,,,,,,,,,
2026-04-28 21:18:20.566981,COALINDIA,NEW POSITION,79.0623832140625,467.0,9.636814,35.6775,12.976,🟢 STRONG BUY (UNDERVALUED) (SIDEWAYS-Q1: MEDIUM),0,Energy,470.2000122070313,457.8999938964844,,0.69,-1.95,,,,,,,,,,,,,,,,,
2026-04-28 21:18:20.572933,CUMMINSIND,HOLD,78.55657195046876,5258.0,64.82555,26.4493,0.308,🟢 STRONG BUY (SIDEWAYS-Q1: MEDIUM),0,Industrials,5324.5,5881.0,,1.26,11.85,,,,,,,,,,,,,,,,,
2026-04-28 21:18:20.578623,ONGC,HOLD,77.37118192812501,301.3,9.96033,10.5479,43.805,🟢 STRONG BUY (UNDERVALUED) (SIDEWAYS-Q1: MEDIUM),0,Energy,280.79998779296875,265.3999938964844,,-6.8,-11.92,,,,,,,,,,,,,,,,,
2026-04-28 21:18:20.584453,ABB,HOLD,77.36211083203125,7288.0,92.53428,22.391,1.082,🟢 STRONG BUY (SIDEWAYS-Q1: MEDIUM),0,Industrials,7182.5,7253.0,,-1.45,-0.48,,,,,,,,,,,,,,,,,
2026-04-28 21:18:20.590482,HINDALCO,HOLD,76.66940429375,1074.3,14.856868,12.9344,57.571,🟢 STRONG BUY (UNDERVALUED) (SIDEWAYS-Q1: MEDIUM),0,Basic Materials,1045.800048828125,1126.699951171875,,-2.65,4.88,,,,,,,,,,,,,,,,,
2026-04-28 21:18:20.596300,MAHABANK,HOLD,76.48864135546876,77.74,8.524122,22.66,0.0,🟢 STRONG BUY (UNDERVALUED) (SIDEWAYS-Q1: MEDIUM),0,Financial Services,83.62999725341797,79.2699966430664,,7.58,1.97,,,,,,,,,,,,,,,,,
2026-04-28 21:18:20.601811,TORNTPOWER,HOLD,74.97745163593751,1754.9,27.890974,16.9654,53.715,🟢 STRONG BUY (SIDEWAYS-Q1: MEDIUM),0,Utilities,1734.0,1420.300048828125,,-1.19,-19.07,,,,,,,,,,,,,,,,,
2026-04-28 21:18:20.607527,OFSS,HOLD,73.16737989687499,9570.0,31.654154,32.606,0.415,🟢 STRONG BUY (SIDEWAYS-Q1: MEDIUM),0,Technology,9424.5,9964.0,,-1.52,4.12,,,,,,,,,,,,,,,,,
2026-04-28 21:18:20.613152,SBIN,HOLD,72.41806522421876,1091.3,11.882623,15.9252,0.0,🟢 STRONG BUY (UNDERVALUED) (SIDEWAYS-Q1: MEDIUM),0,Financial Services,1096.0,964.4000244140625,,0.43,-11.63,,,,,,,,,,,,,,,,,
2026-04-28 21:18:20.618718,FEDERALBNK,HOLD,72.33200320859376,290.6,17.612122,12.0412,0.0,🟢 STRONG BUY (UNDERVALUED) (SIDEWAYS-Q1: MEDIUM),0,Financial Services,293.0,288.95001220703125,,0.83,-0.57,,,,,,,,,,,,,,,,,
2026-04-28 21:18:20.625225,AXISBANK,HOLD,69.69102616171877,1289.0,15.258049,13.152,0.0,🟢 STRONG BUY (UNDERVALUED),0,Financial Services,1294.199951171875,1286.5999755859375,,0.4,-0.19,,,,,,,,,,,,,,,,,
2026-04-28 21:18:20.630831,ICICIBANK,HOLD,69.66808803515626,1292.0,17.27966,16.359,0.0,🟢 STRONG BUY (UNDERVALUED) (CONCENTRATION RISK),0,Financial Services,1279.5,1256.4000244140625,,-0.97,-2.76,,,,,,,,,,,,,,,,,
2026-04-28 21:18:20.636894,LICI,HOLD,68.27849541796876,817.7,9.754265,37.9798,0.0,🟢 STRONG BUY (UNDERVALUED) (CONCENTRATION RISK),0,Financial Services,807.25,411.3500061035156,,-1.28,-49.69,,,,,,,,,,,,,,,,,
2026-04-28 21:18:20.642654,GICRE,HOLD,67.31089455859376,399.55,7.277777,10.142,0.0,🟢 BUY (VALUE) (CONCENTRATION RISK),0,Financial Services,399.9500122070313,381.25,,0.1,-4.58,,,,,,,,,,,,,,,,,
2026-04-28 21:18:20.648690,IOB,HOLD,67.14865135703126,34.97,14.215447,15.338,0.0,🟢 BUY (VALUE) (CONCENTRATION RISK),0,Financial Services,35.16999816894531,33.41999816894531,,0.57,-4.43,,,,,,,,,,,,,,,,,
2026-04-28 21:18:20.654833,KOTAKBANK,HOLD,67.01143366953126,377.95,19.976215,14.0492,0.0,🟢 BUY (VALUE) (CONCENTRATION RISK),0,Financial Services,376.6000061035156,384.20001220703125,,-0.36,1.65,,,,,,,,,,,,,,,,,
2026-04-28 21:18:20.660591,INDIANB,HOLD,66.77517811328124,896.1,10.4782505,15.752,0.0,🟢 BUY (VALUE) (CONCENTRATION RISK),0,Financial Services,866.8499755859375,833.0,,-3.26,-7.04,,,,,,,,,,,,,,,,,
2026-04-28 21:18:20.666371,ICICIGI,HOLD,64.65343057421875,1771.8,32.074585,17.851,0.0,🟢 BUY (CONCENTRATION RISK),0,Financial Services,1809.9000244140625,1792.199951171875,,2.15,1.15,,,,,,,,,,,,,,,,,
2026-04-28 21:18:20.671962,CANBK,HOLD,63.55609135546875,137.1,6.1562643,18.215,0.0,🟢 BUY (VALUE),0,Financial Services,138.0399932861328,130.8000030517578,,0.69,-4.6,,,,,,,,,,,,,,,,,
2026-04-28 21:18:20.677466,CENTRALBK,HOLD,63.33109799609375,36.06,6.628677,13.226,0.0,🟢 BUY (VALUE),0,Financial Services,36.72999954223633,30.770000457763672,,1.86,-14.67,,,,,,,,,,,,,,,,,
2026-04-28 21:18:20.683122,PNB,HOLD,60.89604955859375,111.39,7.191091,12.706,0.0,🟢 BUY (VALUE) (CONCENTRATION RISK),0,Financial Services,110.18000030517578,106.05000305175781,,-1.09,-4.79,,,,,,,,,,,,,,,,,
2026-04-28 21:18:20.689217,UNIONBANK,SWAP,60.28144198046875,170.48,6.6986246,15.708,0.0,🟢 BUY (VALUE) (CONCENTRATION RISK),0,Financial Services,168.75,167.8800048828125,,-1.01,-1.53,,,,,,,,,,,,,,,,,
2026-04-28 21:18:20.695257,BANKBARODA,HOLD,59.20755709765625,267.83,7.113678,12.813,0.0,🟢 BUY (VALUE),0,Financial Services,270.29998779296875,268.5,,0.92,0.25,,,,,,,,,,,,,,,,,
2026-04-28 21:18:20.705043,BAJAJHLDNG,SELL,58.98019639609376,10246.5,12.978797,10.4019,0.019,🟢 BUY (VALUE),0,Financial Services,10612.0,10361.0,,3.57,1.12,,,,,,,,,,,,,,,,,
2026-04-28 21:18:20.710785,UCOBANK,HOLD,58.29789776171876,26.26,12.747573,8.567,0.0,🟢 BUY (VALUE) (CONCENTRATION RISK),0,Financial Services,26.969999313354492,25.209999084472656,,2.7,-4.0,,,,,,,,,,,,,,,,,
2026-04-28 21:18:20.716590,ICICIPRULI,SELL,57.73315131640625,520.55,46.81205,12.579,19.037,🟢 BUY (CONCENTRATION RISK),0,Financial Services,550.0999755859375,503.95001220703125,,5.68,-3.19,,,,,,,,,,,,,,,,,
2026-04-28 21:18:20.722189,BANKINDIA,HOLD,57.480055183593755,144.25,6.687529,12.05,0.0,🟢 BUY (VALUE),0,Financial Services,142.33999633789062,139.91000366210938,,-1.32,-3.01,,,,,,,,,,,,,,,,,
2026-04-29 02:10:14.975021,COALINDIA,NEW POSITION,78.26559580351562,467.0,9.636814,35.6775,12.976,🟢 STRONG BUY (UNDERVALUED) (SIDEWAYS-Q1: MEDIUM),0,Energy,470.0,,,0.64,,,,,,,,,,,,,,,,,,
2026-04-29 02:10:14.982082,LUPIN,NEW POSITION,77.02235090296877,2302.7,22.720276,19.0753,31.513,🟢 STRONG BUY (SIDEWAYS-Q1: MEDIUM),0,Healthcare,2473.60009765625,,,7.42,,,,,,,,,,,,,,,,,,
2026-04-29 02:10:14.993955,DRREDDY,HOLD,75.59612200875,1354.6,19.941116,16.1,18.026,🟢 STRONG BUY (SIDEWAYS-Q1: MEDIUM),0,Healthcare,1309.9000244140625,,,-3.3,,,,,,,,,,,,,,,,,,
2026-04-29 02:10:15.005124,SUNPHARMA,HOLD,75.29314054,1747.3,38.46984,15.1334,6.675,🟢 STRONG BUY (SIDEWAYS-Q1: MEDIUM),0,Healthcare,1836.699951171875,,,5.12,,,,,,,,,,,,,,,,,,
2026-04-29 02:10:15.016467,CUMMINSIND,HOLD,73.82664298761719,5258.0,64.82555,26.4493,0.308,🟢 STRONG BUY (SIDEWAYS-Q1: MEDIUM),0,Industrials,5347.5,,,1.7,,,,,,,,,,,,,,,,,,
2026-04-29 02:10:15.022325,SBIN,HOLD,71.78951630605471,1091.3,11.882623,15.9252,0.0,🟢 STRONG BUY (UNDERVALUED) (SIDEWAYS-Q1: MEDIUM),0,Financial Services,1093.199951171875,,,0.17,,,,,,,,,,,,,,,,,,
2026-04-29 02:10:15.033916,MAHABANK,HOLD,70.2571603388672,77.74,8.524122,22.66,0.0,🟢 STRONG BUY (UNDERVALUED) (SIDEWAYS-Q1: MEDIUM),0,Financial Services,84.25,,,8.37,,,,,,,,,,,,,,,,,,
2026-04-29 02:10:15.045465,FEDERALBNK,HOLD,68.69300080214845,290.6,17.612122,12.0412,0.0,🟢 STRONG BUY (UNDERVALUED) (CONCENTRATION RISK),0,Financial Services,290.75,,,0.05,,,,,,,,,,,,,,,,,,
2026-04-29 02:10:15.051617,AXISBANK,HOLD,68.5577565404297,1289.0,15.258049,13.152,0.0,🟢 STRONG BUY (UNDERVALUED),0,Financial Services,1298.5999755859375,,,0.74,,,,,,,,,,,,,,,,,,
2026-04-29 02:10:15.057671,ADANIENSOL,HOLD,67.38390275460938,1435.45,48.615157,9.66,0.076,🟢 BUY,0,Utilities,1379.0,,,-3.93,,,,,,,,,,,,,,,,,,
2026-04-29 02:10:15.063404,LICI,HOLD,67.0046238544922,817.7,9.754265,37.9798,0.0,🟢 STRONG BUY (UNDERVALUED) (CONCENTRATION RISK),0,Financial Services,809.5999755859375,,,-0.99,,,,,,,,,,,,,,,,,,
2026-04-29 02:10:15.069520,INDIANB,HOLD,66.86734796230469,896.1,10.4782505,15.752,0.0,🟢 BUY (VALUE) (CONCENTRATION RISK),0,Financial Services,865.25,,,-3.44,,,,,,,,,,,,,,,,,,
2026-04-29 02:10:15.075427,IOB,HOLD,66.72216283925782,34.97,14.215447,15.338,0.0,🟢 BUY (VALUE) (CONCENTRATION RISK),0,Financial Services,35.18000030517578,,,0.6,,,,,,,,,,,,,,,,,,
2026-04-29 02:10:15.081221,ICICIGI,HOLD,66.06038681582031,1771.8,32.074585,17.851,0.0,🟢 BUY (CONCENTRATION RISK),0,Financial Services,1828.800048828125,,,3.22,,,,,,,,,,,,,,,,,,
2026-04-29 02:10:15.086971,KOTAKBANK,HOLD,64.73785841738281,377.95,19.976215,14.0492,0.0,🟢 BUY (VALUE) (CONCENTRATION RISK),0,Financial Services,380.2000122070313,,,0.6,,,,,,,,,,,,,,,,,,
2026-04-29 02:10:15.092682,GICRE,HOLD,64.51272363964844,399.55,7.277777,10.142,0.0,🟢 BUY (VALUE) (CONCENTRATION RISK),0,Financial Services,399.75,,,0.05,,,,,,,,,,,,,,,,,,
2026-04-29 02:10:15.104007,PNB,HOLD,61.56382725722656,111.39,7.191091,12.706,0.0,🟢 BUY (VALUE) (CONCENTRATION RISK),0,Financial Services,109.5199966430664,,,-1.68,,,,,,,,,,,,,,,,,,
2026-04-29 02:10:15.109758,CENTRALBK,HOLD,61.342774499023434,36.06,6.628677,13.226,0.0,🟢 BUY (VALUE),0,Financial Services,36.880001068115234,,,2.27,,,,,,,,,,,,,,,,,,
2026-04-29 02:10:15.133057,UCOBANK,HOLD,57.45947444042969,26.26,12.747573,8.567,0.0,🟢 BUY (VALUE) (CONCENTRATION RISK),0,Financial Services,27.1200008392334,,,3.27,,,,,,,,,,,,,,,,,,
2026-04-29 02:10:15.139328,ICICIPRULI,SELL,56.64328782910157,520.55,46.81205,12.579,19.037,🟡 HOLD,0,Financial Services,556.75,,,6.95,,,,,,,,,,,,,,,,,,
2026-04-29 02:19:34.283457,MARICO,NEW POSITION,75.77599097535156,780.85,59.065807,40.9811,13.671,🟢 STRONG BUY (SIDEWAYS-Q1: MEDIUM),0,Consumer Defensive,817.0,,,4.63,,,,,,,,,,,,,,,,,,
2026-04-29 02:19:34.291098,NESTLEIND,HOLD,75.40148125,1440.0,79.38258,52.87220000000001,8.613,🟢 STRONG BUY (SIDEWAYS-Q1: MEDIUM),0,Consumer Defensive,1478.4000244140625,,,2.67,,,,,,,,,,,,,,,,,,
2026-04-29 02:19:34.299201,ONGC,NEW POSITION,74.39279548203126,301.3,9.96033,10.5479,43.805,🟢 STRONG BUY (UNDERVALUED) (SIDEWAYS-Q1: MEDIUM),0,Energy,283.3999938964844,,,-5.94,,,,,,,,,,,,,,,,,,
2026-04-29 02:30:26.637018,NMDC,EXIT,76.92635892421875,90.9,11.579618,22.03,0.076,🟢 STRONG BUY (UNDERVALUED) (SIDEWAYS-Q1: MEDIUM),0,Basic Materials,90.6999969482422,,,-0.22,,,,,,,,,,,,,,,,,,
2026-04-29 11:33:55.473975,ADANIPORTS,HOLD,81.31536098683594,1662.8,28.77357,19.407,9.74,🟢 STRONG BUY (SIDEWAYS-Q1: MEDIUM),0,Industrials,1719.0999755859375,,,3.39,,,,,,,,,,,,,,,,,,
2026-04-29 11:33:55.487617,ABB,HOLD,76.49052770800782,7247.0,92.07217,22.391,1.082,🟢 STRONG BUY (SIDEWAYS-Q1: MEDIUM),0,Industrials,7252.0,,,0.07,,,,,,,,,,,,,,,,,,
2026-04-29 11:33:55.494378,TORNTPOWER,HOLD,74.46936290898438,1728.0,27.428572,16.9654,53.715,🟢 STRONG BUY (SIDEWAYS-Q1: MEDIUM),0,Utilities,1737.0,,,0.52,,,,,,,,,,,,,,,,,,
2026-04-29 11:33:55.500199,OFSS,HOLD,73.81205894328126,9643.5,31.888826,32.606,0.415,🟢 STRONG BUY (SIDEWAYS-Q1: MEDIUM),0,Technology,9492.5,,,-1.57,,,,,,,,,,,,,,,,,,
2026-04-29 11:33:55.508469,BANDHANBNK,HOLD,70.98831568489845,200.26,32.0416,11.1575,0.0,🟢 BUY (VALUE) (SIDEWAYS-Q1: MEDIUM),0,Financial Services,206.25,,,2.99,,,,,,,,,,,,,,,,,,
2026-04-29 11:33:55.527832,BAJAJHLDNG,HOLD,59.691108017851576,10326.0,13.079495,10.4019,0.019,🟢 BUY (VALUE),0,Financial Services,10552.0,,,2.19,,,,,,,,,,,,,,,,,,
2026-04-29 11:33:55.538322,BANKINDIA,WEAK SELL,56.04001379589844,145.96,6.766806,12.05,0.0,🟡 HOLD,0,Financial Services,141.35000610351562,,,-3.16,,,,,,,,,,,,,,,,,,
2026-04-29 11:33:55.544779,UNIONBANK,WEAK SELL,55.61536049511719,170.36,6.6939096,15.708,0.0,🟡 HOLD,0,Financial Services,167.58999633789062,,,-1.63,,,,,,,,,,,,,,,,,,
2026-04-29 14:15:48.519448,ICICIBANK,WEAK SELL,67.56202200878906,1289.6,17.231653,16.359,0.0,🟢 STRONG BUY (UNDERVALUED) (CONCENTRATION RISK),0,Financial Services,1289.0,,,-0.05,,,,,,,,,,,,,,,,,,
2026-04-29 14:15:48.533202,CANBK,WEAK SELL,64.05285024550783,138.56,6.2218227,18.215,0.0,🟢 BUY (VALUE),0,Financial Services,136.60000610351562,,,-1.41,,,,,,,,,,,,,,,,,,
2026-04-29 14:15:48.543595,BANKBARODA,WEAK SELL,58.79688927441407,270.65,7.1923995,12.813,0.0,🟢 BUY (VALUE),0,Financial Services,269.25,,,-0.52,,,,,,,,,,,,,,,,,,
2026-05-07 10:21:14.397267,COALINDIA,NEW POSITION,82.7,470.2,9.320119,28.124,11.629,🟢 STRONG BUY (UNDERVALUED) (SIDEWAYS-Q1: MEDIUM),0,Energy,466.1499938964844,,,-0.86,,,90.9,57.8,20.0,80.5,50.0,76.9,,,,,,,,,,
2026-05-07 10:21:14.403886,LUPIN,NEW POSITION,82.4,2477.8,24.44072,19.0753,31.513,🟢 STRONG BUY (SIDEWAYS-Q1: MEDIUM),0,Healthcare,2292.0,,,-7.5,,,85.4,64.5,42.0,82.0,50.0,80.6,,,,,,,,,,
2026-05-07 10:21:14.410031,MARICO,HOLD,82.37,818.1,60.110214,41.393,12.394,🟢 STRONG BUY (SIDEWAYS-Q1: MEDIUM),0,Consumer Defensive,841.6500244140625,,,2.88,,,72.9,69.6,62.4,88.6,50.0,82.2,,,,,,,,,,
2026-05-07 10:21:14.416409,BAJAJ-AUTO,NEW POSITION,80.77,10549.5,27.408419,20.8156,57.257,🟢 STRONG BUY (SIDEWAYS-Q1: MEDIUM),0,Consumer Cyclical,10447.5,,,-0.97,,,84.6,72.7,37.7,91.1,50.0,71.5,,,,,,,,,,
2026-05-07 10:21:14.422526,NESTLEIND,HOLD,80.47,1477.9,81.51683,50.089000000000006,8.613,🟢 STRONG BUY (SIDEWAYS-Q1: MEDIUM),0,Consumer Defensive,1462.4000244140625,,,-1.05,,,73.6,73.8,20.1,85.8,50.0,79.8,,,,,,,,,,
2026-05-07 10:21:14.428703,CGPOWER,NEW POSITION,80.45,862.95,111.92607,25.3541,1.519,🟢 STRONG BUY (SIDEWAYS-Q1: MEDIUM),0,Industrials,841.2000122070312,,,-2.52,,,69.3,72.9,64.7,98.7,50.0,66.9,,,,,,,,,,
2026-05-07 10:21:14.434865,POLYCAB,NEW POSITION,80.25,8841.0,50.025463,25.955,2.089,🟢 STRONG BUY (SIDEWAYS-Q1: MEDIUM),0,Industrials,9149.0,,,3.48,,,74.5,75.0,58.2,94.0,50.0,70.1,,,,,,,,,,
2026-05-07 10:21:14.441072,AUROPHARMA,HOLD,80.2,1490.0,24.792013,10.6754,22.248,🟢 STRONG BUY (SIDEWAYS-Q1: MEDIUM),0,Healthcare,1520.0,,,2.01,,,77.7,68.8,33.4,97.2,50.0,74.3,,,,,,,,,,
2026-05-07 10:21:14.460638,CUMMINSIND,HOLD,78.75,5347.5,66.07562,26.4493,0.308,🟢 STRONG BUY (SIDEWAYS-Q1: MEDIUM),0,Industrials,5390.5,,,0.8,,,74.9,69.8,20.7,86.2,50.0,75.2,,,,,,,,,,
2026-05-07 10:21:14.467463,ABB,HOLD,74.55,7252.0,91.78585,22.391,1.082,🟢 STRONG BUY (SIDEWAYS-Q1: MEDIUM),0,Industrials,6313.0,,,-12.95,,,72.2,57.3,24.2,84.8,50.0,67.5,,,,,,,,,,
2026-05-07 10:21:14.474754,SBIN,HOLD,72.48,1093.5,11.906577,15.9252,0.0,🟢 STRONG BUY (UNDERVALUED) (SIDEWAYS-Q1: MEDIUM),0,Financial Services,967.0,,,-11.57,,,87.8,49.2,14.7,72.4,50.0,71.8,,,,,,,,,,
2026-05-07 10:21:14.481507,GICRE,HOLD,69.48,399.75,7.285402,10.142,0.0,🟢 BUY (VALUE) (CONCENTRATION RISK),0,Financial Services,383.5499877929687,,,-4.05,,,73.8,45.4,33.5,77.9,50.0,71.0,,,,,,,,,,
2026-05-07 10:21:14.488602,CENTRALBK,HOLD,69.38000000000001,36.89,7.378,13.226,0.0,🟢 BUY (VALUE),0,Financial Services,34.56999969482422,,,-6.29,,,74.5,58.0,14.4,81.0,50.0,67.1,,,,,,,,,,
2026-05-07 10:21:14.495103,ICICIGI,HOLD,69.28,1828.7,33.12862,17.851,0.0,🟢 BUY (CONCENTRATION RISK),0,Financial Services,1843.9000244140625,,,0.83,,,81.7,49.6,19.4,71.3,50.0,71.7,,,,,,,,,,
2026-05-07 10:21:14.501358,FEDERALBNK,HOLD,68.58,290.75,16.623785,11.731,0.0,🟢 BUY (VALUE) (CONCENTRATION RISK),0,Financial Services,282.1499938964844,,,-2.96,,,81.1,53.9,8.2,85.5,50.0,69.5,,,,,,,,,,
2026-05-07 10:21:14.507653,ICICIPRULI,SELL,68.18,557.0,50.135014,12.579,19.037,🟢 BUY (CONCENTRATION RISK),0,Financial Services,542.25,,,-2.65,,,59.1,53.8,15.5,96.2,50.0,63.7,,,,,,,,,,
2026-05-07 10:21:14.514192,LICI,HOLD,66.78,809.8,9.664638,37.9798,0.0,🟢 BUY (VALUE) (CONCENTRATION RISK),0,Financial Services,809.3499755859375,,,-0.06,,,93.5,36.7,11.8,72.5,50.0,63.8,,,,,,,,,,
2026-05-07 10:21:14.526933,BAJAJHLDNG,HOLD,64.58,10552.0,13.364913,10.4019,0.019,🟢 BUY (VALUE),0,Financial Services,10409.0,,,-1.36,,,84.5,73.0,19.6,75.7,50.0,48.7,,,,,,,,,,
2026-05-07 10:21:14.533872,IOB,HOLD,64.48,35.19,12.523131,15.655,0.0,🟢 BUY (VALUE) (CONCENTRATION RISK),0,Financial Services,33.849998474121094,,,-3.81,,,87.0,45.6,7.5,65.5,50.0,54.2,,,,,,,,,,
2026-05-07 10:21:14.540934,KOTAKBANK,WEAK SELL,64.38,380.0,19.59773,11.389,0.0,🟢 BUY (VALUE) (CONCENTRATION RISK),0,Financial Services,389.4500122070313,,,2.49,,,78.0,42.7,13.5,59.3,50.0,68.6,,,,,,,,,,
2026-05-07 10:21:14.547448,AXISBANK,SWAP,61.78,1298.4,15.363862,13.152,0.0,🟢 BUY (VALUE),0,Financial Services,1252.699951171875,,,-3.52,,,86.2,28.6,9.9,57.8,50.0,71.4,,,,,,,,,,
2026-05-07 10:21:14.553606,UCOBANK,WEAK SELL,60.580000000000005,27.13,12.276017,8.631,0.0,🟢 BUY (VALUE) (CONCENTRATION RISK),0,Financial Services,25.399999618530273,,,-6.38,,,77.3,64.0,22.4,79.0,50.0,52.6,,,,,,,,,,
2026-05-07 10:21:14.566264,PNB,WEAK SELL,59.18000000000001,109.54,6.84625,12.985,0.0,🟡 HOLD,0,Financial Services,104.11000061035156,,,-4.96,,,77.2,33.0,59.6,63.1,50.0,59.7,,,,,,,,,,
2026-05-07 10:21:14.579618,INDIANB,WEAK SELL,56.18000000000001,864.9,9.957403,15.442,0.0,🟡 HOLD,0,Financial Services,837.7999877929688,,,-3.13,,,84.3,20.7,15.0,47.1,50.0,56.4,,,,,,,,,,
2026-05-07 10:21:14.592420,UNIONBANK,WEAK SELL,52.68000000000001,167.52,6.5823183,15.708,0.0,🟡 HOLD,0,Financial Services,163.42999267578125,,,-2.44,,,79.6,19.4,4.9,54.2,50.0,52.2,,,,,,,,,,
2026-05-07 10:41:22.593893,TORNTPHARM,NEW POSITION,81.3,4402.7,65.59446,25.1789,33.4,🟢 STRONG BUY (SIDEWAYS-Q1: MEDIUM),0,Healthcare,4421.89990234375,,,0.44,,,69.4,66.2,8.9,74.6,50.0,79.9,,,,,,,,,,
2026-05-07 10:41:22.629097,ICICIBANK,SELL,66.68,1289.3,17.255087,16.359,0.0,🟢 BUY (VALUE) (CONCENTRATION RISK),0,Financial Services,1250.5,,,-3.01,,,86.7,29.7,39.3,63.4,50.0,72.0,,,,,,,,,,
2026-05-07 10:41:22.644601,CANBK,SELL,59.28,136.62,6.13471,18.215,0.0,🟡 HOLD,0,Financial Services,129.97999572753906,,,-4.86,,,81.4,30.5,14.5,54.0,50.0,61.3,,,,,,,,,,
2026-05-07 10:41:22.653153,BANKBARODA,SELL,58.080000000000005,269.25,7.1513944,12.813,0.0,🟡 HOLD,0,Financial Services,267.3999938964844,,,-0.69,,,77.6,32.7,16.8,69.6,50.0,63.5,,,,,,,,,,
2026-05-07 10:41:22.661238,BANKINDIA,SELL,52.68000000000001,141.35,6.556123,12.05,0.0,🟡 HOLD,0,Financial Services,145.25,,,2.76,,,74.2,28.0,15.5,50.4,50.0,52.9,,,,,,,,,,
2026-05-07 22:57:54.468079,ADANIPORTS,NEW POSITION,81.87,1732.8,29.762968,15.592,8.34,🟢 STRONG BUY (SIDEWAYS-Q1: MEDIUM),0,Industrials,1807.0,,,4.28,,,81.4,74.4,20.5,97.1,50.0,73.0,,,,,,,,,,
2026-05-07 22:57:54.480270,PIDILITIND,NEW POSITION,80.60000000000001,1450.4,64.57703,21.285,4.539,🟢 STRONG BUY (SIDEWAYS-Q1: MEDIUM),0,Basic Materials,1480.4000244140625,,,2.07,,,70.5,63.9,26.5,87.0,50.0,74.6,,,,,,,,,,
2026-05-07 22:57:54.486544,MAHABANK,HOLD,80.49000000000001,85.31,9.354167,22.66,0.0,🟢 STRONG BUY (UNDERVALUED) (SIDEWAYS-Q1: MEDIUM),0,Financial Services,78.12999725341797,,,-8.42,,,89.2,74.3,33.2,99.1,50.0,63.3,,,,,,,,,,
2026-05-07 23:31:35.016918,NMDC,SELL,78.60000000000001,90.14,11.482802,22.03,11.21,🟢 STRONG BUY (UNDERVALUED) (SIDEWAYS-Q1: MEDIUM),0,Basic Materials,93.38999938964844,,,3.61,,,90.5,54.8,8.3,82.1,50.0,71.2,,,,,,,,,,
2026-05-08 00:27:57.015734,LUPIN,NEW POSITION,78.47500000000001,2460.1,24.266129,19.0753,31.513,🟢 STRONG BUY (SIDEWAYS-Q1: MEDIUM),0,Healthcare,2230.199951171875,,,-9.35,,,85.4,51.6,21.0,69.1,50.0,80.6,32.6,SIDEWAYS,,,,,,,,
2026-05-08 00:27:57.024528,MARICO,HOLD,77.68499999999999,832.15,61.142544,41.393,12.394,🟢 STRONG BUY (SIDEWAYS-Q1: MEDIUM),0,Consumer Defensive,832.75,,,0.07,,,72.9,51.3,62.4,66.7,50.0,82.3,35.4,SIDEWAYS,,,,,,,,
2026-05-08 00:27:57.032036,COALINDIA,NEW POSITION,77.10000000000001,466.65,9.249752,28.124,11.629,🟢 STRONG BUY (UNDERVALUED) (SIDEWAYS-Q1: MEDIUM),0,Energy,465.9500122070313,,,-0.15,,,90.9,51.5,20.0,68.9,50.0,76.9,34.6,SIDEWAYS,,,,,,,,
2026-05-08 00:27:57.039068,PIDILITIND,NEW POSITION,76.80000000000001,1450.4,64.57703,21.285,4.539,🟢 STRONG BUY (SIDEWAYS-Q1: MEDIUM),0,Basic Materials,1433.0999755859375,,,-1.19,,,70.5,48.7,53.0,73.4,50.0,74.6,40.4,SIDEWAYS,,,,,,,,
2026-05-08 00:27:57.046625,ALKEM,NEW POSITION,75.80000000000001,5590.5,28.180763,18.0684,17.056,🟢 STRONG BUY (SIDEWAYS-Q1: MEDIUM),0,Healthcare,5461.0,,,-2.32,,,82.2,43.7,9.2,72.9,50.0,75.2,36.3,SIDEWAYS,,,,,,,,
2026-05-08 00:27:57.053569,NESTLEIND,HOLD,75.285,1476.0,81.412025,50.089000000000006,8.613,🟢 STRONG BUY (SIDEWAYS-Q1: MEDIUM),0,Consumer Defensive,1421.699951171875,,,-3.68,,,73.6,51.7,20.1,70.1,50.0,79.8,33.1,SIDEWAYS,,,,,,,,
2026-05-08 00:27:57.060699,BAJAJ-AUTO,NEW POSITION,74.535,10605.0,27.552612,28.046,56.289,🟢 STRONG BUY (SIDEWAYS-Q1: MEDIUM),0,Consumer Cyclical,10242.5,,,-3.42,,,84.6,52.2,37.7,68.5,50.0,71.6,39.2,SIDEWAYS,,,,,,,,
2026-05-08 00:27:57.067712,NMDC,HOLD,74.17500000000001,90.14,11.482802,22.03,11.21,🟢 STRONG BUY (UNDERVALUED) (SIDEWAYS-Q1: MEDIUM),0,Basic Materials,89.22000122070312,,,-1.02,,,90.5,42.0,8.3,65.7,50.0,71.2,37.6,SIDEWAYS,,,,,,,,
2026-05-08 00:27:57.075165,SBIN,HOLD,73.9325,1092.0,11.8902445,15.9252,0.0,🟢 STRONG BUY (UNDERVALUED) (SIDEWAYS-Q1: MEDIUM),0,Financial Services,938.0,,,-14.1,,,87.8,46.3,14.7,72.3,50.0,71.8,38.3,SIDEWAYS,,,,,,,,
2026-05-08 00:27:57.083723,CUMMINSIND,HOLD,73.67,5403.0,66.7614,26.4493,0.308,🟢 STRONG BUY (SIDEWAYS-Q1: MEDIUM),0,Industrials,5245.0,,,-2.92,,,74.9,50.7,20.7,71.7,50.0,75.3,36.2,SIDEWAYS,,,,,,,,
2026-05-08 00:27:57.091302,AUROPHARMA,HOLD,73.475,1478.7,24.603992,10.6754,22.248,🟢 STRONG BUY (SIDEWAYS-Q1: MEDIUM),0,Healthcare,1494.800048828125,,,1.09,,,77.7,51.0,33.4,71.8,50.0,74.3,38.0,SIDEWAYS,,,,,,,,
2026-05-08 00:27:57.098525,MAHABANK,HOLD,73.0575,85.31,9.354167,22.66,0.0,🟢 STRONG BUY (UNDERVALUED) (SIDEWAYS-Q1: MEDIUM),0,Financial Services,76.93000030517578,,,-9.82,,,89.2,51.5,33.2,72.3,50.0,63.3,44.2,SIDEWAYS,,,,,,,,
2026-05-08 00:27:57.106756,ABB,HOLD,70.245,7188.0,90.97582,22.391,1.082,🟢 STRONG BUY (SIDEWAYS-Q1: MEDIUM),0,Industrials,6251.0,,,-13.04,,,72.2,46.0,24.2,67.3,50.0,67.6,40.9,SIDEWAYS,,,,,,,,
2026-05-08 00:27:57.114285,ICICIGI,HOLD,70.20750000000001,1850.2,33.518116,17.851,0.0,🟢 STRONG BUY (SIDEWAYS-Q1: MEDIUM),0,Financial Services,1798.199951171875,,,-2.81,,,81.7,37.2,38.8,65.9,50.0,71.8,41.2,SIDEWAYS,,,,,,,,
2026-05-08 00:27:57.121555,ICICIBANK,SELL,68.47050000000002,1279.0,17.117237,16.359,0.0,🟢 BUY (VALUE) (CONCENTRATION RISK),0,Financial Services,1234.5,,,-3.48,,,86.7,35.6,39.3,63.4,50.0,72.2,40.8,SIDEWAYS,,,,,,,,
2026-05-08 00:27:57.128787,GICRE,HOLD,68.25750000000001,399.35,7.278112,10.142,0.0,🟢 STRONG BUY (UNDERVALUED) (CONCENTRATION RISK),0,Financial Services,382.2999877929687,,,-4.27,,,73.8,43.4,33.5,66.4,50.0,71.1,40.1,SIDEWAYS,,,,,,,,
2026-05-08 00:27:57.136176,FEDERALBNK,HOLD,67.6575,297.05,16.98399,11.731,0.0,🟢 STRONG BUY (UNDERVALUED) (CONCENTRATION RISK),0,Financial Services,280.1000061035156,,,-5.71,,,81.1,43.0,8.2,62.4,50.0,69.5,37.9,SIDEWAYS,,,,,,,,
2026-05-08 00:27:57.143447,CENTRALBK,HOLD,67.5325,37.24,7.4480004,13.226,0.0,🟢 STRONG BUY (UNDERVALUED),0,Financial Services,33.209999084472656,,,-10.82,,,74.5,47.1,28.9,65.0,50.0,67.1,41.1,SIDEWAYS,,,,,,,,
2026-05-08 00:27:57.150713,LICI,HOLD,67.4825,811.15,9.68075,37.9798,0.0,🟢 BUY (VALUE) (CONCENTRATION RISK),0,Financial Services,778.7999877929688,,,-3.99,,,93.5,37.1,11.8,72.4,50.0,63.8,44.1,SIDEWAYS,,,,,,,,
2026-05-08 00:27:57.158544,IOB,HOLD,65.3255,35.17,12.516014,15.655,0.0,🟢 BUY (VALUE) (CONCENTRATION RISK),0,Financial Services,33.029998779296875,,,-6.08,,,87.0,45.4,7.5,71.4,50.0,54.2,47.6,SIDEWAYS,,,,,,,,
2026-05-08 00:27:57.173254,ICICIPRULI,SELL,64.1825,562.9,50.66607,12.579,19.037,🟢 BUY (CONCENTRATION RISK),0,Financial Services,499.0499877929687,,,-11.34,,,59.1,42.9,31.0,67.0,50.0,63.8,44.2,SIDEWAYS,,,,,,,,
2026-05-08 00:27:57.181255,AXISBANK,HOLD,62.37050000000001,1292.7,15.296413,13.152,0.0,🟢 BUY (VALUE),0,Financial Services,1230.800048828125,,,-4.79,,,86.2,35.3,9.9,57.8,50.0,71.4,37.3,SIDEWAYS,,,,,,,,
2026-05-08 00:27:57.188794,BAJAJHLDNG,HOLD,61.7075,10597.0,13.421908,10.4019,0.019,🟢 BUY (VALUE),0,Financial Services,10122.0,,,-4.48,,,84.5,51.7,39.1,67.5,50.0,48.7,52.3,SIDEWAYS,,,,,,,,
2026-05-08 00:27:57.195859,CANBK,SELL,61.0005,135.93,6.1037264,18.215,0.0,🟡 HOLD,0,Financial Services,124.5,,,-8.41,,,81.4,37.7,14.5,60.0,50.0,61.4,43.6,SIDEWAYS,,,,,,,,
2026-05-08 00:27:57.210360,BANKBARODA,SELL,59.6575,270.35,7.1806107,12.813,0.0,🟢 BUY (VALUE),0,Financial Services,256.1499938964844,,,-5.25,,,77.6,36.9,16.8,57.7,50.0,63.5,42.3,SIDEWAYS,,,,,,,,
2026-05-08 00:27:57.225448,INDIANB,WEAK SELL,57.37050000000001,860.75,9.909625,15.442,0.0,🟡 HOLD,0,Financial Services,808.3499755859375,,,-6.09,,,84.3,35.3,15.0,59.2,50.0,56.4,46.7,SIDEWAYS,,,,,,,,
2026-05-08 00:27:57.232858,UNIONBANK,WEAK SELL,55.1705,167.28,6.572888,15.708,0.0,🟡 HOLD,0,Financial Services,158.25,,,-5.4,,,79.6,35.0,9.8,63.1,50.0,52.6,49.0,SIDEWAYS,,,,,,,,
2026-05-08 00:27:57.240269,BANKINDIA,SELL,53.4905,140.37,6.510668,12.05,0.0,🟡 HOLD,0,Financial Services,138.0,,,-1.69,,,74.2,37.5,31.1,61.8,50.0,53.0,50.4,SIDEWAYS,,,,,,,,
2026-05-08 00:32:11.727237,TORNTPHARM,NEW POSITION,75.575,4362.7,64.99851,25.1789,33.4,🟢 STRONG BUY (SIDEWAYS-Q1: MEDIUM),0,Healthcare,4341.0,,,-0.5,,,69.4,52.0,8.9,61.1,50.0,79.9,30.3,SIDEWAYS,,,,,,,,
2026-05-08 00:32:11.753543,KOTAKBANK,SELL,64.38250000000001,379.4,19.566788,11.389,0.0,🟢 BUY (VALUE) (CONCENTRATION RISK),0,Financial Services,380.9500122070313,,,0.41,,,78.0,41.0,13.5,59.2,50.0,68.6,38.7,SIDEWAYS,,,,,,,,
2026-05-08 00:32:11.766380,UCOBANK,SELL,59.75750000000001,27.29,12.348416,8.631,0.0,🟢 BUY (VALUE) (CONCENTRATION RISK),0,Financial Services,24.549999237060547,,,-10.04,,,77.3,49.7,22.4,59.7,50.0,52.6,47.4,SIDEWAYS,,,,,,,,
2026-05-08 00:32:11.775450,PNB,SELL,58.8325,109.11,6.819375,12.985,0.0,🟢 BUY (VALUE) (CONCENTRATION RISK),0,Financial Services,99.13999938964844,,,-9.14,,,77.2,36.7,59.6,50.5,50.0,59.7,47.7,SIDEWAYS,,,,,,,,
2026-05-08 13:43:32.831859,ADANIPORTS,HOLD,81.906,1762.2,30.267948,15.592,4.328,🟢 STRONG BUY (SIDEWAYS-Q1: MEDIUM),0,Industrials,1752.199951171875,,,-0.57,,,81.7,74.1,18.2,97.5,50.0,73.0,37.8,SIDEWAYS,,,,,,,,
2026-05-08 13:43:32.854215,POLYCAB,NEW POSITION,81.286,9121.0,51.426476,24.585,1.942,🟢 STRONG BUY (SIDEWAYS-Q1: MEDIUM),0,Industrials,8976.0,,,-1.59,,,74.3,75.5,60.1,95.1,50.0,70.2,43.0,SIDEWAYS,,,,,,,,
2026-05-08 13:43:32.869138,HAL,NEW POSITION,80.20500000000001,4761.1,35.8139,23.9101,0.031,🟢 STRONG BUY (SIDEWAYS-Q1: MEDIUM),0,Industrials,4183.0,,,-12.14,,,86.3,74.8,12.6,91.1,50.0,65.5,40.4,SIDEWAYS,,,,,,,,
2026-05-08 13:43:32.895609,CGPOWER,NEW POSITION,79.78,865.9,112.01811,19.561,1.444,🟢 STRONG BUY (SIDEWAYS-Q1: MEDIUM),0,Industrials,811.5999755859375,,,-6.27,,,69.3,73.4,54.3,98.8,50.0,67.4,45.0,SIDEWAYS,,,,,,,,
2026-05-11 13:06:49.745885,PIDILITIND,NEW POSITION,81.63050000000001,1448.3,60.195347,23.523,3.776,🟢 STRONG BUY (SIDEWAYS-Q1: MEDIUM),0,Basic Materials,1463.4000244140625,,,1.04,,,72.9,61.5,56.3,76.4,50.0,74.6,39.2,SIDEWAYS,,,,,,,,
2026-05-11 13:06:49.754054,MARICO,HOLD,80.424375,846.85,62.498154,41.393,12.394,🟢 STRONG BUY (SIDEWAYS-Q1: MEDIUM),0,Consumer Defensive,832.8499755859375,,,-1.65,,,72.9,69.6,15.0,76.9,50.0,83.0,29.0,SIDEWAYS,,,,,,,,
2026-05-11 13:06:49.761888,BAJAJ-AUTO,NEW POSITION,79.582125,10601.5,27.569304,28.046,56.289,🟢 STRONG BUY (SIDEWAYS-Q1: MEDIUM),0,Consumer Cyclical,10181.5,,,-3.96,,,84.6,66.6,33.0,78.7,50.0,75.1,36.1,SIDEWAYS,,,,,,,,
2026-05-11 13:06:49.769671,NESTLEIND,HOLD,79.52437499999999,1485.4,82.111664,52.245000000000005,8.613,🟢 STRONG BUY (SIDEWAYS-Q1: MEDIUM),0,Consumer Defensive,1453.199951171875,,,-2.17,,,73.6,72.9,9.8,77.1,50.0,80.1,29.7,SIDEWAYS,,,,,,,,
2026-05-11 13:06:49.777512,COALINDIA,NEW POSITION,79.50625,463.4,9.179873,28.124,11.629,🟢 STRONG BUY (UNDERVALUED) (SIDEWAYS-Q1: MEDIUM),0,Energy,454.6000061035156,,,-1.9,,,90.8,57.7,12.8,61.9,50.0,76.6,31.8,SIDEWAYS,,,,,,,,
2026-05-11 13:06:49.785090,ADANIPORTS,NEW POSITION,79.4865,1762.6,30.24884,15.592,4.328,🟢 STRONG BUY (SIDEWAYS-Q1: MEDIUM),0,Industrials,1780.4000244140625,,,1.01,,,81.7,73.9,20.4,81.7,50.0,73.3,35.2,SIDEWAYS,,,,,,,,
2026-05-11 13:06:49.792499,TORNTPHARM,NEW POSITION,78.5325,4528.6,67.5608,25.1789,33.4,🟢 STRONG BUY (SIDEWAYS-Q1: MEDIUM),0,Healthcare,4470.7001953125,,,-1.28,,,69.4,67.1,18.1,80.1,50.0,81.5,31.1,SIDEWAYS,,,,,,,,
2026-05-11 13:06:49.799765,ALKEM,NEW POSITION,78.51875,5647.0,28.478493,18.0684,17.056,🟢 STRONG BUY (SIDEWAYS-Q1: MEDIUM),0,Healthcare,5563.5,,,-1.48,,,82.0,51.7,3.9,81.9,50.0,75.9,35.7,SIDEWAYS,,,,,,,,
2026-05-11 13:06:49.807229,POLYCAB,HOLD,78.35650000000001,9052.5,51.109417,24.585,1.942,🟢 STRONG BUY (SIDEWAYS-Q1: MEDIUM),0,Industrials,9213.0,,,1.77,,,74.4,75.2,41.8,80.4,50.0,70.0,38.9,SIDEWAYS,,,,,,,,
2026-05-11 13:06:49.814543,MAHABANK,HOLD,77.08125,81.62,8.949562,22.66,0.0,🟢 STRONG BUY (UNDERVALUED) (SIDEWAYS-Q1: MEDIUM),0,Financial Services,78.12999725341797,,,-4.28,,,88.4,68.4,16.7,80.2,50.0,60.8,42.6,SIDEWAYS,,,,,,,,
2026-05-11 13:06:49.822224,CUMMINSIND,HOLD,74.1065,5225.5,64.49642,26.4493,0.308,🟢 STRONG BUY (SIDEWAYS-Q1: MEDIUM),0,Industrials,5289.5,,,1.22,,,74.9,51.7,31.8,65.7,50.0,72.9,37.5,SIDEWAYS,,,,,,,,
2026-05-11 13:06:49.829801,NMDC,HOLD,73.53750000000001,87.55,11.152866,22.03,0.048,🟢 STRONG BUY (UNDERVALUED) (SIDEWAYS-Q1: MEDIUM),0,Basic Materials,90.08000183105467,,,2.89,,,91.8,42.9,15.0,63.7,50.0,70.0,38.5,SIDEWAYS,,,,,,,,
2026-05-11 13:06:49.857282,ICICIGI,HOLD,71.18625000000002,1840.8,33.34179,17.851,0.0,🟢 STRONG BUY (SIDEWAYS-Q1: MEDIUM),0,Financial Services,1816.300048828125,,,-1.33,,,81.9,51.3,17.5,69.2,50.0,71.6,37.4,SIDEWAYS,,,,,,,,
2026-05-11 13:06:49.864990,TATACONSUM,HOLD,70.54417500000001,1255.7,80.85641,6.94,12.159,🟢 BUY (SIDEWAYS-Q1: MEDIUM),0,Consumer Defensive,1221.0999755859375,,,-2.76,,,54.9,73.1,72.6,73.5,50.0,78.5,36.3,SIDEWAYS,,,,,,,,
2026-05-11 13:06:49.872891,FEDERALBNK,HOLD,68.86875,293.4,16.784897,11.731,0.0,🟢 STRONG BUY (UNDERVALUED),0,Financial Services,285.29998779296875,,,-2.76,,,81.4,45.3,3.1,70.5,50.0,68.9,38.6,SIDEWAYS,,,,,,,,
2026-05-11 13:06:49.887908,CENTRALBK,WEAK SELL,67.3375,35.78,7.1559997,13.226,0.0,🟢 STRONG BUY (UNDERVALUED),0,Financial Services,34.220001220703125,,,-4.36,,,73.9,49.9,9.7,69.4,50.0,65.5,40.4,SIDEWAYS,,,,,,,,
2026-05-11 13:06:49.895369,KOTAKBANK,SELL,66.97555000000001,383.35,19.780703,11.389,0.0,🟢 BUY (VALUE) (CONCENTRATION RISK),0,Financial Services,386.6499938964844,,,0.86,,,77.7,51.0,5.8,73.1,50.0,69.2,38.3,SIDEWAYS,,,,,,,,
2026-05-11 13:06:49.902574,ICICIBANK,SELL,66.69375,1271.3,17.007359,16.359,0.0,🟢 BUY (VALUE) (CONCENTRATION RISK),0,Financial Services,1238.699951171875,,,-2.56,,,86.8,28.9,19.9,58.7,50.0,72.3,39.0,SIDEWAYS,,,,,,,,
2026-05-11 13:06:49.910134,LICI,HOLD,66.2975,801.05,9.556788,37.9798,0.0,🟢 BUY (VALUE) (CONCENTRATION RISK),0,Financial Services,802.7999877929688,,,0.22,,,93.3,34.2,11.4,71.5,50.0,63.4,44.6,SIDEWAYS,,,,,,,,
2026-05-11 13:06:49.917708,SBIN,HOLD,64.49375,977.6,10.727532,15.9252,0.0,🟢 BUY (VALUE) (CONCENTRATION RISK),0,Financial Services,947.2999877929688,,,-3.1,,,86.0,21.7,27.4,57.0,50.0,65.1,44.8,SIDEWAYS,,,,,,,,
2026-05-11 13:06:49.925215,GICRE,HOLD,63.95625000000001,392.05,7.1463723,10.142,0.0,🟢 BUY (VALUE) (CONCENTRATION RISK),0,Financial Services,389.75,,,-0.59,,,73.5,36.2,7.5,51.5,50.0,70.6,36.4,SIDEWAYS,,,,,,,,
2026-05-11 13:06:49.932783,AXISBANK,HOLD,62.243750000000006,1277.1,15.118977,13.152,0.0,🟢 BUY (VALUE) (CONCENTRATION RISK),0,Financial Services,1244.5999755859375,,,-2.54,,,86.5,26.0,5.1,73.6,50.0,71.1,41.2,SIDEWAYS,,,,,,,,
2026-05-11 13:06:49.940451,UCOBANK,SELL,61.71875,26.43,11.959276,8.631,0.0,🟢 BUY (VALUE) (CONCENTRATION RISK),0,Financial Services,24.899999618530273,,,-5.79,,,76.6,50.3,18.2,65.4,50.0,51.4,48.5,SIDEWAYS,,,,,,,,
2026-05-11 13:06:49.955464,BAJAJHLDNG,HOLD,61.6625,10523.0,12.159133,12.624,0.012,🟢 BUY (VALUE),0,Financial Services,10372.0,,,-1.43,,,84.9,58.0,23.2,66.6,50.0,49.3,49.2,SIDEWAYS,,,,,,,,
2026-05-11 13:06:49.963005,IOB,HOLD,61.08125,34.37,12.231317,15.655,0.0,🟢 BUY (VALUE) (CONCENTRATION RISK),0,Financial Services,33.54999923706055,,,-2.39,,,86.5,36.0,1.2,51.2,50.0,53.8,45.3,SIDEWAYS,,,,,,,,
2026-05-11 13:06:49.970764,BANKBARODA,SELL,59.23,266.85,6.9572587,12.738,0.0,🟢 BUY (VALUE),0,Financial Services,260.6000061035156,,,-2.34,,,77.2,30.9,19.0,62.9,50.0,62.9,44.7,SIDEWAYS,,,,,,,,
2026-05-11 13:06:49.978545,CANBK,SELL,57.96900000000001,133.87,6.0112257,18.215,0.0,🟡 HOLD,0,Financial Services,125.9000015258789,,,-5.95,,,81.2,28.0,14.3,42.4,50.0,60.7,42.5,SIDEWAYS,,,,,,,,
2026-05-11 13:06:49.986574,PNB,SELL,54.98125,105.7,6.60625,12.985,0.0,🟡 HOLD,0,Financial Services,101.08999633789062,,,-4.36,,,76.9,26.6,17.9,50.1,50.0,58.4,45.7,SIDEWAYS,,,,,,,,
2026-05-11 13:06:50.001811,BANKINDIA,SELL,53.636300000000006,143.98,6.3595405,12.05,0.0,🟡 HOLD,0,Financial Services,138.74000549316406,,,-3.64,,,74.1,33.4,14.7,65.7,50.0,54.1,49.4,SIDEWAYS,,,,,,,,
2026-05-11 13:06:50.009089,UNIONBANK,WEAK SELL,51.6725,164.17,6.4506874,15.708,0.0,🟡 HOLD,0,Financial Services,159.66000366210938,,,-2.75,,,79.4,20.2,3.9,49.0,50.0,51.9,48.8,SIDEWAYS,,,,,,,,
2026-05-11 13:08:57.782370,ICICIPRULI,REDUCE,67.37899999999999,566.5,50.944244,12.579,19.037,🟢 BUY (CONCENTRATION RISK),0,Financial Services,521.4500122070312,,,-7.95,,,58.9,58.0,18.0,71.5,50.0,64.3,40.9,SIDEWAYS,,,,,,,,
2026-05-11 13:08:57.846418,ABB,WEAK SELL,61.71,6361.0,86.39142,21.2897,1.082,🟢 BUY,0,Industrials,6327.0,,,-0.53,,,71.1,22.7,56.2,61.5,50.0,59.9,51.3,SIDEWAYS,,,,,,,,
2026-05-11 13:08:57.893275,INDIANB,SELL,54.54375,843.15,9.702532,15.442,0.0,🟡 HOLD,0,Financial Services,810.9000244140625,,,-3.82,,,84.0,21.3,5.0,45.9,50.0,55.4,46.2,SIDEWAYS,,,,,,,,
2026-05-12 10:37:45.329006,PIDILITIND,NEW POSITION,81.23262500000001,1457.1,60.712498,23.523,3.776,🟢 STRONG BUY (SIDEWAYS-Q1: MEDIUM),0,Basic Materials,1451.199951171875,,,-0.4,,,72.9,63.7,46.9,72.5,50.0,74.8,70.0,SIDEWAYS,,,,,,,,
2026-05-12 10:37:45.337122,COALINDIA,NEW POSITION,80.9434375,467.5,9.268438,28.124,11.629,🟢 STRONG BUY (UNDERVALUED) (SIDEWAYS-Q1: MEDIUM),0,Energy,457.4500122070313,,,-2.15,,,91.0,59.1,5.4,77.3,50.0,77.1,71.1,SIDEWAYS,,,,,,,,
2026-05-12 10:37:45.345431,TORNTPHARM,NEW POSITION,80.69787500000001,4450.3,66.1263,25.1789,33.4,🟢 STRONG BUY (SIDEWAYS-Q1: MEDIUM),0,Healthcare,4447.10009765625,,,-0.07,,,69.4,63.9,13.1,81.3,50.0,80.1,71.3,SIDEWAYS,,,,,,,,
2026-05-12 10:37:45.353526,BAJAJ-AUTO,NEW POSITION,80.41803125,10556.0,27.44527,28.046,56.289,🟢 STRONG BUY (SIDEWAYS-Q1: MEDIUM),0,Consumer Cyclical,10375.5,,,-1.71,,,84.7,65.2,0.0,82.9,50.0,74.8,71.4,SIDEWAYS,,,,,,,,
2026-05-12 10:37:45.369285,SUNPHARMA,NEW POSITION,79.1825,1868.9,41.0657,15.1334,6.675,🟢 STRONG BUY (SIDEWAYS-Q1: MEDIUM),0,Healthcare,1882.699951171875,,,0.74,,,72.2,72.4,5.3,78.7,50.0,80.5,73.2,SIDEWAYS,,,,,,,,
2026-05-12 10:37:45.385769,POLYCAB,HOLD,78.686575,9146.5,51.739452,24.585,1.942,🟢 STRONG BUY (SIDEWAYS-Q1: MEDIUM),0,Industrials,9180.5,,,0.37,,,74.3,75.2,5.5,97.3,50.0,70.3,72.9,SIDEWAYS,,,,,,,,
2026-05-12 10:37:45.424022,NMDC,HOLD,73.88062500000001,87.76,11.179618,22.03,11.21,🟢 STRONG BUY (UNDERVALUED) (SIDEWAYS-Q1: MEDIUM),0,Basic Materials,87.62999725341797,,,-0.15,,,90.0,40.5,3.3,78.9,50.0,70.1,63.7,SIDEWAYS,,,,,,,,
2026-05-12 10:37:45.432443,CUMMINSIND,HOLD,73.269125,5203.0,64.49734,26.4493,0.308,🟢 STRONG BUY (SIDEWAYS-Q1: MEDIUM),0,Industrials,5290.0,,,1.67,,,74.9,47.9,23.4,74.2,50.0,72.7,64.6,SIDEWAYS,,,,,,,,
2026-05-12 10:37:45.449465,ICICIPRULI,SELL,67.54145,554.4,49.990986,12.579,19.037,🟢 BUY (CONCENTRATION RISK),0,Financial Services,515.6500244140625,,,-6.99,,,59.6,54.8,16.8,82.1,50.0,63.2,61.1,SIDEWAYS,,,,,,,,
2026-05-12 10:37:45.457852,FEDERALBNK,HOLD,67.0471875,289.1,16.529446,11.731,0.0,🟢 STRONG BUY (UNDERVALUED),0,Financial Services,286.0,,,-1.07,,,81.7,39.9,5.6,77.1,50.0,68.1,61.3,SIDEWAYS,,,,,,,,
2026-05-12 10:37:45.466343,KOTAKBANK,SELL,66.12388750000001,378.05,19.487114,11.389,0.0,🟢 BUY (VALUE) (CONCENTRATION RISK),0,Financial Services,380.3500061035156,,,0.61,,,78.2,49.4,1.8,57.3,50.0,68.5,60.2,SIDEWAYS,,,,,,,,
2026-05-12 10:37:45.482286,ICICIBANK,SELL,63.8034375,1246.8,16.686296,16.359,0.0,🟢 BUY (VALUE) (CONCENTRATION RISK),0,Financial Services,1232.800048828125,,,-1.12,,,87.3,23.8,10.1,48.8,50.0,71.3,55.4,SIDEWAYS,,,,,,,,
2026-05-12 10:37:45.498546,GICRE,SWAP,62.5190625,388.55,7.0825734,10.142,0.0,🟢 BUY (VALUE) (CONCENTRATION RISK),0,Financial Services,387.3999938964844,,,-0.3,,,73.4,34.3,1.8,64.0,50.0,70.1,57.3,SIDEWAYS,,,,,,,,
2026-05-12 10:37:45.506775,AXISBANK,HOLD,62.37706250000001,1269.1,15.02249,13.152,0.0,🟢 BUY (VALUE),0,Financial Services,1244.5999755859375,,,-1.93,,,86.6,25.2,4.1,64.0,50.0,70.8,57.4,SIDEWAYS,,,,,,,,
2026-05-12 10:37:45.514843,SBIN,HOLD,61.82843750000001,976.0,10.709975,15.9252,0.0,🟢 BUY (VALUE) (CONCENTRATION RISK),0,Financial Services,949.0999755859376,,,-2.76,,,86.0,21.2,54.7,44.1,50.0,64.9,53.5,SIDEWAYS,,,,,,,,
2026-05-12 10:37:45.531280,BAJAJHLDNG,HOLD,61.74237500000001,10378.0,11.979407,12.624,0.012,🟢 BUY (VALUE),0,Financial Services,10287.0,,,-0.88,,,84.6,51.0,17.7,66.6,50.0,48.7,55.8,SIDEWAYS,,,,,,,,
2026-05-12 10:37:45.539507,IOB,HOLD,60.5253125,33.95,12.081851,15.338,0.0,🟢 BUY (VALUE) (CONCENTRATION RISK),0,Financial Services,33.349998474121094,,,-1.77,,,85.9,31.1,0.0,56.4,50.0,59.2,52.8,SIDEWAYS,,,,,,,,
2026-05-12 10:37:45.547840,BANKBARODA,SELL,58.712500000000006,265.4,6.9150596,12.738,0.0,🟢 BUY (VALUE),0,Financial Services,262.6499938964844,,,-1.04,,,77.1,29.9,19.0,58.6,50.0,62.7,53.9,SIDEWAYS,,,,,,,,
2026-05-12 10:37:45.555868,CANBK,SELL,57.87225000000001,131.04,5.4691153,18.215,0.0,🟡 HOLD,0,Financial Services,125.87999725341795,,,-3.94,,,80.4,26.0,22.3,46.6,50.0,59.7,50.5,SIDEWAYS,,,,,,,,
2026-05-12 10:37:45.563723,UCOBANK,SELL,57.759687500000005,26.06,11.791855,8.631,0.0,🟢 BUY (VALUE) (CONCENTRATION RISK),0,Financial Services,24.670000076293945,,,-5.33,,,76.3,42.5,15.0,50.9,50.0,50.7,50.8,SIDEWAYS,,,,,,,,
2026-05-12 10:37:45.572021,BANKINDIA,SELL,55.30296500000001,143.05,6.3184633,12.05,0.0,🟡 HOLD,0,Financial Services,137.44000244140625,,,-3.92,,,74.0,34.2,16.2,69.1,50.0,53.8,52.3,SIDEWAYS,,,,,,,,
2026-05-12 10:37:45.580050,PNB,SELL,55.0076875,104.28,6.5175,12.985,0.0,🟡 HOLD,0,Financial Services,101.87000274658205,,,-2.31,,,76.8,25.8,10.9,57.6,50.0,57.7,50.2,SIDEWAYS,,,,,,,,
2026-05-12 10:37:45.587952,INDIANB,SELL,53.64093750000001,837.9,9.6421175,15.442,0.0,🟡 HOLD,0,Financial Services,814.75,,,-2.76,,,83.9,20.9,4.3,40.5,50.0,55.1,46.1,SIDEWAYS,,,,,,,,
2026-05-12 10:37:45.600414,UNIONBANK,WEAK SELL,53.007875,164.17,6.448154,15.708,0.0,🟡 HOLD,0,Financial Services,157.92999267578125,,,-3.8,,,79.4,20.4,4.8,59.4,50.0,52.0,47.0,SIDEWAYS,,,,,,,,
2026-05-12 10:41:42.157651,ALKEM,NEW POSITION,78.6453125,5576.0,28.13036,18.0684,17.056,🟢 STRONG BUY (SIDEWAYS-Q1: MEDIUM),0,Healthcare,5430.0,,,-2.62,,,82.3,51.4,0.5,86.8,50.0,75.3,36.5,SIDEWAYS,,,,,,,,
2026-05-12 10:41:42.180261,TATACONSUM,NEW POSITION,74.22779625000001,1268.0,81.12604,6.94,12.159,🟢 STRONG BUY (SIDEWAYS-Q1: MEDIUM),0,Consumer Defensive,1205.0,,,-4.97,,,54.9,75.3,79.9,87.6,50.0,77.9,39.5,SIDEWAYS,,,,,,,,
2026-05-12 10:41:42.245241,CENTRALBK,SELL,63.514375,35.32,7.064,13.226,0.0,🟢 BUY (VALUE) (CONCENTRATION RISK),0,Financial Services,33.83000183105469,,,-4.22,,,73.7,42.4,4.0,56.8,50.0,64.8,39.2,SIDEWAYS,,,,,,,,
2026-05-12 10:41:42.273487,ABB,SELL,61.746,6229.0,84.79445,21.2897,1.082,🟢 BUY,0,Industrials,6372.5,,,2.3,,,71.1,21.2,61.6,75.9,50.0,58.9,55.0,SIDEWAYS,,,,,,,,
2026-05-12 23:32:39.760047,AUROPHARMA,NEW POSITION,75.67362489700318,1488.2,24.778553,10.6754,22.248,🟢 BUY (BEAR: MEDIUM),0,Healthcare,1518.5999755859375,,,2.04,,,77.6,69.1,16.9,96.6,50.0,74.4,30.0,BEAR,,,,,,,,
2026-05-12 23:32:39.793227,ADANIPORTS,HOLD,73.85962489700319,1688.2,29.036808,15.592,8.34,🟢 BUY (BEAR: MEDIUM),0,Industrials,1766.4000244140625,,,4.63,,,82.0,72.8,22.9,78.9,50.0,70.5,34.7,BEAR,,,,,,,,
2026-05-12 23:32:39.809510,HINDZINC,HOLD,72.01512493133545,641.9,19.62397,48.43900000000001,39.034,🟢 BUY (BEAR: MEDIUM),0,Basic Materials,624.7999877929688,,,-2.66,,,85.1,74.7,23.1,95.2,50.0,53.1,41.8,BEAR,,,,,,,,
2026-05-12 23:32:39.817152,NESTLEIND,NEW POSITION,71.29207489013672,1468.6,81.227875,52.245000000000005,8.613,🟢 BUY (BEAR: MEDIUM),0,Consumer Defensive,1412.5999755859375,,,-3.81,,,73.6,72.6,9.3,84.7,50.0,79.4,24.8,BEAR,,,,,,,,
2026-05-12 23:32:39.832605,MARICO,NEW POSITION,70.59207489013671,830.0,61.164333,41.393,12.394,🟢 BUY (BEAR: MEDIUM),0,Consumer Defensive,832.5499877929688,,,0.31,,,72.9,68.5,17.4,79.8,50.0,81.8,27.0,BEAR,,,,,,,,
2026-05-12 23:32:39.841257,MAHABANK,INCREASE,67.86744989013671,78.37,8.593203,22.66,0.0,🟢 HOLD (BEAR: MARGINAL),0,Financial Services,78.13999938964844,,,-0.29,,,87.7,57.4,17.0,75.6,50.0,58.4,39.4,BEAR,,,,,,,,
2026-05-12 23:32:39.864613,ICICIGI,SELL,61.72844989013673,1782.8,32.285404,17.851,0.0,🟡 HOLD,0,Financial Services,1805.300048828125,,,1.26,,,82.6,40.9,13.9,62.3,50.0,69.9,34.2,BEAR,,,,,,,,
2026-05-12 23:32:39.888354,LICI,SELL,60.57237489700317,780.75,9.313492,37.9798,0.0,🟡 HOLD,0,Financial Services,804.75,,,3.07,,,93.0,29.7,31.1,56.6,50.0,62.1,45.8,BEAR,,,,,,,,
2026-05-13 00:38:23.108244,ICICIPRULI,SELL,58.654437588691714,541.5,48.82777,12.579,19.037,🟡 HOLD,0,Financial Services,517.25,,,-4.48,,,60.5,52.9,20.8,62.6,50.0,62.2,35.8,BEAR,50.0,20.0,TACTICAL,,,,,
2026-05-13 00:38:23.197052,ABB,SELL,55.64775002479554,6328.5,86.148926,21.2897,1.082,🟡 HOLD,0,Industrials,6629.0,,,4.75,,,71.1,35.0,67.3,62.8,50.0,59.7,55.6,BEAR,100.0,20.0,TACTICAL,,,,,
2026-05-13 00:38:23.239113,UNIONBANK,WEAK SELL,48.59472630296705,162.19,6.370385,15.708,0.0,🟠 WEAK SELL,0,Financial Services,160.8699951171875,,,-0.81,,,79.3,36.3,8.2,49.8,50.0,51.5,39.9,BEAR,59.7,86.1,CORE,,,,,
2026-05-13 01:00:06.954536,BAJAJHLDNG,WEAK SELL,56.719312524795534,10097.0,11.655046,12.624,0.012,🟡 HOLD,0,Financial Services,10662.0,,,5.6,,,84.1,45.7,24.1,62.6,50.0,47.5,46.9,BEAR,50.0,80.6,CORE,,,,,
2026-05-13 01:23:55.940632,ACE,NEW POSITION,68.4900001525879,881.25,24.837936,25.3429,8.005,🟢 BUY,0,Industrials,873.4000244140625,,,-0.89,,,86.6,42.4,81.5,52.6,50.0,41.9,70.2,BEAR,50.0,34.3,TACTICAL,,,,,
2026-05-13 02:07:25.948633,OLAELEC,NEW POSITION,77.82000000000001,35.13,0.0,-14.850400000000006,71.879,🟢 STRONG BUY,0,Consumer Cyclical,35.40999984741211,,,0.8,,,36.1,37.6,35.3,56.8,50.0,6.0,76.7,UNKNOWN,0.0,24.4,TACTICAL,,,,,
2026-05-13 02:07:25.958320,FIRSTCRY,NEW POSITION,74.62,235.48,156.880384,-4.0382,31.483,🟢 STRONG BUY,0,Consumer Cyclical,227.6699981689453,,,-3.32,,,36.9,35.4,59.7,50.9,50.0,17.6,72.0,UNKNOWN,89.5,26.3,TACTICAL,,,,,
2026-05-13 02:07:25.966958,HINDCOPPER,NEW POSITION,73.3,564.2,82.72727,17.4796,4.776,🟢 STRONG BUY,0,Basic Materials,561.2000122070312,,,-0.53,,,64.5,48.4,37.3,67.2,50.0,18.8,69.6,UNKNOWN,100.0,20.0,TACTICAL,,,,,
2026-05-13 02:07:25.975703,BLUEJET,NEW POSITION,72.9,444.8,26.257378,26.935,1.643,🟢 BUY,0,Healthcare,444.0,,,-0.18,,,85.4,52.6,7.5,64.6,50.0,15.8,67.2,UNKNOWN,0.0,31.5,TACTICAL,,,,,
2026-05-13 02:07:25.993824,GODFRYPHLP,HOLD,67.72,2341.3,28.123724,20.436,3.005,🟢 BUY (VALUE),0,Consumer Defensive,2326.300048828125,,,-0.64,,,84.8,52.9,18.3,65.7,50.0,21.7,65.1,UNKNOWN,79.0,14.1,TACTICAL,,,,,
2026-05-13 02:07:26.002105,IFCI,HOLD,65.81,61.07,88.50725,2.0222,0.0,🟢 BUY (CONCENTRATION RISK),0,Financial Services,61.95000076293945,,,1.44,,,45.5,47.2,38.5,68.4,50.0,30.8,63.3,UNKNOWN,57.2,31.1,TACTICAL,,,,,
2026-05-13 02:07:26.010691,ANANTRAJ,HOLD,65.75,502.45,31.740368,11.132,11.696,🟢 BUY,0,Real Estate,491.9500122070313,,,-2.09,,,68.6,49.1,27.8,73.7,50.0,28.3,64.3,UNKNOWN,100.0,31.3,TACTICAL,,,,,
2026-05-13 02:07:26.019267,MANYAVAR,HOLD,63.92,460.0,29.754204,20.026,23.295,🟢 BUY (VALUE),0,Consumer Cyclical,426.9500122070313,,,-7.18,,,75.4,49.0,53.0,56.5,50.0,32.9,61.3,UNKNOWN,86.2,11.4,TACTICAL,,,,,
2026-05-13 02:07:26.036622,SAGILITY,HOLD,63.0,43.09,23.806631,6.4674,13.851,🟢 BUY,0,Healthcare,42.18000030517578,,,-2.11,,,70.3,52.1,55.8,70.4,50.0,40.1,59.3,UNKNOWN,100.0,63.5,TACTICAL,,,,,
2026-05-13 02:07:26.144030,PNB,SELL,47.11000000000001,102.78,6.42375,12.985,0.0,🟠 WEAK SELL,0,Financial Services,102.44000244140624,,,-0.33,,,76.6,36.8,15.2,47.6,50.0,57.0,44.1,UNKNOWN,94.0,86.1,CORE,,,,,
2026-05-13 02:32:23.983019,AEGISVOPAK,HOLD,64.30000000000001,202.67,117.87478799999998,8.679,42.268,🟢 BUY,0,Energy,206.0800018310547,,,1.68,,,46.2,53.5,24.8,60.9,50.0,29.1,60.6,UNKNOWN,100.0,3.0,TACTICAL,,,,,
2026-05-13 02:50:24.392926,SONATSOFTW,HOLD,63.85,273.15,16.317204,24.3822,41.695,🟢 BUY (VALUE),0,Technology,269.20001220703125,,,-1.45,,,79.6,53.7,100.0,57.6,50.0,35.1,64.3,UNKNOWN,35.5,38.6,TACTICAL,,,,,
2026-05-13 02:50:24.443353,CANBK,SELL,51.81,130.01,5.426127,17.57,0.0,🟡 HOLD,0,Financial Services,127.94000244140624,,,-1.59,,,79.7,36.7,48.9,62.4,50.0,59.3,48.8,UNKNOWN,62.8,86.3,CORE,,,,,
2026-05-13 02:50:24.502074,BANKBARODA,SELL,47.41,259.95,6.773059,12.738,0.0,🟠 WEAK SELL,0,Financial Services,264.8500061035156,,,1.88,,,76.9,37.3,43.3,48.1,50.0,61.7,44.4,UNKNOWN,49.4,87.9,CORE,,,,,
2026-05-13 11:50:36.236439,SBIN,WEAK SELL,50.733499984741215,979.3,10.746187,15.477,0.0,🟠 WEAK SELL,0,Financial Services,956.0999755859376,,,-2.37,,,85.6,20.6,34.5,41.9,50.0,65.1,45.6,BEAR,50.0,80.6,CORE,,,,,
2026-05-13 11:50:36.254235,LICI,SELL,47.733499984741215,785.55,9.368515,37.9798,0.0,🟠 WEAK SELL,0,Financial Services,805.0,,,2.48,,,93.1,24.2,27.6,63.2,50.0,62.4,44.6,BEAR,92.8,52.7,TACTICAL,,,,,
2026-05-13 11:50:36.263533,UCOBANK,WEAK SELL,44.833499984741216,25.62,11.59276,8.631,0.0,🟠 WEAK SELL,0,Financial Services,24.899999618530273,,,-2.81,,,75.9,34.9,15.0,46.1,50.0,49.8,42.7,BEAR,52.9,86.5,CORE,,,,,
2026-05-13 11:50:36.280918,BANKINDIA,WEAK SELL,43.833499984741216,141.99,6.2688746,12.056,0.0,🟠 WEAK SELL,0,Financial Services,139.83999633789062,,,-1.51,,,73.9,30.6,16.0,67.0,50.0,51.3,41.7,BEAR,85.9,87.4,CORE,,,,,
2026-05-13 11:50:36.395709,ICICIGI,SELL,31.733499984741215,1806.1,32.677765,17.851,0.0,🔴 SELL,0,Financial Services,1785.199951171875,,,-1.16,,,82.3,41.1,5.2,69.5,50.0,70.6,30.6,BEAR,73.6,20.0,TACTICAL,,,,,
2026-05-13 12:55:16.980471,AFFLE,NEW POSITION,65.05650005340576,1527.7,47.238712,12.9603,1.18,🟢 BUY,0,Communication Services,1430.0999755859375,,,-6.39,,,60.4,63.3,92.5,71.2,50.0,47.6,66.0,BEAR,97.6,0.0,TACTICAL,,,,,
2026-05-13 13:22:01.750655,CENTRALBK,SELL,36.156500053405765,34.65,6.9300003,13.226,0.0,🔴 SELL,0,Financial Services,34.150001525878906,,,-1.44,,,73.4,34.7,15.0,61.9,50.0,63.7,36.1,BEAR,90.4,84.0,CORE,,,,,
2026-05-13 13:34:01.939145,MAHABANK,SELL,37.656500053405765,79.96,8.767544,22.66,0.0,🔴 SELL,0,Financial Services,79.68000030517578,,,-0.35,,,88.1,59.9,15.0,79.6,50.0,59.4,38.1,BEAR,100.0,80.8,CORE,,,,,
2026-05-13 13:43:36.422468,CUMMINSIND,WEAK SELL,32.756500053405766,5206.0,64.26367,26.4493,0.308,🔴 SELL,0,Industrials,5385.0,,,3.44,,,74.9,46.5,20.9,73.9,50.0,72.7,33.7,BEAR,8.8,4.1,TACTICAL,,,,,
2026-05-13 14:04:53.887205,IOB,WEAK SELL,38.55650005340576,33.86,12.049823,15.655,0.0,🔴 SELL,0,Financial Services,33.75,,,-0.32,,,86.2,28.0,4.3,62.6,50.0,53.1,39.0,BEAR,100.0,70.8,CORE,,,,,
2026-05-13 14:04:53.924478,INDIANB,WEAK SELL,38.18916415926266,816.65,9.397584,15.442,0.0,🔴 SELL,0,Financial Services,818.1500244140625,,,0.18,,,83.5,19.6,4.2,44.0,50.0,53.5,39.5,BEAR,83.0,82.6,CORE,,,,,
2026-05-13 14:04:53.933505,ICICIBANK,WEAK SELL,38.05650005340576,1242.8,16.617195,16.359,0.0,🔴 SELL,0,Financial Services,1245.5999755859375,,,0.23,,,87.4,23.5,20.2,49.0,50.0,71.1,38.0,BEAR,85.5,76.3,CORE,,,,,
2026-05-13 14:04:53.957943,AXISBANK,WEAK SELL,33.35650005340576,1264.4,14.975719,13.152,0.0,🔴 SELL,0,Financial Services,1257.800048828125,,,-0.52,,,86.7,24.4,5.0,63.8,50.0,70.6,32.3,BEAR,44.0,85.8,CORE,,,,,
2026-05-13 14:04:53.975075,FEDERALBNK,WEAK SELL,32.55650005340576,282.4,16.14637,11.731,0.0,🔴 SELL,0,Financial Services,289.1000061035156,,,2.37,,,82.2,32.1,14.7,70.2,50.0,72.6,33.5,BEAR,90.4,82.6,CORE,,,,,
2026-05-13 14:04:53.984182,NMDC,WEAK SELL,32.256500053405766,89.46,11.396178,22.03,11.21,🔴 SELL,0,Basic Materials,88.98999786376953,,,-0.53,,,90.4,45.9,9.5,86.5,50.0,71.3,32.2,BEAR,61.8,80.8,CORE,,,,,
2026-05-13 14:04:53.993222,GICRE,WEAK SELL,30.45650005340576,385.1,7.0184073,10.142,0.0,🔴 SELL,0,Financial Services,388.8500061035156,,,0.97,,,73.3,29.2,4.8,62.8,50.0,69.5,30.4,BEAR,89.5,85.4,CORE,,,,,
2026-05-13 15:05:39.220352,KOTAKBANK,WEAK SELL,32.266500053405764,377.8,19.474226,11.389,0.0,🔴 SELL,0,Financial Services,383.4500122070313,,,1.5,,,78.2,48.4,3.3,57.3,50.0,68.5,30.1,BEAR,49.4,74.3,CORE,,,,,
2026-05-13 19:34:06.769161,GROWW,NEW POSITION,76.05750007629395,188.41,55.252197,28.718,3.028,🟢 STRONG BUY,0,Financial Services,191.92999267578125,,,1.87,,,74.5,19.2,88.5,81.9,50.0,28.9,76.5,BEAR,100.0,0.0,TACTICAL,,,,,
2026-05-13 19:34:06.781258,KALYANKJIL,NEW POSITION,67.98913835644049,355.4,27.212862,24.305,96.966,🟢 BUY,0,Consumer Cyclical,347.3999938964844,,,-2.25,,,73.7,18.8,76.0,62.9,50.0,34.3,70.4,BEAR,100.0,29.6,TACTICAL,,,,,
2026-05-14 14:38:18.369382,GROWW,NEW POSITION,78.58218749046326,189.7,55.9587,28.718,3.028,🟢 BUY (BEAR: MEDIUM),0,Financial Services,188.2400054931641,,,-0.77,,,74.5,23.0,87.4,80.1,50.0,29.2,75.8,BEAR,100.0,0.0,TACTICAL,,,,,
2026-05-14 14:38:18.380703,SAREGAMA,NEW POSITION,71.23374996185304,387.55,38.832664,12.8994,0.185,🟢 BUY (BEAR: MEDIUM),0,Communication Services,409.6000061035156,,,5.69,,,63.4,67.1,100.0,87.5,50.0,40.1,71.4,BEAR,18.3,14.5,TACTICAL,,,,,
2026-05-14 14:38:18.390071,SBIN,WEAK SELL,45.332187490463255,982.3,10.772014,15.477,0.0,🟠 WEAK SELL,0,Financial Services,953.5,,,-2.93,,,85.6,21.5,16.7,41.5,50.0,65.1,39.3,BEAR,50.0,80.5,CORE,,,,,
2026-05-14 14:38:18.399098,BAJAJHLDNG,HOLD,44.032187490463265,10340.0,11.937749,12.624,0.012,🟠 WEAK SELL,0,Financial Services,10525.0,,,1.79,,,84.5,43.0,7.5,67.7,50.0,48.6,40.7,BEAR,50.5,80.4,CORE,,,,,
2026-05-14 14:38:18.407819,CANBK,SELL,43.90718749046326,131.1,5.4716196,17.57,0.0,🟠 WEAK SELL,0,Financial Services,127.83000183105467,,,-2.49,,,79.8,23.7,11.3,47.2,50.0,59.7,38.5,BEAR,55.6,86.2,CORE,,,,,
2026-05-14 14:38:18.416930,ABB,SELL,43.82049998474121,6415.0,87.7085,21.2897,1.082,🟠 WEAK SELL,0,Industrials,6662.5,,,3.86,,,71.1,23.7,16.8,69.3,50.0,60.4,38.1,BEAR,100.0,20.0,TACTICAL,,,,,
2026-05-14 14:38:18.425819,UCOBANK,WEAK SELL,43.307187490463264,25.56,11.565611,8.631,0.0,🟠 WEAK SELL,0,Financial Services,24.809999465942383,,,-2.93,,,75.9,34.1,9.8,57.5,50.0,49.7,40.6,BEAR,51.2,86.5,CORE,,,,,
2026-05-14 14:38:18.434742,LICI,WEAK SELL,42.95718749046326,805.15,9.605703,37.9798,0.0,🟠 WEAK SELL,0,Financial Services,819.9000244140625,,,1.83,,,93.4,34.1,12.1,71.6,50.0,63.6,37.9,BEAR,67.1,51.8,TACTICAL,,,,,
2026-05-14 14:38:18.443639,NMDC,WEAK SELL,42.54562501907349,93.65,11.929936,22.03,0.048,🔴 SELL,0,Basic Materials,87.86000061035156,,,-6.18,,,93.2,59.9,45.9,96.0,50.0,73.1,43.5,BEAR,54.7,79.5,CORE,,,,,
2026-05-14 14:38:18.452485,UNIONBANK,WEAK SELL,42.053249476991255,164.67,6.467793,15.708,0.0,🟠 WEAK SELL,0,Financial Services,160.8800048828125,,,-2.3,,,79.4,20.6,9.9,60.4,50.0,52.1,40.8,BEAR,53.9,86.0,CORE,,,,,
2026-05-14 14:38:18.461267,PNB,SELL,41.85718749046326,104.66,6.54125,12.985,0.0,🟠 WEAK SELL,0,Financial Services,102.58999633789062,,,-1.98,,,76.8,22.6,7.6,54.3,50.0,57.8,37.3,BEAR,82.6,86.0,CORE,,,,,
2026-05-14 14:38:18.470199,INDIANB,WEAK SELL,41.854672008220234,836.2,9.619234,15.442,0.0,🟠 WEAK SELL,0,Financial Services,819.5999755859375,,,-1.99,,,83.9,19.5,15.3,53.7,50.0,60.5,40.2,BEAR,78.2,82.3,CORE,,,,,
2026-05-14 14:38:18.479054,ICICIBANK,SELL,41.457187490463255,1252.6,16.75719,16.359,0.0,🟠 WEAK SELL,0,Financial Services,1264.800048828125,,,0.97,,,87.2,24.2,21.4,61.6,50.0,71.5,37.8,BEAR,79.2,75.8,CORE,,,,,
2026-05-14 14:38:18.488133,BANKINDIA,WEAK SELL,41.10718749046326,143.75,6.3521876,12.056,0.0,🟠 WEAK SELL,0,Financial Services,139.7100067138672,,,-2.81,,,74.0,35.4,4.2,68.5,50.0,51.8,37.1,BEAR,64.3,87.3,CORE,,,,,
2026-05-14 14:38:18.497211,IOB,SELL,41.08218749046326,33.88,12.05694,15.655,0.0,🟠 WEAK SELL,0,Financial Services,33.56999969482422,,,-0.91,,,86.2,28.5,7.5,62.9,50.0,59.1,37.6,BEAR,94.8,70.8,CORE,,,,,
2026-05-14 14:38:18.506120,MAHABANK,SELL,40.157187490463265,78.58,8.616228,22.66,0.0,🟠 WEAK SELL,0,Financial Services,79.6500015258789,,,1.36,,,87.8,53.7,10.2,76.9,50.0,58.4,37.2,BEAR,87.3,81.2,CORE,,,,,
2026-05-14 14:38:18.514889,BANKBARODA,REDUCE,38.85718749046326,268.75,7.0023446,12.738,0.0,🔴 SELL,0,Financial Services,265.29998779296875,,,-1.28,,,77.2,33.9,9.2,67.0,50.0,63.1,34.7,BEAR,49.8,87.7,CORE,,,,,
2026-05-14 14:38:18.526156,AXISBANK,SELL,37.38218749046327,1260.8,14.9236765,13.152,0.0,🔴 SELL,0,Financial Services,1277.0,,,1.28,,,86.8,24.7,7.5,63.7,50.0,70.4,33.2,BEAR,47.6,85.9,CORE,,,,,
2026-05-14 14:38:18.534968,CENTRALBK,SELL,37.23218749046326,34.59,6.918,13.226,0.0,🔴 SELL,0,Financial Services,31.770000457763672,,,-8.15,,,73.4,34.0,8.5,63.2,50.0,63.6,33.9,BEAR,69.2,84.1,CORE,,,,,
2026-05-14 14:38:18.544020,FEDERALBNK,SELL,36.907187490463265,280.6,16.052633,11.731,0.0,🔴 SELL,0,Financial Services,286.0,,,1.92,,,82.3,30.4,16.9,67.0,50.0,72.2,34.7,BEAR,67.2,82.9,CORE,,,,,
2026-05-14 14:38:18.553223,CUMMINSIND,SELL,35.26468749046326,5354.5,66.276764,26.4493,0.308,🔴 SELL,0,Industrials,5368.0,,,0.25,,,74.9,53.6,24.2,90.8,50.0,74.3,33.2,BEAR,18.5,20.0,TACTICAL,,,,,
2026-05-14 14:38:18.562255,GICRE,SELL,33.582187490463255,384.25,7.00164,10.142,0.0,🔴 SELL,0,Financial Services,384.3999938964844,,,0.04,,,73.2,28.5,4.0,62.4,50.0,69.4,30.2,BEAR,80.8,85.4,CORE,,,,,
2026-05-14 14:38:18.571273,ICICIGI,WEAK SELL,32.63218749046325,1842.2,33.36714,17.851,0.0,🔴 SELL,0,Financial Services,1844.300048828125,,,0.11,,,81.9,49.4,7.5,78.4,50.0,71.5,30.2,BEAR,59.5,20.0,TACTICAL,,,,,
2026-05-14 14:38:18.580525,ICICIPRULI,SELL,31.282187490463254,542.5,48.785973,12.579,19.037,🔴 SELL,0,Financial Services,519.25,,,-4.29,,,60.5,48.8,0.2,62.5,50.0,62.0,28.9,BEAR,50.0,20.0,TACTICAL,,,,,
2026-05-14 14:38:18.589431,KOTAKBANK,SELL,30.682187490463257,384.4,19.84512,11.389,0.0,🔴 SELL,0,Financial Services,384.2000122070313,,,-0.05,,,77.6,54.8,0.7,70.1,50.0,69.3,28.0,BEAR,49.4,73.2,CORE,,,,,
2026-05-15 01:44:17.161540,NMDC,WEAK SELL,46.001312494277954,93.21,11.873885,22.03,11.21,🟠 WEAK SELL,0,Basic Materials,89.6500015258789,,,-3.82,,,91.3,45.8,48.1,71.7,50.0,72.8,45.7,BEAR,54.7,79.6,CORE,,,,,
2026-05-15 01:44:17.171304,LICI,WEAK SELL,44.53209372997284,805.0,9.603913,37.9798,0.0,🟠 WEAK SELL,0,Financial Services,834.8499755859375,,,3.71,,,93.4,36.5,26.5,72.4,50.0,63.7,42.7,BEAR,67.1,51.8,TACTICAL,,,,,
2026-05-15 01:44:17.211743,INDIANB,WEAK SELL,43.03083598885132,831.75,9.568043,15.442,0.0,🟠 WEAK SELL,0,Financial Services,849.0499877929688,,,2.08,,,83.8,35.8,16.9,58.7,50.0,60.3,39.8,BEAR,78.2,82.3,CORE,,,,,
2026-05-15 01:44:17.230007,CANBK,SELL,42.48204684972763,130.84,5.460768,17.57,0.0,🟠 WEAK SELL,0,Financial Services,132.69000244140625,,,1.41,,,79.8,36.2,12.0,61.5,50.0,59.7,37.6,BEAR,55.6,86.2,CORE,,,,,
2026-05-15 01:44:17.238950,PNB,SELL,41.594546849727635,104.62,6.53875,12.985,0.0,🟠 WEAK SELL,0,Financial Services,104.93000030517578,,,0.3,,,76.8,36.2,9.0,54.9,50.0,57.8,37.1,BEAR,82.6,86.0,CORE,,,,,
2026-05-15 01:44:17.247768,ICICIBANK,SELL,41.58209372997284,1246.0,16.668896,16.359,0.0,🟠 WEAK SELL,0,Financial Services,1281.5,,,2.85,,,87.4,36.6,23.7,52.6,50.0,71.3,38.3,BEAR,79.2,76.1,CORE,,,,,
2026-05-15 01:44:17.257633,ABB,SELL,41.11787497329712,6429.0,87.89992,21.2897,1.082,🟠 WEAK SELL,0,Industrials,6813.0,,,5.97,,,71.1,35.0,17.9,60.0,50.0,60.6,38.1,BEAR,100.0,20.0,TACTICAL,,,,,
2026-05-15 01:44:17.266291,IOB,SELL,40.80079684972763,33.82,12.035587,15.655,0.0,🟠 WEAK SELL,0,Financial Services,33.880001068115234,,,0.18,,,86.2,35.9,7.5,60.7,50.0,59.0,37.3,BEAR,94.8,70.9,CORE,,,,,
2026-05-15 01:44:17.275935,MAHABANK,SELL,40.68209372997284,78.5,8.607456,22.66,0.0,🟠 WEAK SELL,0,Financial Services,80.95999908447266,,,3.13,,,87.7,45.1,11.5,73.1,50.0,58.4,38.3,BEAR,87.3,81.2,CORE,,,,,
2026-05-15 01:44:17.293360,AXISBANK,SELL,38.69459372997285,1254.6,14.84558,13.152,0.0,🔴 SELL,0,Financial Services,1305.0,,,4.02,,,86.9,36.4,15.9,65.0,50.0,70.1,35.6,BEAR,47.6,86.2,CORE,,,,,
2026-05-15 01:44:17.302114,BANKBARODA,SELL,38.66954684972764,267.8,6.977592,12.738,0.0,🔴 SELL,0,Financial Services,269.29998779296875,,,0.56,,,77.2,36.6,9.9,57.3,50.0,63.1,35.2,BEAR,49.8,87.7,CORE,,,,,
2026-05-15 01:44:17.310995,CENTRALBK,SELL,37.31959372997284,34.61,6.922,13.226,0.0,🔴 SELL,0,Financial Services,31.280000686645508,,,-9.62,,,73.4,39.0,9.5,61.3,50.0,63.6,34.0,BEAR,69.2,84.1,CORE,,,,,
2026-05-15 01:44:17.319873,FEDERALBNK,SELL,37.20709372997284,280.25,16.03261,11.731,0.0,🔴 SELL,0,Financial Services,289.95001220703125,,,3.46,,,82.3,35.9,17.9,58.3,50.0,72.1,35.1,BEAR,67.2,83.0,CORE,,,,,
2026-05-15 01:44:17.331801,CUMMINSIND,WEAK SELL,35.69084372997284,5367.0,66.43149,26.4493,0.308,🔴 SELL,0,Industrials,5376.0,,,0.17,,,74.9,41.9,25.6,66.5,50.0,74.6,35.0,BEAR,18.5,20.0,TACTICAL,,,,,
2026-05-15 01:44:17.340938,ICICIGI,WEAK SELL,34.31959372997284,1848.9,33.4885,17.851,0.0,🔴 SELL,0,Financial Services,1852.0,,,0.17,,,81.8,48.1,16.1,62.8,50.0,71.8,33.6,BEAR,59.5,20.0,TACTICAL,,,,,
2026-05-15 01:44:17.350686,GICRE,SELL,33.52579684972763,382.95,6.977952,10.142,0.0,🔴 SELL,0,Financial Services,389.6499938964844,,,1.75,,,73.2,37.2,5.0,60.3,50.0,69.5,30.1,BEAR,80.8,85.4,CORE,,,,,
2026-05-15 01:44:17.359575,ICICIPRULI,SELL,31.59459372997284,541.7,48.71403,12.579,19.037,🔴 SELL,0,Financial Services,527.0499877929688,,,-2.7,,,60.6,52.3,2.3,62.6,50.0,61.9,29.5,BEAR,50.0,20.0,TACTICAL,,,,,
2026-05-15 01:44:17.368414,KOTAKBANK,SELL,31.34459372997284,383.2,19.783169,11.389,0.0,🔴 SELL,0,Financial Services,392.0499877929687,,,2.31,,,77.7,48.1,2.7,57.2,50.0,69.2,29.6,BEAR,49.4,73.4,CORE,,,,,
2026-05-15 10:31:59.295618,PWL,NEW POSITION,72.05000000000001,115.23,94.39511,-14.1613,67.044,🟢 BUY (SIDEWAYS-Q1: MEDIUM),0,Consumer Defensive,110.77999877929688,,,-3.86,,,34.8,62.3,31.7,94.6,50.0,24.6,68.2,SIDEWAYS,41.9,0.0,TACTICAL,,,,,
2026-05-15 10:31:59.314502,KAYNES,NEW POSITION,67.8838840996115,3379.9,62.153362,10.3312,18.899,🟢 BUY,0,Technology,3375.0,,,-0.14,,,51.8,18.5,71.2,69.3,50.0,19.8,71.2,SIDEWAYS,65.2,2.8,TACTICAL,,,,,
2026-05-15 10:31:59.323395,PCBL,NEW POSITION,67.0,280.2,41.449703,5.125,124.132,🟢 BUY (CONCENTRATION RISK),0,Basic Materials,294.20001220703125,,,5.0,,,34.3,32.5,0.0,66.6,50.0,29.4,62.3,SIDEWAYS,0.0,31.0,TACTICAL,,,,,
2026-05-15 10:31:59.341339,ZENSARTECH,NEW POSITION,63.61000000000001,491.3,14.578634,16.4141,1.68,🟢 BUY (VALUE) (CONCENTRATION RISK),0,Technology,495.0,,,0.75,,,82.3,19.8,15.0,67.0,50.0,33.3,63.7,SIDEWAYS,63.0,72.2,CORE,,,,,
2026-05-15 10:58:37.012185,PGEL,NEW POSITION,64.7,488.7,49.918285,10.1759,20.346,🟢 BUY,0,Technology,473.2999877929687,,,-3.15,,,50.7,19.2,17.9,44.0,50.0,25.4,64.7,SIDEWAYS,96.8,20.0,TACTICAL,,,,,
2026-05-15 10:58:37.038782,ECLERX,NEW POSITION,61.8,1511.9,20.318504,23.4669,15.04,🟢 BUY (VALUE),0,Technology,1609.9000244140625,,,6.48,,,88.6,36.4,19.1,51.8,50.0,32.6,59.3,SIDEWAYS,82.4,35.4,TACTICAL,,,,,
2026-05-15 11:59:26.928560,PARADEEP,HOLD,62.7,121.6,12.679874,13.5345,87.038,🟢 BUY (VALUE),0,Basic Materials,130.60000610351562,,,7.4,,,64.6,28.7,2.0,51.3,50.0,25.4,62.7,SIDEWAYS,65.1,89.1,TACTICAL,,,,,
2026-05-15 19:30:09.061738,VEDL,STRONG BUY,86.4,331.05,18.463469,20.404,48.044,BUY (SWAP),0,Basic Materials,331.5,,,0.14,,,80.7,19.2,25.3,80.2,50.0,12.0,79.2,SIDEWAYS,54.4,64.9,TACTICAL,,,,,
2026-05-15 19:30:09.063802,OLAELEC,SKIP - NO_FUNDAMENTALS,84.03,35.68,0.0,0.0,71.879,[POLICY OVERRIDE] action=SKIP - NO_FUNDAMENTALS | raw=BUY (SWAP),0,Consumer Cyclical,36.83000183105469,,,3.22,,,36.1,25.4,5.5,92.5,50.0,6.0,81.6,SIDEWAYS,25.0,23.8,TACTICAL,,,,,
2026-05-15 19:30:09.067580,TARIL,NEW POSITION,77.97000000000001,300.8,34.143017,19.335,29.595,🟢 STRONG BUY (SIDEWAYS-Q1: MEDIUM),0,Industrials,315.6000061035156,,,4.92,,,69.4,26.6,7.1,68.9,50.0,13.4,73.4,SIDEWAYS,32.9,20.0,TACTICAL,,,,,
2026-05-15 19:30:09.069690,RPOWER,NEW POSITION,77.18,27.12,39.304348,18.0437,92.224,🟢 STRONG BUY (UNDERVALUED) (SIDEWAYS-Q1: MEDIUM),0,Utilities,26.93000030517578,,,-0.7,,,54.3,24.4,11.5,72.7,50.0,9.3,77.2,SIDEWAYS,56.0,40.0,TACTICAL,,,,,
2026-05-15 19:30:09.071519,HINDCOPPER,NEW POSITION,77.10000000000001,570.25,83.24818,17.4796,4.776,🟢 STRONG BUY (SIDEWAYS-Q1: MEDIUM),0,Basic Materials,550.4000244140625,,,-3.48,,,64.5,50.0,39.7,75.3,50.0,18.9,70.9,SIDEWAYS,100.0,20.0,TACTICAL,,,,,
2026-05-15 19:30:09.073503,BLUEJET,NEW POSITION,76.8,430.4,25.422327,26.935,1.643,🟢 STRONG BUY (SIDEWAYS-Q1: MEDIUM),0,Healthcare,442.6000061035156,,,2.83,,,86.0,38.6,2.3,64.2,50.0,16.3,68.6,SIDEWAYS,5.2,33.2,TACTICAL,,,,,
2026-05-15 19:30:09.075986,ABFRL,NEW POSITION,74.63000000000001,62.66,10.106452,-5.5169,84.682,🟢 BUY (VALUE) (SIDEWAYS-Q1: MEDIUM),0,Consumer Cyclical,68.0,,,8.52,,,45.7,34.8,0.0,48.1,50.0,12.0,68.7,SIDEWAYS,47.3,75.9,TACTICAL,,,,,
2026-05-15 19:30:09.082529,NEWGEN,NEW POSITION,73.98,472.3,22.373281,18.251,2.214,🟢 STRONG BUY (UNDERVALUED) (SIDEWAYS-Q1: MEDIUM),0,Technology,441.4500122070313,,,-6.53,,,81.2,32.7,34.1,66.0,50.0,16.4,73.0,SIDEWAYS,27.6,24.3,TACTICAL,,,,,
2026-05-15 19:30:09.084854,GROWW,HOLD,71.38,187.67,55.197056,28.718,3.028,[POLICY OVERRIDE] action=HOLD | raw=🟢 BUY (SIDEWAYS-Q1: MEDIUM),0,Financial Services,190.44000244140625,,,1.48,,,74.5,24.5,8.8,79.1,50.0,28.9,66.8,SIDEWAYS,100.0,0.0,TACTICAL,,,,,
2026-05-15 19:30:09.087355,FIRSTCRY,NEW POSITION,71.33000000000001,224.22,191.437719,-4.0382,31.483,🟢 BUY (SIDEWAYS-Q1: MEDIUM),0,Consumer Cyclical,234.8000030517578,,,4.72,,,36.7,19.4,0.0,45.4,50.0,16.1,68.4,SIDEWAYS,70.9,27.4,TACTICAL,,,,,
2026-05-15 19:30:09.089581,GODFRYPHLP,HOLD,68.43,2424.9,29.092981,20.436,3.005,[POLICY OVERRIDE] action=HOLD | raw=🟢 BUY (VALUE),0,Consumer Defensive,2323.0,,,-4.2,,,84.1,67.9,10.7,82.8,50.0,23.1,64.0,SIDEWAYS,61.6,11.9,TACTICAL,,,,,
2026-05-15 19:30:09.091815,NIACL,HOLD,65.78,165.02,19.255545,3.421,0.0,[POLICY OVERRIDE] action=HOLD | raw=🟢 BUY (VALUE) (CONCENTRATION RISK),0,Financial Services,165.9199981689453,,,0.55,,,65.8,42.4,25.0,86.1,50.0,37.8,61.7,SIDEWAYS,82.0,85.5,TACTICAL,,,,,
2026-05-15 19:30:09.094164,IIFL,HOLD,64.78,464.85,11.993034,12.286,218.913,[POLICY OVERRIDE] action=HOLD | raw=🟢 BUY (VALUE) (CONCENTRATION RISK),0,Financial Services,481.2000122070313,,,3.52,,,53.4,50.5,76.9,74.1,50.0,41.3,61.7,SIDEWAYS,68.0,95.8,TACTICAL,,,,,
2026-05-15 19:30:09.096013,MUTHOOTFIN,HOLD,63.28000000000001,3311.4,12.554119,30.406,249.55899999999997,[POLICY OVERRIDE] action=HOLD | raw=🟢 BUY (VALUE) (CONCENTRATION RISK),0,Financial Services,3361.10009765625,,,1.5,,,72.8,28.6,64.4,56.8,50.0,47.1,57.7,SIDEWAYS,100.0,71.6,TACTICAL,,,,,
2026-05-15 19:30:09.098062,SAREGAMA,SWAP,63.0,415.75,38.746506,12.8994,0.185,[POLICY OVERRIDE] action=SWAP | raw=🟢 BUY,0,Communication Services,403.4500122070313,,,-2.96,,,63.7,73.7,100.0,89.9,50.0,42.5,62.3,SIDEWAYS,18.3,10.6,TACTICAL,,,,,
2026-05-15 19:30:09.100773,BAJAJHLDNG,HOLD,54.48,10308.0,11.905065,12.624,0.012,🟡 HOLD,0,Financial Services,10660.0,,,3.41,,,84.5,40.3,3.9,66.6,50.0,48.7,50.4,SIDEWAYS,50.5,80.4,CORE,,,,,
2026-05-15 19:30:09.103396,UNIONBANK,SWAP,54.28000000000001,161.94,6.365566,15.708,0.0,[POLICY OVERRIDE] action=SWAP | raw=🟡 HOLD,0,Financial Services,165.49000549316406,,,2.19,,,79.3,20.8,8.3,52.9,50.0,51.2,50.2,SIDEWAYS,53.9,86.1,CORE,,,,,
2026-05-15 19:30:09.105729,UCOBANK,HOLD,53.18000000000001,25.19,11.3981905,8.631,0.0,🟡 HOLD,0,Financial Services,25.450000762939453,,,1.03,,,75.6,28.5,7.5,53.0,50.0,49.1,50.1,SIDEWAYS,51.2,86.4,CORE,,,,,
2026-05-15 19:30:09.108153,BANKINDIA,HOLD,52.18000000000001,142.26,6.283569,12.056,0.0,🟡 HOLD,0,Financial Services,143.86000061035156,,,1.12,,,73.9,34.9,3.3,64.0,50.0,53.4,48.1,SIDEWAYS,64.3,87.4,CORE,,,,,
2026-05-15 19:30:09.116706,SBIN,WEAK SELL,46.580000000000005,963.2,10.569516,15.477,0.0,🟠 WEAK SELL,0,Financial Services,961.7999877929688,,,-0.15,,,85.3,20.1,15.0,43.3,50.0,64.2,42.0,SIDEWAYS,50.0,80.8,CORE,,,,,
2026-05-18 10:19:07.868687,KAYNES,HOLD,72.63243747711182,3157.0,58.129257,9.568,19.168,[POLICY OVERRIDE] action=HOLD | raw=🟢 BUY (BEAR: MEDIUM),0,Technology,3299.0,,,4.5,,,50.8,18.7,70.9,50.0,50.0,13.7,74.1,BEAR,50.0,5.9,TACTICAL,,,,,
2026-05-18 10:19:07.870855,SAREGAMA,HOLD,67.75662498474121,400.8,37.353214,12.567,4.281,🟢 HOLD (BEAR: MARGINAL),0,Communication Services,396.04998779296875,,,-1.19,,,63.7,74.7,100.0,76.2,50.0,35.5,73.3,BEAR,73.7,12.7,TACTICAL,,,,,
2026-05-18 10:19:07.872914,PWL,HOLD,59.74459997558594,112.45,92.11776,-14.1613,67.044,🟡 HOLD,0,Consumer Defensive,112.02999877929688,,,-0.37,,,34.7,53.8,43.5,77.6,50.0,23.8,55.1,BEAR,41.9,0.0,TACTICAL,,,,,
2026-05-18 10:19:07.875016,PARADEEP,HOLD,54.21059997558594,117.65,12.267987,13.5345,101.822,🟡 HOLD,0,Basic Materials,127.63999938964844,,,8.49,,,61.4,22.2,0.0,54.4,50.0,24.6,46.1,BEAR,55.5,90.5,TACTICAL,,,,,
2026-05-18 10:19:07.876982,PGEL,SELL,49.59034423494578,454.35,46.409603,10.1759,20.346,🟠 WEAK SELL,0,Technology,466.95001220703125,,,2.77,,,53.3,19.2,9.7,46.5,50.0,22.6,49.5,BEAR,96.8,22.0,TACTICAL,,,,,
2026-05-18 10:19:07.881116,ZENSARTECH,HOLD,49.28259997558594,471.25,13.983679,16.4141,1.68,[POLICY OVERRIDE] action=HOLD | raw=🟠 WEAK SELL,0,Technology,487.75,,,3.5,,,83.0,19.1,5.5,52.0,50.0,31.8,48.5,BEAR,63.0,74.8,CORE,,,,,
2026-05-18 10:19:07.883055,ECLERX,SELL,48.68471113327036,1438.0,19.314978,23.4669,15.04,🟠 WEAK SELL,0,Technology,1567.300048828125,,,8.99,,,80.7,27.8,6.8,49.2,50.0,30.6,48.7,BEAR,82.4,37.4,TACTICAL,,,,,
2026-05-18 10:19:07.884933,LICI,SELL,45.37493747711182,779.0,9.292616,37.9798,0.0,🟠 WEAK SELL,0,Financial Services,427.45001220703125,,,-45.13,,,92.9,27.2,16.6,57.1,50.0,61.9,40.9,BEAR,67.1,53.0,TACTICAL,,,,,
2026-05-18 10:19:07.888782,UCOBANK,SELL,44.694599975585945,24.55,11.108597,8.631,0.0,🟠 WEAK SELL,0,Financial Services,25.40999984741211,,,3.5,,,75.0,24.5,3.2,52.7,50.0,48.2,39.5,BEAR,51.2,86.3,CORE,,,,,
2026-05-18 10:19:07.892602,NMDC,WEAK SELL,44.309937477111816,89.22,11.364331,22.03,11.21,🟠 WEAK SELL,0,Basic Materials,90.66999816894531,,,1.63,,,90.3,43.1,26.4,74.1,50.0,69.8,39.3,BEAR,54.7,80.9,CORE,,,,,
2026-05-18 10:19:07.894469,INDIANB,SELL,43.95582716430056,808.35,9.304373,15.442,0.0,🟠 WEAK SELL,0,Financial Services,833.5499877929688,,,3.12,,,83.4,19.8,9.7,43.8,50.0,58.8,39.2,BEAR,78.2,82.7,CORE,,,,,
2026-05-18 18:11:33.451123,VEDL,STRONG BUY,83.8,327.0,18.227425,20.404,48.044,BUY (SWAP),0,Basic Materials,344.8999938964844,,,5.47,,,81.1,19.4,18.1,69.8,50.0,12.0,76.6,SIDEWAYS,54.4,65.8,TACTICAL,,,,,
2026-05-18 18:11:33.453489,OLAELEC,NEW POSITION,78.26,34.93,0.0,-18.065,71.879,🟢 STRONG BUY (SIDEWAYS-Q1: MEDIUM),0,Consumer Cyclical,37.58000183105469,,,7.59,,,36.1,25.6,5.0,61.7,50.0,6.0,76.4,SIDEWAYS,3.2,24.6,TACTICAL,,,,,
2026-05-18 18:11:33.455464,GODFRYPHLP,NEW POSITION,76.96,2314.9,27.833353,26.593,3.757,🟢 BUY (VALUE) (SIDEWAYS-Q1: MEDIUM),0,Consumer Defensive,2298.39990234375,,,-0.71,,,89.4,63.9,41.8,64.3,50.0,15.4,69.1,SIDEWAYS,100.0,14.7,TACTICAL,,,,,
2026-05-18 18:11:33.457443,BLUEJET,NEW POSITION,76.5,421.05,24.899467,26.935,1.643,🟢 STRONG BUY (SIDEWAYS-Q1: MEDIUM),0,Healthcare,499.54998779296875,,,18.64,,,86.3,36.5,4.8,59.0,50.0,16.2,68.3,SIDEWAYS,5.2,34.2,TACTICAL,,,,,
2026-05-18 18:11:33.459267,TARIL,NEW POSITION,75.71,292.45,33.195232,19.335,29.595,🟢 STRONG BUY (SIDEWAYS-Q1: MEDIUM),0,Industrials,321.0,,,9.76,,,70.0,19.4,3.5,55.1,50.0,12.7,72.3,SIDEWAYS,32.9,20.0,TACTICAL,,,,,
2026-05-18 18:11:33.461377,NEWGEN,NEW POSITION,75.59,458.8,21.733774,18.251,2.214,🟢 STRONG BUY (UNDERVALUED) (SIDEWAYS-Q1: MEDIUM),0,Technology,435.95001220703125,,,-4.98,,,81.6,31.0,38.4,54.6,50.0,16.4,71.8,SIDEWAYS,27.6,39.5,TACTICAL,,,,,
2026-05-18 18:11:33.463480,RPOWER,NEW POSITION,75.49000000000001,26.7,38.695652,18.0437,92.224,🟢 STRONG BUY (UNDERVALUED) (SIDEWAYS-Q1: MEDIUM),0,Utilities,26.690000534057617,,,-0.04,,,54.7,25.4,12.1,58.7,50.0,9.3,74.7,SIDEWAYS,56.0,40.0,TACTICAL,,,,,
2026-05-18 18:11:33.465559,ABFRL,NEW POSITION,75.16,61.96,9.993548,-5.5169,84.682,🟢 STRONG BUY (UNDERVALUED) (SIDEWAYS-Q1: MEDIUM),0,Consumer Cyclical,64.87000274658203,,,4.7,,,45.5,31.3,0.0,51.2,50.0,12.0,69.8,SIDEWAYS,47.3,76.0,TACTICAL,,,,,
2026-05-18 18:11:33.470572,HINDCOPPER,NEW POSITION,73.3,581.15,84.963455,30.602,3.319,🟢 BUY (SIDEWAYS-Q1: MEDIUM),0,Basic Materials,556.0,,,-4.33,,,72.4,55.8,29.4,75.8,50.0,25.7,65.1,SIDEWAYS,100.0,20.0,TACTICAL,,,,,
2026-05-18 18:11:33.472695,FIRSTCRY,NEW POSITION,72.26,216.91,188.67873199999997,-4.0382,31.483,🟢 BUY (SIDEWAYS-Q1: MEDIUM),0,Consumer Cyclical,237.11000061035156,,,9.31,,,36.6,19.0,0.0,51.5,50.0,15.4,69.9,SIDEWAYS,70.9,28.2,TACTICAL,,,,,
2026-05-18 18:11:33.474549,GROWW,SELL,67.52,183.82,54.064705,28.718,3.028,[POLICY OVERRIDE] action=SELL | raw=🟢 BUY,0,Financial Services,188.77000427246094,,,2.69,,,74.5,23.8,0.4,56.7,50.0,28.0,62.8,SIDEWAYS,100.0,0.0,TACTICAL,,,,,
2026-05-18 18:11:33.481424,PCBL,SELL,64.0,267.5,39.62963,5.125,124.132,[POLICY OVERRIDE] action=SELL | raw=🟢 BUY,0,Basic Materials,289.6000061035156,,,8.26,,,35.6,23.9,4.8,56.5,50.0,33.1,60.3,SIDEWAYS,0.0,32.6,TACTICAL,,,,,
2026-05-18 18:11:33.483924,HEXT,HOLD,63.19,486.95,21.584663,22.272,10.521,[POLICY OVERRIDE] action=HOLD | raw=🟢 BUY (VALUE),0,Technology,507.8999938964844,,,4.3,,,89.9,54.6,1.8,72.9,50.0,25.2,62.4,SIDEWAYS,60.2,38.8,TACTICAL,,,,,
2026-05-18 18:11:33.490126,BAJAJHLDNG,HOLD,53.52,10367.0,11.972929,12.624,0.012,🟡 HOLD,0,Financial Services,10705.0,,,3.26,,,84.6,44.3,4.2,66.8,50.0,49.6,49.3,SIDEWAYS,50.5,80.4,CORE,,,,,
2026-05-18 18:11:33.492622,UNIONBANK,SWAP,53.120000000000005,158.89,6.24077,15.708,0.0,[POLICY OVERRIDE] action=SWAP | raw=🟡 HOLD,0,Financial Services,167.55999755859375,,,5.46,,,79.1,20.5,8.1,41.1,50.0,50.1,48.9,SIDEWAYS,53.9,86.2,CORE,,,,,
2026-05-18 18:11:33.499498,ICICIGI,WEAK SELL,42.620000000000005,1813.0,32.82042,17.851,0.0,🟠 WEAK SELL,0,Financial Services,1860.300048828125,,,2.61,,,82.2,46.4,0.0,69.4,50.0,70.7,36.9,SIDEWAYS,59.5,20.0,TACTICAL,,,,,
2026-05-19 11:27:18.725436,GODFRYPHLP,NEW POSITION,78.265,2304.9,23.59402,26.593,3.757,🟢 STRONG BUY (UNDERVALUED) (SIDEWAYS-Q1: MEDIUM),0,Consumer Defensive,2310.89990234375,,,0.26,,,92.8,57.1,36.9,70.5,50.0,15.3,70.8,SIDEWAYS,100.0,23.2,TACTICAL,,,,,
2026-05-19 11:27:18.727407,BLUEJET,NEW POSITION,76.59,434.15,25.643827,26.935,1.643,🟢 STRONG BUY (SIDEWAYS-Q1: MEDIUM),0,Healthcare,470.25,,,8.32,,,85.9,41.8,3.5,65.9,50.0,16.2,68.5,SIDEWAYS,5.2,32.7,TACTICAL,,,,,
2026-05-19 11:27:18.729241,TARIL,NEW POSITION,76.20949999999999,295.6,33.55278,19.335,29.595,🟢 STRONG BUY (SIDEWAYS-Q1: MEDIUM),0,Industrials,322.1000061035156,,,8.96,,,69.8,20.8,0.4,65.3,50.0,13.1,73.3,SIDEWAYS,32.9,20.0,TACTICAL,,,,,
2026-05-19 11:27:18.731084,RPOWER,NEW POSITION,76.174,27.0,39.130436,18.0437,92.224,🟢 STRONG BUY (UNDERVALUED) (SIDEWAYS-Q1: MEDIUM),0,Utilities,27.649999618530273,,,2.41,,,54.4,25.1,7.5,64.8,50.0,9.3,75.3,SIDEWAYS,56.0,40.0,TACTICAL,,,,,
2026-05-19 11:27:18.733045,ABFRL,NEW POSITION,75.78999999999999,62.94,10.151613,-5.5169,84.682,🟢 STRONG BUY (UNDERVALUED) (SIDEWAYS-Q1: MEDIUM),0,Consumer Cyclical,64.05999755859375,,,1.78,,,45.8,33.3,0.0,60.4,50.0,12.0,71.0,SIDEWAYS,47.3,75.9,TACTICAL,,,,,
2026-05-19 11:27:18.735021,NEWGEN,NEW POSITION,74.93,474.35,22.470392,18.251,2.214,🟢 STRONG BUY (UNDERVALUED) (SIDEWAYS-Q1: MEDIUM),0,Technology,438.04998779296875,,,-7.65,,,81.1,37.4,37.1,58.0,50.0,18.6,70.0,SIDEWAYS,27.6,36.6,TACTICAL,,,,,
2026-05-19 11:27:18.736837,FIRSTCRY,NEW POSITION,74.78,229.57,192.37067600000003,-4.0382,31.483,🟢 STRONG BUY (SIDEWAYS-Q1: MEDIUM),0,Consumer Cyclical,229.52999877929688,,,-0.02,,,36.8,22.2,55.3,51.5,50.0,16.5,74.3,SIDEWAYS,70.9,26.9,TACTICAL,,,,,
2026-05-19 11:27:18.738762,PWL,HOLD,71.81,113.27,92.7895,-14.1613,67.044,[POLICY OVERRIDE] action=HOLD | raw=🟢 STRONG BUY (SIDEWAYS-Q1: MEDIUM),0,Consumer Defensive,111.98999786376953,,,-1.13,,,34.7,56.3,22.5,94.4,50.0,24.1,68.5,SIDEWAYS,41.9,0.0,TACTICAL,,,,,
2026-05-19 11:27:18.742496,GROWW,HOLD,68.6585,186.95,54.98529,28.718,3.028,[POLICY OVERRIDE] action=HOLD | raw=🟢 BUY,0,Financial Services,187.35000610351562,,,0.21,,,74.5,18.6,0.0,72.8,50.0,29.0,65.8,SIDEWAYS,100.0,0.0,TACTICAL,,,,,
2026-05-19 11:27:18.744343,PARADEEP,HOLD,67.72,123.2,12.846715,13.5345,101.822,[POLICY OVERRIDE] action=HOLD | raw=🟢 BUY (VALUE),0,Basic Materials,126.88999938964844,,,3.0,,,62.4,24.3,0.0,62.8,50.0,26.0,64.9,SIDEWAYS,55.5,88.5,TACTICAL,,,,,
2026-05-19 11:27:18.748190,SAREGAMA,HOLD,65.4,397.45,37.11018,12.567,4.281,[POLICY OVERRIDE] action=HOLD | raw=🟢 BUY,0,Communication Services,417.29998779296875,,,4.99,,,63.9,74.4,76.8,91.6,50.0,35.0,64.4,SIDEWAYS,73.7,13.1,TACTICAL,,,,,
2026-05-19 11:27:18.750117,HEXT,HOLD,64.369,507.45,22.46348,22.272,10.521,[POLICY OVERRIDE] action=HOLD | raw=🟢 BUY (VALUE),0,Technology,508.20001220703125,,,0.15,,,89.3,62.9,15.0,88.7,50.0,26.8,64.1,SIDEWAYS,60.2,34.7,TACTICAL,,,,,
2026-05-19 11:27:18.753891,ZENSARTECH,HOLD,63.41137500000001,498.95,14.805638,16.4141,1.68,[POLICY OVERRIDE] action=HOLD | raw=🟢 BUY (VALUE),0,Technology,491.29998779296875,,,-1.53,,,82.0,21.9,8.1,72.0,50.0,34.4,62.8,SIDEWAYS,63.0,71.2,CORE,,,,,
2026-05-19 11:27:18.757729,UNIONBANK,SWAP,53.5385,159.67,6.27387,15.708,0.0,[POLICY OVERRIDE] action=SWAP | raw=🟡 HOLD,0,Financial Services,168.72000122070312,,,5.67,,,79.1,20.2,3.3,53.1,50.0,50.3,50.3,SIDEWAYS,53.9,86.2,CORE,,,,,
2026-05-19 11:27:18.759580,UCOBANK,SELL,52.34250000000001,24.91,11.271493,8.631,0.0,[POLICY OVERRIDE] action=SELL | raw=🟡 HOLD,0,Financial Services,25.540000915527344,,,2.53,,,75.3,25.4,2.5,46.8,50.0,48.9,49.2,SIDEWAYS,51.2,86.3,CORE,,,,,
2026-05-19 11:27:18.763374,INDIANB,WEAK SELL,47.955000000000005,810.9,9.330341,15.442,0.0,🟠 WEAK SELL,0,Financial Services,833.3499755859375,,,2.77,,,83.4,19.7,11.8,45.4,50.0,59.0,45.0,SIDEWAYS,78.2,82.7,CORE,,,,,
2026-05-19 11:27:18.765411,LICI,WEAK SELL,47.505,802.8,9.576524,37.9798,0.0,🟠 WEAK SELL,0,Financial Services,415.0,,,-48.31,,,93.4,38.1,5.0,70.5,50.0,63.4,43.1,SIDEWAYS,67.1,51.9,TACTICAL,,,,,
2026-05-19 11:27:18.767307,NMDC,WEAK SELL,47.35,90.03,11.46879,22.03,11.21,🟠 WEAK SELL,0,Basic Materials,92.27999877929688,,,2.5,,,90.5,43.5,8.8,85.0,50.0,70.4,41.1,SIDEWAYS,54.7,80.6,CORE,,,,,
2026-05-19 11:27:18.769229,ICICIGI,WEAK SELL,40.505,1816.3,32.844486,17.851,0.0,🟠 WEAK SELL,0,Financial Services,1850.5999755859375,,,1.89,,,82.2,48.4,0.0,69.6,50.0,70.8,36.6,SIDEWAYS,59.5,20.0,TACTICAL,,,,,
2026-05-19 11:40:45.641293,PGEL,HOLD,67.8,472.0,48.114166,10.1759,20.346,[POLICY OVERRIDE] action=HOLD | raw=🟢 BUY (VALUE),0,Technology,476.04998779296875,,,0.86,,,52.0,19.2,12.4,61.1,50.0,24.0,67.8,SIDEWAYS,96.8,20.1,TACTICAL,,,,,
2026-05-19 11:40:45.650982,PCBL,HOLD,60.2,275.75,40.731167,5.125,124.132,[POLICY OVERRIDE] action=HOLD | raw=🟢 BUY,0,Basic Materials,287.5,,,4.26,,,34.8,28.0,5.4,63.1,50.0,34.1,60.2,SIDEWAYS,0.0,31.5,TACTICAL,,,,,
2026-05-19 11:40:45.653432,ECLERX,HOLD,59.3,1595.0,21.420897,23.4669,15.04,🟡 HOLD,0,Technology,1540.9000244140625,,,-3.39,,,87.9,52.8,2.7,73.3,50.0,33.9,57.8,SIDEWAYS,82.4,33.2,TACTICAL,,,,,
2026-05-19 11:40:45.657607,BAJAJHLDNG,WEAK SELL,49.4,10372.0,11.981886,12.624,0.012,🟠 WEAK SELL,0,Financial Services,10556.0,,,1.77,,,84.6,44.5,0.0,66.8,50.0,50.4,48.4,SIDEWAYS,50.5,80.4,CORE,,,,,
2026-05-19 15:19:54.271469,VEDL,STRONG BUY,83.10000000000001,337.6,18.807798,20.404,48.044,BUY (SWAP),0,Basic Materials,354.70001220703125,,,5.07,,,80.2,25.7,8.8,77.2,50.0,12.0,75.9,SIDEWAYS,54.4,63.6,TACTICAL,,,,,
2026-05-19 15:19:54.273733,OLAELEC,NEW POSITION,81.02,36.6,0.0,-18.065,71.879,🟢 STRONG BUY (SIDEWAYS-Q1: MEDIUM),0,Consumer Cyclical,39.2400016784668,,,7.21,,,36.2,39.1,10.6,89.6,50.0,6.8,79.0,SIDEWAYS,3.2,22.9,TACTICAL,,,,,
2026-05-19 15:34:17.187197,KAYNES,HOLD,70.57000000000001,3091.6,56.653843,9.568,19.168,[POLICY OVERRIDE] action=HOLD | raw=🟢 BUY (SIDEWAYS-Q1: MEDIUM),0,Technology,3229.60009765625,,,4.46,,,50.7,18.7,32.0,50.1,50.0,19.6,70.5,SIDEWAYS,50.0,5.4,TACTICAL,,,,,
2026-05-20 01:19:11.657061,CHAMBLFERT,NEW POSITION,70.0,453.25,9.297436,20.451,10.274,🟢 BUY (VALUE),0,Basic Materials,466.3999938964844,,,2.9,,,80.5,45.7,39.2,64.4,50.0,47.1,61.8,SIDEWAYS,72.6,78.7,CORE,,,,,
2026-05-20 01:19:11.659146,ACUTAAS,NEW POSITION,70.0,2886.5,82.494995,23.516,2.081,🟢 BUY,0,Basic Materials,3132.5,,,8.52,,,67.9,73.5,15.1,98.6,50.0,61.5,62.8,SIDEWAYS,95.2,20.0,TACTICAL,,,,,
2026-05-20 01:19:11.661043,NATCOPHARM,NEW POSITION,69.2,1130.9,13.006327,24.7851,3.012,🟢 BUY (VALUE),0,Healthcare,1175.800048828125,,,3.97,,,92.0,51.2,4.2,73.0,50.0,61.5,62.0,SIDEWAYS,75.1,84.6,CORE,,,,,
2026-05-20 01:19:11.663606,ZYDUSLIFE,HOLD,64.4,1018.9,20.768446,18.8932,34.305,[POLICY OVERRIDE] action=HOLD | raw=🟢 BUY,0,Healthcare,1077.699951171875,,,5.77,,,87.6,52.6,45.1,71.4,50.0,76.4,59.2,SIDEWAYS,90.2,36.3,TACTICAL,,,,,
2026-05-20 01:19:11.665748,NMDC,HOLD,62.7,89.02,11.340127,22.03,11.21,🟡 HOLD,0,Basic Materials,92.27999877929688,,,3.66,,,90.3,41.4,15.0,71.0,50.0,69.7,56.5,SIDEWAYS,54.7,81.0,CORE,,,,,
2026-05-20 01:19:11.667729,ECLERX,HOLD,61.18,1553.8,20.86758,23.4669,15.04,🟡 HOLD,0,Technology,1507.800048828125,,,-2.96,,,88.3,46.5,29.3,59.4,50.0,33.5,59.5,SIDEWAYS,82.4,34.3,TACTICAL,,,,,
2026-05-20 01:19:11.674011,SAREGAMA,HOLD,59.6,394.3,36.81606,12.567,4.281,🟡 HOLD,0,Communication Services,417.29998779296875,,,5.83,,,64.1,53.3,77.1,65.4,50.0,34.6,58.9,SIDEWAYS,73.7,13.6,TACTICAL,,,,,
2026-05-20 01:19:11.683305,ZENSARTECH,HOLD,55.98,493.9,14.655786,16.4141,1.68,🟡 HOLD,0,Technology,494.1499938964844,,,0.05,,,82.2,35.7,11.2,52.2,50.0,34.1,55.3,SIDEWAYS,63.0,71.8,CORE,,,,,
2026-05-20 01:19:11.685209,GROWW,HOLD,55.13,186.46,54.841175,28.718,3.028,🟡 HOLD,0,Financial Services,187.35000610351562,,,0.48,,,74.5,34.7,0.0,59.4,50.0,28.8,50.8,SIDEWAYS,100.0,0.0,TACTICAL,,,,,
2026-05-20 01:19:11.688342,UCOBANK,SELL,54.03000000000001,24.77,11.208145,8.631,0.0,[POLICY OVERRIDE] action=SELL | raw=🟡 HOLD,0,Financial Services,25.540000915527344,,,3.11,,,75.2,35.1,5.3,49.0,50.0,48.6,51.2,SIDEWAYS,51.2,86.3,CORE,,,,,
2026-05-20 01:19:11.690344,PWL,HOLD,53.59,113.34,92.84684,-14.1613,67.044,🟡 HOLD,0,Consumer Defensive,111.98999786376953,,,-1.19,,,34.7,56.4,25.9,94.4,50.0,24.1,51.1,SIDEWAYS,41.9,0.0,TACTICAL,,,,,
2026-05-20 01:19:11.695558,PGEL,HOLD,48.78,466.15,47.517838,10.1759,20.346,[POLICY OVERRIDE] action=HOLD | raw=🟠 WEAK SELL,0,Technology,476.04998779296875,,,2.12,,,52.5,35.0,15.0,49.4,50.0,23.7,49.6,SIDEWAYS,96.8,20.7,TACTICAL,,,,,
2026-05-20 01:19:11.699702,PCBL,HOLD,39.8,273.55,40.4062,5.125,124.132,[POLICY OVERRIDE] action=HOLD | raw=🔴 SELL,0,Basic Materials,287.5,,,5.1,,,35.0,34.2,15.5,53.0,50.0,33.9,36.1,SIDEWAYS,0.0,31.8,TACTICAL,,,,,
2026-05-20 01:52:01.085811,HEXT,NEW POSITION,69.6,510.55,22.600708,22.272,10.521,🟢 BUY (VALUE),0,Technology,508.0,,,-0.5,,,89.2,63.8,23.2,88.9,50.0,26.8,66.1,SIDEWAYS,60.2,34.1,TACTICAL,,,,,
2026-05-20 02:50:31.506300,HINDCOPPER,NEW POSITION,67.5,569.5,60.137276,30.602,3.319,🟢 BUY,0,Basic Materials,555.3499755859375,,,-2.48,,,72.3,48.7,24.1,64.4,50.0,24.8,59.3,SIDEWAYS,100.0,20.0,TACTICAL,,,,,
2026-05-20 02:50:31.508425,HINDZINC,NEW POSITION,67.4,632.6,19.33374,48.4646,39.034,🟢 BUY,0,Basic Materials,648.8499755859375,,,2.57,,,85.5,50.8,20.0,69.7,50.0,52.0,60.2,SIDEWAYS,95.4,38.6,TACTICAL,,,,,
2026-05-20 03:29:05.033066,GLAND,NEW POSITION,68.16,2251.1,36.115837,10.532,2.738,🟢 BUY,0,Healthcare,2313.0,,,2.75,,,68.6,52.5,96.5,73.0,50.0,63.7,67.1,SIDEWAYS,90.0,31.2,TACTICAL,,,,,
2026-05-20 03:29:05.036795,MUTHOOTFIN,NEW POSITION,66.58,3303.6,12.516956,30.406,248.239,🟢 BUY (VALUE) (CONCENTRATION RISK),0,Financial Services,3306.89990234375,,,0.1,,,72.8,38.0,58.5,63.3,50.0,52.6,58.3,SIDEWAYS,100.0,71.7,TACTICAL,,,,,
2026-05-20 03:29:05.043441,RRKABEL,NEW POSITION,63.14,1918.9,44.173576,20.826,13.092,🟢 BUY,0,Industrials,1951.0,,,1.67,,,68.8,74.3,20.0,85.8,50.0,51.5,56.3,SIDEWAYS,82.9,20.0,TACTICAL,,,,,
2026-05-20 03:29:05.064127,UNIONBANK,WEAK SELL,49.13,158.96,6.2459726,15.708,0.0,🟠 WEAK SELL,0,Financial Services,168.72000122070312,,,6.14,,,79.1,36.3,10.0,49.9,50.0,50.1,42.8,SIDEWAYS,53.9,86.2,CORE,,,,,
2026-05-20 11:27:41.378415,TRITURBINE,NEW POSITION,76.15,646.4,58.92434,29.3659,2.946,🟢 STRONG BUY (SIDEWAYS-Q1: MEDIUM),0,Industrials,719.1500244140625,,,11.25,,,68.8,72.5,86.7,96.9,50.0,63.2,70.7,SIDEWAYS,61.5,20.0,TACTICAL,,,,,
2026-05-20 11:27:41.380452,BLS,NEW POSITION,74.05,279.45,16.79387,29.3632,16.545,🟢 BUY (VALUE) (SIDEWAYS-Q1: MEDIUM),0,Industrials,264.8500061035156,,,-5.22,,,85.2,35.9,86.0,81.8,50.0,33.0,67.6,SIDEWAYS,89.2,34.7,TACTICAL,,,,,
2026-05-20 11:27:41.382563,GPIL,NEW POSITION,70.3,318.0,27.040815,16.5444,3.643,🟢 BUY (SIDEWAYS-Q1: MEDIUM),0,Basic Materials,281.79998779296875,,,-11.38,,,79.6,58.9,73.4,94.0,50.0,63.5,65.1,SIDEWAYS,42.0,42.6,TACTICAL,,,,,
2026-05-20 11:27:41.384580,GODFRYPHLP,HOLD,66.86,2292.0,23.433187,26.593,3.757,[POLICY OVERRIDE] action=HOLD | raw=🟢 BUY (VALUE),0,Consumer Defensive,2310.89990234375,,,0.82,,,92.9,51.4,44.7,67.9,50.0,15.1,62.1,SIDEWAYS,100.0,23.6,TACTICAL,,,,,
2026-05-20 11:27:41.389828,VEDL,HOLD,59.3,337.35,18.814835,20.404,48.044,🟡 HOLD,0,Basic Materials,354.70001220703125,,,5.14,,,80.2,42.3,20.0,77.1,50.0,12.0,54.1,SIDEWAYS,54.4,63.6,TACTICAL,,,,,
2026-05-20 11:27:41.394612,BLUEJET,HOLD,56.8,433.45,25.608746,26.935,1.643,🟡 HOLD,0,Healthcare,449.3500061035156,,,3.67,,,85.9,41.6,36.3,65.9,50.0,16.1,50.6,SIDEWAYS,5.2,32.8,TACTICAL,,,,,
2026-05-20 11:27:41.401308,FIRSTCRY,HOLD,50.96000000000001,219.08,500.0,-4.0382,31.483,🟡 HOLD,0,Consumer Cyclical,229.52999877929688,,,4.77,,,36.6,18.4,67.9,45.2,50.0,15.4,48.7,SIDEWAYS,70.9,27.9,TACTICAL,,,,,
2026-05-20 11:27:41.406265,PARADEEP,WEAK SELL,48.400000000000006,123.69,12.884375,14.6897,101.822,🟠 WEAK SELL,0,Basic Materials,125.95999908447266,,,1.84,,,63.6,25.0,10.0,62.6,50.0,26.1,43.7,SIDEWAYS,55.5,88.3,TACTICAL,,,,,
2026-05-20 11:27:41.411618,ICICIGI,WEAK SELL,47.64,1805.3,32.469425,17.851,0.0,🟠 WEAK SELL,0,Financial Services,1792.199951171875,,,-0.73,,,82.5,47.0,10.0,69.3,50.0,70.5,42.1,SIDEWAYS,59.5,20.0,TACTICAL,,,,,
2026-05-20 11:27:41.416593,INDIANB,WEAK SELL,45.540000000000006,815.45,9.388096,15.442,0.0,🟠 WEAK SELL,0,Financial Services,833.3499755859375,,,2.2,,,83.5,22.0,20.0,50.9,50.0,59.3,41.0,SIDEWAYS,54.1,82.6,CORE,,,,,
2026-05-20 11:27:41.419027,OLAELEC,HOLD,45.46000000000001,37.17,0.0,-44.2543,71.879,[POLICY OVERRIDE] action=HOLD | raw=🟠 WEAK SELL,0,Consumer Cyclical,39.2400016784668,,,5.57,,,36.3,40.2,14.2,88.3,50.0,7.3,43.7,SIDEWAYS,3.2,22.3,TACTICAL,,,,,
2026-05-20 11:27:41.422451,NEWGEN,HOLD,44.120000000000005,450.0,21.327013,18.251,2.214,[POLICY OVERRIDE] action=HOLD | raw=🟠 WEAK SELL,0,Technology,438.04998779296875,,,-2.66,,,81.8,24.7,20.0,54.2,50.0,18.9,42.1,SIDEWAYS,27.6,41.1,TACTICAL,,,,,
2026-05-20 11:27:41.424594,RPOWER,HOLD,40.42,26.86,38.927536,18.0437,92.224,[POLICY OVERRIDE] action=HOLD | raw=🟠 WEAK SELL,0,Utilities,27.649999618530273,,,2.94,,,54.6,18.8,10.0,63.3,50.0,9.3,38.4,SIDEWAYS,31.5,40.0,TACTICAL,,,,,
2026-05-20 11:27:41.426492,KAYNES,WEAK SELL,36.220000000000006,3032.9,55.74343,9.568,19.168,🔴 SELL,0,Technology,3229.60009765625,,,6.49,,,50.6,18.7,20.0,48.8,50.0,19.6,35.7,SIDEWAYS,50.0,6.3,TACTICAL,,,,,
2026-05-20 12:07:04.182040,GESHIP,NEW POSITION,79.92,1666.6,8.100514,18.849,6.409,🟢 STRONG BUY (UNDERVALUED) (SIDEWAYS-Q1: MEDIUM),0,Industrials,1511.300048828125,,,-9.32,,,78.7,72.5,71.6,97.3,50.0,61.4,75.4,SIDEWAYS,100.0,81.7,CORE,,,,,
2026-05-20 12:07:04.191607,SOLARINDS,HOLD,68.5,18141.0,98.17621,31.332,23.271,[POLICY OVERRIDE] action=HOLD | raw=🟢 BUY,0,Basic Materials,18653.0,,,2.82,,,71.1,75.2,42.5,98.3,50.0,65.6,63.3,SIDEWAYS,95.5,20.0,TACTICAL,,,,,
2026-05-20 12:07:04.195702,CAPLIPOINT,NEW POSITION,63.900000000000006,2021.1,24.009266,19.939,0.127,🟢 BUY,0,Healthcare,2024.5,,,0.17,,,84.9,75.4,20.0,92.7,50.0,57.4,58.7,SIDEWAYS,69.2,36.2,TACTICAL,,,,,
2026-05-20 12:07:04.197863,GVT&D,NEW POSITION,63.82,4600.6,95.36899,48.6116,0.892,🟢 BUY,0,Industrials,5097.7001953125,,,10.81,,,74.9,54.4,45.6,91.0,50.0,57.6,59.3,SIDEWAYS,96.0,20.0,TACTICAL,,,,,
2026-05-20 12:07:04.205652,LICI,WEAK SELL,49.6,806.4,9.621764,37.9798,0.0,🟠 WEAK SELL,0,Financial Services,415.0,,,-48.54,,,93.4,44.6,10.0,70.6,50.0,63.7,46.4,SIDEWAYS,67.1,51.7,TACTICAL,,,,,
2026-05-20 12:07:04.209228,BAJAJHLDNG,WEAK SELL,48.400000000000006,10300.0,11.889783,12.624,0.012,🟠 WEAK SELL,0,Financial Services,10556.0,,,2.49,,,84.5,42.1,10.0,66.4,50.0,50.1,46.7,SIDEWAYS,50.5,80.4,CORE,,,,,
2026-05-21 10:41:46.634257,TRITURBINE,INCREASE,75.0725,692.6,62.792385,24.184,2.946,🟢 STRONG BUY (SIDEWAYS-Q1: MEDIUM),0,Industrials,741.5,,,7.06,,,68.2,75.6,89.9,98.2,50.0,64.0,72.3,SIDEWAYS,61.5,20.0,TACTICAL,,,,,
2026-05-21 10:41:46.636689,IGIL,NEW POSITION,72.3,371.3,31.359797,43.002,10.116,🟢 BUY (SIDEWAYS-Q1: MEDIUM),0,Basic Materials,371.79998779296875,,,0.13,,,82.6,53.8,80.3,84.5,50.0,46.3,64.1,SIDEWAYS,46.5,6.7,TACTICAL,,,,,
2026-05-21 10:41:46.639132,ZYDUSLIFE,NEW POSITION,71.875,1038.7,20.7491,18.318,42.242,🟢 BUY (SIDEWAYS-Q1: MEDIUM),0,Healthcare,1077.699951171875,,,3.75,,,85.7,68.1,68.9,88.9,50.0,75.5,66.6,SIDEWAYS,62.5,51.2,TACTICAL,,,,,
2026-05-21 10:41:46.641263,ENRIN,NEW POSITION,71.31,3629.6,98.9801,25.109,4.483,🟢 BUY,0,Utilities,3872.10009765625,,,6.68,,,74.3,73.3,72.7,97.2,50.0,57.0,70.8,SIDEWAYS,88.7,20.0,TACTICAL,,,,,
2026-05-21 10:41:46.643310,GPIL,HOLD,70.92500000000001,299.8,23.831478,13.7866,3.643,[POLICY OVERRIDE] action=HOLD | raw=🟢 BUY (SIDEWAYS-Q1: MEDIUM),0,Basic Materials,288.04998779296875,,,-3.92,,,79.2,47.7,89.1,87.6,50.0,60.6,66.0,SIDEWAYS,42.0,51.2,TACTICAL,,,,,
2026-05-21 10:41:46.646086,BLS,HOLD,70.3325,269.25,16.18089,27.8753,16.545,[POLICY OVERRIDE] action=HOLD | raw=🟢 BUY (VALUE) (SIDEWAYS-Q1: MEDIUM),0,Industrials,260.8999938964844,,,-3.1,,,86.0,32.0,91.6,61.6,50.0,31.9,65.1,SIDEWAYS,89.2,36.1,TACTICAL,,,,,
2026-05-21 10:41:46.648305,GESHIP,HOLD,69.32000000000001,1689.8,8.215675,18.849,6.409,[POLICY OVERRIDE] action=HOLD | raw=🟢 BUY (VALUE),0,Industrials,1418.9000244140625,,,-16.03,,,79.0,72.9,20.0,97.8,50.0,62.2,63.1,SIDEWAYS,100.0,81.4,CORE,,,,,
2026-05-21 10:41:46.652375,GLAND,HOLD,66.5,2264.0,36.392864,10.532,2.738,[POLICY OVERRIDE] action=HOLD | raw=🟢 BUY,0,Healthcare,2250.0,,,-0.62,,,68.4,75.2,27.7,92.9,50.0,63.3,59.3,SIDEWAYS,90.0,31.0,TACTICAL,,,,,
2026-05-21 10:41:46.655084,ACUTAAS,NEW POSITION,65.80000000000001,2985.0,85.62823,23.516,2.081,🟢 BUY,0,Basic Materials,3132.5,,,4.94,,,68.1,74.1,27.6,98.9,50.0,61.6,59.7,SIDEWAYS,95.2,20.0,TACTICAL,,,,,
2026-05-21 10:41:46.657207,SOLARINDS,HOLD,64.45,18320.0,98.63249,31.332,23.271,[POLICY OVERRIDE] action=HOLD | raw=🟢 BUY,0,Basic Materials,18247.0,,,-0.4,,,71.1,75.2,20.0,98.4,50.0,66.0,57.9,SIDEWAYS,95.5,20.0,TACTICAL,,,,,
2026-05-21 10:41:46.659301,CAPLIPOINT,HOLD,64.035,2026.4,24.097992,19.939,0.127,[POLICY OVERRIDE] action=HOLD | raw=🟢 BUY,0,Healthcare,2024.5,,,-0.09,,,84.9,74.9,20.0,92.7,50.0,57.5,59.0,SIDEWAYS,69.2,41.9,TACTICAL,,,,,
2026-05-21 10:41:46.661539,GODFRYPHLP,HOLD,63.03,2325.0,23.7876,26.593,3.757,[POLICY OVERRIDE] action=HOLD | raw=🟢 BUY (VALUE),0,Consumer Defensive,2282.800048828125,,,-1.82,,,92.7,54.8,20.0,71.2,50.0,15.6,57.3,SIDEWAYS,100.0,22.8,TACTICAL,,,,,
2026-05-21 10:41:46.672550,BAJAJHLDNG,HOLD,50.86600000000001,10662.0,12.316045,12.624,0.012,[POLICY OVERRIDE] action=HOLD | raw=🟠 WEAK SELL,0,Financial Services,10361.0,,,-2.82,,,85.1,53.6,10.0,76.4,50.0,51.5,50.9,SIDEWAYS,50.5,79.2,CORE,,,,,
2026-05-21 10:41:46.679624,ZENSARTECH,WEAK SELL,47.81450000000001,493.95,14.665974,16.4141,1.68,🟠 WEAK SELL,0,Technology,494.1499938964844,,,0.04,,,82.2,23.7,20.0,66.3,50.0,34.1,46.6,SIDEWAYS,63.0,71.8,CORE,,,,,
2026-05-21 10:41:46.682673,GROWW,WEAK SELL,43.111,191.88,56.60177,28.718,3.028,🟠 WEAK SELL,0,Financial Services,184.88999938964844,,,-3.64,,,74.5,18.4,0.0,76.8,50.0,30.6,39.5,SIDEWAYS,100.0,0.0,TACTICAL,,,,,
2026-05-21 10:41:46.684804,GVTD,HOLD,0.0,4834.5,0.0,0.0,0.0,[POLICY OVERRIDE] action=HOLD | raw=SKIP - Data Invalid,0,Unknown,,,,,,,,,,,,,,SIDEWAYS,,,,,,,,
2026-05-21 10:56:10.720167,PWL,WEAK SELL,47.6,110.71,90.692375,-14.1613,67.044,🟠 WEAK SELL,0,Consumer Defensive,106.72000122070312,,,-3.6,,,34.7,47.6,20.0,81.8,50.0,23.4,46.6,SIDEWAYS,65.5,0.0,TACTICAL,,,,,
2026-05-21 15:13:55.054555,HONAUT,NEW POSITION,70.78,35060.0,58.968967,12.9662,2.215,🟢 BUY (SIDEWAYS-Q1: MEDIUM),0,Industrials,35520.0,,,1.31,,,58.4,63.3,98.1,89.8,50.0,58.9,68.7,SIDEWAYS,49.5,20.0,TACTICAL,,,,,
2026-05-21 16:58:03.323996,NATCOPHARM,NEW POSITION,76.44,1174.3,13.505464,24.7851,3.012,🟢 BUY (VALUE) (SIDEWAYS-Q1: MEDIUM),0,Healthcare,1015.9000244140625,,,-13.49,,,92.9,61.0,10.0,84.7,50.0,63.5,70.2,SIDEWAYS,75.1,82.7,TACTICAL,,,,,
2026-05-21 16:58:03.329142,MAHABANK,NEW POSITION,74.84,79.76,8.745614,22.66,0.0,🟢 BUY (VALUE) (SIDEWAYS-Q1: MEDIUM),0,Financial Services,79.2699966430664,,,-0.61,,,88.0,45.0,10.0,89.4,50.0,59.6,68.3,SIDEWAYS,87.3,80.8,CORE,,,,,
2026-05-21 16:58:03.339891,GVT&D,HOLD,71.4755,4794.6,99.39055,55.261,0.892,[POLICY OVERRIDE] action=HOLD | raw=🟢 BUY (SIDEWAYS-Q1: MEDIUM),0,Industrials,5148.60009765625,,,7.38,,,74.9,58.5,66.0,97.7,50.0,58.4,70.1,SIDEWAYS,96.0,20.0,TACTICAL,,,,,
2026-05-21 16:58:03.348589,LICI,SELL,65.26,800.2,9.546648,37.9798,0.0,[POLICY OVERRIDE] action=SELL | raw=🟢 BUY (VALUE),0,Financial Services,411.3500061035156,,,-48.59,,,93.3,44.0,20.2,73.5,50.0,63.3,62.4,SIDEWAYS,67.1,52.0,TACTICAL,,,,,
2026-05-21 17:06:39.256801,AIIL,NEW POSITION,74.53825000000002,527.2,12.314879,28.8741,20.291,🟢 BUY (VALUE) (SIDEWAYS-Q1: MEDIUM),0,Financial Services,478.75,,,-9.19,,,91.2,66.9,37.8,83.6,50.0,38.6,67.8,SIDEWAYS,3.9,77.9,TACTICAL,,,,,
2026-05-21 17:06:39.259061,BSE,NEW POSITION,74.46225000000001,4186.9,78.77516,36.003,0.0,🟢 BUY (SIDEWAYS-Q1: MEDIUM),0,Financial Services,4146.10009765625,,,-0.97,,,75.0,73.2,25.3,98.9,50.0,57.8,72.1,SIDEWAYS,100.0,20.0,TACTICAL,,,,,
2026-05-21 17:06:39.268314,BAJAJ-AUTO,HOLD,67.76079999999999,10667.0,27.780817,28.046,56.289,[POLICY OVERRIDE] action=HOLD | raw=🟢 BUY,0,Consumer Cyclical,10460.0,,,-1.94,,,84.4,67.7,27.0,84.0,50.0,75.8,65.2,SIDEWAYS,99.4,14.1,TACTICAL,,,,,
2026-05-21 17:06:39.272920,SAREGAMA,SELL,64.74950000000001,406.4,37.87512,12.567,4.281,[POLICY OVERRIDE] action=SELL | raw=🟢 BUY,0,Communication Services,424.1499938964844,,,4.37,,,63.3,74.4,20.0,93.5,50.0,35.8,68.4,SIDEWAYS,73.7,11.9,TACTICAL,,,,,
2026-05-21 17:06:39.278868,ECLERX,SELL,63.567975,1537.0,20.661379,27.5713,15.04,[POLICY OVERRIDE] action=SELL | raw=🟢 BUY (VALUE),0,Technology,1507.800048828125,,,-1.9,,,89.9,52.0,38.8,61.0,50.0,32.8,60.8,SIDEWAYS,82.4,34.7,TACTICAL,,,,,
2026-05-21 17:20:24.133448,OFSS,NEW POSITION,72.984395,9730.5,32.243687,32.606,0.415,🟢 BUY (SIDEWAYS-Q1: MEDIUM),0,Technology,9964.0,,,2.4,,,89.5,67.6,36.5,97.9,50.0,65.9,70.5,SIDEWAYS,75.4,20.0,TACTICAL,,,,,
2026-05-22 12:08:44.173617,GESHIP,HOLD,78.73080125000001,1671.7,8.128464,18.849,6.409,[POLICY OVERRIDE] action=HOLD | raw=🟢 STRONG BUY (UNDERVALUED) (SIDEWAYS-Q1: MEDIUM),0,Industrials,,,,,,,78.8,73.3,20.0,97.8,50.0,66.3,75.1,SIDEWAYS,86.8,81.6,CORE,,,,,
2026-05-22 12:08:44.183401,CAPLIPOINT,HOLD,75.9533925,2024.3,24.078745,19.939,0.127,[POLICY OVERRIDE] action=HOLD | raw=🟢 STRONG BUY (SIDEWAYS-Q1: MEDIUM),0,Healthcare,,,,,,,84.9,73.9,20.0,92.6,50.0,57.7,71.4,SIDEWAYS,69.2,42.0,TACTICAL,,,,,
2026-05-22 12:08:44.185462,ENRIN,HOLD,75.72800306250002,3553.0,96.49647,25.109,4.483,[POLICY OVERRIDE] action=HOLD | raw=🟢 STRONG BUY (SIDEWAYS-Q1: MEDIUM),0,Utilities,,,,,,,74.3,68.1,77.6,97.3,50.0,55.2,73.7,SIDEWAYS,88.7,20.0,TACTICAL,,,,,
2026-05-22 12:08:44.187459,TRITURBINE,HOLD,75.29101718750002,701.65,63.728428,24.184,2.946,[POLICY OVERRIDE] action=HOLD | raw=🟢 STRONG BUY (SIDEWAYS-Q1: MEDIUM),0,Industrials,,,,,,,68.3,75.5,53.7,98.4,50.0,62.0,71.5,SIDEWAYS,61.5,20.0,TACTICAL,,,,,
2026-05-22 12:08:44.191423,ZYDUSLIFE,HOLD,73.97906640625001,1041.8,20.811028,18.318,42.242,[POLICY OVERRIDE] action=HOLD | raw=🟢 STRONG BUY (SIDEWAYS-Q1: MEDIUM),0,Healthcare,,,,,,,85.6,71.1,50.4,89.4,50.0,75.7,68.7,SIDEWAYS,62.5,51.0,TACTICAL,,,,,
2026-05-22 12:08:44.193841,GVT&D,HOLD,73.55091593750001,4908.7,102.37122,55.261,0.892,[POLICY OVERRIDE] action=HOLD | raw=🟢 STRONG BUY (SIDEWAYS-Q1: MEDIUM),0,Industrials,,,,,,,74.9,63.0,29.1,98.1,50.0,59.8,70.1,SIDEWAYS,96.0,20.0,TACTICAL,,,,,
2026-05-22 12:08:44.196160,GLAND,HOLD,72.807889375,2342.1,37.630142,10.532,2.738,[POLICY OVERRIDE] action=HOLD | raw=🟢 BUY (SIDEWAYS-Q1: MEDIUM),0,Healthcare,,,,,,,67.5,75.2,20.0,96.5,50.0,69.1,70.1,SIDEWAYS,86.2,29.7,TACTICAL,,,,,
2026-05-22 12:08:44.198263,IGIL,HOLD,71.66023437500002,375.05,31.623102,30.3103,9.594,[POLICY OVERRIDE] action=HOLD | raw=🟢 BUY (SIDEWAYS-Q1: MEDIUM),0,Basic Materials,,,,,,,82.5,61.0,81.4,84.3,50.0,46.7,67.8,SIDEWAYS,76.0,6.1,TACTICAL,,,,,
2026-05-22 12:08:44.200506,GODFRYPHLP,HOLD,71.125352,2313.3,23.653374,26.593,3.757,[POLICY OVERRIDE] action=HOLD | raw=🟢 BUY (VALUE) (SIDEWAYS-Q1: MEDIUM),0,Consumer Defensive,,,,,,,92.8,57.4,20.0,71.0,50.0,15.5,67.4,SIDEWAYS,100.0,23.1,TACTICAL,,,,,
2026-05-22 12:08:44.202647,HONASA,HOLD,69.8947395,398.4,64.991844,6.1608,11.184,[POLICY OVERRIDE] action=HOLD | raw=🟢 BUY,0,Consumer Defensive,,,,,,,46.9,72.7,97.1,99.1,50.0,68.4,70.5,SIDEWAYS,83.1,0.0,TACTICAL,,,,,
2026-05-22 12:08:44.205101,GPIL,HOLD,68.73695312500001,291.8,23.177124,14.866,7.582,[POLICY OVERRIDE] action=HOLD | raw=🟢 BUY,0,Basic Materials,,,,,,,80.0,40.0,89.8,79.4,50.0,53.9,63.0,SIDEWAYS,67.2,53.4,TACTICAL,,,,,
2026-05-22 12:08:44.207171,BAJAJ-AUTO,HOLD,67.23436,10605.0,27.616468,28.046,56.289,[POLICY OVERRIDE] action=HOLD | raw=🟢 BUY,0,Consumer Cyclical,,,,,,,84.5,65.2,27.6,83.4,50.0,75.5,63.6,SIDEWAYS,99.4,14.4,TACTICAL,,,,,
2026-05-22 12:08:44.210127,LICI,SELL,66.66568749999999,819.95,9.028297,37.9798,0.0,[POLICY OVERRIDE] action=SELL | raw=🟢 BUY (VALUE),0,Financial Services,,,,,,,92.5,50.8,68.3,82.7,50.0,64.4,64.8,SIDEWAYS,67.1,50.3,TACTICAL,,,,,
2026-05-22 12:08:44.212138,POLYCAB,HOLD,66.64228385937501,9256.5,52.40913,24.581,2.558,[POLICY OVERRIDE] action=HOLD | raw=🟢 BUY,0,Industrials,,,,,,,74.2,72.5,20.0,87.0,50.0,70.2,64.7,SIDEWAYS,67.5,20.0,TACTICAL,,,,,
2026-05-22 12:08:44.214569,BLS,HOLD,65.6474390625,271.7,16.337946,30.143,15.468,[POLICY OVERRIDE] action=HOLD | raw=🟢 BUY (VALUE),0,Industrials,,,,,,,86.0,38.7,86.7,70.0,50.0,26.2,63.2,SIDEWAYS,76.7,35.7,TACTICAL,,,,,
2026-05-22 12:08:44.216719,SUNPHARMA,HOLD,64.2264825,1869.3,41.01141,15.1334,6.675,[POLICY OVERRIDE] action=HOLD | raw=🟢 BUY,0,Healthcare,,,,,,,72.2,69.4,20.0,78.2,50.0,79.5,59.1,SIDEWAYS,64.6,20.0,TACTICAL,,,,,
2026-05-22 12:08:44.225357,ZENSARTECH,WEAK SELL,56.72618125000001,493.05,14.630563,16.4141,1.68,[POLICY OVERRIDE] action=WEAK SELL | raw=🟡 HOLD,0,Technology,,,,,,,82.3,26.9,20.0,66.9,50.0,34.2,56.1,SIDEWAYS,63.0,71.9,CORE,,,,,
2026-05-22 12:08:44.228594,GROWW,WEAK SELL,52.275375,188.22,55.52212,28.718,3.028,🟠 WEAK SELL,0,Financial Services,,,,,,,74.5,19.0,0.0,59.5,50.0,29.9,47.9,SIDEWAYS,100.0,0.0,TACTICAL,,,,,
2026-05-22 18:58:22.560888,HEXT,NEW POSITION,78.02,514.05,22.765722,22.272,10.521,🟢 STRONG BUY (UNDERVALUED) (SIDEWAYS-Q1: MEDIUM),0,Technology,,,,,,,89.1,72.3,20.0,90.4,50.0,27.1,74.0,SIDEWAYS,60.2,33.4,TACTICAL,,,,,
2026-05-22 18:58:22.563113,DEEPAKFERT,NEW POSITION,77.8,1473.9,21.262262,14.9695,62.046,🟢 STRONG BUY (SIDEWAYS-Q1: MEDIUM),0,Basic Materials,,,,,,,72.5,74.4,52.5,95.2,50.0,46.2,74.1,SIDEWAYS,33.0,62.9,TACTICAL,,,,,
2026-05-22 18:58:22.565072,ACUTAAS,HOLD,77.60000000000001,2951.2,84.804596,23.516,2.081,[POLICY OVERRIDE] action=HOLD | raw=🟢 STRONG BUY (SIDEWAYS-Q1: MEDIUM),0,Basic Materials,,,,,,,68.0,74.5,29.0,98.7,50.0,60.4,72.4,SIDEWAYS,95.2,20.0,TACTICAL,,,,,
2026-05-22 18:58:22.578991,HINDALCO,HOLD,72.60000000000001,1109.2,15.335268,12.9344,57.571,[POLICY OVERRIDE] action=HOLD | raw=🟢 BUY (VALUE) (SIDEWAYS-Q1: MEDIUM),0,Basic Materials,,,,,,,76.3,60.8,36.6,96.7,50.0,70.2,68.9,SIDEWAYS,34.4,85.1,CORE,,,,,
2026-05-22 18:58:22.585490,VBL,HOLD,69.84,539.45,57.327312,15.5091,12.705,[POLICY OVERRIDE] action=HOLD | raw=🟢 BUY,0,Consumer Defensive,,,,,,,63.4,66.7,53.5,93.3,50.0,70.3,66.4,SIDEWAYS,69.0,20.0,TACTICAL,,,,,
2026-05-22 18:58:22.591716,ECLERX,SELL,66.92,1577.7,21.208496,27.5713,15.04,[POLICY OVERRIDE] action=SELL | raw=🟢 BUY (VALUE),0,Technology,,,,,,,89.6,59.4,20.0,72.2,50.0,33.8,64.9,SIDEWAYS,82.4,33.6,TACTICAL,,,,,
2026-05-22 18:58:22.594264,TORNTPHARM,HOLD,64.1,4486.2,66.91826,25.1789,33.4,[POLICY OVERRIDE] action=HOLD | raw=🟢 BUY,0,Healthcare,,,,,,,69.4,65.5,20.0,79.9,50.0,80.5,58.9,SIDEWAYS,71.8,20.0,TACTICAL,,,,,
2026-05-22 18:58:22.598662,BAJAJHLDNG,WEAK SELL,62.73,10483.0,12.112774,12.624,0.012,[POLICY OVERRIDE] action=WEAK SELL | raw=🟡 HOLD,0,Financial Services,,,,,,,84.8,48.8,17.4,66.7,50.0,51.1,58.7,SIDEWAYS,50.5,79.9,CORE,,,,,
2026-05-22 19:24:46.540368,J&KBANK,NEW POSITION,74.9,140.03,6.5373483,15.367,0.0,🟢 STRONG BUY (UNDERVALUED),0,Financial Services,,,,,,,72.4,64.0,35.3,95.4,50.0,66.0,70.4,SIDEWAYS,56.7,79.8,CORE,,,,,
2026-05-22 19:32:17.901450,BSE,HOLD,74.3,4193.8,79.50331,36.003,0.0,[POLICY OVERRIDE] action=HOLD | raw=🟢 STRONG BUY,0,Financial Services,,,,,,,75.0,73.0,20.0,98.9,50.0,58.1,72.8,SIDEWAYS,100.0,20.0,TACTICAL,,,,,
2026-05-22 19:32:17.907427,SOLARINDS,HOLD,72.9,18132.0,97.609825,31.332,23.271,[POLICY OVERRIDE] action=HOLD | raw=🟢 STRONG BUY,0,Basic Materials,,,,,,,71.1,75.3,20.0,98.1,50.0,65.4,71.4,SIDEWAYS,95.5,20.0,TACTICAL,,,,,
2026-05-22 19:32:17.925316,AIIL,HOLD,65.5,510.75,11.930623,28.8741,20.291,[POLICY OVERRIDE] action=HOLD | raw=🟢 BUY (VALUE),0,Financial Services,,,,,,,90.5,57.4,47.3,72.6,50.0,37.1,64.0,SIDEWAYS,3.9,79.3,TACTICAL,,,,,
2026-05-25 10:53:44.722306,IGIL,HOLD,72.4,382.4,32.242832,30.3103,9.594,[POLICY OVERRIDE] action=HOLD | raw=🟢 BUY (SIDEWAYS-Q1: MEDIUM),0,Basic Materials,,,,,,,82.1,67.7,68.4,80.6,50.0,47.6,67.2,SIDEWAYS,76.0,5.2,TACTICAL,,,,,
2026-05-25 10:53:44.724834,BSE,HOLD,70.96000000000001,4267.0,80.75322,36.003,0.0,[POLICY OVERRIDE] action=HOLD | raw=🟢 BUY (SIDEWAYS-Q1: MEDIUM),0,Financial Services,,,,,,,75.0,72.8,20.0,82.7,50.0,59.1,67.0,SIDEWAYS,100.0,20.0,TACTICAL,,,,,
2026-05-25 10:53:44.729841,CAPLIPOINT,HOLD,70.2,2069.0,24.584124,19.939,0.127,[POLICY OVERRIDE] action=HOLD | raw=🟢 BUY (SIDEWAYS-Q1: MEDIUM),0,Healthcare,,,,,,,84.6,74.3,0.0,77.9,50.0,58.8,65.0,SIDEWAYS,69.2,40.1,TACTICAL,,,,,
2026-05-25 10:53:44.732314,GESHIP,HOLD,70.03999999999999,1644.8,7.9937797,18.849,6.409,[POLICY OVERRIDE] action=HOLD | raw=🟢 BUY (VALUE) (SIDEWAYS-Q1: MEDIUM),0,Industrials,,,,,,,78.5,71.6,0.0,77.1,50.0,65.3,66.6,SIDEWAYS,86.8,81.9,CORE,,,,,
2026-05-25 10:53:44.734823,ACUTAAS,HOLD,70.0,2889.9,82.9954,23.516,2.081,[POLICY OVERRIDE] action=HOLD | raw=🟢 BUY (SIDEWAYS-Q1: MEDIUM),0,Basic Materials,,,,,,,68.0,73.9,26.2,77.3,50.0,59.2,64.8,SIDEWAYS,95.2,20.0,TACTICAL,,,,,
2026-05-25 10:53:44.737197,TRITURBINE,HOLD,68.94,700.0,63.463284,26.217,2.476,[POLICY OVERRIDE] action=HOLD | raw=🟢 BUY,0,Industrials,,,,,,,69.1,75.3,44.2,81.6,50.0,61.9,65.5,SIDEWAYS,66.8,20.0,TACTICAL,,,,,
2026-05-25 10:53:44.739528,GLAND,HOLD,68.4,2350.8,37.72144,10.532,2.738,[POLICY OVERRIDE] action=HOLD | raw=🟢 BUY,0,Healthcare,,,,,,,67.5,75.2,20.0,81.0,50.0,68.7,64.7,SIDEWAYS,86.2,29.5,TACTICAL,,,,,
2026-05-25 10:53:44.741970,GVT&D,HOLD,67.74,4821.4,100.42491,55.261,0.892,[POLICY OVERRIDE] action=HOLD | raw=🟢 BUY,0,Industrials,,,,,,,74.9,59.6,22.2,81.9,50.0,59.7,63.3,SIDEWAYS,96.0,20.0,TACTICAL,,,,,
2026-05-25 10:53:44.745419,ECLERX,SELL,67.73,1609.9,21.618101,29.0,15.012,[POLICY OVERRIDE] action=SELL | raw=🟢 BUY (VALUE),0,Technology,,,,,,,89.3,62.6,20.0,72.6,50.0,34.5,65.2,SIDEWAYS,74.7,32.8,TACTICAL,,,,,
2026-05-25 10:53:44.747756,ZYDUSLIFE,HOLD,67.3,1049.05,20.947485,18.318,42.242,[POLICY OVERRIDE] action=HOLD | raw=🟢 BUY,0,Healthcare,,,,,,,85.5,70.0,20.0,75.9,50.0,76.1,62.1,SIDEWAYS,62.5,50.4,TACTICAL,,,,,
2026-05-25 10:53:44.750128,ENRIN,HOLD,66.23,3442.6,93.44734,25.109,4.483,[POLICY OVERRIDE] action=HOLD | raw=🟢 BUY,0,Utilities,,,,,,,74.3,61.2,28.3,77.1,50.0,53.4,62.7,SIDEWAYS,88.7,20.0,TACTICAL,,,,,
2026-05-25 10:53:44.752460,AIIL,HOLD,66.16000000000001,509.2,11.897197,28.8741,20.291,[POLICY OVERRIDE] action=HOLD | raw=🟢 BUY (VALUE),0,Financial Services,,,,,,,90.4,60.6,23.6,68.4,50.0,37.0,62.2,SIDEWAYS,3.9,79.3,TACTICAL,,,,,
2026-05-25 10:53:44.754847,GODFRYPHLP,HOLD,65.83,2323.0,23.774435,26.593,3.757,[POLICY OVERRIDE] action=HOLD | raw=🟢 BUY (VALUE),0,Consumer Defensive,,,,,,,92.7,56.9,20.0,61.4,50.0,21.6,61.8,SIDEWAYS,81.8,22.8,TACTICAL,,,,,
2026-05-25 10:53:44.757448,BAJAJHLDNG,HOLD,64.96000000000001,10660.0,12.31089,12.624,0.012,[POLICY OVERRIDE] action=HOLD | raw=🟢 BUY (VALUE),0,Financial Services,,,,,,,85.1,52.2,13.6,73.5,50.0,51.8,61.5,SIDEWAYS,50.5,79.2,CORE,,,,,
2026-05-25 10:53:44.759828,BAJAJ-AUTO,HOLD,64.03,10481.5,27.295572,28.046,56.289,[POLICY OVERRIDE] action=HOLD | raw=🟢 BUY,0,Consumer Cyclical,,,,,,,84.8,61.3,26.0,75.4,50.0,74.9,60.0,SIDEWAYS,99.4,15.1,TACTICAL,,,,,
2026-05-25 10:53:44.762292,JBCHEPHARM,HOLD,63.900000000000006,2267.9,50.952595,17.0578,1.075,[POLICY OVERRIDE] action=HOLD | raw=🟢 BUY,0,Healthcare,,,,,,,63.5,68.7,23.1,78.2,50.0,78.5,58.7,SIDEWAYS,66.0,20.0,TACTICAL,,,,,
2026-05-25 10:53:44.764860,BLS,HOLD,59.34,269.55,16.189188,30.143,15.468,🟡 HOLD,0,Industrials,,,,,,,86.2,34.4,20.0,60.6,50.0,32.0,54.9,SIDEWAYS,74.5,41.0,TACTICAL,,,,,
2026-05-25 10:53:44.770774,ZENSARTECH,WEAK SELL,57.73,494.9,14.6941805,16.4141,1.68,[POLICY OVERRIDE] action=WEAK SELL | raw=🟡 HOLD,0,Technology,,,,,,,82.2,24.8,20.0,65.7,50.0,34.3,55.2,SIDEWAYS,63.0,71.7,CORE,,,,,
2026-05-25 10:53:44.774161,GROWW,SELL,57.46,190.42,56.00588,28.718,3.028,[POLICY OVERRIDE] action=SELL | raw=🟡 HOLD,0,Financial Services,,,,,,,74.5,18.9,0.0,75.8,50.0,30.6,53.5,SIDEWAYS,100.0,0.0,TACTICAL,,,,,
2026-05-25 18:54:24.748340,EMMVEE,NEW POSITION,74.4,290.25,16.894644,51.116,9.745,🟢 STRONG BUY (UNDERVALUED),0,Technology,,,,,,,88.2,64.8,47.0,75.8,50.0,37.9,68.9,SIDEWAYS,100.0,30.2,TACTICAL,,,,,
2026-05-25 18:54:24.751289,HEXT,HOLD,71.4,506.15,22.425787,22.272,10.521,[POLICY OVERRIDE] action=HOLD | raw=🟢 STRONG BUY (UNDERVALUED),0,Technology,,,,,,,89.3,74.7,20.0,76.5,50.0,26.6,69.9,SIDEWAYS,60.2,34.9,TACTICAL,,,,,
2026-05-25 18:54:24.754443,MCX,NEW POSITION,69.7,3313.9,63.339066,37.883,0.113,🟢 BUY,0,Financial Services,,,,,,,74.4,71.5,21.7,80.1,50.0,56.3,66.2,SIDEWAYS,100.0,20.0,TACTICAL,,,,,
2026-05-25 18:54:24.766307,HINDPETRO,HOLD,67.1,403.35,4.7548037,30.929,85.369,[POLICY OVERRIDE] action=HOLD | raw=🟢 BUY (VALUE),0,Energy,,,,,,,71.4,59.8,10.0,74.1,50.0,46.2,64.6,SIDEWAYS,77.4,76.9,CORE,,,,,
2026-05-25 18:54:24.769365,SOLARINDS,EXIT,67.0,18377.0,99.36199,31.332,23.271,[POLICY OVERRIDE] action=EXIT | raw=🟢 BUY,0,Basic Materials,,,,,,,71.1,75.0,20.0,81.9,50.0,66.3,65.5,SIDEWAYS,95.5,20.0,TACTICAL,,,,,
2026-05-25 18:54:24.772425,NATCOPHARM,HOLD,66.9,1173.0,13.49672,24.7851,3.012,[POLICY OVERRIDE] action=HOLD | raw=🟢 BUY (VALUE),0,Healthcare,,,,,,,92.9,56.9,10.0,77.3,50.0,63.4,64.4,SIDEWAYS,75.1,82.7,TACTICAL,,,,,
2026-05-25 18:54:24.780994,HONASA,HOLD,65.1,391.25,64.03437,14.1619,11.184,[POLICY OVERRIDE] action=HOLD | raw=🟢 BUY,0,Consumer Defensive,,,,,,,54.8,71.0,100.0,82.7,50.0,68.2,65.1,SIDEWAYS,83.1,0.0,TACTICAL,,,,,
2026-05-25 18:54:24.795113,GPIL,WEAK SELL,49.8,285.05,22.640984,14.866,7.582,🟠 WEAK SELL,0,Basic Materials,,,,,,,80.4,30.5,20.0,59.5,50.0,57.8,49.8,SIDEWAYS,66.4,55.3,TACTICAL,,,,,
2026-05-31 14:43:35.687436,AIAENG,NEW POSITION,61.800000000000004,4503.6,33.112274,16.952,0.128,[POLICY OVERRIDE] action=NEW POSITION | raw=🎯 ORACLE+TURBO POOL,0,Industrials,,,,,,,78.3,74.8,99.2,94.2,50.0,71.4,74.6,SIDEWAYS,73.7,20.0,TACTICAL,61.800000000000004,83.875,61.800000000000004,fq_score,nan
2026-05-31 14:43:35.690421,ZYDUSLIFE,HOLD,-17.549999999999997,1077.7,21.506683,18.318,42.242,[POLICY OVERRIDE] action=HOLD | raw=⚪ OUT OF ORACLE POOL,0,Healthcare,,,,,,,85.1,75.1,20.0,92.1,50.0,76.2,56.7,SIDEWAYS,62.5,48.1,TACTICAL,-17.549999999999997,63.605000000000004,-17.549999999999997,fq_score,⚪ HOLD - MONITOR
2026-05-31 14:43:35.693748,GVT&D,HOLD,-5.800000000000001,5148.6,106.37603,55.261,0.892,[POLICY OVERRIDE] action=HOLD | raw=⚪ OUT OF ORACLE POOL,0,Industrials,,,,,,,74.9,75.2,31.8,99.2,50.0,60.8,61.9,SIDEWAYS,96.0,20.0,TACTICAL,-5.800000000000001,68.89500000000001,-5.800000000000001,fq_score,⚪ HOLD - MONITOR
2026-05-31 14:43:35.696603,SOLARINDS,HOLD,-16.75,18247.0,98.0389,31.332,23.271,[POLICY OVERRIDE] action=HOLD | raw=⚪ OUT OF ORACLE POOL,0,Basic Materials,,,,,,,71.1,73.5,20.0,84.9,50.0,65.3,55.4,SIDEWAYS,95.5,20.0,TACTICAL,-16.75,59.865,-16.75,fq_score,⚪ HOLD - MONITOR
2026-05-31 14:43:35.699510,TRITURBINE,HOLD,-17.6,741.5,67.59344,26.217,2.476,[POLICY OVERRIDE] action=HOLD | raw=⚪ OUT OF ORACLE POOL,0,Industrials,,,,,,,69.4,75.2,20.0,98.5,50.0,61.3,56.3,SIDEWAYS,66.8,20.0,TACTICAL,-17.6,65.39,-17.6,fq_score,ORACLE_NO_RANK_SELL
2026-05-31 14:43:35.702736,COALINDIA,HOLD,67.3,457.9,9.074514,28.124,11.629,[POLICY OVERRIDE] action=HOLD | raw=🎯 ORACLE+TURBO POOL,0,Energy,,,,,,,90.7,35.6,85.1,59.9,50.0,75.9,60.8,SIDEWAYS,64.5,82.6,CORE,67.3,63.33,67.3,fq_score,nan
2026-05-31 14:43:35.705951,CAPLIPOINT,HOLD,-16.5,2024.5,24.095455,19.939,0.127,[POLICY OVERRIDE] action=HOLD | raw=⚪ OUT OF ORACLE POOL,0,Healthcare,,,,,,,84.9,73.0,20.0,80.9,50.0,57.5,56.6,SIDEWAYS,69.2,42.0,TACTICAL,-16.5,58.905,-16.5,fq_score,⚪ HOLD - MONITOR
2026-05-31 14:43:35.709006,GLAND,HOLD,-37.5,2250.0,36.10398,10.532,2.738,[POLICY OVERRIDE] action=HOLD | raw=⚪ OUT OF ORACLE POOL,0,Healthcare,,,,,,,68.6,75.0,0.0,78.6,50.0,66.2,49.7,SIDEWAYS,86.2,31.2,TACTICAL,-37.5,52.37,-37.5,fq_score,ORACLE_NO_RANK_SELL
2026-05-31 14:43:35.712435,ACUTAAS,HOLD,-10.500000000000004,3132.5,89.29589,23.516,2.081,[POLICY OVERRIDE] action=HOLD | raw=⚪ OUT OF ORACLE POOL,0,Basic Materials,,,,,,,68.2,74.4,26.7,91.0,50.0,60.8,55.5,SIDEWAYS,95.2,20.0,TACTICAL,-10.500000000000004,63.925,-10.500000000000004,fq_score,⚪ HOLD - MONITOR
2026-05-31 14:43:35.715707,BSE,HOLD,-13.549999999999997,4146.1,78.12512,36.003,0.0,[POLICY OVERRIDE] action=HOLD | raw=⚪ OUT OF ORACLE POOL,0,Financial Services,,,,,,,75.0,67.1,20.0,83.6,50.0,55.9,55.5,SIDEWAYS,100.0,20.0,TACTICAL,-13.549999999999997,58.9,-13.549999999999997,fq_score,⚪ HOLD - MONITOR
2026-05-31 14:43:35.718806,ENRIN,HOLD,-0.45000000000000284,3872.1,105.27733,25.109,4.483,[POLICY OVERRIDE] action=HOLD | raw=⚪ OUT OF ORACLE POOL,0,Utilities,,,,,,,74.3,75.5,37.3,91.7,50.0,55.1,59.4,SIDEWAYS,88.7,20.0,TACTICAL,-0.45000000000000284,67.27000000000001,-0.45000000000000284,fq_score,✅ KEEP & INCREASE
2026-05-31 14:43:35.721993,HINDPETRO,HOLD,-15.499999999999998,393.85,4.6444573,30.929,85.369,[POLICY OVERRIDE] action=HOLD | raw=⚪ OUT OF ORACLE POOL,0,Energy,,,,,,,71.1,57.8,13.4,71.1,50.0,44.9,53.0,SIDEWAYS,77.4,77.2,CORE,-15.499999999999998,51.125,-15.499999999999998,fq_score,⚪ HOLD - MONITOR
2026-05-31 14:43:35.725172,IGIL,HOLD,-11.350000000000001,371.8,31.349072,30.3103,9.594,[POLICY OVERRIDE] action=HOLD | raw=⚪ OUT OF ORACLE POOL,0,Basic Materials,,,,,,,82.7,62.7,20.0,82.4,50.0,46.5,48.4,SIDEWAYS,74.7,6.7,TACTICAL,-11.350000000000001,58.365,-11.350000000000001,fq_score,⚪ HOLD - MONITOR
2026-05-31 14:43:35.728237,NATCOPHARM,SELL,51.25,1015.9,12.820546,16.853,7.742,[POLICY OVERRIDE] action=SELL | raw=🎯 ORACLE+TURBO POOL,0,Healthcare,,,,,,,82.6,23.9,63.2,73.4,50.0,47.7,54.4,SIDEWAYS,16.3,87.3,TACTICAL,51.25,61.68000000000001,51.25,fq_score,⚠️ HOLD - ROTATION CANDIDATE
2026-05-31 14:43:35.731074,GPIL,SELL,-17.35,288.05,22.879269,14.866,7.582,[POLICY OVERRIDE] action=SELL | raw=⚪ OUT OF ORACLE POOL,0,Basic Materials,,,,,,,80.2,34.7,0.0,60.4,50.0,58.4,39.5,SIDEWAYS,66.4,54.5,TACTICAL,-17.35,41.63999999999999,-17.35,fq_score,⚪ HOLD - MONITOR
2026-05-31 14:43:35.735699,GESHIP,SELL,9.45,1418.9,6.8965683,18.849,6.409,[POLICY OVERRIDE] action=SELL | raw=⚪ OUT OF ORACLE POOL,0,Industrials,,,,,,,76.3,21.1,20.0,78.6,50.0,55.1,47.6,SIDEWAYS,86.8,86.1,CORE,9.45,52.364999999999995,9.45,fq_score,⚠️ HOLD - ROTATION CANDIDATE
2026-05-31 14:43:35.738773,BAJAJHLDNG,HOLD,5.75,10361.0,11.961717,12.624,0.012,[POLICY OVERRIDE] action=HOLD | raw=⚪ OUT OF ORACLE POOL,0,Financial Services,,,,,,,84.6,44.7,28.1,57.7,50.0,50.6,50.3,SIDEWAYS,50.5,80.4,CORE,5.75,48.80499999999999,5.75,fq_score,⚠️ HOLD - ROTATION CANDIDATE
2026-05-31 14:43:35.743190,HEXT,SWAP,-16.15,508.0,22.51773,22.272,10.521,[POLICY OVERRIDE] action=SWAP | raw=⚪ OUT OF ORACLE POOL,0,Technology,,,,,,,89.3,72.3,20.0,66.6,50.0,27.4,54.6,SIDEWAYS,60.2,34.5,TACTICAL,-16.15,53.335,-16.15,fq_score,⚪ HOLD - MONITOR
2026-05-31 14:43:35.746400,GODFRYPHLP,HOLD,-17.7,2282.8,23.365406,26.593,3.757,[POLICY OVERRIDE] action=HOLD | raw=⚪ OUT OF ORACLE POOL,0,Consumer Defensive,,,,,,,92.9,35.4,0.0,74.1,50.0,21.2,46.5,SIDEWAYS,81.8,23.8,TACTICAL,-17.7,47.825,-17.7,fq_score,ORACLE_NO_RANK_SELL
2026-05-31 14:43:35.749237,AIIL,SELL,13.799999999999997,478.75,7.769393,13.1118,24.59,[POLICY OVERRIDE] action=SELL | raw=⚪ OUT OF ORACLE POOL,0,Financial Services,,,,,,,71.4,40.2,33.9,51.8,50.0,34.3,46.5,SIDEWAYS,0.0,76.8,TACTICAL,13.799999999999997,46.785000000000004,13.799999999999997,fq_score,⚠️ HOLD - ROTATION CANDIDATE
2026-05-31 14:43:35.753785,BLS,SELL,-13.9,260.9,15.66967,30.143,15.468,[POLICY OVERRIDE] action=SELL | raw=⚪ OUT OF ORACLE POOL,0,Industrials,,,,,,,86.8,27.8,0.0,46.0,50.0,31.0,39.3,SIDEWAYS,74.5,43.7,TACTICAL,-13.9,35.52,-13.9,fq_score,⚪ HOLD - MONITOR
2026-05-31 14:43:35.756946,RVNL,HOLD,66.30000000000001,245.45,58.44048,8.981,49.078,📋 ORACLE WATCHLIST,0,Industrials,,,,,,,48.4,19.2,75.9,63.1,50.0,30.3,48.3,SIDEWAYS,27.1,4.4,TACTICAL,66.30000000000001,58.55500000000001,66.30000000000001,fq_score,nan
