symbol,fiscal_year,is_standard_period,roe,debt_to_equity,book_value_cr,bv_per_share,eps,net_profit_cr,equity_cr,borrowings_cr,revenue_cr,interest_expense_cr,revenue_growth_pct,earnings_growth_pct
ABB,Dec 2011,True,7.3,0.0,2534.0,60333.33,4404.76,185.0,2534.0,0.0,7449.0,46.0,,
ABB,Dec 2012,True,5.42,12.61,2601.0,61928.57,3357.14,141.0,2601.0,328.0,7608.0,57.0,2.13,-23.78
ABB,Dec 2024,True,26.46,0.73,7075.0,168452.38,44571.43,1872.0,7075.0,52.0,12188.0,16.0,60.2,1227.66
ABB,Dec 2025,True,21.29,1.08,7836.0,186571.43,39714.29,1668.0,7836.0,85.0,13203.0,20.0,8.33,-10.9
ABB,TTM,True,,,,,,2977.0,,0.0,13093.0,19.0,-0.83,78.48
ACC,Dec 2014,True,14.14,0.0,8218.0,43712.77,6180.85,1162.0,8218.0,0.0,11646.0,83.0,,
ACC,Dec 2015,True,6.97,0.0,8421.0,44792.55,3122.34,587.0,8421.0,0.0,11706.0,65.0,0.52,-49.48
ACC,Dec 2016,True,7.47,0.0,8813.0,46877.66,3500.0,658.0,8813.0,0.0,10990.0,79.0,-6.12,12.1
ACC,Dec 2017,True,9.89,0.0,9356.0,49765.96,4920.21,925.0,9356.0,0.0,13285.0,99.0,20.88,40.58
ACC,Dec 2018,True,14.44,0.0,10532.0,56021.28,8090.43,1521.0,10532.0,0.0,14802.0,88.0,11.42,64.43
ACC,Dec 2019,True,11.94,0.0,11544.0,61404.26,7329.79,1378.0,11544.0,0.0,15658.0,86.0,5.78,-9.4
ACC,Dec 2020,True,11.26,0.8,12699.0,67547.87,7606.38,1430.0,12699.0,102.0,13786.0,57.0,-11.96,3.77
ACC,Dec 2021,True,13.02,0.88,14309.0,76111.7,9909.57,1863.0,14309.0,126.0,16152.0,55.0,17.16,30.28
ACC,Mar 2023,True,,1.08,14138.0,75202.13,,,14138.0,153.0,,,,
ACC,"Mar 2023
            
            
              15m",False,,,,,,885.0,,0.0,22210.0,77.0,,
ACC,Mar 2024,True,14.31,2.17,16330.0,86861.7,12430.85,2337.0,16330.0,355.0,19959.0,155.0,,
ACC,Mar 2025,True,12.95,2.32,18555.0,98696.81,12776.6,2402.0,18555.0,430.0,21920.0,108.0,9.83,2.78
ACC,Mar 2026,True,10.4,2.09,20551.0,109313.83,11367.02,2137.0,20551.0,429.0,25962.0,112.0,18.44,-11.03
APLAPOLLO,Mar 2015,True,12.93,97.37,495.0,21521.74,2782.61,64.0,495.0,482.0,3090.0,66.0,,
APLAPOLLO,Mar 2016,True,17.81,114.81,567.0,24652.17,4391.3,101.0,567.0,651.0,4154.0,70.0,34.43,57.81
APLAPOLLO,Mar 2017,True,21.59,84.38,704.0,29333.33,6333.33,152.0,704.0,594.0,3924.0,72.0,-5.54,50.5
APLAPOLLO,Mar 2018,True,18.85,92.48,838.0,34916.67,6583.33,158.0,838.0,775.0,5335.0,81.0,35.96,3.95
APLAPOLLO,Mar 2019,True,15.35,89.0,964.0,40166.67,6166.67,148.0,964.0,858.0,7152.0,113.0,34.06,-6.33
APLAPOLLO,Mar 2020,True,18.88,61.5,1356.0,54240.0,10240.0,256.0,1356.0,834.0,7723.0,107.0,7.98,72.97
APLAPOLLO,Mar 2021,True,24.07,30.68,1695.0,67800.0,16320.0,408.0,1695.0,520.0,8500.0,66.0,10.06,59.38
APLAPOLLO,Mar 2022,True,25.12,23.58,2464.0,49280.0,12380.0,619.0,2464.0,581.0,13063.0,44.0,53.68,51.72
APLAPOLLO,Mar 2023,True,21.36,29.05,3005.0,54636.36,11672.73,642.0,3005.0,873.0,16166.0,67.0,23.75,3.72
APLAPOLLO,Mar 2024,True,20.31,31.73,3605.0,64375.0,13071.43,732.0,3605.0,1144.0,18119.0,113.0,12.08,14.02
APLAPOLLO,Mar 2025,True,17.99,15.06,4209.0,75160.71,13517.86,757.0,4209.0,634.0,20690.0,133.0,14.19,3.42
APLAPOLLO,Mar 2026,True,22.71,9.4,5297.0,94589.29,21482.14,1203.0,5297.0,498.0,23079.0,125.0,11.55,58.92
AUBANK,Mar 2014,True,15.56,0.0,649.0,15093.02,2348.84,101.0,649.0,0.0,,317.0,,
AUBANK,Mar 2015,True,19.45,0.0,838.0,19045.45,3704.55,163.0,838.0,0.0,,334.0,,61.39
AUBANK,Mar 2016,True,23.17,0.0,1066.0,24227.27,5613.64,247.0,1066.0,0.0,,492.0,,51.53
AUBANK,Mar 2017,True,38.35,0.0,1987.0,6996.48,2683.1,762.0,1987.0,0.0,,531.0,,208.5
ADANIENSOL,Mar 2015,True,-0.65,895.75,1083.0,993.58,-6.42,-7.0,1083.0,9701.0,131.0,73.0,,
ADANIENSOL,Mar 2016,True,13.77,321.29,2672.0,2429.09,334.55,368.0,2672.0,8585.0,2194.0,957.0,1574.81,
ADANIENSOL,Mar 2017,True,14.12,304.55,2947.0,2679.09,378.18,416.0,2947.0,8975.0,2876.0,904.0,31.08,13.04
ADANIENSOL,Mar 2018,True,18.87,172.16,6057.0,5506.36,1039.09,1143.0,6057.0,10428.0,3944.0,886.0,37.13,174.76
ADANIENSOL,Mar 2019,True,6.95,250.37,8043.0,7311.82,508.18,559.0,8043.0,20137.0,7305.0,1391.0,85.22,-51.09
ADANIENSOL,Mar 2020,True,8.31,285.28,8499.0,7726.36,641.82,706.0,8499.0,24246.0,11416.0,2238.0,56.28,26.3
ADANIENSOL,Mar 2021,True,14.46,303.79,8919.0,8108.18,1172.73,1290.0,8919.0,27095.0,9926.0,2117.0,-13.05,82.72
ADANIENSOL,Mar 2022,True,12.47,301.64,9913.0,9011.82,1123.64,1236.0,9913.0,29902.0,11258.0,2365.0,13.42,-4.19
ADANIENSOL,Mar 2023,True,10.9,291.68,11749.0,10537.22,1148.88,1281.0,11749.0,34270.0,13293.0,2781.0,18.08,3.64
ADANIENSOL,Mar 2024,True,9.46,293.25,12641.0,11337.22,1072.65,1196.0,12641.0,37070.0,16607.0,2767.0,24.93,-6.64
ADANIENSOL,Mar 2025,True,4.18,182.5,22068.0,18374.69,767.69,922.0,22068.0,40275.0,23767.0,3259.0,43.11,-22.91
ADANIENSOL,Mar 2026,True,9.41,193.4,25427.0,21171.52,1992.51,2393.0,25427.0,49176.0,27588.0,3633.0,16.08,159.54
ADANIENT,Mar 2015,True,8.93,324.83,25728.0,233890.91,20890.91,2298.0,25728.0,83571.0,64465.0,7056.0,,
ADANIENT,Mar 2016,True,7.47,143.29,13378.0,121618.18,9090.91,1000.0,13378.0,19169.0,34008.0,1357.0,-47.25,-56.48
ADANIENT,Mar 2017,True,6.54,147.47,14136.0,128509.09,8409.09,925.0,14136.0,20846.0,36533.0,1257.0,7.42,-7.5
ADANIENT,Mar 2018,True,3.94,116.89,15089.0,137172.73,5400.0,594.0,15089.0,17637.0,35924.0,1250.0,-1.67,-35.78
ADANIENT,Mar 2019,True,3.43,76.19,14756.0,134145.45,4600.0,506.0,14756.0,11243.0,40379.0,1625.0,12.4,-14.81
ADANIENT,Mar 2020,True,6.14,73.28,16947.0,154063.64,9454.55,1040.0,16947.0,12419.0,43403.0,1572.0,7.49,105.53
ADANIENT,Mar 2021,True,6.1,94.57,17159.0,155990.91,9509.09,1046.0,17159.0,16227.0,39537.0,1377.0,-8.91,0.58
ADANIENT,Mar 2022,True,3.54,186.93,22257.0,202336.36,7163.64,788.0,22257.0,41604.0,69420.0,2526.0,75.58,-24.67
ADANIENT,Mar 2023,True,7.33,160.96,33051.0,289921.05,21245.61,2422.0,33051.0,53200.0,127540.0,3969.0,83.72,207.36
ADANIENT,Mar 2024,True,8.53,167.14,39076.0,342771.93,29254.39,3335.0,39076.0,65310.0,96421.0,4555.0,-24.4,37.7
ADANIENT,Mar 2025,True,15.91,181.8,50314.0,437513.04,69608.7,8005.0,50314.0,91473.0,97895.0,5978.0,1.53,140.03
ADANIENT,Mar 2026,True,12.3,131.75,80926.0,627333.33,77139.53,9951.0,80926.0,106622.0,100469.0,6019.0,2.63,24.31
ADANIGREEN,Mar 2016,True,,2736.42,151.0,943.75,,,151.0,4132.0,,,,
ADANIGREEN,"Mar 2016
            
            
              15m",False,,,,,,-9.0,,0.0,28.0,23.0,,
ADANIGREEN,Mar 2017,True,-3.91,361.35,1203.0,944.27,-36.89,-47.0,1203.0,4347.0,502.0,334.0,,
ADANIGREEN,Mar 2018,True,-10.29,735.57,1341.0,857.42,-88.24,-138.0,1341.0,9864.0,1480.0,552.0,194.82,
ADANIGREEN,Mar 2019,True,-24.57,576.41,1933.0,1235.93,-303.71,-475.0,1933.0,11142.0,2058.0,1121.0,39.05,
ADANIGREEN,Mar 2020,True,-2.89,631.03,2356.0,1506.39,-43.48,-68.0,2356.0,14867.0,2549.0,995.0,23.86,
ADANIGREEN,Mar 2021,True,8.27,1100.41,2200.0,1406.65,116.37,182.0,2200.0,24209.0,3124.0,1953.0,22.56,
ADANIGREEN,Mar 2022,True,18.71,2021.12,2614.0,1671.36,312.66,489.0,2614.0,52832.0,5133.0,2617.0,64.31,168.68
ADANIGREEN,Mar 2023,True,13.32,742.37,7304.0,4611.11,614.27,973.0,7304.0,54223.0,7776.0,2911.0,51.49,98.98
ADANIGREEN,Mar 2024,True,11.84,609.45,10642.0,6718.43,795.45,1260.0,10642.0,64858.0,9220.0,5088.0,18.57,29.5
ADANIGREEN,Mar 2025,True,16.49,659.47,12137.0,7662.25,1263.26,2001.0,12137.0,80040.0,11212.0,5492.0,21.61,58.81
ADANIGREEN,Mar 2026,True,9.95,518.63,19965.0,12122.04,1206.44,1987.0,19965.0,103545.0,12928.0,6484.0,15.31,-0.7
ADANIPORTS,Mar 2015,True,21.59,165.13,10765.0,26002.42,5613.53,2324.0,10765.0,17776.0,6152.0,1175.0,,
ADANIPORTS,Mar 2016,True,21.15,165.44,13505.0,32620.77,6898.55,2856.0,13505.0,22342.0,7109.0,1124.0,15.56,22.89
ADANIPORTS,Mar 2017,True,22.26,126.75,17526.0,42333.33,9425.12,3902.0,17526.0,22214.0,8439.0,1116.0,18.71,36.62
ADANIPORTS,Mar 2018,True,17.65,107.02,20903.0,50490.34,8913.04,3690.0,20903.0,22370.0,11323.0,1579.0,34.17,-5.43
ADANIPORTS,Mar 2019,True,16.6,113.7,24372.0,58869.57,9770.53,4045.0,24372.0,27712.0,10925.0,1385.0,-3.51,9.62
ADANIPORTS,Mar 2020,True,14.87,118.8,25457.0,62701.97,9322.66,3785.0,25457.0,30242.0,11873.0,1951.0,8.68,-6.43
ADANIPORTS,Mar 2021,True,16.59,117.79,30441.0,74977.83,12435.96,5049.0,30441.0,35855.0,12550.0,2255.0,5.7,33.39
ADANIPORTS,Mar 2022,True,11.84,114.62,41821.0,99101.9,11736.97,4953.0,41821.0,47935.0,17119.0,2544.0,36.41,-1.9
ADANIPORTS,Mar 2023,True,11.88,117.72,45389.0,105067.13,12479.17,5391.0,45389.0,53434.0,20852.0,2363.0,21.81,8.84
ADANIPORTS,Mar 2024,True,15.35,93.73,52778.0,122171.3,18759.26,8104.0,52778.0,49470.0,26711.0,2733.0,28.1,50.32
ADANIPORTS,Mar 2025,True,17.76,82.9,62269.0,144141.2,25604.17,11061.0,62269.0,51621.0,30475.0,2813.0,14.09,36.49
ADANIPORTS,Mar 2026,True,13.32,66.24,95959.0,208154.01,27726.68,12782.0,95959.0,63566.0,38736.0,4654.0,27.11,15.56
ADANIPOWER,Mar 2015,True,-14.25,781.52,5725.0,1993.38,-284.12,-816.0,5725.0,44742.0,18683.0,4864.0,,
ADANIPOWER,Mar 2016,True,7.38,706.07,7468.0,2239.95,165.27,551.0,7468.0,52729.0,25377.0,5560.0,35.83,
ADANIPOWER,Mar 2017,True,-205.8,1749.47,3000.0,777.81,-1600.73,-6174.0,3000.0,52484.0,22616.0,5902.0,-10.88,-1220.51
ADANIPOWER,Mar 2018,True,-236.56,5943.19,889.0,230.49,-545.24,-2103.0,889.0,52835.0,20304.0,5570.0,-10.22,
ADANIPOWER,Mar 2019,True,-12.76,609.18,7712.0,1999.48,-255.12,-984.0,7712.0,46980.0,23884.0,5657.0,17.63,
ADANIPOWER,Mar 2020,True,-35.1,851.7,6481.0,1680.32,-589.84,-2275.0,6481.0,55199.0,26468.0,5315.0,10.82,
ADANIPOWER,Mar 2021,True,9.69,399.69,13113.0,3399.79,329.27,1270.0,13113.0,52411.0,26221.0,5106.0,-0.93,
ADANIPOWER,Mar 2022,True,26.61,266.27,18457.0,4785.33,1273.53,4912.0,18457.0,49145.0,27711.0,4095.0,5.68,286.77
ADANIPOWER,Mar 2023,True,35.91,141.75,29876.0,7745.92,2781.18,10727.0,29876.0,42350.0,38773.0,3334.0,39.92,118.38
ADANIPOWER,Mar 2024,True,48.55,81.27,42899.0,11122.37,5400.31,20829.0,42899.0,34862.0,50351.0,3388.0,29.86,94.17
ADANIPOWER,Mar 2025,True,22.63,70.09,56347.0,14609.02,3305.68,12750.0,56347.0,39495.0,56203.0,3340.0,11.62,-38.79
ADANIPOWER,Mar 2026,True,19.97,84.19,64937.0,16836.14,3362.98,12971.0,64937.0,54670.0,54241.0,3367.0,-3.49,1.73
ATGL,Mar 2018,True,15.94,132.38,1016.0,3953.31,630.35,162.0,1016.0,1345.0,1374.0,125.0,,
ATGL,Mar 2019,True,20.78,35.75,1102.0,10018.18,2081.82,229.0,1102.0,394.0,1719.0,90.0,25.11,41.36
ATGL,Mar 2020,True,29.64,29.1,1471.0,13372.73,3963.64,436.0,1471.0,428.0,1875.0,41.0,9.08,90.39
ATGL,Mar 2021,True,23.94,27.35,1934.0,17581.82,4209.09,463.0,1934.0,529.0,1696.0,40.0,-9.55,6.19
ATGL,Mar 2022,True,21.07,42.84,2416.0,21963.64,4627.27,509.0,2416.0,1035.0,3038.0,53.0,79.13,9.94
ATGL,Mar 2023,True,18.57,48.35,2941.0,26736.36,4963.64,546.0,2941.0,1422.0,4378.0,78.0,44.11,7.27
ATGL,Mar 2024,True,18.66,43.49,3580.0,32545.45,6072.73,668.0,3580.0,1557.0,4475.0,111.0,2.22,22.34
ATGL,Mar 2025,True,15.55,43.59,4207.0,38245.45,5945.45,654.0,4207.0,1834.0,5000.0,101.0,11.73,-2.1
ATGL,Mar 2026,True,13.48,46.35,4865.0,44227.27,5963.64,656.0,4865.0,2255.0,5894.0,129.0,17.88,0.31
ABCAPITAL,Mar 2015,True,17.04,0.0,1813.0,2394.98,408.19,309.0,1813.0,0.0,,1112.0,,
ABCAPITAL,Mar 2016,True,19.29,0.0,2717.0,3413.32,658.29,524.0,2717.0,0.0,,1612.0,,69.58
ABCAPITAL,Mar 2017,True,10.45,0.0,6610.0,5365.26,560.88,691.0,6610.0,0.0,,2299.0,,31.87
ABCAPITAL,Mar 2018,True,8.12,0.0,8538.0,3879.15,314.86,693.0,8538.0,0.0,,3024.0,,0.29
ABCAPITAL,Mar 2019,True,8.53,0.0,9512.0,4321.67,368.47,811.0,9512.0,0.0,,4109.0,,17.03
ABCAPITAL,Mar 2020,True,6.89,0.0,12576.0,5209.61,358.74,866.0,12576.0,0.0,,4634.0,,6.78
ABCAPITAL,Mar 2021,True,8.05,0.0,13742.0,5690.27,457.97,1106.0,13742.0,0.0,,3916.0,,27.71
ABCAPITAL,Mar 2022,True,10.72,0.0,15492.0,6412.25,687.09,1660.0,15492.0,0.0,,3480.0,,50.09
ABCAPITAL,Mar 2023,True,23.75,0.0,20311.0,8399.92,1995.04,4824.0,20311.0,0.0,,4722.0,,190.6
ABCAPITAL,Mar 2024,True,12.82,0.0,26817.0,10314.23,1322.69,3439.0,26817.0,0.0,,7617.0,,-28.71
ABCAPITAL,Mar 2025,True,11.22,0.0,30389.0,11656.69,1308.02,3410.0,30389.0,0.0,,9694.0,,-0.84
ABCAPITAL,Mar 2026,True,11.22,0.0,34424.0,13138.93,1474.81,3864.0,34424.0,0.0,,11622.0,,13.31
ABFRL,Mar 2019,True,22.48,119.26,1428.0,1847.35,415.27,321.0,1428.0,1703.0,8118.0,225.0,,
ABFRL,Mar 2020,True,-15.45,494.85,1068.0,1379.84,-213.18,-165.0,1068.0,5285.0,8788.0,469.0,8.25,-151.4
ABFRL,Mar 2021,True,-27.84,136.16,2644.0,2889.62,-804.37,-736.0,2644.0,3600.0,5249.0,530.0,-40.27,
ABFRL,Mar 2022,True,-4.26,147.85,2773.0,2956.29,-125.8,-118.0,2773.0,4100.0,8136.0,389.0,55.0,
ABFRL,Mar 2023,True,-1.76,196.62,3343.0,3522.66,-62.17,-59.0,3343.0,6573.0,12418.0,536.0,52.63,
ABFRL,Mar 2024,True,-18.3,234.98,4022.0,3962.56,-725.12,-736.0,4022.0,9451.0,6441.0,588.0,-48.13,
ABFRL,Mar 2025,True,-6.69,73.65,6812.0,5583.61,-373.77,-456.0,6812.0,5017.0,7351.0,608.0,14.13,
ABFRL,Mar 2026,True,-14.21,105.98,5840.0,4782.96,-679.77,-830.0,5840.0,6189.0,8177.0,516.0,11.24,
ALKEM,Mar 2015,True,13.07,43.55,2999.0,124958.33,16333.33,392.0,2999.0,1306.0,3674.0,81.0,,
ALKEM,Mar 2016,True,20.37,17.82,3692.0,153833.33,31333.33,752.0,3692.0,658.0,4905.0,71.0,33.51,91.84
ALKEM,Mar 2017,True,20.26,14.75,4468.0,186166.67,37708.33,905.0,4468.0,659.0,5688.0,45.0,15.96,20.35
ALKEM,Mar 2018,True,13.12,20.52,4864.0,202666.67,26583.33,638.0,4864.0,998.0,6401.0,55.0,12.54,-29.5
ALKEM,Mar 2019,True,14.23,17.36,5439.0,226625.0,32250.0,774.0,5439.0,944.0,7357.0,55.0,14.94,21.32
ALKEM,Mar 2020,True,18.65,26.23,6161.0,256708.33,47875.0,1149.0,6161.0,1616.0,8344.0,65.0,13.42,48.45
ALKEM,Mar 2021,True,21.93,23.14,7377.0,307375.0,67416.67,1618.0,7377.0,1707.0,8865.0,59.0,6.24,40.82
ALKEM,Mar 2022,True,19.45,30.89,8638.0,359916.67,70000.0,1680.0,8638.0,2668.0,10634.0,52.0,19.95,3.83
ALKEM,Mar 2023,True,11.13,15.44,9045.0,376875.0,41958.33,1007.0,9045.0,1397.0,11599.0,107.0,9.07,-40.06
ALKEM,Mar 2024,True,17.56,13.75,10312.0,429666.67,75458.33,1811.0,10312.0,1418.0,12668.0,112.0,9.22,79.84
ALKEM,Mar 2025,True,18.48,11.52,11985.0,499375.0,92291.67,2215.0,11985.0,1381.0,12965.0,122.0,2.34,22.31
ALKEM,Mar 2026,True,17.01,14.81,13820.0,575833.33,97958.33,2351.0,13820.0,2047.0,14712.0,161.0,13.47,6.14
AMBUJACEM,Dec 2014,True,14.77,0.34,10070.0,32483.87,4796.77,1487.0,10070.0,34.0,9955.0,66.0,,
AMBUJACEM,Dec 2015,True,7.87,0.34,10271.0,33132.26,2606.45,808.0,10271.0,35.0,9437.0,92.0,-5.2,-45.66
AMBUJACEM,Dec 2016,True,7.23,0.15,19821.0,49926.95,3612.09,1434.0,19821.0,29.0,20094.0,153.0,112.93,77.48
AMBUJACEM,Dec 2017,True,9.41,0.12,20672.0,52070.53,4899.24,1945.0,20672.0,24.0,23609.0,206.0,17.49,35.63
AMBUJACEM,Dec 2018,True,13.29,0.18,22370.0,56347.61,7488.66,2973.0,22370.0,40.0,26041.0,170.0,10.3,52.85
AMBUJACEM,Dec 2019,True,11.56,0.17,24078.0,60649.87,7010.08,2783.0,24078.0,41.0,27104.0,170.0,4.08,-6.39
AMBUJACEM,Dec 2020,True,13.65,2.07,22757.0,57322.42,7826.2,3107.0,22757.0,471.0,24516.0,140.0,-9.55,11.64
AMBUJACEM,Dec 2021,True,14.64,1.88,25354.0,63863.98,9347.61,3711.0,25354.0,477.0,28965.0,146.0,18.15,19.44
AMBUJACEM,Mar 2023,True,,1.65,31698.0,79843.83,,,31698.0,523.0,,,,
AMBUJACEM,"Mar 2023
            
            
              15m",False,,,,,,3024.0,,0.0,38937.0,195.0,,
AMBUJACEM,Mar 2024,True,11.42,1.69,41452.0,94209.09,10761.36,4735.0,41452.0,699.0,33160.0,276.0,,
AMBUJACEM,Mar 2025,True,9.88,1.47,53579.0,108679.51,10738.34,5294.0,53579.0,788.0,35336.0,216.0,6.56,11.81
AMBUJACEM,Mar 2026,True,9.5,1.46,59347.0,120135.63,11410.93,5637.0,59347.0,866.0,40656.0,224.0,15.06,6.48
APOLLOHOSP,Mar 2015,True,10.56,62.8,3172.0,45314.29,4785.71,335.0,3172.0,1992.0,5129.0,118.0,,
APOLLOHOSP,Mar 2016,True,7.05,85.05,3332.0,47600.0,3357.14,235.0,3332.0,2834.0,6150.0,180.0,19.91,-29.85
APOLLOHOSP,Mar 2017,True,3.95,94.3,3314.0,47342.86,1871.43,131.0,3314.0,3125.0,7256.0,257.0,17.98,-44.26
APOLLOHOSP,Mar 2018,True,1.85,105.38,3252.0,46457.14,857.14,60.0,3252.0,3427.0,8243.0,295.0,13.6,-54.2
APOLLOHOSP,Mar 2019,True,6.0,110.17,3334.0,47628.57,2857.14,200.0,3334.0,3673.0,9617.0,327.0,16.67,233.33
APOLLOHOSP,Mar 2020,True,12.93,107.66,3340.0,47714.29,6171.43,432.0,3340.0,3596.0,11247.0,533.0,16.95,116.0
APOLLOHOSP,Mar 2021,True,2.98,90.38,4603.0,63930.56,1902.78,137.0,4603.0,4160.0,10560.0,449.0,-6.11,-68.29
APOLLOHOSP,Mar 2022,True,19.7,72.35,5623.0,78097.22,15388.89,1108.0,5623.0,4068.0,14663.0,379.0,38.85,708.76
APOLLOHOSP,Mar 2023,True,13.62,69.89,6198.0,86083.33,11722.22,844.0,6198.0,4332.0,16612.0,381.0,13.29,-23.83
APOLLOHOSP,Mar 2024,True,13.48,76.89,6936.0,96333.33,12986.11,935.0,6936.0,5333.0,19059.0,449.0,14.73,10.78
APOLLOHOSP,Mar 2025,True,18.33,95.76,8212.0,114055.56,20902.78,1505.0,8212.0,7864.0,21794.0,458.0,14.35,60.96
APOLLOHOSP,Mar 2026,True,21.13,89.59,9480.0,131666.67,27819.44,2003.0,9480.0,8493.0,25228.0,450.0,15.76,33.09
APOLLOTYRE,Mar 2015,True,19.4,21.94,5042.0,98862.75,19176.47,978.0,5042.0,1106.0,12815.0,189.0,,
APOLLOTYRE,Mar 2016,True,17.0,23.42,6605.0,129509.8,22019.61,1123.0,6605.0,1547.0,11849.0,101.0,-7.54,14.83
APOLLOTYRE,Mar 2017,True,15.08,47.15,7290.0,142941.18,21549.02,1099.0,7290.0,3437.0,13180.0,118.0,11.23,-2.14
APOLLOTYRE,Mar 2018,True,7.41,47.68,9776.0,171508.77,12701.75,724.0,9776.0,4661.0,14843.0,177.0,12.62,-34.12
APOLLOTYRE,Mar 2019,True,6.77,50.91,10040.0,176140.35,11929.82,680.0,10040.0,5111.0,17549.0,199.0,18.23,-6.08
APOLLOTYRE,Mar 2020,True,4.79,68.12,9930.0,174210.53,8350.88,476.0,9930.0,6764.0,16350.0,300.0,-6.83,-30.0
APOLLOTYRE,Mar 2021,True,3.06,64.09,11444.0,178812.5,5468.75,350.0,11444.0,7334.0,17397.0,463.0,6.4,-26.47
APOLLOTYRE,Mar 2022,True,5.44,60.08,11753.0,183640.62,9984.38,639.0,11753.0,7061.0,20948.0,465.0,20.41,82.57
APOLLOTYRE,Mar 2023,True,8.32,51.05,12579.0,196546.88,16343.75,1046.0,12579.0,6421.0,24568.0,551.0,17.28,63.69
APOLLOTYRE,Mar 2024,True,12.39,35.28,13903.0,217234.38,26906.25,1722.0,13903.0,4905.0,25378.0,527.0,3.3,64.63
APOLLOTYRE,Mar 2025,True,7.59,29.87,14766.0,230718.75,17515.62,1121.0,14766.0,4410.0,26123.0,470.0,2.94,-34.9
APOLLOTYRE,Mar 2026,True,8.21,21.98,16716.0,261187.5,21437.5,1372.0,16716.0,3675.0,28471.0,392.0,8.99,22.39
ASHOKLEY,Mar 2015,True,-4.54,201.02,4512.0,15831.58,-719.3,-205.0,4512.0,9070.0,15708.0,872.0,,
ASHOKLEY,Mar 2016,True,13.53,209.99,5264.0,18470.18,2498.25,712.0,5264.0,11054.0,21260.0,925.0,35.35,
ASHOKLEY,Mar 2017,True,25.54,205.98,6393.0,22431.58,5729.82,1633.0,6393.0,13168.0,22871.0,1049.0,7.58,129.35
ASHOKLEY,Mar 2018,True,24.44,212.79,7421.0,25327.65,6191.13,1814.0,7421.0,15791.0,29636.0,1227.0,29.58,11.08
ASHOKLEY,Mar 2019,True,25.1,219.16,8746.0,29748.3,7465.99,2195.0,8746.0,19168.0,33197.0,1502.0,12.02,21.0
ASHOKLEY,Mar 2020,True,5.91,287.8,7789.0,26493.2,1564.63,460.0,7789.0,22417.0,21951.0,1802.0,-33.88,-79.04
ASHOKLEY,Mar 2021,True,-0.89,306.25,7862.0,26741.5,-238.1,-70.0,7862.0,24077.0,19454.0,1901.0,-11.38,-115.22
ASHOKLEY,Mar 2022,True,-3.9,330.57,7304.0,24843.54,-969.39,-285.0,7304.0,24145.0,26237.0,1869.0,34.87,
ASHOKLEY,Mar 2023,True,15.89,364.37,8552.0,29088.44,4622.45,1359.0,8552.0,31161.0,41673.0,2094.0,58.83,
ASHOKLEY,Mar 2024,True,29.94,453.1,9005.0,30629.25,9170.07,2696.0,9005.0,40802.0,45703.0,2982.0,9.67,98.38
ASHOKLEY,Mar 2025,True,27.66,408.45,12232.0,41605.44,11506.8,3383.0,12232.0,49962.0,48535.0,3930.0,6.2,25.48
ASHOKLEY,Mar 2026,True,26.13,448.96,14241.0,24260.65,6339.01,3721.0,14241.0,63936.0,56362.0,4705.0,16.13,9.99
ASIANPAINT,Mar 2015,True,30.09,8.81,4742.0,49395.83,14864.58,1427.0,4742.0,418.0,13615.0,42.0,,
ASIANPAINT,Mar 2016,True,27.63,4.95,6525.0,67968.75,18781.25,1803.0,6525.0,323.0,14271.0,49.0,4.82,26.35
ASIANPAINT,Mar 2017,True,26.51,7.36,7604.0,79208.33,21000.0,2016.0,7604.0,560.0,15062.0,37.0,5.54,11.81
ASIANPAINT,Mar 2018,True,24.95,6.34,8410.0,87604.17,21854.17,2098.0,8410.0,533.0,16825.0,41.0,11.7,4.07
ASIANPAINT,Mar 2019,True,23.31,13.94,9471.0,98656.25,23000.0,2208.0,9471.0,1320.0,19240.0,110.0,14.35,5.24
ASIANPAINT,Mar 2020,True,27.38,11.04,10130.0,105520.83,28895.83,2774.0,10130.0,1118.0,20211.0,102.0,5.05,25.63
ASIANPAINT,Mar 2021,True,25.04,8.54,12806.0,133395.83,33406.25,3207.0,12806.0,1093.0,21713.0,92.0,7.43,15.61
ASIANPAINT,Mar 2022,True,22.34,11.49,13812.0,143875.0,32135.42,3085.0,13812.0,1587.0,29101.0,95.0,34.03,-3.8
ASIANPAINT,Mar 2023,True,26.23,12.09,15992.0,166583.33,43697.92,4195.0,15992.0,1933.0,34489.0,144.0,18.51,35.98
ASIANPAINT,Mar 2024,True,29.68,13.21,18728.0,195083.33,57895.83,5558.0,18728.0,2474.0,35495.0,205.0,2.92,32.49
ASIANPAINT,Mar 2025,True,19.12,11.8,19400.0,202083.33,38645.83,3710.0,19400.0,2290.0,33906.0,227.0,-4.48,-33.25
ASIANPAINT,Mar 2026,True,20.56,18.38,21372.0,222625.0,45781.25,4395.0,21372.0,3929.0,35584.0,195.0,4.95,18.46
ASTRAL,Mar 2015,True,12.6,32.79,619.0,51583.33,6500.0,78.0,619.0,203.0,1410.0,25.0,,
ASTRAL,Mar 2016,True,14.41,27.82,708.0,59000.0,8500.0,102.0,708.0,197.0,1678.0,30.0,19.01,30.77
ASTRAL,Mar 2017,True,17.12,27.04,847.0,70583.33,12083.33,145.0,847.0,229.0,1895.0,18.0,12.93,42.16
ASTRAL,Mar 2018,True,17.29,18.57,1018.0,84833.33,14666.67,176.0,1018.0,189.0,2073.0,22.0,9.39,21.38
ASTRAL,Mar 2019,True,15.41,21.52,1278.0,106500.0,16416.67,197.0,1278.0,275.0,2507.0,32.0,20.94,11.93
ASTRAL,Mar 2020,True,16.63,12.71,1503.0,100200.0,16666.67,250.0,1503.0,191.0,2578.0,39.0,2.83,26.9
ASTRAL,Mar 2021,True,21.52,4.22,1896.0,94800.0,20400.0,408.0,1896.0,80.0,3176.0,13.0,23.2,63.2
ASTRAL,Mar 2022,True,20.98,4.2,2336.0,116800.0,24500.0,490.0,2336.0,98.0,4394.0,13.0,38.35,20.1
ASTRAL,Mar 2023,True,17.41,3.21,2711.0,100407.41,17481.48,472.0,2711.0,87.0,5158.0,40.0,17.39,-3.67
ASTRAL,Mar 2024,True,17.13,3.73,3188.0,118074.07,20222.22,546.0,3188.0,119.0,5641.0,29.0,9.36,15.68
ASTRAL,Mar 2025,True,14.35,6.44,3617.0,133962.96,19222.22,519.0,3617.0,233.0,5832.0,41.0,3.39,-4.95
ASTRAL,Mar 2026,True,13.18,6.16,4058.0,150296.3,19814.81,535.0,4058.0,250.0,6569.0,64.0,12.64,3.08
AUROPHARMA,Mar 2015,True,30.47,86.33,5156.0,177793.1,54172.41,1571.0,5156.0,4451.0,12103.0,160.0,,
AUROPHARMA,Mar 2016,True,27.77,69.17,7288.0,123525.42,34305.08,2024.0,7288.0,5041.0,13772.0,257.0,13.79,28.84
AUROPHARMA,Mar 2017,True,24.55,35.89,9372.0,158847.46,39000.0,2301.0,9372.0,3364.0,14910.0,67.0,8.26,13.69
AUROPHARMA,Mar 2018,True,20.74,40.84,11681.0,197983.05,41067.8,2423.0,11681.0,4770.0,16463.0,78.0,10.42,5.3
AUROPHARMA,Mar 2019,True,17.02,50.15,13891.0,235440.68,40067.8,2364.0,13891.0,6967.0,19564.0,263.0,18.84,-2.43
AUROPHARMA,Mar 2020,True,16.9,34.63,16825.0,285169.49,48203.39,2844.0,16825.0,5826.0,23099.0,305.0,18.07,20.3
AUROPHARMA,Mar 2021,True,24.32,24.35,21930.0,371694.92,90406.78,5334.0,21930.0,5339.0,24775.0,74.0,7.26,87.55
AUROPHARMA,Mar 2022,True,10.77,11.6,24576.0,416542.37,44864.41,2647.0,24576.0,2851.0,23455.0,49.0,-5.33,-50.37
AUROPHARMA,Mar 2023,True,7.18,19.69,26840.0,454915.25,32677.97,1928.0,26840.0,5286.0,24855.0,140.0,5.97,-27.16
AUROPHARMA,Mar 2024,True,10.62,22.28,29843.0,505813.56,53711.86,3169.0,29843.0,6648.0,29002.0,290.0,16.68,64.37
AUROPHARMA,Mar 2025,True,10.67,25.31,32653.0,562982.76,60068.97,3484.0,32653.0,8263.0,31724.0,457.0,9.39,9.94
AUROPHARMA,Mar 2026,True,9.24,21.31,37891.0,653293.1,60396.55,3503.0,37891.0,8073.0,33653.0,384.0,6.08,0.55
DMART,Mar 2015,True,17.67,75.33,1200.0,2135.23,377.22,212.0,1200.0,904.0,6439.0,72.0,,
DMART,Mar 2016,True,21.04,78.37,1521.0,2706.41,569.4,320.0,1521.0,1192.0,8584.0,91.0,33.31,50.94
DMART,Mar 2017,True,12.47,38.96,3842.0,6157.05,767.63,479.0,3842.0,1497.0,11898.0,122.0,38.61,49.69
DMART,Mar 2018,True,17.26,9.4,4669.0,7482.37,1291.67,806.0,4669.0,439.0,15033.0,60.0,26.35,68.27
DMART,Mar 2019,True,16.14,12.53,5587.0,8953.53,1445.51,902.0,5587.0,700.0,20005.0,47.0,33.07,11.91
DMART,Mar 2020,True,11.74,3.01,11080.0,17098.77,2007.72,1301.0,11080.0,333.0,24870.0,69.0,24.32,44.24
DMART,Mar 2021,True,9.02,3.23,12184.0,18802.47,1695.99,1099.0,12184.0,393.0,24143.0,42.0,-2.92,-15.53
DMART,Mar 2022,True,10.91,4.73,13678.0,21108.02,2302.47,1492.0,13678.0,647.0,30976.0,54.0,28.3,35.76
DMART,Mar 2023,True,14.79,4.0,16078.0,24811.73,3669.75,2378.0,16078.0,643.0,42840.0,67.0,38.3,59.38
DMART,Mar 2024,True,13.56,3.17,18698.0,28721.97,3895.55,2536.0,18698.0,592.0,50789.0,58.0,18.56,6.64
DMART,Mar 2025,True,12.63,3.83,21428.0,32915.51,4158.22,2707.0,21428.0,820.0,59358.0,69.0,16.87,6.74
DMART,Mar 2026,True,12.14,9.91,24464.0,37521.47,4555.21,2970.0,24464.0,2425.0,68821.0,142.0,15.94,9.72
AXISBANK,Mar 2015,True,16.57,0.0,44949.0,94829.11,15717.3,7450.0,44949.0,0.0,,21341.0,,
AXISBANK,Mar 2016,True,15.61,0.0,53559.0,112283.02,17522.01,8358.0,53559.0,0.0,,24344.0,,12.19
AXISBANK,Mar 2017,True,7.04,0.0,56380.0,117703.55,8281.84,3967.0,56380.0,0.0,,26789.0,,-52.54
AXISBANK,Mar 2018,True,0.72,0.0,64207.0,125159.84,904.48,464.0,64207.0,0.0,,27604.0,,-88.3
AXISBANK,Mar 2019,True,7.44,0.0,67802.0,131910.51,9819.07,5047.0,67802.0,0.0,,33883.0,,987.72
AXISBANK,Mar 2020,True,2.18,0.0,86340.0,153085.11,3331.56,1879.0,86340.0,0.0,,37996.0,,-62.77
AXISBANK,Mar 2021,True,7.0,0.0,103594.0,168995.11,11830.34,7252.0,103594.0,0.0,,34627.0,,285.95
AXISBANK,Mar 2022,True,12.01,0.0,118261.0,192607.49,23138.44,14207.0,118261.0,0.0,,34923.0,,95.9
AXISBANK,Mar 2023,True,8.41,0.0,129781.0,211026.02,17754.47,10919.0,129781.0,0.0,,43389.0,,-23.14
AXISBANK,Mar 2024,True,16.87,0.0,157023.0,254494.33,42936.79,26492.0,157023.0,0.0,,61391.0,,142.62
AXISBANK,Mar 2025,True,15.06,0.0,187235.0,302479.81,45542.81,28191.0,187235.0,0.0,,71036.0,,6.41
AXISBANK,Mar 2026,True,12.43,0.0,213579.0,343374.6,42681.67,26548.0,213579.0,0.0,,74075.0,,-5.83
BSE,Mar 2015,True,7.2,0.16,2460.0,246000.0,17700.0,177.0,2460.0,4.0,584.0,1.0,,
BSE,Mar 2016,True,7.02,0.04,2523.0,229363.64,16090.91,177.0,2523.0,1.0,635.0,0.0,8.73,0.0
BSE,Mar 2017,True,9.95,0.11,2663.0,242090.91,24090.91,265.0,2663.0,3.0,572.0,1.0,-9.92,49.72
BSE,Mar 2018,True,22.78,0.0,3081.0,280090.91,63818.18,702.0,3081.0,0.0,676.0,1.0,18.18,164.91
BSE,Mar 2019,True,6.8,0.0,2928.0,292800.0,19900.0,199.0,2928.0,0.0,652.0,1.0,-3.55,-71.65
BSE,Mar 2020,True,4.99,0.0,2425.0,269444.44,13444.44,121.0,2425.0,0.0,609.0,2.0,-6.6,-39.2
BSE,Mar 2021,True,5.66,0.0,2507.0,278555.56,15777.78,142.0,2507.0,0.0,630.0,10.0,3.45,17.36
BSE,Mar 2022,True,9.23,0.0,2654.0,98296.3,9074.07,245.0,2654.0,0.0,841.0,28.0,33.49,72.54
BSE,Mar 2023,True,7.63,0.0,2701.0,100037.04,7629.63,206.0,2701.0,0.0,925.0,37.0,9.99,-15.92
BSE,Mar 2024,True,23.38,0.0,3302.0,122296.3,28592.59,772.0,3302.0,0.0,1568.0,39.0,69.51,274.76
BSE,Mar 2025,True,29.88,0.0,4424.0,163851.85,48962.96,1322.0,4424.0,0.0,3212.0,32.0,104.85,71.24
BSE,Mar 2026,True,37.27,0.0,6673.0,81378.05,30329.27,2487.0,6673.0,0.0,4834.0,0.0,50.5,88.12
BAJAJ-AUTO,Mar 2015,True,27.27,1.01,11095.0,38391.0,10470.59,3026.0,11095.0,112.0,21595.0,6.0,,
BAJAJ-AUTO,Mar 2016,True,28.97,0.84,14020.0,48512.11,14051.9,4061.0,14020.0,118.0,22574.0,1.0,4.53,34.2
BAJAJ-AUTO,Mar 2017,True,22.84,0.67,17856.0,61785.47,14114.19,4079.0,17856.0,120.0,21755.0,1.0,-3.63,0.44
BAJAJ-AUTO,Mar 2018,True,20.66,0.59,20425.0,70674.74,14598.62,4219.0,20425.0,121.0,25210.0,1.0,15.88,3.43
BAJAJ-AUTO,Mar 2019,True,21.21,0.54,23233.0,80391.0,17051.9,4928.0,23233.0,125.0,30358.0,4.0,20.42,16.8
BAJAJ-AUTO,Mar 2020,True,24.06,0.58,21662.0,74955.02,18034.6,5212.0,21662.0,126.0,29919.0,3.0,-1.45,5.76
BAJAJ-AUTO,Mar 2021,True,17.81,0.44,27273.0,94370.24,16806.23,4857.0,27273.0,121.0,27741.0,7.0,-7.28,-6.81
BAJAJ-AUTO,Mar 2022,True,20.65,0.41,29859.0,103318.34,21335.64,6166.0,29859.0,123.0,33145.0,9.0,19.48,26.95
BAJAJ-AUTO,Mar 2023,True,20.64,0.42,29362.0,103752.65,21413.43,6060.0,29362.0,124.0,36455.0,40.0,9.99,-1.72
BAJAJ-AUTO,Mar 2024,True,26.61,6.6,28962.0,103806.45,27627.24,7708.0,28962.0,1912.0,44870.0,60.0,23.08,27.19
BAJAJ-AUTO,Mar 2025,True,20.82,26.61,35188.0,126121.86,26254.48,7325.0,35188.0,9364.0,50995.0,389.0,13.65,-4.97
BAJAJ-AUTO,Mar 2026,True,27.23,58.49,38832.0,138685.71,37764.29,10574.0,38832.0,22713.0,62905.0,1169.0,23.36,44.35
BAJFINANCE,Mar 2015,True,18.71,0.0,4800.0,96000.0,17960.0,898.0,4800.0,0.0,,2274.0,,
BAJFINANCE,Mar 2016,True,17.22,0.0,7427.0,137537.04,23685.19,1279.0,7427.0,0.0,,2959.0,,42.43
BAJFINANCE,Mar 2017,True,19.12,0.0,9600.0,88073.39,16844.04,1836.0,9600.0,0.0,,3853.0,,43.55
BAJFINANCE,Mar 2018,True,15.75,0.0,15848.0,137808.7,21704.35,2496.0,15848.0,0.0,,4696.0,,35.95
BAJFINANCE,Mar 2019,True,20.28,0.0,19697.0,171278.26,34739.13,3995.0,19697.0,0.0,,6723.0,,60.06
BAJFINANCE,Mar 2020,True,16.28,0.0,32328.0,269400.0,43866.67,5264.0,32328.0,0.0,,9608.0,,31.76
BAJFINANCE,Mar 2021,True,11.97,0.0,36918.0,307650.0,36833.33,4420.0,36918.0,0.0,,9519.0,,-16.03
BAJFINANCE,Mar 2022,True,16.08,0.0,43713.0,361264.46,58082.64,7028.0,43713.0,0.0,,9848.0,,59.0
BAJFINANCE,Mar 2023,True,21.17,0.0,54372.0,449355.37,95107.44,11508.0,54372.0,0.0,,12701.0,,63.75
BAJFINANCE,Mar 2024,True,18.84,0.0,76696.0,618516.13,116540.32,14451.0,76696.0,0.0,,18886.0,,25.57
BAJFINANCE,Mar 2025,True,17.35,0.0,96693.0,779782.26,135314.52,16779.0,96693.0,0.0,,24992.0,,16.11
BAJFINANCE,Mar 2026,True,16.96,0.0,113999.0,183278.14,31080.39,19332.0,113999.0,0.0,,28666.0,,15.22
BAJAJFINSV,Mar 2015,True,21.72,237.28,11089.0,138612.5,30112.5,2409.0,11089.0,26312.0,11335.0,2230.0,,
BAJAJFINSV,Mar 2016,True,20.41,265.18,13599.0,169987.5,34687.5,2775.0,13599.0,36062.0,20533.0,2877.0,81.15,15.19
BAJAJFINSV,Mar 2017,True,21.36,298.94,16151.0,201887.5,43125.0,3450.0,16151.0,48282.0,24507.0,3716.0,19.35,24.32
BAJAJFINSV,Mar 2018,True,20.39,320.73,20483.0,256037.5,52200.0,4176.0,20483.0,65695.0,32862.0,4531.0,34.09,21.04
BAJAJFINSV,Mar 2019,True,22.64,420.19,23740.0,296750.0,67175.0,5374.0,23740.0,99754.0,42605.0,6657.0,29.65,28.69
BAJAJFINSV,Mar 2020,True,19.15,406.4,31302.0,391275.0,74925.0,5994.0,31302.0,127212.0,54351.0,9500.0,27.57,11.54
BAJAJFINSV,Mar 2021,True,20.56,358.53,35830.0,447875.0,92087.5,7367.0,35830.0,128461.0,60592.0,9274.0,11.48,22.91
BAJAJFINSV,Mar 2022,True,20.66,400.47,40247.0,503087.5,103925.0,8314.0,40247.0,161179.0,68406.0,9629.0,12.9,12.85
BAJAJFINSV,Mar 2023,True,26.31,457.4,46407.0,291867.92,76792.45,12210.0,46407.0,212265.0,82072.0,12380.0,19.98,46.86
BAJAJFINSV,Mar 2024,True,25.85,478.94,60328.0,379421.38,98081.76,15595.0,60328.0,288933.0,110382.0,18607.0,34.49,27.72
BAJAJFINSV,Mar 2025,True,24.25,491.54,72396.0,452475.0,109737.5,17558.0,72396.0,355855.0,133822.0,24587.0,21.24,12.59
BAJAJFINSV,Mar 2026,True,25.24,551.77,77915.0,486968.75,122931.25,19669.0,77915.0,429914.0,150504.0,28232.0,12.47,12.02
BAJAJHLDNG,Mar 2015,True,15.15,0.0,13393.0,120657.66,18279.28,2029.0,13393.0,0.0,524.0,0.0,,
BAJAJHLDNG,Mar 2016,True,14.81,0.0,15293.0,137774.77,20405.41,2265.0,15293.0,0.0,470.0,0.0,-10.31,11.63
BAJAJHLDNG,Mar 2017,True,13.88,0.0,17818.0,160522.52,22279.28,2473.0,17818.0,0.0,842.0,0.0,79.15,9.18
BAJAJHLDNG,Mar 2018,True,10.54,0.0,25201.0,227036.04,23918.92,2655.0,25201.0,0.0,420.0,0.0,-50.12,7.36
BAJAJHLDNG,Mar 2019,True,11.31,0.0,26952.0,242810.81,27459.46,3048.0,26952.0,0.0,431.0,0.0,2.62,14.8
BAJAJHLDNG,Mar 2020,True,11.09,0.61,27763.0,250117.12,27747.75,3080.0,27763.0,168.0,435.0,13.0,0.93,1.05
BAJAJHLDNG,Mar 2021,True,9.83,0.37,37167.0,334837.84,32918.92,3654.0,37167.0,136.0,457.0,4.0,5.06,18.64
BAJAJHLDNG,Mar 2022,True,9.63,0.27,42842.0,385963.96,37171.17,4126.0,42842.0,114.0,484.0,3.0,5.91,12.92
BAJAJHLDNG,Mar 2023,True,11.19,0.21,44182.0,398036.04,44558.56,4946.0,44182.0,93.0,522.0,7.0,7.85,19.87
BAJAJHLDNG,Mar 2024,True,13.58,0.12,54247.0,488711.71,66351.35,7365.0,54247.0,63.0,1702.0,2.0,226.05,48.91
BAJAJHLDNG,Mar 2025,True,10.57,0.05,62687.0,564747.75,59693.69,6626.0,62687.0,31.0,739.0,1.0,-56.58,-10.03
BAJAJHLDNG,Mar 2026,True,13.38,0.01,73150.0,659009.01,88189.19,9789.0,73150.0,10.0,1070.0,1.0,44.79,47.74
BANKBARODA,Mar 2015,True,9.4,0.0,42018.0,94635.14,8896.4,3950.0,42018.0,0.0,,30547.0,,
BANKBARODA,Mar 2016,True,-11.84,0.0,42503.0,91997.84,-10893.94,-5033.0,42503.0,0.0,,32107.0,,-227.42
BANKBARODA,Mar 2017,True,4.31,0.0,43067.0,93218.61,4015.15,1855.0,43067.0,0.0,,29596.0,,
BANKBARODA,Mar 2018,True,-3.94,0.0,46566.0,87860.38,-3464.15,-1836.0,46566.0,0.0,,29160.0,,-198.98
BANKBARODA,Mar 2019,True,2.12,0.0,54996.0,103766.04,2200.0,1166.0,54996.0,0.0,,32506.0,,
BANKBARODA,Mar 2020,True,1.29,0.0,76104.0,82274.59,1060.54,981.0,76104.0,0.0,,50040.0,,-15.87
BANKBARODA,Mar 2021,True,1.97,0.0,82390.0,79527.03,1563.71,1620.0,82390.0,0.0,,43201.0,,65.14
BANKBARODA,Mar 2022,True,8.64,0.0,91869.0,88676.64,7657.34,7933.0,91869.0,0.0,,38815.0,,389.69
BANKBARODA,Mar 2023,True,14.28,0.0,105055.0,101404.44,14483.59,15005.0,105055.0,0.0,,49942.0,,89.15
BANKBARODA,Mar 2024,True,15.76,0.0,119713.0,115553.09,18213.32,18869.0,119713.0,0.0,,69899.0,,25.75
BANKBARODA,Mar 2025,True,14.24,0.0,146503.0,141412.16,20139.96,20865.0,146503.0,0.0,,78265.0,,10.58
BANKBARODA,Mar 2026,True,12.1,0.0,165869.0,160105.21,19372.59,20070.0,165869.0,0.0,,81860.0,,-3.81
BANKINDIA,Mar 2015,True,6.2,0.0,32523.0,48833.33,3025.53,2015.0,32523.0,0.0,,32220.0,,
BANKINDIA,Mar 2016,True,-18.82,0.0,33345.0,40813.95,-7681.76,-6276.0,33345.0,0.0,,30245.0,,-411.46
BANKINDIA,Mar 2017,True,-4.44,0.0,33629.0,31875.83,-1414.22,-1492.0,33629.0,0.0,,27606.0,,
BANKINDIA,Mar 2018,True,-16.27,0.0,36757.0,21076.26,-3430.05,-5982.0,36757.0,0.0,,27679.0,,
BANKINDIA,Mar 2019,True,-11.39,0.0,47652.0,17265.22,-1965.94,-5426.0,47652.0,0.0,,27207.0,,
BANKINDIA,Mar 2020,True,-6.77,0.0,45073.0,13750.15,-930.75,-3051.0,45073.0,0.0,,27191.0,,
BANKINDIA,Mar 2021,True,4.16,0.0,49981.0,15247.41,634.84,2081.0,49981.0,0.0,,26421.0,,
BANKINDIA,Mar 2022,True,6.17,0.0,56522.0,13772.42,849.66,3487.0,56522.0,0.0,,24083.0,,67.56
BANKINDIA,Mar 2023,True,6.35,0.0,60433.0,14725.39,935.43,3839.0,60433.0,0.0,,27441.0,,10.09
BANKINDIA,Mar 2024,True,9.3,0.0,70581.0,15502.09,1442.35,6567.0,70581.0,0.0,,37757.0,,71.06
BANKINDIA,Mar 2025,True,11.83,0.0,80725.0,17730.07,2097.96,9552.0,80725.0,0.0,,46594.0,,45.45
BANKINDIA,Mar 2026,True,11.46,0.0,89958.0,19757.96,2264.22,10309.0,89958.0,0.0,,50139.0,,7.93
MAHABANK,Mar 2015,True,5.72,0.0,8123.0,7641.58,437.44,465.0,8123.0,0.0,,8790.0,,
MAHABANK,Mar 2016,True,1.33,0.0,8860.0,7585.62,101.03,118.0,8860.0,0.0,,9174.0,,-74.62
MAHABANK,Mar 2017,True,-18.16,0.0,7469.0,6394.69,-1160.96,-1356.0,7469.0,0.0,,8886.0,,-1249.15
MAHABANK,Mar 2018,True,-11.05,0.0,10067.0,3874.9,-428.02,-1112.0,10067.0,0.0,,7706.0,,
MAHABANK,Mar 2019,True,-80.96,0.0,5883.0,2136.94,-1730.11,-4763.0,5883.0,0.0,,7115.0,,
MAHABANK,Mar 2020,True,3.66,0.0,10909.0,1873.11,68.51,399.0,10909.0,0.0,,7216.0,,
MAHABANK,Mar 2021,True,4.64,0.0,12308.0,1876.22,87.04,571.0,12308.0,0.0,,6970.0,,43.11
MAHABANK,Mar 2022,True,8.2,0.0,14061.0,2089.3,171.32,1153.0,14061.0,0.0,,6974.0,,101.93
MAHABANK,Mar 2023,True,16.5,0.0,15790.0,2346.21,387.07,2605.0,15790.0,0.0,,8157.0,,125.93
MAHABANK,Mar 2024,True,20.49,0.0,19870.0,2806.1,575.06,4072.0,19870.0,0.0,,10672.0,,56.31
MAHABANK,Mar 2025,True,19.3,0.0,28708.0,3732.19,720.49,5542.0,28708.0,0.0,,13281.0,,36.1
MAHABANK,Mar 2026,True,21.12,0.0,33225.0,4319.42,912.25,7017.0,33225.0,0.0,,15616.0,,26.61
BEL,Mar 2015,True,14.75,0.31,8117.0,101462.5,14962.5,1197.0,8117.0,25.0,7093.0,7.0,,
BEL,Mar 2016,True,14.46,0.3,9246.0,38525.0,5570.83,1337.0,9246.0,28.0,7354.0,10.0,3.68,11.7
BEL,Mar 2017,True,19.69,0.83,7735.0,34686.1,6829.6,1523.0,7735.0,64.0,8656.0,18.0,17.7,13.91
BEL,Mar 2018,True,17.85,1.0,8016.0,32852.46,5864.75,1431.0,8016.0,80.0,10401.0,6.0,20.16,-6.04
BEL,Mar 2019,True,20.48,0.37,9212.0,37754.1,7733.61,1887.0,9212.0,34.0,12164.0,16.0,16.95,31.87
BEL,Mar 2020,True,18.12,0.08,10072.0,41278.69,7479.51,1825.0,10072.0,8.0,12968.0,8.0,6.61,-3.29
BEL,Mar 2021,True,18.99,0.03,11060.0,45327.87,8606.56,2100.0,11060.0,3.0,14109.0,10.0,8.8,15.07
BEL,Mar 2022,True,19.53,0.43,12286.0,50352.46,9836.07,2400.0,12286.0,53.0,15368.0,9.0,8.92,14.29
BEL,Mar 2023,True,21.54,0.44,13862.0,18963.06,4084.82,2986.0,13862.0,61.0,17734.0,19.0,15.4,24.42
BEL,Mar 2024,True,24.41,0.39,16326.0,22333.79,5451.44,3985.0,16326.0,63.0,20268.0,12.0,14.29,33.46
BEL,Mar 2025,True,26.65,0.31,19974.0,27324.21,7281.81,5323.0,19974.0,61.0,23769.0,13.0,17.27,33.58
BEL,Mar 2026,True,25.27,0.27,23988.0,32815.32,8292.75,6062.0,23988.0,65.0,27610.0,7.0,16.16,13.88
BHARATFORG,Mar 2015,True,22.06,73.9,3445.0,73297.87,16170.21,760.0,3445.0,2546.0,7622.0,136.0,,
BHARATFORG,Mar 2016,True,19.77,98.86,3414.0,72638.3,14361.7,675.0,3414.0,3375.0,6809.0,116.0,-10.67,-11.18
BHARATFORG,Mar 2017,True,17.27,75.88,4117.0,87595.74,15127.66,711.0,4117.0,3124.0,6396.0,100.0,-6.07,5.33
BHARATFORG,Mar 2018,True,16.21,70.01,4652.0,50021.51,8107.53,754.0,4652.0,3257.0,8358.0,107.0,30.68,6.05
BHARATFORG,Mar 2019,True,19.22,74.94,5376.0,57806.45,11107.53,1033.0,5376.0,4029.0,10146.0,127.0,21.39,37.0
BHARATFORG,Mar 2020,True,6.69,85.61,5220.0,56129.03,3752.69,349.0,5220.0,4469.0,8056.0,171.0,-20.6,-66.21
BHARATFORG,Mar 2021,True,-2.35,97.34,5415.0,58225.81,-1365.59,-127.0,5415.0,5271.0,6336.0,108.0,-21.35,-136.39
BHARATFORG,Mar 2022,True,16.39,90.88,6571.0,70655.91,11580.65,1077.0,6571.0,5972.0,10461.0,160.0,65.1,
BHARATFORG,Mar 2023,True,7.58,109.07,6705.0,72096.77,5462.37,508.0,6705.0,7313.0,12910.0,299.0,23.41,-52.83
BHARATFORG,Mar 2024,True,12.69,110.85,7170.0,77096.77,9784.95,910.0,7170.0,7948.0,15682.0,491.0,21.47,79.13
BHARATFORG,Mar 2025,True,9.87,72.38,9254.0,96395.83,9510.42,913.0,9254.0,6698.0,15123.0,417.0,-3.56,0.33
BHARATFORG,Mar 2026,True,11.37,76.29,9580.0,99791.67,11343.75,1089.0,9580.0,7309.0,16812.0,323.0,11.17,19.28
BHEL,Mar 2015,True,4.24,5.52,34207.0,69810.2,2959.18,1450.0,34207.0,1889.0,31323.0,92.0,,
BHEL,Mar 2016,True,-2.18,0.65,32315.0,65948.98,-1440.82,-706.0,32315.0,211.0,25505.0,360.0,-18.57,-148.69
BHEL,Mar 2017,True,1.4,0.48,32389.0,66100.0,928.57,455.0,32389.0,156.0,28465.0,413.0,11.61,
BHEL,Mar 2018,True,1.35,0.34,32335.0,44053.13,596.73,438.0,32335.0,110.0,28827.0,330.0,1.27,-3.74
BHEL,Mar 2019,True,3.24,8.41,30904.0,44402.3,1439.66,1002.0,30904.0,2598.0,30441.0,378.0,5.6,128.77
BHEL,Mar 2020,True,-5.12,17.73,28660.0,41178.16,-2109.2,-1468.0,28660.0,5080.0,21463.0,613.0,-29.49,-246.51
BHEL,Mar 2021,True,-10.39,19.05,25983.0,37331.9,-3879.31,-2700.0,25983.0,4951.0,17309.0,467.0,-19.35,
BHEL,Mar 2022,True,1.68,18.22,26506.0,38083.33,639.37,445.0,26506.0,4830.0,21211.0,448.0,22.54,
BHEL,Mar 2023,True,2.68,22.37,24378.0,35025.86,939.66,654.0,24378.0,5454.0,23365.0,612.0,10.16,46.97
BHEL,Mar 2024,True,1.15,36.24,24438.0,35112.07,405.17,282.0,24438.0,8856.0,23893.0,828.0,2.26,-56.88
BHEL,Mar 2025,True,2.16,36.47,24722.0,35520.11,767.24,534.0,24722.0,9015.0,28339.0,906.0,18.61,89.36
BHEL,Mar 2026,True,6.12,31.31,26146.0,37566.09,2298.85,1600.0,26146.0,8187.0,33782.0,756.0,19.21,199.63
BPCL,Mar 2015,True,22.52,112.99,22562.0,31206.09,7029.05,5082.0,22562.0,25492.0,242598.0,1180.0,,
BPCL,Mar 2016,True,29.1,84.15,27794.0,42368.9,12330.79,8089.0,27794.0,23388.0,187815.0,680.0,-22.58,59.17
BPCL,Mar 2017,True,30.85,115.92,30819.0,23508.01,7251.72,9507.0,30819.0,35725.0,201251.0,696.0,7.15,17.53
BPCL,Mar 2018,True,26.74,102.84,36619.0,18616.68,4978.14,9792.0,36619.0,37659.0,235895.0,1186.0,17.21,3.0
BPCL,Mar 2019,True,22.0,115.67,38765.0,19707.68,4335.54,8528.0,38765.0,44839.0,298226.0,1764.0,26.42,-12.91
BPCL,Mar 2020,True,10.04,179.23,36532.0,18572.45,1863.75,3666.0,36532.0,65476.0,284572.0,2637.0,-4.58,-57.01
BPCL,Mar 2021,True,32.34,101.82,53555.0,25587.67,8275.2,17320.0,53555.0,54532.0,230171.0,1723.0,-19.12,372.45
BPCL,Mar 2022,True,22.51,124.33,51905.0,24379.99,5487.08,11682.0,51905.0,64534.0,346791.0,2606.0,50.67,-32.55
BPCL,Mar 2023,True,3.98,129.62,53522.0,25139.5,1000.94,2131.0,53522.0,69376.0,473187.0,3745.0,36.45,-81.76
BPCL,Mar 2024,True,35.51,72.19,75635.0,35409.64,12574.44,26859.0,75635.0,54599.0,448083.0,4149.0,-5.31,1160.39
BPCL,Mar 2025,True,16.39,75.08,81385.0,19046.34,3121.23,13337.0,81385.0,61101.0,440272.0,3591.0,-1.74,-50.34
BPCL,Mar 2026,True,25.8,54.33,100171.0,23442.78,6047.98,25843.0,100171.0,54424.0,455228.0,2953.0,3.4,93.77
BHARTIARTL,Mar 2015,True,12.69,209.71,39777.0,19898.45,2525.26,5048.0,39777.0,83415.0,96101.0,4446.0,,
BHARTIARTL,Mar 2016,True,10.32,150.74,66770.0,33401.7,3448.22,6893.0,66770.0,100646.0,96532.0,8546.0,0.45,36.55
BHARTIARTL,Mar 2017,True,6.29,159.05,67457.0,33745.37,2121.56,4241.0,67457.0,107288.0,95468.0,9547.0,-1.1,-38.47
BHARTIARTL,Mar 2018,True,3.14,160.11,69535.0,34784.89,1092.55,2184.0,69535.0,111334.0,82639.0,9326.0,-13.44,-48.5
BHARTIARTL,Mar 2019,True,2.36,175.61,71423.0,35729.36,844.42,1688.0,71423.0,125428.0,80780.0,10622.0,-2.25,-22.71
BHARTIARTL,Mar 2020,True,-39.75,192.14,77145.0,28278.96,-11240.47,-30664.0,77145.0,148228.0,87539.0,13992.0,8.37,-1916.59
BHARTIARTL,Mar 2021,True,-20.97,276.13,58953.0,21468.68,-4502.55,-12364.0,58953.0,162785.0,100616.0,15091.0,14.94,
BHARTIARTL,Mar 2022,True,12.48,254.95,66554.0,23811.81,2971.38,8305.0,66554.0,169678.0,116547.0,16616.0,15.83,
BHARTIARTL,Mar 2023,True,15.84,291.4,77563.0,27339.8,4330.98,12287.0,77563.0,226020.0,139145.0,19300.0,19.39,47.95
BHARTIARTL,Mar 2024,True,10.43,262.86,82019.0,28508.52,2974.63,8558.0,82019.0,215592.0,149982.0,22648.0,7.79,-30.35
BHARTIARTL,Mar 2025,True,32.97,187.95,113672.0,39197.24,12924.48,37481.0,113672.0,213642.0,172985.0,21754.0,15.34,337.96
BHARTIARTL,Mar 2026,True,22.69,131.1,149057.0,48919.26,11100.43,33823.0,149057.0,195412.0,210973.0,21555.0,21.96,-9.76
BIOCON,Mar 2015,True,16.14,34.15,3271.0,32710.0,5280.0,528.0,3271.0,1117.0,3090.0,9.0,,
BIOCON,Mar 2016,True,15.1,61.43,4034.0,40340.0,6090.0,609.0,4034.0,2478.0,3347.0,29.0,8.32,15.34
BIOCON,Mar 2017,True,14.22,47.58,4838.0,48380.0,6880.0,688.0,4838.0,2302.0,3891.0,26.0,16.25,12.97
BIOCON,Mar 2018,True,8.74,43.7,5181.0,17270.0,1510.0,453.0,5181.0,2264.0,4123.0,62.0,5.96,-34.16
BIOCON,Mar 2019,True,16.45,39.72,6098.0,20326.67,3343.33,1003.0,6098.0,2422.0,5514.0,71.0,33.74,121.41
BIOCON,Mar 2020,True,12.99,40.49,6706.0,11176.67,1451.67,871.0,6706.0,2715.0,6300.0,65.0,14.25,-13.16
BIOCON,Mar 2021,True,11.09,58.75,7627.0,12711.67,1410.0,846.0,7627.0,4481.0,7143.0,58.0,13.38,-2.87
BIOCON,Mar 2022,True,9.16,61.04,8432.0,14053.33,1286.67,772.0,8432.0,5147.0,8184.0,68.0,14.57,-8.75
BIOCON,Mar 2023,True,3.6,100.85,17867.0,29778.33,1071.67,643.0,17867.0,18019.0,11174.0,419.0,36.53,-16.71
BIOCON,Mar 2024,True,6.56,82.28,19783.0,32971.67,2163.33,1298.0,19783.0,16277.0,14756.0,974.0,32.06,101.87
BIOCON,Mar 2025,True,6.6,84.84,21644.0,36073.33,2381.67,1429.0,21644.0,18362.0,15262.0,897.0,3.43,10.09
BIOCON,Mar 2026,True,1.08,45.35,34031.0,42013.58,455.56,369.0,34031.0,15434.0,16927.0,990.0,10.91,-74.18
BOSCHLTD,Mar 2016,True,16.1,0.52,9526.0,307290.32,49483.87,1534.0,9526.0,50.0,9701.0,13.0,,
BOSCHLTD,Mar 2017,True,19.8,0.0,8790.0,293000.0,58000.0,1740.0,8790.0,0.0,10435.0,27.0,7.57,13.43
BOSCHLTD,Mar 2018,True,13.75,0.0,9972.0,332400.0,45700.0,1371.0,9972.0,0.0,11690.0,3.0,12.03,-21.21
BOSCHLTD,Mar 2019,True,17.53,0.0,9118.0,303933.33,53266.67,1598.0,9118.0,0.0,12085.0,13.0,3.38,16.56
BOSCHLTD,Mar 2020,True,7.02,0.8,9261.0,308700.0,21666.67,650.0,9261.0,74.0,9842.0,10.0,-18.56,-59.32
BOSCHLTD,Mar 2021,True,4.91,0.55,9813.0,327100.0,16066.67,482.0,9813.0,54.0,9716.0,14.0,-1.28,-25.85
BOSCHLTD,Mar 2022,True,11.4,0.68,10680.0,356000.0,40600.0,1218.0,10680.0,73.0,11782.0,29.0,21.26,152.7
BOSCHLTD,Mar 2023,True,12.96,0.48,11006.0,366866.67,47533.33,1426.0,11006.0,53.0,14929.0,12.0,26.71,17.08
BOSCHLTD,Mar 2024,True,20.66,0.32,12057.0,401900.0,83033.33,2491.0,12057.0,39.0,16727.0,51.0,12.04,74.68
BOSCHLTD,Mar 2025,True,14.59,0.85,13814.0,460466.67,67166.67,2015.0,13814.0,118.0,18087.0,17.0,8.13,-19.11
BOSCHLTD,Mar 2026,True,18.68,0.8,14846.0,494866.67,92433.33,2773.0,14846.0,119.0,20035.0,27.0,10.77,37.62
BRITANNIA,Mar 2015,True,55.34,11.65,1245.0,51875.0,28708.33,689.0,1245.0,145.0,7858.0,4.0,,
BRITANNIA,Mar 2016,True,39.44,6.26,2092.0,87166.67,34375.0,825.0,2092.0,131.0,8397.0,5.0,6.86,19.74
BRITANNIA,Mar 2017,True,32.83,4.64,2696.0,112333.33,36875.0,885.0,2696.0,125.0,9054.0,5.0,7.82,7.27
BRITANNIA,Mar 2018,True,29.48,5.9,3406.0,141916.67,41833.33,1004.0,3406.0,201.0,9914.0,8.0,9.5,13.45
BRITANNIA,Mar 2019,True,27.16,3.67,4253.0,177208.33,48125.0,1155.0,4253.0,156.0,11055.0,9.0,11.51,15.04
BRITANNIA,Mar 2020,True,31.66,34.93,4403.0,183458.33,58083.33,1394.0,4403.0,1538.0,11600.0,77.0,4.93,20.69
BRITANNIA,Mar 2021,True,52.17,59.39,3548.0,147833.33,77125.0,1851.0,3548.0,2107.0,13136.0,111.0,13.24,32.78
BRITANNIA,Mar 2022,True,59.27,96.99,2558.0,106583.33,63166.67,1516.0,2558.0,2481.0,14136.0,144.0,7.61,-18.1
BRITANNIA,Mar 2023,True,65.53,84.8,3534.0,147250.0,96500.0,2316.0,3534.0,2997.0,16301.0,169.0,15.32,52.77
BRITANNIA,Mar 2024,True,54.15,52.4,3941.0,164208.33,88916.67,2134.0,3941.0,2065.0,16769.0,164.0,2.87,-7.86
BRITANNIA,Mar 2025,True,50.0,28.63,4356.0,181500.0,90750.0,2178.0,4356.0,1247.0,17943.0,139.0,7.0,2.06
BRITANNIA,Mar 2026,True,49.69,27.03,5106.0,212750.0,105708.33,2537.0,5106.0,1380.0,19152.0,113.0,6.74,16.48
CGPOWER,Mar 2015,True,0.51,48.69,4297.0,34376.0,176.0,22.0,4297.0,2092.0,5800.0,105.0,,
CGPOWER,Mar 2016,True,-10.05,33.3,4589.0,36712.0,-3688.0,-461.0,4589.0,1528.0,5269.0,80.0,-9.16,-2195.45
CGPOWER,Mar 2017,True,-11.97,36.62,4102.0,32816.0,-3928.0,-491.0,4102.0,1502.0,5517.0,186.0,4.71,
CGPOWER,Mar 2018,True,-24.81,105.52,2882.0,23056.0,-5720.0,-715.0,2882.0,3041.0,8031.0,426.0,45.57,
CGPOWER,Mar 2019,True,-23.8,154.79,2130.0,17040.0,-4056.0,-507.0,2130.0,3297.0,7998.0,432.0,-0.41,
CGPOWER,Mar 2020,True,,,,,,-1331.0,,2757.0,5110.0,365.0,-36.11,
CGPOWER,Mar 2021,True,,,,,,1280.0,,1484.0,2964.0,206.0,-42.0,
CGPOWER,Mar 2022,True,91.03,36.59,1003.0,3482.64,3170.14,913.0,1003.0,367.0,5484.0,82.0,85.02,-28.67
CGPOWER,Mar 2023,True,53.8,0.89,1790.0,5868.85,3157.38,963.0,1790.0,16.0,6973.0,28.0,27.15,5.48
CGPOWER,Mar 2024,True,47.33,0.56,3017.0,9891.8,4681.97,1428.0,3017.0,17.0,8046.0,17.0,15.39,48.29
CGPOWER,Mar 2025,True,25.31,1.07,3844.0,12562.09,3179.74,973.0,3844.0,41.0,9909.0,21.0,23.15,-31.86
CGPOWER,Mar 2026,True,15.04,1.48,7970.0,25301.59,3806.35,1199.0,7970.0,118.0,12418.0,12.0,25.32,23.23
CANBK,Mar 2015,True,9.02,0.0,32492.0,68404.21,6170.53,2931.0,32492.0,0.0,,34133.0,,
CANBK,Mar 2016,True,-7.82,0.0,32410.0,59686.92,-4668.51,-2535.0,32410.0,0.0,,34263.0,,-186.49
CANBK,Mar 2017,True,4.07,0.0,34685.0,58098.83,2363.48,1411.0,34685.0,0.0,,31540.0,,
CANBK,Mar 2018,True,-10.5,0.0,36897.0,50336.97,-5283.77,-3873.0,36897.0,0.0,,29113.0,,-374.49
CANBK,Mar 2019,True,1.85,0.0,37689.0,50051.79,924.3,696.0,37689.0,0.0,,32339.0,,
CANBK,Mar 2020,True,-4.66,0.0,41206.0,40005.83,-1865.05,-1921.0,41206.0,0.0,,35817.0,,-376.01
CANBK,Mar 2021,True,4.74,0.0,62410.0,37893.14,1795.39,2957.0,62410.0,0.0,,45182.0,,
CANBK,Mar 2022,True,8.8,0.0,69961.0,38567.25,3394.71,6158.0,69961.0,0.0,,43035.0,,108.25
CANBK,Mar 2023,True,14.53,0.0,78054.0,43028.67,6254.13,11345.0,78054.0,0.0,,52990.0,,84.23
CANBK,Mar 2024,True,16.72,0.0,92133.0,50789.97,8490.08,15401.0,92133.0,0.0,,72118.0,,35.75
CANBK,Mar 2025,True,16.78,0.0,105417.0,58113.01,9753.03,17692.0,105417.0,0.0,,82681.0,,14.88
CANBK,Mar 2026,True,16.75,0.0,117705.0,64886.99,10866.59,19712.0,117705.0,0.0,,89138.0,,11.42
CHOLAFIN,Mar 2015,True,16.6,0.0,2675.0,18576.39,3083.33,444.0,2675.0,0.0,,1958.0,,
CHOLAFIN,Mar 2016,True,15.67,0.0,3670.0,23525.64,3685.9,575.0,3670.0,0.0,,2048.0,,29.5
CHOLAFIN,Mar 2017,True,16.71,0.0,4298.0,27551.28,4602.56,718.0,4298.0,0.0,,2228.0,,24.87
CHOLAFIN,Mar 2018,True,17.91,0.0,5125.0,32852.56,5884.62,918.0,5125.0,0.0,,2657.0,,27.86
CHOLAFIN,Mar 2019,True,19.28,0.0,6208.0,39794.87,7673.08,1197.0,6208.0,0.0,,3588.0,,30.39
CHOLAFIN,Mar 2020,True,12.85,0.0,8200.0,50000.0,6426.83,1054.0,8200.0,0.0,,4592.0,,-11.95
CHOLAFIN,Mar 2021,True,15.84,0.0,9600.0,58536.59,9274.39,1521.0,9600.0,0.0,,4576.0,,44.31
CHOLAFIN,Mar 2022,True,18.3,0.0,11769.0,71762.2,13134.15,2154.0,11769.0,0.0,,4298.0,,41.62
CHOLAFIN,Mar 2023,True,18.58,0.0,14346.0,87475.61,16250.0,2665.0,14346.0,0.0,,5748.0,,23.72
CHOLAFIN,Mar 2024,True,17.46,0.0,19593.0,116625.0,20357.14,3420.0,19593.0,0.0,,9231.0,,28.33
CHOLAFIN,Mar 2025,True,18.01,0.0,23668.0,140880.95,25375.0,4263.0,23668.0,0.0,,12495.0,,24.65
CHOLAFIN,Mar 2026,True,17.18,0.0,30458.0,179164.71,30782.35,5233.0,30458.0,0.0,,14384.0,,22.75
CIPLA,Mar 2015,True,11.38,15.77,10802.0,67093.17,7633.54,1229.0,10802.0,1703.0,11345.0,168.0,,
CIPLA,Mar 2016,True,12.01,45.17,11517.0,71534.16,8590.06,1383.0,11517.0,5202.0,13790.0,207.0,21.55,12.53
CIPLA,Mar 2017,True,8.25,32.79,12544.0,77913.04,6428.57,1035.0,12544.0,4113.0,14394.0,159.0,4.38,-25.16
CIPLA,Mar 2018,True,9.96,28.8,14229.0,88378.88,8801.24,1417.0,14229.0,4098.0,15156.0,114.0,5.29,36.91
CIPLA,Mar 2019,True,9.94,28.75,15012.0,93242.24,9267.08,1492.0,15012.0,4316.0,16362.0,168.0,7.96,5.29
CIPLA,Mar 2020,True,9.52,17.86,15763.0,97906.83,9316.77,1500.0,15763.0,2816.0,17132.0,197.0,4.71,0.54
CIPLA,Mar 2021,True,13.04,10.99,18326.0,113826.09,14838.51,2389.0,18326.0,2014.0,19160.0,161.0,11.84,59.27
CIPLA,Mar 2022,True,12.22,5.07,20841.0,129447.2,15819.88,2547.0,20841.0,1056.0,21763.0,106.0,13.59,6.61
CIPLA,Mar 2023,True,12.1,3.43,23407.0,145385.09,17596.27,2833.0,23407.0,803.0,22753.0,110.0,4.55,11.23
CIPLA,Mar 2024,True,15.55,2.09,26706.0,165875.78,25801.24,4154.0,26706.0,559.0,25774.0,90.0,13.28,46.63
CIPLA,Mar 2025,True,16.89,1.4,31194.0,192555.56,32524.69,5269.0,31194.0,438.0,27548.0,62.0,6.88,26.84
CIPLA,Mar 2026,True,11.22,1.78,34432.0,212543.21,23839.51,3862.0,34432.0,614.0,28163.0,54.0,2.23,-26.7
COALINDIA,Mar 2015,True,34.02,1.01,40353.0,6389.01,2173.37,13727.0,40353.0,408.0,74120.0,9.0,,
COALINDIA,Mar 2016,True,40.96,3.44,34833.0,5515.04,2258.87,14267.0,34833.0,1199.0,77861.0,388.0,5.05,3.93
COALINDIA,Mar 2017,True,37.85,12.29,24518.0,3950.06,1495.09,9280.0,24518.0,3014.0,78164.0,410.0,0.39,-34.95
COALINDIA,Mar 2018,True,34.88,7.62,20178.0,3250.85,1133.88,7038.0,20178.0,1538.0,85244.0,430.0,9.06,-24.16
COALINDIA,Mar 2019,True,66.01,8.35,26455.0,4292.55,2833.68,17464.0,26455.0,2210.0,99586.0,264.0,16.82,148.14
COALINDIA,Mar 2020,True,51.93,20.01,32157.0,5217.75,2709.72,16700.0,32157.0,6434.0,96080.0,503.0,-3.52,-4.37
COALINDIA,Mar 2021,True,34.78,16.11,36518.0,5925.36,2061.01,12702.0,36518.0,5884.0,90026.0,642.0,-6.3,-23.94
COALINDIA,Mar 2022,True,40.28,8.15,43143.0,7000.32,2819.73,17378.0,43143.0,3514.0,109715.0,541.0,21.87,36.81
COALINDIA,Mar 2023,True,52.14,7.12,60843.0,9872.3,5147.33,31723.0,60843.0,4331.0,138252.0,684.0,26.01,82.55
COALINDIA,Mar 2024,True,45.17,7.88,82730.0,13423.66,6063.44,37369.0,82730.0,6523.0,144762.0,819.0,4.71,17.8
COALINDIA,Mar 2025,True,35.62,9.23,99105.0,16080.64,5728.05,35302.0,99105.0,9146.0,143369.0,884.0,-0.96,-5.53
COALINDIA,Mar 2026,True,26.09,11.82,119102.0,19325.33,5041.54,31071.0,119102.0,14072.0,168400.0,1216.0,17.46,-11.99
COCHINSHIP,Mar 2018,True,12.16,3.78,3256.0,23941.18,2911.76,396.0,3256.0,123.0,2355.0,12.0,,
COCHINSHIP,Mar 2019,True,14.36,3.69,3329.0,25219.7,3621.21,478.0,3329.0,123.0,2966.0,15.0,25.94,20.71
COCHINSHIP,Mar 2020,True,16.98,3.3,3723.0,28204.55,4787.88,632.0,3723.0,123.0,3422.0,50.0,15.37,32.22
COCHINSHIP,Mar 2021,True,15.1,13.39,4034.0,30560.61,4613.64,609.0,4034.0,540.0,2819.0,58.0,-17.62,-3.64
COCHINSHIP,Mar 2022,True,12.84,12.61,4394.0,33287.88,4272.73,564.0,4394.0,554.0,3191.0,53.0,13.2,-7.39
COCHINSHIP,Mar 2023,True,6.89,13.26,4428.0,33545.45,2310.61,305.0,4428.0,587.0,2365.0,43.0,-25.89,-45.92
COCHINSHIP,Mar 2024,True,15.65,10.03,5004.0,37909.09,5931.82,783.0,5004.0,502.0,3830.0,46.0,61.95,156.72
COCHINSHIP,Mar 2025,True,14.82,10.04,5580.0,42272.73,6265.15,827.0,5580.0,560.0,4820.0,55.0,25.85,5.62
COCHINSHIP,Mar 2026,True,12.21,28.47,5873.0,44492.42,5431.82,717.0,5873.0,1672.0,5022.0,92.0,4.19,-13.3
COFORGE,Mar 2015,True,8.99,0.66,1357.0,22245.9,2000.0,122.0,1357.0,9.0,2372.0,6.0,,
COFORGE,Mar 2016,True,18.26,0.64,1572.0,25770.49,4704.92,287.0,1572.0,10.0,2688.0,8.0,13.32,135.25
COFORGE,Mar 2017,True,16.13,1.48,1686.0,27639.34,4459.02,272.0,1686.0,25.0,2802.0,6.0,4.24,-5.23
COFORGE,Mar 2018,True,17.42,1.24,1774.0,28612.9,4983.87,309.0,1774.0,22.0,2991.0,9.0,6.75,13.6
COFORGE,Mar 2019,True,20.37,0.68,2072.0,33419.35,6806.45,422.0,2072.0,14.0,3676.0,9.0,22.9,36.57
COFORGE,Mar 2020,True,19.53,1.46,2396.0,38645.16,7548.39,468.0,2396.0,35.0,4184.0,16.0,13.82,10.9
COFORGE,Mar 2021,True,18.89,3.36,2467.0,40442.62,7639.34,466.0,2467.0,83.0,4663.0,14.0,11.45,-0.43
COFORGE,Mar 2022,True,26.16,17.93,2733.0,44803.28,11721.31,715.0,2733.0,490.0,6432.0,65.0,37.94,53.43
COFORGE,Mar 2023,True,24.17,18.23,3082.0,50524.59,12213.11,745.0,3082.0,562.0,8015.0,81.0,24.61,4.2
COFORGE,Mar 2024,True,23.05,20.02,3627.0,58500.0,13483.87,836.0,3627.0,726.0,9009.0,126.0,12.4,12.21
COFORGE,Mar 2025,True,14.67,16.77,6379.0,95208.96,13970.15,936.0,6379.0,1070.0,12051.0,135.0,33.77,11.96
COFORGE,Mar 2026,True,18.3,7.63,9537.0,142343.28,26044.78,1745.0,9537.0,728.0,16403.0,169.0,36.11,86.43
COLPAL,Mar 2006,True,49.82,1.42,281.0,2066.18,1029.41,140.0,281.0,4.0,1129.0,1.0,,
COLPAL,Mar 2007,True,53.24,1.44,278.0,2044.12,1088.24,148.0,278.0,4.0,1291.0,1.0,14.35,5.71
COLPAL,Mar 2008,True,141.07,2.98,168.0,12000.0,16928.57,237.0,168.0,5.0,1470.0,1.0,13.87,60.14
COLPAL,Mar 2009,True,133.33,2.31,216.0,15428.57,20571.43,288.0,216.0,5.0,1698.0,2.0,15.51,21.52
COLPAL,Mar 2010,True,131.72,1.51,331.0,23642.86,31142.86,436.0,331.0,5.0,1960.0,2.0,15.43,51.39
CONCOR,Mar 2015,True,14.05,2.53,7517.0,38548.72,5415.38,1056.0,7517.0,190.0,6032.0,18.0,,
CONCOR,Mar 2016,True,11.64,0.12,8307.0,42600.0,4958.97,967.0,8307.0,10.0,6278.0,0.0,4.08,-8.43
CONCOR,Mar 2017,True,9.74,0.71,8771.0,44979.49,4379.49,854.0,8771.0,62.0,5980.0,6.0,-4.75,-11.69
CONCOR,Mar 2018,True,11.37,0.67,9322.0,38204.92,4344.26,1060.0,9322.0,62.0,6612.0,6.0,10.57,24.12
CONCOR,Mar 2019,True,11.83,7.47,10328.0,33862.3,4006.56,1222.0,10328.0,771.0,6956.0,7.0,5.2,15.28
CONCOR,Mar 2020,True,4.04,0.7,10046.0,32937.7,1331.15,406.0,10046.0,70.0,6530.0,46.0,-6.12,-66.78
CONCOR,Mar 2021,True,4.92,7.1,10188.0,33403.28,1642.62,501.0,10188.0,723.0,6427.0,43.0,-1.58,23.4
CONCOR,Mar 2022,True,9.8,6.83,10754.0,35259.02,3455.74,1054.0,10754.0,735.0,7653.0,63.0,19.08,110.38
CONCOR,Mar 2023,True,10.46,6.93,11227.0,36809.84,3849.18,1174.0,11227.0,778.0,8169.0,65.0,6.74,11.39
CONCOR,Mar 2024,True,10.55,7.94,11827.0,38777.05,4091.8,1248.0,11827.0,939.0,8653.0,72.0,5.92,6.3
CONCOR,Mar 2025,True,10.44,6.95,12381.0,40593.44,4236.07,1292.0,12381.0,861.0,8887.0,74.0,2.7,3.53
CONCOR,Mar 2026,True,9.63,7.46,12943.0,33971.13,3270.34,1246.0,12943.0,965.0,9079.0,78.0,2.16,-3.56
CUMMINSIND,Mar 2015,True,25.0,0.1,3088.0,56145.45,14036.36,772.0,3088.0,3.0,4916.0,2.0,,
CUMMINSIND,Mar 2016,True,19.98,0.08,3608.0,65600.0,13109.09,721.0,3608.0,3.0,4720.0,10.0,-3.99,-6.61
CUMMINSIND,Mar 2017,True,19.01,6.51,3871.0,70381.82,13381.82,736.0,3871.0,252.0,5106.0,17.0,8.18,2.08
CUMMINSIND,Mar 2018,True,17.29,6.24,4118.0,74872.73,12945.45,712.0,4118.0,257.0,5112.0,15.0,0.12,-3.26
CUMMINSIND,Mar 2019,True,17.35,7.31,4283.0,77872.73,13509.09,743.0,4283.0,313.0,5697.0,17.0,11.44,4.35
CUMMINSIND,Mar 2020,True,16.04,11.63,4402.0,80036.36,12836.36,706.0,4402.0,512.0,5191.0,21.0,-8.88,-4.98
CUMMINSIND,Mar 2021,True,13.65,0.86,4651.0,84563.64,11545.45,635.0,4651.0,40.0,4360.0,17.0,-16.01,-10.06
CUMMINSIND,Mar 2022,True,18.15,8.12,5145.0,93545.45,16981.82,934.0,5145.0,418.0,6171.0,12.0,41.54,47.09
CUMMINSIND,Mar 2023,True,21.33,6.53,5758.0,104690.91,22327.27,1228.0,5758.0,376.0,7772.0,16.0,25.94,31.48
CUMMINSIND,Mar 2024,True,26.03,1.92,6612.0,120218.18,31290.91,1721.0,6612.0,127.0,9000.0,27.0,15.8,40.15
CUMMINSIND,Mar 2025,True,26.45,0.4,7561.0,137472.73,36363.64,2000.0,7561.0,30.0,10391.0,16.0,15.46,16.21
CUMMINSIND,Mar 2026,True,27.87,0.44,8475.0,154090.91,42945.45,2362.0,8475.0,37.0,12143.0,12.0,16.86,18.1
DLF,Mar 2015,True,1.85,89.5,27369.0,76879.21,1424.16,507.0,27369.0,24495.0,7649.0,2304.0,,
DLF,Mar 2016,True,1.27,104.96,24069.0,67420.17,854.34,305.0,24069.0,25264.0,9926.0,2680.0,29.77,-39.84
DLF,Mar 2017,True,2.88,118.84,24573.0,68831.93,1983.19,708.0,24573.0,29202.0,8221.0,2980.0,-17.18,132.13
DLF,Mar 2018,True,12.68,49.53,35311.0,98910.36,12540.62,4477.0,35311.0,17491.0,6707.0,2951.0,-18.42,532.34
DLF,Mar 2019,True,3.91,51.29,33576.0,76136.05,2979.59,1314.0,33576.0,17222.0,8366.0,2062.0,24.74,-70.65
DLF,Mar 2020,True,-1.71,23.52,34447.0,69589.9,-1191.92,-590.0,34447.0,8103.0,6083.0,1427.0,-27.29,-144.9
DLF,Mar 2021,True,3.06,19.48,35344.0,71402.02,2187.88,1083.0,35344.0,6886.0,5414.0,853.0,-11.0,
DLF,Mar 2022,True,4.13,11.5,36362.0,73458.59,3030.3,1500.0,36362.0,4182.0,5717.0,625.0,5.6,38.5
DLF,Mar 2023,True,5.4,8.85,37687.0,76135.35,4109.09,2034.0,37687.0,3334.0,5695.0,392.0,-0.38,35.6
DLF,Mar 2024,True,6.91,12.26,39431.0,79658.59,5503.03,2724.0,39431.0,4834.0,6427.0,356.0,12.85,33.92
DLF,Mar 2025,True,10.26,9.64,42550.0,85959.6,8822.22,4367.0,42550.0,4103.0,7994.0,397.0,24.38,60.32
DLF,Mar 2026,True,9.71,0.67,45473.0,91864.65,8919.19,4415.0,45473.0,306.0,8194.0,199.0,2.5,1.1
DABUR,Mar 2015,True,31.84,21.88,3354.0,19056.82,6068.18,1068.0,3354.0,734.0,7795.0,40.0,,
DABUR,Mar 2016,True,30.06,19.3,4171.0,23698.86,7125.0,1254.0,4171.0,805.0,7780.0,48.0,-0.19,17.42
DABUR,Mar 2017,True,26.41,20.12,4847.0,27539.77,7272.73,1280.0,4847.0,975.0,7614.0,54.0,-2.13,2.07
DABUR,Mar 2018,True,23.8,16.44,5706.0,32420.45,7715.91,1358.0,5706.0,938.0,7722.0,53.0,1.42,6.09
DABUR,Mar 2019,True,25.67,12.41,5632.0,31819.21,8169.49,1446.0,5632.0,699.0,8515.0,60.0,10.27,6.48
DABUR,Mar 2020,True,21.92,7.9,6606.0,37322.03,8180.79,1448.0,6606.0,522.0,8685.0,50.0,2.0,0.14
DABUR,Mar 2021,True,22.12,6.64,7664.0,43299.44,9576.27,1695.0,7664.0,509.0,9562.0,31.0,10.1,17.06
DABUR,Mar 2022,True,20.78,12.29,8382.0,47355.93,9841.81,1742.0,8382.0,1030.0,10889.0,39.0,13.88,2.77
DABUR,Mar 2023,True,18.96,13.08,8973.0,50694.92,9610.17,1701.0,8973.0,1174.0,11530.0,78.0,5.89,-2.35
DABUR,Mar 2024,True,18.36,13.84,9866.0,55740.11,10231.64,1811.0,9866.0,1365.0,12404.0,124.0,7.58,6.47
DABUR,Mar 2025,True,16.11,8.8,10800.0,61016.95,9830.51,1740.0,10800.0,950.0,12563.0,164.0,1.28,-3.92
DABUR,Mar 2026,True,16.37,11.27,11419.0,64514.12,10559.32,1869.0,11419.0,1287.0,13193.0,145.0,5.01,7.41
DIVISLAB,Mar 2015,True,24.37,0.77,3496.0,129481.48,31555.56,852.0,3496.0,27.0,3115.0,3.0,,
DIVISLAB,Mar 2016,True,26.23,0.98,4293.0,81000.0,21245.28,1126.0,4293.0,42.0,3776.0,5.0,21.22,32.16
DIVISLAB,Mar 2017,True,19.79,0.67,5357.0,101075.47,20000.0,1060.0,5357.0,36.0,4064.0,3.0,7.63,-5.86
DIVISLAB,Mar 2018,True,14.8,1.06,5925.0,111792.45,16547.17,877.0,5925.0,63.0,3891.0,2.0,-4.26,-17.26
DIVISLAB,Mar 2019,True,19.45,1.52,6957.0,131264.15,25528.3,1353.0,6957.0,106.0,4946.0,5.0,27.11,54.28
DIVISLAB,Mar 2020,True,18.84,0.53,7310.0,137924.53,25981.13,1377.0,7310.0,39.0,5394.0,7.0,9.06,1.77
DIVISLAB,Mar 2021,True,21.34,0.05,9295.0,175377.36,37433.96,1984.0,9295.0,5.0,6969.0,2.0,29.2,44.08
DIVISLAB,Mar 2022,True,25.24,0.03,11728.0,221283.02,55849.06,2960.0,11728.0,4.0,8960.0,2.0,28.57,49.19
DIVISLAB,Mar 2023,True,14.28,0.02,12767.0,240886.79,34396.23,1823.0,12767.0,3.0,7768.0,2.0,-13.3,-38.41
DIVISLAB,Mar 2024,True,11.79,0.02,13571.0,256056.6,30188.68,1600.0,13571.0,3.0,7845.0,4.0,0.99,-12.23
DIVISLAB,Mar 2025,True,14.64,0.03,14969.0,282433.96,41339.62,2191.0,14969.0,4.0,9360.0,3.0,19.31,36.94
DIVISLAB,Mar 2026,True,15.32,0.04,16761.0,316245.28,48452.83,2568.0,16761.0,7.0,10560.0,23.0,12.82,17.21
DIXON,Mar 2015,True,15.29,96.47,85.0,28333.33,4333.33,13.0,85.0,82.0,1201.0,10.0,,
DIXON,Mar 2016,True,34.96,65.04,123.0,41000.0,14333.33,43.0,123.0,80.0,1389.0,13.0,15.65,230.77
DIXON,Mar 2017,True,24.37,21.83,197.0,17909.09,4363.64,48.0,197.0,43.0,2457.0,16.0,76.89,11.63
DIXON,Mar 2018,True,19.37,14.29,315.0,28636.36,5545.45,61.0,315.0,45.0,2842.0,13.0,15.67,27.08
DIXON,Mar 2019,True,16.67,37.3,378.0,34363.64,5727.27,63.0,378.0,141.0,2984.0,26.0,5.0,3.28
DIXON,Mar 2020,True,22.14,16.05,542.0,45166.67,10000.0,120.0,542.0,87.0,4400.0,39.0,47.45,90.48
DIXON,Mar 2021,True,21.68,39.97,738.0,61500.0,13333.33,160.0,738.0,295.0,6448.0,33.0,46.55,33.33
DIXON,Mar 2022,True,19.06,66.9,997.0,83083.33,15833.33,190.0,997.0,667.0,10697.0,49.0,65.9,18.75
DIXON,Mar 2023,True,19.84,35.25,1285.0,107083.33,21250.0,255.0,1285.0,453.0,12192.0,64.0,13.98,34.21
DIXON,Mar 2024,True,22.12,28.85,1695.0,141250.0,31250.0,375.0,1695.0,489.0,17691.0,81.0,45.1,47.06
DIXON,Mar 2025,True,40.96,22.29,3010.0,250833.33,102750.0,1233.0,3010.0,671.0,38860.0,162.0,119.66,228.8
DIXON,Mar 2026,True,35.15,21.25,4677.0,389750.0,137000.0,1644.0,4677.0,994.0,48873.0,137.0,25.77,33.33
DRREDDY,Mar 2015,True,23.71,43.78,9853.0,115917.65,27482.35,2336.0,9853.0,4314.0,15023.0,108.0,,
DRREDDY,Mar 2016,True,16.95,26.67,12569.0,147870.59,25070.59,2131.0,12569.0,3352.0,15568.0,83.0,3.63,-8.78
DRREDDY,Mar 2017,True,10.54,40.11,12262.0,147734.94,15566.27,1292.0,12262.0,4918.0,14196.0,63.0,-8.81,-39.37
DRREDDY,Mar 2018,True,7.53,40.34,12572.0,151469.88,11409.64,947.0,12572.0,5071.0,14281.0,79.0,0.6,-26.7
DRREDDY,Mar 2019,True,13.9,27.37,14024.0,168963.86,23493.98,1950.0,14024.0,3838.0,15448.0,89.0,8.17,105.91
DRREDDY,Mar 2020,True,12.99,14.17,15599.0,187939.76,24409.64,2026.0,15599.0,2210.0,17517.0,98.0,13.39,3.9
DRREDDY,Mar 2021,True,11.07,17.18,17641.0,212542.17,23518.07,1952.0,17641.0,3031.0,19048.0,97.0,8.74,-3.65
DRREDDY,Mar 2022,True,11.36,17.61,19212.0,231469.88,26289.16,2182.0,19212.0,3384.0,21545.0,96.0,13.11,11.78
DRREDDY,Mar 2023,True,19.35,5.78,23286.0,280554.22,54301.2,4507.0,23286.0,1347.0,24670.0,143.0,14.5,106.55
DRREDDY,Mar 2024,True,19.74,7.09,28254.0,340409.64,67204.82,5578.0,28254.0,2002.0,28011.0,171.0,13.54,23.76
DRREDDY,Mar 2025,True,17.06,13.94,33549.0,404204.82,68975.9,5725.0,33549.0,4677.0,32644.0,283.0,16.54,2.64
DRREDDY,Mar 2026,True,10.97,20.41,37892.0,451095.24,49500.0,4158.0,37892.0,7734.0,33700.0,374.0,3.23,-27.37
EICHERMOT,Dec 2014,True,27.9,2.31,2516.0,93185.19,26000.0,702.0,2516.0,58.0,8738.0,10.0,,
EICHERMOT,Mar 2016,True,,0.63,3653.0,135296.3,,,3653.0,23.0,,,,
EICHERMOT,"Mar 2016
            
            
              15m",False,,,,,,1338.0,,0.0,6173.0,2.0,,
EICHERMOT,Mar 2017,True,31.19,2.1,5345.0,197962.96,61740.74,1667.0,5345.0,112.0,7033.0,4.0,,
EICHERMOT,Mar 2018,True,27.88,2.15,7030.0,260370.37,72592.59,1960.0,7030.0,151.0,8965.0,5.0,27.47,17.58
EICHERMOT,Mar 2019,True,24.7,2.1,8918.0,330296.3,81592.59,2203.0,8918.0,187.0,9797.0,7.0,9.28,12.4
EICHERMOT,Mar 2020,True,18.3,2.49,9981.0,369666.67,67666.67,1827.0,9981.0,249.0,9154.0,19.0,-6.56,-17.07
EICHERMOT,Mar 2021,True,11.78,1.91,11438.0,423629.63,49888.89,1347.0,11438.0,219.0,8720.0,16.0,-4.74,-26.27
EICHERMOT,Mar 2022,True,13.3,0.86,12608.0,466962.96,62111.11,1677.0,12608.0,108.0,10298.0,19.0,18.1,24.5
EICHERMOT,Mar 2023,True,19.44,1.92,14990.0,555185.19,107925.93,2914.0,14990.0,288.0,14442.0,28.0,40.24,73.76
EICHERMOT,Mar 2024,True,22.17,2.32,18045.0,668333.33,148185.19,4001.0,18045.0,419.0,16536.0,51.0,14.5,37.3
EICHERMOT,Mar 2025,True,22.23,2.15,21296.0,788740.74,175333.33,4734.0,21296.0,458.0,18870.0,54.0,14.11,18.32
EICHERMOT,Mar 2026,True,21.97,2.05,25100.0,929629.63,204259.26,5515.0,25100.0,514.0,23408.0,72.0,24.05,16.5
ESCORTS,Mar 2015,True,4.15,26.45,1830.0,15378.15,638.66,76.0,1830.0,484.0,4113.0,58.0,,
ESCORTS,Mar 2016,True,4.77,25.09,1467.0,11926.83,569.11,70.0,1467.0,368.0,3432.0,51.0,-16.56,-7.89
ESCORTS,Mar 2017,True,8.08,16.35,1621.0,13178.86,1065.04,131.0,1621.0,265.0,4145.0,32.0,20.78,87.14
ESCORTS,Mar 2018,True,15.66,2.3,2216.0,18016.26,2821.14,347.0,2216.0,51.0,5059.0,29.0,22.05,164.89
ESCORTS,Mar 2019,True,17.88,10.51,2674.0,21739.84,3886.18,478.0,2674.0,281.0,6262.0,20.0,23.78,37.75
ESCORTS,Mar 2020,True,15.14,1.54,3118.0,25349.59,3837.4,472.0,3118.0,48.0,5810.0,17.0,-7.22,-1.26
ESCORTS,Mar 2021,True,17.35,1.21,5026.0,37229.63,6459.26,872.0,5026.0,61.0,7014.0,13.0,20.72,84.75
ESCORTS,Mar 2022,True,9.68,0.68,7600.0,57575.76,5575.76,736.0,7600.0,52.0,7283.0,15.0,3.84,-15.6
ESCORTS,Mar 2023,True,7.78,0.7,8187.0,62022.73,4825.76,637.0,8187.0,57.0,8429.0,13.0,15.74,-13.45
ESCORTS,Mar 2024,True,11.47,4.77,9388.0,85345.45,9790.91,1077.0,9388.0,448.0,9804.0,42.0,16.31,69.07
ESCORTS,Mar 2025,True,12.2,1.01,10367.0,92562.5,11294.64,1265.0,10367.0,105.0,10244.0,29.0,4.49,17.46
ESCORTS,Mar 2026,True,19.35,1.31,12373.0,110473.21,21375.0,2394.0,12373.0,162.0,11540.0,20.0,12.65,89.25
ETERNAL,Mar 2018,True,-10.33,17.95,1036.03,34534333.33,-3566666.67,-107.0,1036.03,186.0,466.0,6.0,,
ETERNAL,Mar 2019,True,-42.87,14.77,2356.03,78534333.33,-33666666.67,-1010.0,2356.03,348.0,1313.0,9.0,181.76,
ETERNAL,Mar 2020,True,-522.07,71.33,457.03,15234333.33,-79533333.33,-2386.0,457.03,326.0,2605.0,13.0,98.4,
ETERNAL,Mar 2021,True,-10.68,6.89,7644.0,,,-816.0,7644.0,527.0,1994.0,10.0,-23.45,
ETERNAL,Mar 2022,True,-7.4,0.42,16505.0,21603.4,-1599.48,-1222.0,16505.0,70.0,4192.0,12.0,110.23,
ETERNAL,Mar 2023,True,-4.99,2.61,19460.0,23277.51,-1161.48,-971.0,19460.0,507.0,7079.0,49.0,68.87,
ETERNAL,Mar 2024,True,1.72,3.67,20413.0,23517.28,404.38,351.0,20413.0,749.0,12114.0,72.0,71.13,
ETERNAL,Mar 2025,True,1.74,6.75,30317.0,33425.58,581.04,527.0,30317.0,2045.0,20243.0,154.0,67.1,50.14
ETERNAL,Mar 2026,True,1.18,14.82,30980.0,33710.55,398.26,366.0,30980.0,4592.0,54364.0,392.0,168.56,-30.55
EXIDEIND,Mar 2015,True,16.04,1.51,3841.0,45188.24,7247.06,616.0,3841.0,58.0,9471.0,9.0,,
EXIDEIND,Mar 2016,True,15.95,2.62,4390.0,51647.06,8235.29,700.0,4390.0,115.0,9477.0,79.0,0.06,13.64
EXIDEIND,Mar 2017,True,15.98,3.72,5032.0,59200.0,9458.82,804.0,5032.0,187.0,11179.0,153.0,17.96,14.86
EXIDEIND,Mar 2018,True,12.78,1.11,5429.0,63870.59,8164.71,694.0,5429.0,60.0,12808.0,114.0,14.57,-13.68
EXIDEIND,Mar 2019,True,13.87,1.46,6107.0,71847.06,9964.71,847.0,6107.0,89.0,14721.0,117.0,14.94,22.05
EXIDEIND,Mar 2020,True,11.78,3.03,6467.0,76082.35,8964.71,762.0,6467.0,196.0,14471.0,108.0,-1.7,-10.04
EXIDEIND,Mar 2021,True,11.04,7.0,7272.0,85552.94,9447.06,803.0,7272.0,509.0,10359.0,37.0,-28.42,5.38
EXIDEIND,Mar 2022,True,41.17,4.91,10584.0,124517.65,51258.82,4357.0,10584.0,520.0,12789.0,64.0,23.46,442.59
EXIDEIND,Mar 2023,True,7.39,5.28,11132.0,130964.71,9682.35,823.0,11132.0,588.0,15078.0,79.0,17.9,-81.11
EXIDEIND,Mar 2024,True,6.85,8.71,12886.0,151600.0,10388.24,883.0,12886.0,1123.0,16770.0,120.0,11.22,7.29
EXIDEIND,Mar 2025,True,5.75,14.5,13913.0,163682.35,9411.76,800.0,13913.0,2017.0,17238.0,160.0,2.79,-9.4
EXIDEIND,Mar 2026,True,6.18,11.33,13905.0,163588.24,10117.65,860.0,13905.0,1575.0,17995.0,124.0,4.39,7.5
NYKAA,Mar 2018,True,-22.95,68.03,122.0,8714.29,-2000.0,-28.0,122.0,83.0,574.0,7.0,,
NYKAA,Mar 2019,True,-10.87,134.78,230.0,16428.57,-1785.71,-25.0,230.0,310.0,1111.0,27.0,93.55,
NYKAA,Mar 2020,True,-4.97,128.26,322.0,21466.67,-1066.67,-16.0,322.0,413.0,1768.0,46.0,59.14,
NYKAA,Mar 2021,True,12.65,67.96,490.0,32666.67,4133.33,62.0,490.0,333.0,2441.0,32.0,38.07,
NYKAA,Mar 2022,True,3.06,44.29,1339.0,28489.36,872.34,41.0,1339.0,593.0,3774.0,47.0,54.61,-33.87
NYKAA,Mar 2023,True,1.52,57.91,1378.0,4835.09,73.68,21.0,1378.0,798.0,5144.0,76.0,36.3,-48.78
NYKAA,Mar 2024,True,3.17,76.72,1263.0,4416.08,139.86,40.0,1263.0,969.0,6386.0,84.0,24.14,90.48
NYKAA,Mar 2025,True,5.53,101.54,1301.0,4548.95,251.75,72.0,1301.0,1321.0,7950.0,108.0,24.49,80.0
NYKAA,Mar 2026,True,14.19,86.09,1438.0,5027.97,713.29,204.0,1438.0,1238.0,10022.0,117.0,26.06,183.33
FEDERALBNK,Mar 2015,True,13.74,0.0,7700.0,45029.24,6187.13,1058.0,7700.0,0.0,,5056.0,,
FEDERALBNK,Mar 2016,True,6.03,0.0,8064.0,23441.86,1412.79,486.0,8064.0,0.0,,5259.0,,-54.06
FEDERALBNK,Mar 2017,True,9.68,0.0,8952.0,25947.83,2513.04,867.0,8952.0,0.0,,5653.0,,78.4
FEDERALBNK,Mar 2018,True,7.62,0.0,12274.0,31152.28,2373.1,935.0,12274.0,0.0,,6226.0,,7.84
FEDERALBNK,Mar 2019,True,9.76,0.0,13498.0,34000.0,3319.9,1318.0,13498.0,0.0,,7316.0,,40.96
FEDERALBNK,Mar 2020,True,10.73,0.0,14823.0,37150.38,3984.96,1590.0,14823.0,0.0,,8678.0,,20.64
FEDERALBNK,Mar 2021,True,10.18,0.0,16504.0,41363.41,4210.53,1680.0,16504.0,0.0,,8435.0,,5.66
FEDERALBNK,Mar 2022,True,10.37,0.0,19256.0,45738.72,4741.09,1996.0,19256.0,0.0,,7959.0,,18.81
FEDERALBNK,Mar 2023,True,14.51,0.0,22122.0,52297.87,7588.65,3210.0,22122.0,0.0,,9975.0,,60.82
FEDERALBNK,Mar 2024,True,13.17,0.0,30105.0,61817.25,8139.63,3964.0,30105.0,0.0,,14495.0,,23.49
FEDERALBNK,Mar 2025,True,12.26,0.0,34538.0,70342.16,8623.22,4234.0,34538.0,0.0,,17631.0,,6.81
FEDERALBNK,Mar 2026,True,11.22,0.0,40043.0,81223.12,9109.53,4491.0,40043.0,0.0,,17772.0,,6.07
GAIL,Mar 2015,True,9.29,53.76,34022.0,26831.23,2492.11,3160.0,34022.0,18291.0,60557.0,652.0,,
GAIL,Mar 2016,True,5.15,24.87,36403.0,28708.99,1477.92,1874.0,36403.0,9052.0,52053.0,822.0,-14.04,-40.7
GAIL,Mar 2017,True,8.58,16.67,39305.0,23243.64,1995.27,3374.0,39305.0,6553.0,48552.0,509.0,-6.73,80.04
GAIL,Mar 2018,True,11.53,9.3,41679.0,18482.93,2130.82,4805.0,41679.0,3876.0,54496.0,295.0,12.24,42.41
GAIL,Mar 2019,True,14.24,4.83,46004.0,20400.89,2905.99,6553.0,46004.0,2224.0,76190.0,159.0,39.81,36.38
GAIL,Mar 2020,True,19.31,14.03,49268.0,10924.17,2109.76,9515.0,49268.0,6912.0,72518.0,309.0,-4.82,45.2
GAIL,Mar 2021,True,11.55,14.8,53182.0,11977.93,1383.56,6143.0,53182.0,7873.0,57372.0,179.0,-20.89,-35.44
GAIL,Mar 2022,True,19.19,14.37,64114.0,14440.09,2771.17,12304.0,64114.0,9216.0,92770.0,202.0,61.7,100.29
GAIL,Mar 2023,True,8.62,27.44,64927.0,9874.83,851.1,5596.0,64927.0,17816.0,145668.0,365.0,57.02,-54.52
GAIL,Mar 2024,True,12.86,28.3,76997.0,11710.57,1506.16,9903.0,76997.0,21794.0,133228.0,719.0,-8.54,76.97
GAIL,Mar 2025,True,14.66,25.41,84997.0,12927.3,1895.51,12463.0,84997.0,21595.0,141903.0,748.0,6.51,25.85
GAIL,Mar 2026,True,8.51,27.88,89049.0,13543.57,1153.16,7582.0,89049.0,24831.0,141598.0,964.0,-0.21,-39.16
GMRAIRPORT,Mar 2015,True,-51.48,864.87,5773.0,13240.83,-6816.51,-2972.0,5773.0,49929.0,11088.0,3572.0,,
GMRAIRPORT,Mar 2016,True,-55.08,790.3,4991.0,8263.25,-4551.32,-2749.0,4991.0,39444.0,8261.0,2196.0,-25.5,
GMRAIRPORT,Mar 2017,True,-6.49,402.1,5343.0,8846.03,-574.5,-347.0,5343.0,21484.0,9557.0,2128.0,15.69,
GMRAIRPORT,Mar 2018,True,-32.36,680.24,3446.0,5705.3,-1846.03,-1115.0,3446.0,23441.0,8556.0,2316.0,-10.47,
GMRAIRPORT,Mar 2019,True,,,,,,-3356.0,,27580.0,7411.0,2684.0,-13.38,
GMRAIRPORT,Mar 2020,True,,,,,,-2202.0,,34442.0,8395.0,3545.0,13.28,
GMRAIRPORT,Mar 2021,True,,,,,,-3428.0,,36864.0,3566.0,1803.0,-57.52,
GMRAIRPORT,Mar 2022,True,,,,,,-1131.0,,26633.0,4601.0,2019.0,29.02,
GMRAIRPORT,Mar 2023,True,,,,,,-840.0,,32157.0,6674.0,2338.0,45.06,
GMRAIRPORT,Mar 2024,True,,,,,,-828.0,,35905.0,8755.0,2929.0,31.18,
GMRAIRPORT,Mar 2025,True,,,,,,-817.0,,38218.0,10414.0,3705.0,18.95,
GMRAIRPORT,Mar 2026,True,,,,,,472.0,,43283.0,14807.0,3859.0,42.18,
GLENMARK,Mar 2015,True,11.72,213.12,1783.0,66037.04,7740.74,209.0,1783.0,3800.0,6563.0,190.0,,
GLENMARK,Mar 2016,True,20.47,109.89,3629.0,129607.14,26535.71,743.0,3629.0,3988.0,7562.0,179.0,15.22,255.5
GLENMARK,Mar 2017,True,24.69,105.16,4492.0,160428.57,39607.14,1109.0,4492.0,4724.0,9079.0,237.0,20.06,49.26
GLENMARK,Mar 2018,True,15.57,89.85,5163.0,184392.86,28714.29,804.0,5163.0,4639.0,9074.0,286.0,-0.06,-27.5
GLENMARK,Mar 2019,True,16.5,79.38,5605.0,200178.57,33035.71,925.0,5605.0,4449.0,9865.0,335.0,8.72,15.05
GLENMARK,Mar 2020,True,12.78,80.21,6070.0,216785.71,27714.29,776.0,6070.0,4869.0,10641.0,377.0,7.87,-16.11
GLENMARK,Mar 2021,True,13.73,70.58,7064.0,252285.71,34642.86,970.0,7064.0,4986.0,10944.0,353.0,2.85,25.0
GLENMARK,Mar 2022,True,10.94,43.61,9086.0,324500.0,35500.0,994.0,9086.0,3962.0,12305.0,298.0,12.44,2.47
GLENMARK,Mar 2023,True,3.98,48.64,9474.0,338357.14,13464.29,377.0,9474.0,4608.0,11583.0,349.0,-5.87,-62.07
GLENMARK,Mar 2024,True,-18.27,15.69,7848.0,280285.71,-51214.29,-1434.0,7848.0,1231.0,11813.0,516.0,1.99,-480.37
GLENMARK,Mar 2025,True,11.83,27.95,8849.0,316035.71,37392.86,1047.0,8849.0,2473.0,13322.0,207.0,12.77,
GLENMARK,Mar 2026,True,12.96,5.65,10512.0,375428.57,48642.86,1362.0,10512.0,594.0,16983.0,209.0,27.48,30.09
GODREJCP,Mar 2015,True,22.64,63.02,4311.0,126794.12,28705.88,976.0,4311.0,2717.0,8273.0,112.0,,
GODREJCP,Mar 2016,True,19.48,67.75,4267.0,125500.0,24441.18,831.0,4267.0,2891.0,8424.0,128.0,1.83,-14.86
GODREJCP,Mar 2017,True,24.67,75.46,5302.0,155941.18,38470.59,1308.0,5302.0,4001.0,9268.0,154.0,10.02,57.4
GODREJCP,Mar 2018,True,26.11,56.06,6258.0,92029.41,24029.41,1634.0,6258.0,3508.0,9847.0,173.0,6.25,24.92
GODREJCP,Mar 2019,True,32.23,46.54,7267.0,71245.1,22960.78,2342.0,7267.0,3382.0,10314.0,238.0,4.74,43.33
GODREJCP,Mar 2020,True,18.95,45.26,7898.0,77431.37,14676.47,1497.0,7898.0,3575.0,9911.0,228.0,-3.91,-36.08
GODREJCP,Mar 2021,True,18.23,19.75,9439.0,92539.22,16872.55,1721.0,9439.0,1864.0,11029.0,138.0,11.28,14.96
GODREJCP,Mar 2022,True,15.43,14.75,11556.0,113294.12,17480.39,1783.0,11556.0,1704.0,12276.0,122.0,11.31,3.6
GODREJCP,Mar 2023,True,12.34,8.19,13794.0,135235.29,16686.27,1702.0,13794.0,1130.0,13316.0,188.0,8.47,-4.54
GODREJCP,Mar 2024,True,-4.45,25.58,12598.0,123509.8,-5500.0,-561.0,12598.0,3222.0,14096.0,310.0,5.86,-132.96
GODREJCP,Mar 2025,True,15.43,33.41,11999.0,117637.25,18156.86,1852.0,11999.0,4009.0,14364.0,361.0,1.9,
GODREJCP,Mar 2026,True,14.71,34.9,12653.0,124049.02,18245.1,1861.0,12653.0,4416.0,15178.0,332.0,5.67,0.49
GODREJPROP,Mar 2015,True,12.78,188.74,1847.0,18470.0,2360.0,236.0,1847.0,3486.0,1843.0,5.0,,
GODREJPROP,Mar 2016,True,9.07,176.94,1765.0,16342.59,1481.48,160.0,1765.0,3123.0,2123.0,41.0,15.19,-32.2
GODREJPROP,Mar 2017,True,10.33,198.6,2004.0,18555.56,1916.67,207.0,2004.0,3980.0,1583.0,104.0,-25.44,29.37
GODREJPROP,Mar 2018,True,7.19,306.03,1210.0,11203.7,805.56,87.0,1210.0,3703.0,1604.0,150.0,1.33,-57.97
GODREJPROP,Mar 2019,True,10.25,142.41,2469.0,21469.57,2200.0,253.0,2469.0,3516.0,2817.0,234.0,75.62,190.8
GODREJPROP,Mar 2020,True,5.7,77.33,4804.0,38126.98,2174.6,274.0,4804.0,3715.0,2441.0,220.0,-13.35,8.3
GODREJPROP,Mar 2021,True,-2.27,54.59,8320.0,59856.12,-1359.71,-189.0,8320.0,4542.0,765.0,185.0,-68.66,-168.98
GODREJPROP,Mar 2022,True,4.05,59.9,8675.0,62410.07,2525.18,351.0,8675.0,5196.0,1825.0,167.0,138.56,
GODREJPROP,Mar 2023,True,6.7,69.42,9264.0,66647.48,4467.63,621.0,9264.0,6431.0,2252.0,174.0,23.4,76.92
GODREJPROP,Mar 2024,True,7.48,106.88,9992.0,71884.89,5374.1,747.0,9992.0,10679.0,3036.0,152.0,34.81,20.29
GODREJPROP,Mar 2025,True,8.02,73.01,17313.0,114655.63,9198.68,1389.0,17313.0,12641.0,4923.0,174.0,62.15,85.94
GODREJPROP,Mar 2026,True,9.61,82.97,19156.0,126860.93,12192.05,1841.0,19156.0,15894.0,5131.0,137.0,4.23,32.54
GRASIM,Mar 2015,True,11.16,51.56,23140.0,251521.74,28065.22,2582.0,23140.0,11930.0,31734.0,667.0,,
GRASIM,Mar 2016,True,12.6,45.59,27429.0,294935.48,37150.54,3455.0,27429.0,12505.0,34487.0,718.0,8.68,33.81
GRASIM,Mar 2017,True,13.53,29.35,31387.0,337494.62,45655.91,4246.0,31387.0,9213.0,36068.0,702.0,4.58,22.89
GRASIM,Mar 2018,True,6.43,116.93,57361.0,437870.23,28152.67,3688.0,57361.0,67070.0,55894.0,3663.0,54.97,-13.14
GRASIM,Mar 2019,True,4.73,145.62,58020.0,439545.45,20795.45,2745.0,58020.0,84487.0,77200.0,6060.0,38.12,-25.57
GRASIM,Mar 2020,True,11.72,149.7,56633.0,429037.88,50295.45,6639.0,56633.0,84777.0,68252.0,6890.0,-11.59,141.86
GRASIM,Mar 2021,True,10.67,120.74,65494.0,496166.67,52931.82,6987.0,65494.0,79078.0,76404.0,5723.0,11.94,5.24
GRASIM,Mar 2022,True,14.8,98.74,75699.0,573477.27,84893.94,11206.0,75699.0,74744.0,95701.0,4776.0,25.26,60.38
GRASIM,Mar 2023,True,14.07,130.86,78742.0,596530.3,83924.24,11078.0,78742.0,103039.0,117627.0,6044.0,22.91,-1.14
GRASIM,Mar 2024,True,11.2,154.71,88653.0,666563.91,74631.58,9926.0,88653.0,137155.0,130978.0,9277.0,11.35,-10.4
GRASIM,Mar 2025,True,7.95,191.09,97509.0,716977.94,57029.41,7756.0,97509.0,186326.0,148478.0,12500.0,13.36,-21.86
GRASIM,Mar 2026,True,9.95,220.21,103470.0,760808.82,75735.29,10300.0,103470.0,227853.0,175431.0,15144.0,18.15,32.8
HCLTECH,Jun 2015,True,30.31,2.68,24224.0,86206.41,26128.11,7342.0,24224.0,648.0,36701.0,91.0,,
HCLTECH,Mar 2016,True,,3.98,27391.0,97131.21,,,27391.0,1090.0,,,,
HCLTECH,"Mar 2016
            
            
              9m",False,,,,,,5602.0,,0.0,31136.0,74.0,,
HCLTECH,Mar 2017,True,26.12,1.77,32949.0,115610.53,30196.49,8606.0,32949.0,582.0,47568.0,89.0,,
HCLTECH,Mar 2018,True,23.97,1.53,36386.0,130884.89,31374.1,8722.0,36386.0,557.0,50569.0,69.0,6.31,1.35
HCLTECH,Mar 2019,True,24.46,10.14,41366.0,152642.07,37343.17,10120.0,41366.0,4195.0,60427.0,174.0,19.49,16.03
HCLTECH,Mar 2020,True,21.57,15.58,51267.0,94414.36,20362.8,11057.0,51267.0,7986.0,70676.0,505.0,16.96,9.26
HCLTECH,Mar 2021,True,18.64,11.46,59913.0,110337.02,20569.06,11169.0,59913.0,6864.0,75379.0,511.0,6.65,1.01
HCLTECH,Mar 2022,True,21.84,10.24,61914.0,114022.1,24904.24,13523.0,61914.0,6343.0,85651.0,319.0,13.63,21.08
HCLTECH,Mar 2023,True,22.7,7.33,65405.0,120451.2,27338.86,14845.0,65405.0,4794.0,101456.0,353.0,18.45,9.78
HCLTECH,Mar 2024,True,23.01,8.44,68263.0,125714.55,28931.86,15710.0,68263.0,5758.0,109913.0,553.0,8.34,5.83
HCLTECH,Mar 2025,True,24.98,9.01,69655.0,128278.08,32042.36,17399.0,69655.0,6276.0,117055.0,644.0,6.5,10.75
HCLTECH,Mar 2026,True,22.15,6.94,75165.0,138425.41,30666.67,16652.0,75165.0,5215.0,130144.0,869.0,11.18,-4.29
HDFCAMC,Mar 2023,True,23.3,0.0,6108.0,57084.11,13299.07,1423.0,6108.0,0.0,2478.0,10.0,,
HDFCAMC,Mar 2024,True,27.46,0.0,7075.0,66121.5,18158.88,1943.0,7075.0,0.0,3160.0,9.0,27.52,36.54
HDFCAMC,Mar 2025,True,30.26,0.0,8130.0,75981.31,22990.65,2460.0,8130.0,0.0,4051.0,9.0,28.2,26.61
HDFCAMC,Mar 2026,True,30.97,0.0,9229.0,43126.17,13355.14,2858.0,9229.0,0.0,4122.0,13.0,1.75,16.18
HDFCBANK,Mar 2015,True,16.95,0.0,63154.0,126055.89,21363.27,10703.0,63154.0,0.0,,27288.0,,
HDFCBANK,Mar 2016,True,17.25,0.0,74304.0,146845.85,25337.94,12821.0,74304.0,0.0,,34070.0,,19.79
HDFCBANK,Mar 2017,True,16.69,0.0,91794.0,178935.67,29857.7,15317.0,91794.0,0.0,,38042.0,,19.47
HDFCBANK,Mar 2018,True,16.94,0.0,109599.0,211173.41,35763.01,18561.0,109599.0,0.0,,42381.0,,21.18
HDFCBANK,Mar 2019,True,14.61,0.0,153673.0,281968.81,41185.32,22446.0,153673.0,0.0,,53713.0,,20.93
HDFCBANK,Mar 2020,True,15.48,0.0,176358.0,321821.17,49810.22,27296.0,176358.0,0.0,,62137.0,,21.61
HDFCBANK,Mar 2021,True,15.18,0.0,209810.0,380780.4,57816.7,31857.0,209810.0,0.0,,59248.0,,16.71
HDFCBANK,Mar 2022,True,15.43,0.0,247327.0,445634.23,68740.54,38151.0,247327.0,0.0,,58584.0,,19.76
HDFCBANK,Mar 2023,True,15.94,0.0,289438.0,518706.09,82704.3,46149.0,289438.0,0.0,,77780.0,,20.96
HDFCBANK,Mar 2024,True,14.34,0.0,456396.0,600521.05,86113.16,65446.0,456396.0,0.0,,154139.0,,41.81
HDFCBANK,Mar 2025,True,14.07,0.0,521789.0,682077.12,96000.0,73440.0,521789.0,0.0,,183894.0,,12.21
HDFCBANK,Mar 2026,True,13.62,0.0,581514.0,377851.85,51474.33,79219.0,581514.0,0.0,,185491.0,,7.87
HDFCLIFE,Mar 2015,True,30.93,0.0,2541.0,1273.68,393.98,786.0,2541.0,0.0,27215.0,-14.0,,
HDFCLIFE,Mar 2016,True,26.33,0.0,3103.0,1555.39,409.52,817.0,3103.0,0.0,18141.0,8.0,-33.34,3.94
HDFCLIFE,Mar 2017,True,23.18,0.0,3826.0,1914.91,443.94,887.0,3826.0,0.0,30647.0,9.0,68.94,8.57
HDFCLIFE,Mar 2018,True,23.53,0.0,4705.0,2338.47,550.2,1107.0,4705.0,0.0,32260.0,11.0,5.26,24.8
HDFCLIFE,Mar 2019,True,22.65,0.0,5642.0,2797.22,633.61,1278.0,5642.0,0.0,38855.0,14.0,20.44,15.45
HDFCLIFE,Mar 2020,True,19.05,0.0,6807.0,3371.47,642.4,1297.0,6807.0,0.0,29380.0,0.0,-24.39,1.49
HDFCLIFE,Mar 2021,True,15.75,6.94,8640.0,4275.11,673.43,1361.0,8640.0,600.0,71528.0,0.0,143.46,4.93
HDFCLIFE,Mar 2022,True,8.5,3.84,15614.0,7389.49,628.02,1327.0,15614.0,600.0,67126.0,0.0,-6.15,-2.5
HDFCLIFE,Mar 2023,True,10.53,7.31,12993.0,6046.07,636.58,1368.0,12993.0,950.0,70207.0,0.0,4.59,3.09
HDFCLIFE,Mar 2024,True,10.73,6.48,14666.0,6818.22,731.75,1574.0,14666.0,950.0,101482.0,0.0,44.55,15.06
HDFCLIFE,Mar 2025,True,11.21,18.26,16155.0,7503.48,841.15,1811.0,16155.0,2950.0,92922.0,0.0,-8.43,15.06
HDFCLIFE,Mar 2026,True,10.77,17.46,17750.0,8225.21,886.01,1912.0,17750.0,3099.0,99432.0,0.0,7.01,5.58
HAVELLS,Mar 2015,True,21.18,23.32,1818.0,29322.58,6209.68,385.0,1818.0,424.0,8468.0,96.0,,
HAVELLS,Mar 2016,True,42.95,4.43,3027.0,48822.58,20967.74,1300.0,3027.0,134.0,7594.0,91.0,-10.32,237.66
HAVELLS,Mar 2017,True,15.08,6.35,3276.0,52838.71,7967.74,494.0,3276.0,208.0,6130.0,13.0,-19.28,-62.0
HAVELLS,Mar 2018,True,17.72,3.08,3730.0,59206.35,10492.06,661.0,3730.0,115.0,8116.0,25.0,32.4,33.81
HAVELLS,Mar 2019,True,18.77,2.24,4198.0,66634.92,12507.94,788.0,4198.0,94.0,10073.0,16.0,24.11,19.21
HAVELLS,Mar 2020,True,17.05,1.67,4312.0,68444.44,11666.67,735.0,4312.0,72.0,9440.0,51.0,-6.28,-6.73
HAVELLS,Mar 2021,True,20.17,10.06,5177.0,82174.6,16571.43,1044.0,5177.0,521.0,10457.0,90.0,10.77,42.04
HAVELLS,Mar 2022,True,19.92,10.26,6003.0,95285.71,18984.13,1196.0,6003.0,616.0,13938.0,67.0,33.29,14.56
HAVELLS,Mar 2023,True,16.18,3.37,6626.0,105174.6,17015.87,1072.0,6626.0,223.0,16911.0,55.0,21.33,-10.37
HAVELLS,Mar 2024,True,17.07,4.07,7447.0,118206.35,20174.6,1271.0,7447.0,303.0,18590.0,84.0,9.93,18.56
HAVELLS,Mar 2025,True,17.66,3.83,8324.0,132126.98,23333.33,1470.0,8324.0,319.0,21778.0,72.0,17.15,15.66
HAVELLS,Mar 2026,True,17.86,2.8,9456.0,150095.24,26809.52,1689.0,9456.0,265.0,22528.0,79.0,3.44,14.9
HEROMOTOCO,Mar 2015,True,36.15,1.53,6540.0,163500.0,59100.0,2364.0,6540.0,100.0,27538.0,12.0,,
HEROMOTOCO,Mar 2016,True,35.23,2.63,8834.0,220850.0,77800.0,3112.0,8834.0,232.0,28457.0,15.0,3.34,31.64
HEROMOTOCO,Mar 2017,True,34.37,2.53,10316.0,257900.0,88650.0,3546.0,10316.0,261.0,28610.0,27.0,0.54,13.95
HEROMOTOCO,Mar 2018,True,31.09,1.9,11972.0,299300.0,93050.0,3722.0,11972.0,228.0,32458.0,31.0,13.45,4.96
HEROMOTOCO,Mar 2019,True,26.42,2.38,13120.0,328000.0,86650.0,3466.0,13120.0,312.0,33971.0,37.0,4.66,-6.88
HEROMOTOCO,Mar 2020,True,25.4,3.14,14406.0,360150.0,91475.0,3659.0,14406.0,453.0,29254.0,47.0,-13.89,5.57
HEROMOTOCO,Mar 2021,True,19.05,3.79,15416.0,385400.0,73400.0,2936.0,15416.0,584.0,30959.0,46.0,5.83,-19.76
HEROMOTOCO,Mar 2022,True,14.7,3.82,15847.0,396175.0,58225.0,2329.0,15847.0,605.0,29551.0,53.0,-4.55,-20.67
HEROMOTOCO,Mar 2023,True,16.81,3.41,16656.0,416400.0,70000.0,2800.0,16656.0,568.0,34158.0,105.0,15.59,20.22
HEROMOTOCO,Mar 2024,True,21.14,3.42,17699.0,442475.0,93550.0,3742.0,17699.0,606.0,37789.0,76.0,10.63,33.64
HEROMOTOCO,Mar 2025,True,22.71,3.63,19272.0,481800.0,109400.0,4376.0,19272.0,700.0,40923.0,71.0,8.29,16.94
HEROMOTOCO,Mar 2026,True,26.73,3.6,21611.0,540275.0,144400.0,5776.0,21611.0,779.0,47411.0,78.0,15.85,31.99
HINDALCO,Mar 2015,True,0.68,178.63,38329.0,185164.25,1251.21,259.0,38329.0,68468.0,104281.0,4178.0,,
HINDALCO,Mar 2016,True,-1.73,166.35,40609.0,196178.74,-3391.3,-702.0,40609.0,67552.0,98759.0,5134.0,-5.3,-371.04
HINDALCO,Mar 2017,True,4.09,138.55,46059.0,206542.6,8439.46,1882.0,46059.0,63817.0,100184.0,5742.0,1.44,
HINDALCO,Mar 2018,True,11.09,94.94,54852.0,245973.09,27278.03,6083.0,54852.0,52074.0,115183.0,3911.0,14.97,223.22
HINDALCO,Mar 2019,True,9.56,91.15,57501.0,259013.51,24752.25,5495.0,57501.0,52415.0,130542.0,3778.0,13.33,-9.67
HINDALCO,Mar 2020,True,6.46,117.29,58317.0,262689.19,16968.47,3767.0,58317.0,68399.0,118144.0,4197.0,-9.5,-31.45
HINDALCO,Mar 2021,True,5.23,101.01,66533.0,299698.2,15689.19,3483.0,66533.0,67206.0,132008.0,3738.0,11.73,-7.54
HINDALCO,Mar 2022,True,17.56,82.47,78191.0,352211.71,61846.85,13730.0,78191.0,64486.0,195059.0,3768.0,47.76,294.2
HINDALCO,Mar 2023,True,10.65,63.59,94806.0,427054.05,45481.98,10097.0,94806.0,60291.0,223202.0,3646.0,14.43,-26.46
HINDALCO,Mar 2024,True,9.57,53.09,106146.0,478135.14,45743.24,10155.0,106146.0,56356.0,215962.0,3858.0,-3.24,0.57
HINDALCO,Mar 2025,True,12.94,51.68,123709.0,557247.75,72081.08,16002.0,123709.0,63929.0,238496.0,3419.0,10.43,57.58
HINDALCO,Mar 2026,True,9.8,72.6,136583.0,615238.74,60319.82,13391.0,136583.0,99161.0,274944.0,3480.0,15.28,-16.32
HAL,Mar 2015,True,14.28,0.98,16804.0,34863.07,4977.18,2399.0,16804.0,165.0,15939.0,15.0,,
HAL,Mar 2016,True,18.16,0.73,11033.0,30477.9,5535.91,2004.0,11033.0,80.0,16758.0,6.0,5.14,-16.47
HAL,Mar 2017,True,20.9,8.14,12560.0,34696.13,7251.38,2625.0,12560.0,1022.0,17950.0,16.0,7.11,30.99
HAL,Mar 2018,True,20.92,9.52,9511.0,28476.05,5958.08,1990.0,9511.0,905.0,18520.0,35.0,3.18,-24.19
HAL,Mar 2019,True,19.27,34.07,12082.0,36173.65,6970.06,2328.0,12082.0,4116.0,20008.0,178.0,8.03,16.98
HAL,Mar 2020,True,21.76,44.74,13248.0,39664.67,8631.74,2883.0,13248.0,5927.0,21445.0,360.0,7.18,23.84
HAL,Mar 2021,True,21.05,0.34,15424.0,46179.64,9718.56,3246.0,15424.0,53.0,22882.0,267.0,6.7,12.59
HAL,Mar 2022,True,26.3,0.25,19313.0,57823.35,15209.58,5080.0,19313.0,49.0,24620.0,65.0,7.6,56.5
HAL,Mar 2023,True,24.72,0.22,23572.0,70574.85,17449.1,5828.0,23572.0,52.0,26927.0,64.0,9.37,14.72
HAL,Mar 2024,True,26.15,0.17,29138.0,87239.52,22817.37,7621.0,29138.0,50.0,30381.0,43.0,12.83,30.77
HAL,Mar 2025,True,23.91,0.15,34981.0,104733.53,25041.92,8364.0,34981.0,51.0,30981.0,22.0,1.97,9.75
HAL,Mar 2026,True,22.21,0.03,41041.0,122877.25,27293.41,9116.0,41041.0,11.0,33089.0,6.0,6.8,8.99
HINDPETRO,Mar 2015,True,10.69,265.12,13924.0,41073.75,4392.33,1489.0,13924.0,36916.0,216648.0,1841.0,,
HINDPETRO,Mar 2016,True,28.05,132.98,16664.0,49156.34,13790.56,4675.0,16664.0,22160.0,177910.0,723.0,-17.88,213.97
HINDPETRO,Mar 2017,True,39.09,105.03,21071.0,20739.17,8106.3,8236.0,21071.0,22130.0,187493.0,609.0,5.39,76.17
HINDPETRO,Mar 2018,True,28.27,85.98,25532.0,16753.28,4736.22,7218.0,25532.0,21952.0,219510.0,618.0,17.08,-12.36
HINDPETRO,Mar 2019,True,22.01,92.74,30400.0,19947.51,4390.42,6691.0,30400.0,28192.0,275491.0,786.0,25.5,-7.3
HINDPETRO,Mar 2020,True,8.52,142.03,30980.0,20328.08,1731.63,2639.0,30980.0,44001.0,269092.0,1139.0,-2.32,-60.56
HINDPETRO,Mar 2021,True,28.0,114.78,38080.0,26225.9,7343.66,10663.0,38080.0,43709.0,233248.0,963.0,-13.32,304.05
HINDPETRO,Mar 2022,True,17.62,117.13,41404.0,29178.29,5140.24,7294.0,41404.0,48498.0,349913.0,997.0,50.02,-31.6
HINDPETRO,Mar 2023,True,-21.63,219.05,32263.0,22736.43,-4918.96,-6980.0,32263.0,70671.0,440709.0,2174.0,25.95,-195.7
HINDPETRO,Mar 2024,True,34.13,142.12,46921.0,33066.24,11286.12,16015.0,46921.0,66684.0,433857.0,2556.0,-1.55,
HINDPETRO,Mar 2025,True,13.17,137.96,51144.0,24033.83,3165.41,6736.0,51144.0,70558.0,434106.0,3365.0,0.06,-57.94
HINDPETRO,Mar 2026,True,27.53,85.37,65556.0,30806.39,8480.73,18047.0,65556.0,55964.0,441771.0,3396.0,1.77,167.92
HINDUNILVR,Mar 2015,True,108.67,1.07,4027.0,18643.52,20259.26,4376.0,4027.0,43.0,31972.0,18.0,,
HINDUNILVR,Mar 2016,True,63.15,2.69,6573.0,30430.56,19217.59,4151.0,6573.0,177.0,32186.0,17.0,0.67,-5.14
HINDUNILVR,Mar 2017,True,66.58,4.11,6744.0,31222.22,20787.04,4490.0,6744.0,277.0,33162.0,35.0,3.03,8.17
HINDUNILVR,Mar 2018,True,71.79,0.0,7281.0,33708.33,24199.07,5227.0,7281.0,0.0,35545.0,26.0,7.19,16.41
HINDUNILVR,Mar 2019,True,77.03,1.26,7867.0,36421.3,28055.56,6060.0,7867.0,99.0,39310.0,33.0,10.59,15.94
HINDUNILVR,Mar 2020,True,82.1,0.0,8229.0,38097.22,31277.78,6756.0,8229.0,0.0,39783.0,118.0,1.2,11.49
HINDUNILVR,Mar 2021,True,16.78,0.0,47674.0,202868.09,34038.3,7999.0,47674.0,0.0,47028.0,117.0,18.21,18.4
HINDUNILVR,Mar 2022,True,18.12,2.13,49061.0,208770.21,37838.3,8892.0,49061.0,1043.0,52446.0,106.0,11.52,11.16
HINDUNILVR,Mar 2023,True,20.16,2.42,50304.0,214059.57,43161.7,10143.0,50304.0,1219.0,60580.0,114.0,15.51,14.07
HINDUNILVR,Mar 2024,True,20.07,2.9,51218.0,217948.94,43753.19,10282.0,51218.0,1484.0,61896.0,334.0,2.17,1.37
HINDUNILVR,Mar 2025,True,21.6,3.34,49402.0,210221.28,45408.51,10671.0,49402.0,1648.0,63121.0,395.0,1.98,3.78
HINDUNILVR,Mar 2026,True,30.9,3.03,48739.0,207400.0,64080.85,15059.0,48739.0,1478.0,64468.0,410.0,2.13,41.12
HINDZINC,Mar 2021,True,24.7,22.29,32313.0,38240.24,9443.79,7980.0,32313.0,7201.0,22629.0,386.0,,
HINDZINC,Mar 2022,True,28.09,8.3,34281.0,40569.23,11395.27,9629.0,34281.0,2844.0,29440.0,290.0,30.1,20.66
HINDZINC,Mar 2023,True,81.28,91.87,12932.0,15304.14,12439.05,10511.0,12932.0,11881.0,34098.0,333.0,15.82,9.16
HINDZINC,Mar 2024,True,51.06,57.4,15195.0,17982.25,9182.25,7759.0,15195.0,8722.0,28932.0,955.0,-15.15,-26.18
HINDZINC,Mar 2025,True,77.69,82.3,13326.0,15770.41,12252.07,10353.0,13326.0,10967.0,34083.0,1095.0,17.8,33.43
HINDZINC,Mar 2026,True,61.13,38.57,22629.0,26779.88,16369.23,13832.0,22629.0,8728.0,40844.0,881.0,19.84,33.6
HUDCO,Mar 2015,True,9.87,0.0,7781.0,3886.61,383.62,768.0,7781.0,0.0,,1775.0,,
HUDCO,Mar 2016,True,9.27,0.0,8446.0,4218.78,391.11,783.0,8446.0,0.0,,1908.0,,1.95
HUDCO,Mar 2017,True,9.18,0.0,9168.0,4579.42,420.58,842.0,9168.0,0.0,,1986.0,,7.54
HUDCO,Mar 2018,True,10.16,0.0,9942.0,4966.03,504.5,1010.0,9942.0,0.0,,2295.0,,19.95
HUDCO,Mar 2019,True,10.77,0.0,10955.0,5472.03,589.41,1180.0,10955.0,0.0,,3071.0,,16.83
HUDCO,Mar 2020,True,13.84,0.0,12342.0,6164.84,853.15,1708.0,12342.0,0.0,,4848.0,,44.75
HUDCO,Mar 2021,True,11.97,0.0,13188.0,6587.41,788.21,1578.0,13188.0,0.0,,4765.0,,-7.61
HUDCO,Mar 2022,True,11.86,0.0,14467.0,7226.27,857.14,1716.0,14467.0,0.0,,4533.0,,8.75
HUDCO,Mar 2023,True,11.01,0.0,15444.0,7714.29,849.65,1701.0,15444.0,0.0,,4507.0,,-0.87
HUDCO,Mar 2024,True,12.74,0.0,16613.0,8298.2,1057.44,2117.0,16613.0,0.0,,4961.0,,24.46
HUDCO,Mar 2025,True,15.08,0.0,17968.0,8975.02,1353.15,2709.0,17968.0,0.0,,6747.0,,27.96
HUDCO,Mar 2026,True,18.36,0.0,21976.0,10977.02,2014.99,4034.0,21976.0,0.0,,8931.0,,48.91
HYUNDAI,Mar 2021,True,12.28,8.84,15312.0,18833.95,2313.65,1881.0,15312.0,1354.0,40972.0,165.0,,
HYUNDAI,Mar 2022,True,17.22,6.99,16857.0,20734.32,3569.5,2902.0,16857.0,1178.0,47378.0,132.0,15.64,54.28
HYUNDAI,Mar 2023,True,23.48,5.93,20055.0,24667.9,5792.13,4709.0,20055.0,1189.0,60308.0,142.0,27.29,62.27
HYUNDAI,Mar 2024,True,56.82,7.81,10666.0,13119.31,7453.87,6060.0,10666.0,833.0,69829.0,158.0,15.79,28.69
HYUNDAI,Mar 2025,True,34.61,5.22,16297.0,20045.51,6937.27,5640.0,16297.0,850.0,69193.0,127.0,-0.91,-6.93
HYUNDAI,Mar 2026,True,27.14,5.49,20015.0,24618.7,6681.43,5432.0,20015.0,1098.0,70763.0,106.0,2.27,-3.69
ICICIBANK,Mar 2015,True,15.28,0.0,84705.0,73021.55,11156.9,12942.0,84705.0,0.0,,32318.0,,
ICICIBANK,Mar 2016,True,11.61,0.0,94111.0,80920.89,9395.53,10927.0,94111.0,0.0,,33996.0,,-15.57
ICICIBANK,Mar 2017,True,10.84,0.0,104632.0,89812.88,9733.91,11340.0,104632.0,0.0,,34836.0,,3.78
ICICIBANK,Mar 2018,True,8.23,0.0,110630.0,86026.44,7076.21,9100.0,110630.0,0.0,,34262.0,,-19.75
ICICIBANK,Mar 2019,True,4.98,0.0,114253.0,88636.93,4413.5,5689.0,114253.0,0.0,,39178.0,,-37.48
ICICIBANK,Mar 2020,True,9.13,0.0,122960.0,94949.81,8667.95,11225.0,122960.0,0.0,,44666.0,,97.31
ICICIBANK,Mar 2021,True,12.92,0.0,157587.0,113945.77,14724.51,20364.0,157587.0,0.0,,42659.0,,81.42
ICICIBANK,Mar 2022,True,14.58,0.0,182053.0,130973.38,19092.09,26538.0,182053.0,0.0,,41167.0,,30.32
ICICIBANK,Mar 2023,True,16.53,0.0,214498.0,153541.88,25383.68,35461.0,214498.0,0.0,,50543.0,,33.62
ICICIBANK,Mar 2024,True,17.99,0.0,256144.0,182308.9,32797.86,46081.0,256144.0,0.0,,74108.0,,29.95
ICICIBANK,Mar 2025,True,17.38,0.0,313906.0,220284.91,38294.04,54569.0,313906.0,0.0,,89028.0,,18.42
ICICIBANK,Mar 2026,True,16.08,0.0,360378.0,251660.61,40458.1,57936.0,360378.0,0.0,,89029.0,,6.17
ICICIPRULI,Mar 2015,True,31.15,0.0,5265.0,3676.68,1145.25,1640.0,5265.0,0.0,34453.0,17.0,,
ICICIPRULI,Mar 2016,True,31.0,19.33,5323.0,3717.18,1152.23,1650.0,5323.0,1029.0,20849.0,0.0,-39.49,0.61
ICICIPRULI,Mar 2017,True,26.26,0.0,6406.0,4464.11,1172.13,1682.0,6406.0,0.0,37816.0,15.0,81.38,1.94
ICICIPRULI,Mar 2018,True,24.63,0.0,6574.0,4577.99,1127.44,1619.0,6574.0,0.0,38832.0,20.0,2.69,-3.75
ICICIPRULI,Mar 2019,True,16.58,0.0,6871.0,4784.82,793.18,1139.0,6871.0,0.0,41463.0,23.0,6.78,-29.65
ICICIPRULI,Mar 2020,True,14.79,0.0,7213.0,5022.98,743.04,1067.0,7213.0,0.0,21025.0,0.0,-49.29,-6.32
ICICIPRULI,Mar 2021,True,10.5,13.17,9109.0,6343.31,665.74,956.0,9109.0,1200.0,83182.0,0.0,295.63,-10.4
ICICIPRULI,Mar 2022,True,8.29,13.1,9158.0,6373.0,528.18,759.0,9158.0,1200.0,63564.0,0.0,-23.58,-20.61
ICICIPRULI,Mar 2023,True,8.06,11.89,10090.0,7011.81,564.98,813.0,10090.0,1200.0,50478.0,0.0,-20.59,7.11
ICICIPRULI,Mar 2024,True,7.73,10.9,11005.0,7637.06,590.56,851.0,11005.0,1200.0,89683.0,0.0,77.67,4.67
ICICIPRULI,Mar 2025,True,9.94,21.79,11933.0,8258.13,820.76,1186.0,11933.0,2600.0,70778.0,0.0,-21.08,39.37
ICICIPRULI,Mar 2026,True,11.8,19.04,13631.0,9407.18,1109.73,1608.0,13631.0,2595.0,63357.0,0.0,-10.48,35.58
IDFCFIRSTB,Mar 2017,True,6.94,0.0,14677.0,4318.03,299.79,1019.0,14677.0,0.0,,6515.0,,
IDFCFIRSTB,Mar 2018,True,5.76,0.0,15274.0,4487.07,258.52,880.0,15274.0,0.0,,7126.0,,-13.64
IDFCFIRSTB,Mar 2019,True,-10.48,0.0,18200.0,3805.94,-399.0,-1908.0,18200.0,0.0,,8743.0,,-316.82
IDFCFIRSTB,Mar 2020,True,-18.46,0.0,15404.0,3202.49,-591.06,-2843.0,15404.0,0.0,,10228.0,,
IDFCFIRSTB,Mar 2021,True,2.7,0.0,17900.0,3153.63,85.1,483.0,17900.0,0.0,,8585.0,,
IDFCFIRSTB,Mar 2022,True,0.63,0.0,21082.0,3390.48,21.23,132.0,21082.0,0.0,,7465.0,,-72.67
IDFCFIRSTB,Mar 2023,True,9.61,0.0,25847.0,3905.56,375.49,2485.0,25847.0,0.0,,10091.0,,1782.58
IDFCFIRSTB,Mar 2024,True,9.12,0.0,32274.0,4564.92,416.12,2942.0,32274.0,0.0,,13870.0,,18.39
IDFCFIRSTB,Mar 2025,True,3.91,0.0,38156.0,5211.14,203.5,1490.0,38156.0,0.0,,17208.0,,-49.35
IDFCFIRSTB,Mar 2026,True,3.42,0.0,47116.0,5477.33,187.28,1611.0,47116.0,0.0,,19333.0,,8.12
IRB,Mar 2015,True,12.43,288.44,4360.0,12421.65,1544.16,542.0,4360.0,12576.0,3849.0,937.0,,
IRB,Mar 2016,True,13.23,323.12,4836.0,13777.78,1823.36,640.0,4836.0,15626.0,5128.0,1070.0,33.23,18.08
IRB,Mar 2017,True,13.56,264.9,5271.0,15017.09,2037.04,715.0,5271.0,13963.0,5846.0,1342.0,14.0,11.72
IRB,Mar 2018,True,16.16,243.01,5692.0,16216.52,2621.08,920.0,5692.0,13832.0,5694.0,976.0,-2.6,28.67
IRB,Mar 2019,True,13.46,262.85,6315.0,17991.45,2421.65,850.0,6315.0,16599.0,6707.0,1126.0,17.79,-7.61
IRB,Mar 2020,True,10.79,137.76,6682.0,19037.04,2054.13,721.0,6682.0,9205.0,6852.0,1574.0,2.16,-15.18
IRB,Mar 2021,True,1.7,278.54,6900.0,19658.12,333.33,117.0,6900.0,19219.0,5299.0,1697.0,-22.66,-83.77
IRB,Mar 2022,True,2.87,132.87,12566.0,20804.64,597.68,361.0,12566.0,16697.0,5804.0,1894.0,9.53,208.55
IRB,Mar 2023,True,5.38,125.18,13379.0,22150.66,1192.05,720.0,13379.0,16748.0,6402.0,1521.0,10.3,99.45
IRB,Mar 2024,True,4.41,135.71,13745.0,22756.62,1003.31,606.0,13745.0,18653.0,7409.0,1868.0,15.73,-15.83
IRB,Mar 2025,True,32.69,103.89,19827.0,32826.16,10730.13,6481.0,19827.0,20599.0,7613.0,1795.0,2.75,969.47
IRB,Mar 2026,True,4.06,95.6,20949.0,34683.77,1407.28,850.0,20949.0,20027.0,7648.0,1755.0,0.46,-86.88
ITC,Mar 2015,True,30.81,0.85,31736.0,39571.07,12193.27,9779.0,31736.0,269.0,38817.0,91.0,,
ITC,Mar 2016,True,22.26,0.2,42680.0,53018.63,11802.48,9501.0,42680.0,84.0,39192.0,78.0,0.97,-2.84
ITC,Mar 2017,True,22.57,0.1,46413.0,38200.0,8623.05,10477.0,46413.0,46.0,42768.0,49.0,9.12,10.27
ITC,Mar 2018,True,21.89,0.07,52510.0,43040.98,9420.49,11493.0,52510.0,36.0,43449.0,115.0,1.59,9.7
ITC,Mar 2019,True,21.7,0.02,59141.0,48238.99,10469.82,12836.0,59141.0,13.0,48340.0,71.0,11.26,11.69
ITC,Mar 2020,True,23.89,0.42,65273.0,53110.66,12687.55,15593.0,65273.0,277.0,49388.0,81.0,2.17,21.48
ITC,Mar 2021,True,22.18,0.45,60347.0,49022.75,10871.65,13383.0,60347.0,271.0,49257.0,58.0,-0.27,-14.17
ITC,Mar 2022,True,24.82,0.4,62455.0,50693.99,12583.6,15503.0,62455.0,249.0,60645.0,60.0,23.12,15.84
ITC,Mar 2023,True,28.16,0.44,69155.0,55635.56,15669.35,19477.0,69155.0,306.0,70919.0,78.0,16.94,25.63
ITC,Mar 2024,True,27.85,0.41,74507.0,59701.12,16627.4,20751.0,74507.0,303.0,67932.0,39.0,-4.21,6.54
ITC,Mar 2025,True,50.05,0.41,70030.0,55979.22,28019.18,35052.0,70030.0,285.0,75323.0,45.0,10.88,68.92
ITC,Mar 2026,True,28.99,3.31,72507.0,57866.72,16774.14,21018.0,72507.0,2399.0,78868.0,85.0,4.71,-40.04
INDIANB,Mar 2015,True,6.99,0.0,15029.0,31310.42,2189.58,1051.0,15029.0,0.0,,11390.0,,
INDIANB,Mar 2016,True,4.56,0.0,16490.0,34354.17,1566.67,752.0,16490.0,0.0,,11795.0,,-28.45
INDIANB,Mar 2017,True,8.35,0.0,17434.0,36320.83,3031.25,1455.0,17434.0,0.0,,10891.0,,93.48
INDIANB,Mar 2018,True,7.01,0.0,18715.0,38989.58,2731.25,1311.0,18715.0,0.0,,10851.0,,-9.9
INDIANB,Mar 2019,True,1.93,0.0,19715.0,41072.92,793.75,381.0,19715.0,0.0,,12167.0,,-70.94
INDIANB,Mar 2020,True,3.79,0.0,22768.0,37385.88,1415.44,862.0,22768.0,0.0,,13798.0,,126.25
INDIANB,Mar 2021,True,7.99,0.0,39458.0,34949.51,2790.97,3151.0,39458.0,0.0,,23439.0,,265.55
INDIANB,Mar 2022,True,9.22,0.0,44951.0,36105.22,3328.51,4144.0,44951.0,0.0,,22129.0,,31.51
INDIANB,Mar 2023,True,11.26,0.0,49506.0,39763.86,4477.11,5574.0,49506.0,0.0,,24717.0,,34.51
INDIANB,Mar 2024,True,13.98,0.0,60248.0,44727.54,6253.16,8423.0,60248.0,0.0,,32341.0,,51.11
INDIANB,Mar 2025,True,15.75,0.0,71513.0,53090.57,8362.29,11264.0,71513.0,0.0,,36826.0,,33.73
INDIANB,Mar 2026,True,14.63,0.0,80043.0,59423.16,8691.17,11707.0,80043.0,0.0,,40539.0,,3.93
INDHOTEL,Mar 2015,True,-15.58,227.84,2227.0,27493.83,-4283.95,-347.0,2227.0,5074.0,4189.0,176.0,,
INDHOTEL,Mar 2016,True,-7.87,175.43,2580.0,26060.61,-2050.51,-203.0,2580.0,4526.0,4023.0,376.0,-3.96,
INDHOTEL,Mar 2017,True,-1.83,134.35,2518.0,25434.34,-464.65,-46.0,2518.0,3383.0,4021.0,324.0,-0.05,
INDHOTEL,Mar 2018,True,2.49,58.05,4181.0,35134.45,873.95,104.0,4181.0,2427.0,4104.0,269.0,2.06,
INDHOTEL,Mar 2019,True,6.81,53.5,4348.0,36537.82,2487.39,296.0,4348.0,2326.0,4512.0,190.0,9.94,184.62
INDHOTEL,Mar 2020,True,8.35,103.31,4357.0,36613.45,3058.82,364.0,4357.0,4501.0,4463.0,341.0,-1.09,22.97
INDHOTEL,Mar 2021,True,-21.81,151.22,3649.0,30663.87,-6689.08,-796.0,3649.0,5518.0,1575.0,403.0,-64.71,-318.68
INDHOTEL,Mar 2022,True,-3.75,55.06,7062.0,49732.39,-1866.2,-265.0,7062.0,3888.0,3056.0,428.0,94.03,
INDHOTEL,Mar 2023,True,13.19,39.33,7982.0,56211.27,7415.49,1053.0,7982.0,3139.0,5810.0,236.0,90.12,
INDHOTEL,Mar 2024,True,14.07,28.93,9456.0,66591.55,9366.2,1330.0,9456.0,2736.0,6769.0,220.0,16.51,26.31
INDHOTEL,Mar 2025,True,18.26,27.63,11160.0,78591.55,14352.11,2038.0,11160.0,3084.0,8335.0,208.0,23.13,53.23
INDHOTEL,Mar 2026,True,17.22,21.74,13052.0,91915.49,15823.94,2247.0,13052.0,2837.0,9689.0,221.0,16.24,10.26
IOC,Mar 2015,True,7.08,94.28,68832.0,28349.26,2006.59,4872.0,68832.0,64893.0,449507.0,4201.0,,
IOC,Mar 2016,True,13.8,65.07,89980.0,37966.24,5237.55,12413.0,89980.0,58552.0,346045.0,3487.0,-23.02,154.78
IOC,Mar 2017,True,19.97,61.97,102096.0,21543.79,4301.54,20385.0,102096.0,63271.0,355379.0,3743.0,2.7,64.22
IOC,Mar 2018,True,19.87,57.65,113874.0,12013.29,2386.96,22626.0,113874.0,65650.0,421492.0,3875.0,18.6,10.99
IOC,Mar 2019,True,15.36,86.04,112469.0,12250.19,1881.49,17274.0,112469.0,96765.0,528158.0,4925.0,25.31,-23.65
IOC,Mar 2020,True,-1.97,136.05,95398.0,10390.81,-204.34,-1876.0,95398.0,129790.0,483763.0,5792.0,-8.41,-110.86
IOC,Mar 2021,True,19.46,104.3,111838.0,12181.46,2370.33,21762.0,111838.0,116649.0,363950.0,2933.0,-24.77,
IOC,Mar 2022,True,19.27,98.87,133535.0,14544.71,2802.2,25727.0,133535.0,132020.0,589321.0,5454.0,61.92,18.22
IOC,Mar 2023,True,8.38,106.62,139721.0,10145.29,849.84,11704.0,139721.0,148977.0,841756.0,7588.0,42.83,-54.51
IOC,Mar 2024,True,23.53,72.31,183417.0,13318.11,3133.97,43161.0,183417.0,132628.0,776352.0,7881.0,-7.77,268.77
IOC,Mar 2025,True,7.39,81.65,186488.0,13541.1,1001.23,13789.0,186488.0,152271.0,758106.0,9315.0,-2.35,-68.05
IOC,Mar 2026,True,19.9,60.05,219518.0,15939.44,3171.43,43677.0,219518.0,131822.0,784415.0,8308.0,3.47,216.75
IRCTC,Mar 2023,True,40.6,3.39,2478.0,15487.5,6287.5,1006.0,2478.0,84.0,3541.0,16.0,,
IRCTC,Mar 2024,True,34.4,1.86,3230.0,20187.5,6943.75,1111.0,3230.0,60.0,4260.0,19.0,20.3,10.44
IRCTC,Mar 2025,True,35.9,2.46,3663.0,22893.75,8218.75,1315.0,3663.0,90.0,4675.0,17.0,9.74,18.36
IRCTC,Mar 2026,True,32.33,1.88,4309.0,26931.25,8706.25,1393.0,4309.0,81.0,5215.0,18.0,11.55,5.93
IREDA,Mar 2017,True,8.65,0.0,2428.0,3092.99,267.52,210.0,2428.0,0.0,,810.0,,
IREDA,Mar 2018,True,16.56,0.0,2446.0,3115.92,515.92,405.0,2446.0,0.0,,1006.0,,92.86
IREDA,Mar 2019,True,9.67,0.0,2585.0,3292.99,318.47,250.0,2585.0,0.0,,1183.0,,-38.27
IREDA,Mar 2020,True,8.52,0.0,2522.0,3212.74,273.89,215.0,2522.0,0.0,,1459.0,,-14.0
IREDA,Mar 2021,True,11.55,0.0,2996.0,3816.56,440.76,346.0,2996.0,0.0,,1570.0,,60.93
IREDA,Mar 2024,True,14.63,0.0,8560.0,3184.52,465.77,1252.0,8560.0,0.0,,3164.0,,261.85
IREDA,Mar 2025,True,16.54,0.0,10267.0,3819.57,631.7,1698.0,10267.0,0.0,,4141.0,,35.62
IREDA,Mar 2026,True,13.59,0.0,13785.0,4907.44,667.14,1874.0,13785.0,0.0,,4905.0,,10.37
IGL,Mar 2015,True,21.18,6.86,2115.0,15107.14,3200.0,448.0,2115.0,145.0,3681.0,30.0,,
IGL,Mar 2016,True,17.82,0.0,2570.0,18357.14,3271.43,458.0,2570.0,0.0,3686.0,10.0,0.14,2.23
IGL,Mar 2017,True,20.12,0.0,3012.0,21514.29,4328.57,606.0,3012.0,0.0,3815.0,1.0,3.5,32.31
IGL,Mar 2018,True,19.8,0.0,3647.0,26050.0,5157.14,722.0,3647.0,0.0,4535.0,2.0,18.87,19.14
IGL,Mar 2019,True,19.51,0.0,4316.0,30828.57,6014.29,842.0,4316.0,0.0,5765.0,2.0,27.12,16.62
IGL,Mar 2020,True,23.31,1.79,5358.0,38271.43,8921.43,1249.0,5358.0,96.0,6485.0,20.0,12.49,48.34
IGL,Mar 2021,True,18.52,1.78,6334.0,45242.86,8378.57,1173.0,6334.0,113.0,4941.0,22.0,-23.81,-6.08
IGL,Mar 2022,True,19.8,1.42,7586.0,54185.71,10728.57,1502.0,7586.0,108.0,7710.0,25.0,56.04,28.05
IGL,Mar 2023,True,20.68,1.05,7931.0,56650.0,11714.29,1640.0,7931.0,83.0,14133.0,27.0,83.31,9.19
IGL,Mar 2024,True,20.59,0.84,9633.0,68807.14,14164.29,1983.0,9633.0,81.0,14000.0,28.0,-0.94,20.91
IGL,Mar 2025,True,16.14,0.88,10616.0,37914.29,6117.86,1713.0,10616.0,93.0,14928.0,26.0,6.63,-13.62
IGL,Mar 2026,True,13.42,0.85,11504.0,41085.71,5514.29,1544.0,11504.0,98.0,16168.0,15.0,8.31,-9.87
INDUSTOWER,Mar 2015,True,11.7,15.17,17020.0,8986.27,1051.74,1992.0,17020.0,2582.0,11668.0,290.0,,
INDUSTOWER,Mar 2016,True,12.32,0.0,18242.0,9616.24,1184.5,2247.0,18242.0,0.0,5558.0,33.0,-52.37,12.8
INDUSTOWER,Mar 2017,True,17.72,1.79,15500.0,8378.38,1484.86,2747.0,15500.0,278.0,6085.0,39.0,9.48,22.25
INDUSTOWER,Mar 2018,True,14.7,0.0,16965.0,9170.27,1348.11,2494.0,16965.0,0.0,6621.0,46.0,8.81,-9.21
INDUSTOWER,Mar 2019,True,17.16,0.04,14532.0,7855.14,1348.11,2494.0,14532.0,6.0,6826.0,53.0,3.1,0.0
INDUSTOWER,Mar 2020,True,24.36,34.17,13543.0,7320.54,1783.24,3299.0,13543.0,4627.0,6743.0,335.0,-1.22,32.28
INDUSTOWER,Mar 2021,True,23.8,135.89,15877.0,5891.28,1402.23,3779.0,15877.0,21576.0,13954.0,836.0,106.94,14.55
INDUSTOWER,Mar 2022,True,28.77,89.05,22151.0,8219.29,2364.75,6373.0,22151.0,19726.0,27717.0,1603.0,98.63,68.64
INDUSTOWER,Mar 2023,True,9.66,90.88,21110.0,7833.02,756.96,2040.0,21110.0,19185.0,28382.0,1670.0,2.4,-67.99
INDUSTOWER,Mar 2024,True,22.32,75.93,27039.0,10033.02,2239.7,6036.0,27039.0,20531.0,28601.0,1864.0,0.77,195.88
INDUSTOWER,Mar 2025,True,30.56,65.1,32498.0,12319.18,3764.97,9932.0,32498.0,21156.0,30123.0,1858.0,5.32,64.55
INDUSTOWER,Mar 2026,True,18.02,53.29,39646.0,15028.81,2708.49,7145.0,39646.0,21127.0,32493.0,1552.0,7.87,-28.06
INDUSINDBK,Mar 2016,True,12.92,0.0,17697.0,29742.86,3843.7,2287.0,17697.0,0.0,,7355.0,,
INDUSINDBK,Mar 2017,True,13.89,0.0,20647.0,34526.76,4795.99,2868.0,20647.0,0.0,,8343.0,,25.4
INDUSINDBK,Mar 2018,True,15.12,0.0,23843.0,39738.33,6010.0,3606.0,23843.0,0.0,,9783.0,,25.73
INDUSINDBK,Mar 2019,True,12.37,0.0,26688.0,44258.71,5474.3,3301.0,26688.0,0.0,,13415.0,,-8.46
INDUSINDBK,Mar 2020,True,12.83,0.0,34748.0,50069.16,6423.63,4458.0,34748.0,0.0,,16724.0,,35.05
INDUSINDBK,Mar 2021,True,6.74,0.0,43500.0,56274.26,3790.43,2930.0,43500.0,0.0,,15472.0,,-34.28
INDUSINDBK,Mar 2022,True,10.0,0.0,48027.0,61970.32,6200.0,4805.0,48027.0,0.0,,15822.0,,63.99
INDUSINDBK,Mar 2023,True,13.53,0.0,55005.0,70882.73,9592.78,7444.0,55005.0,0.0,,18776.0,,54.92
INDUSINDBK,Mar 2024,True,14.2,0.0,63207.0,81242.93,11538.56,8977.0,63207.0,0.0,,25132.0,,20.59
INDUSINDBK,Mar 2025,True,3.97,0.0,64836.0,83229.78,3306.8,2576.0,64836.0,0.0,,29636.0,,-71.3
INDUSINDBK,Mar 2026,True,1.36,0.0,65588.0,84195.12,1141.21,889.0,65588.0,0.0,,28268.0,,-65.49
NAUKRI,Mar 2015,True,-0.99,0.07,1415.0,11791.67,-116.67,-14.0,1415.0,1.0,732.0,4.0,,
NAUKRI,Mar 2016,True,7.65,0.06,1543.0,12752.07,975.21,118.0,1543.0,1.0,748.0,3.0,2.19,
NAUKRI,Mar 2017,True,-2.7,0.06,1592.0,13157.02,-355.37,-43.0,1592.0,1.0,888.0,4.0,18.72,-136.44
NAUKRI,Mar 2018,True,24.5,0.05,2045.0,16762.3,4106.56,501.0,2045.0,1.0,988.0,5.0,11.26,
NAUKRI,Mar 2019,True,23.28,0.04,2543.0,20844.26,4852.46,592.0,2543.0,1.0,1151.0,7.0,16.5,18.16
NAUKRI,Mar 2020,True,-11.21,3.51,2195.0,17991.8,-2016.39,-246.0,2195.0,77.0,1312.0,14.0,13.99,-141.55
NAUKRI,Mar 2021,True,26.28,1.2,5396.0,41829.46,10992.25,1418.0,5396.0,65.0,1128.0,11.0,-14.02,
NAUKRI,Mar 2022,True,74.71,0.37,17242.0,133658.91,99860.47,12882.0,17242.0,64.0,1589.0,11.0,40.87,808.46
NAUKRI,Mar 2023,True,-0.52,0.81,13398.0,103860.47,-542.64,-70.0,13398.0,108.0,2346.0,18.0,47.64,-100.54
NAUKRI,Mar 2024,True,1.97,0.81,30262.0,234589.15,4612.4,595.0,30262.0,246.0,2536.0,35.0,8.1,
NAUKRI,Mar 2025,True,3.75,0.76,34903.0,270565.89,10155.04,1310.0,34903.0,267.0,2850.0,36.0,12.38,120.17
NAUKRI,Mar 2026,True,4.65,0.68,37914.0,291646.15,13561.54,1763.0,37914.0,259.0,3285.0,27.0,15.26,34.58
INFY,Mar 2015,True,24.39,0.0,50736.0,88699.3,21629.37,12372.0,50736.0,0.0,53319.0,12.0,,
INFY,Mar 2016,True,21.85,0.0,61744.0,53972.03,11791.08,13489.0,61744.0,0.0,62441.0,0.0,17.11,9.03
INFY,Mar 2017,True,20.81,0.0,68982.0,60298.95,12546.33,14353.0,68982.0,0.0,68484.0,0.0,9.68,6.41
INFY,Mar 2018,True,24.69,0.0,64923.0,59671.88,14732.54,16029.0,64923.0,0.0,70522.0,0.0,2.98,11.68
INFY,Mar 2019,True,23.73,0.0,64948.0,29929.95,7101.38,15410.0,64948.0,0.0,82675.0,0.0,17.23,-3.86
INFY,Mar 2020,True,25.42,7.08,65450.0,30843.54,7841.19,16639.0,65450.0,4633.0,90791.0,170.0,9.82,7.98
INFY,Mar 2021,True,25.44,6.97,76351.0,35946.8,9144.54,19423.0,76351.0,5325.0,100472.0,195.0,10.66,16.73
INFY,Mar 2022,True,29.39,7.26,75350.0,35915.16,10555.77,22146.0,75350.0,5474.0,121641.0,200.0,21.07,14.02
INFY,Mar 2023,True,31.97,11.01,75407.0,36446.11,11652.01,24108.0,75407.0,8299.0,146767.0,284.0,20.66,8.86
INFY,Mar 2024,True,29.79,9.49,88116.0,42547.56,12674.07,26248.0,88116.0,8359.0,153670.0,470.0,4.7,8.88
INFY,Mar 2025,True,27.92,8.59,95818.0,46221.9,12904.0,26750.0,95818.0,8227.0,162990.0,416.0,6.06,1.91
INFY,Mar 2026,True,31.74,9.88,92852.0,45875.49,14562.25,29474.0,92852.0,9176.0,178650.0,416.0,9.61,10.18
INDIGO,Mar 2017,True,43.9,68.7,3779.0,10468.14,4595.57,1659.0,3779.0,2596.0,18580.0,406.0,,
INDIGO,Mar 2018,True,31.68,31.85,7077.0,18429.69,5838.54,2242.0,7077.0,2254.0,23021.0,413.0,23.9,35.14
INDIGO,Mar 2019,True,2.26,34.97,6945.0,18085.94,408.85,157.0,6945.0,2429.0,28497.0,563.0,23.79,-93.0
INDIGO,Mar 2020,True,-3.98,386.51,5878.0,15267.53,-607.79,-234.0,5878.0,22719.0,35756.0,1902.0,25.47,-249.04
INDIGO,Mar 2021,True,-5230.63,26900.9,111.0,288.31,-15080.52,-5806.0,111.0,29860.0,14641.0,2170.0,-59.05,
INDIGO,Mar 2022,True,,,,,,-6162.0,,36878.0,25931.0,2386.0,77.11,
INDIGO,Mar 2023,True,,,,,,-306.0,,44860.0,54446.0,3168.0,109.96,
INDIGO,Mar 2024,True,409.42,2569.14,1996.0,5170.98,21170.98,8172.0,1996.0,51280.0,68904.0,4208.0,26.55,
INDIGO,Mar 2025,True,77.48,713.17,9368.0,24269.43,18803.11,7258.0,9368.0,66810.0,80803.0,5124.0,17.27,-11.18
INDIGO,Mar 2026,True,-34.34,1115.32,6971.0,18012.92,-6186.05,-2394.0,6971.0,77749.0,84962.0,5891.0,5.15,-132.98
JSWENERGY,Mar 2015,True,18.06,123.62,7518.0,4584.15,828.05,1358.0,7518.0,9294.0,9347.0,1137.0,,
JSWENERGY,Mar 2016,True,15.05,153.15,9704.0,5964.35,897.36,1460.0,9704.0,14862.0,9824.0,1498.0,5.1,7.51
JSWENERGY,Mar 2017,True,6.01,138.38,10369.0,6369.16,382.68,623.0,10369.0,14349.0,8263.0,1685.0,-15.89,-57.33
JSWENERGY,Mar 2018,True,0.77,106.96,11110.0,6774.39,51.83,85.0,11110.0,11883.0,8049.0,1456.0,-2.59,-86.36
JSWENERGY,Mar 2019,True,5.79,89.28,11822.0,7204.14,416.82,684.0,11822.0,10555.0,9138.0,1192.0,13.53,704.71
JSWENERGY,Mar 2020,True,9.28,84.49,11646.0,7092.57,658.34,1081.0,11646.0,9840.0,8273.0,1051.0,-9.47,58.04
JSWENERGY,Mar 2021,True,5.67,57.7,14507.0,8834.96,501.22,823.0,14507.0,8371.0,6922.0,896.0,-16.33,-23.87
JSWENERGY,Mar 2022,True,10.01,51.35,17415.0,10618.9,1062.8,1743.0,17415.0,8943.0,8167.0,777.0,17.99,111.79
JSWENERGY,Mar 2023,True,7.94,134.47,18629.0,11352.22,901.89,1480.0,18629.0,25051.0,10332.0,844.0,26.51,-15.09
JSWENERGY,Mar 2024,True,8.28,151.56,20832.0,12694.7,1051.19,1725.0,20832.0,31573.0,11486.0,2053.0,11.17,16.55
JSWENERGY,Mar 2025,True,7.25,183.42,27361.0,15679.66,1136.39,1983.0,27361.0,50185.0,11745.0,2269.0,2.25,14.96
JSWENERGY,Mar 2026,True,8.98,250.22,30751.0,17511.96,1572.89,2762.0,30751.0,76946.0,18901.0,5816.0,60.93,39.28
JSWSTEEL,Mar 2015,True,7.73,173.86,22290.0,73564.36,5683.17,1722.0,22290.0,38754.0,52972.0,3493.0,,
JSWSTEEL,Mar 2016,True,-2.54,222.52,18966.0,63009.97,-1598.01,-481.0,18966.0,42204.0,41546.0,3601.0,-21.57,-127.93
JSWSTEEL,Mar 2017,True,15.31,191.35,22647.0,75239.2,11518.27,3467.0,22647.0,43334.0,55604.0,3768.0,33.84,
JSWSTEEL,Mar 2018,True,21.83,140.7,27998.0,92708.61,20241.72,6113.0,27998.0,39393.0,71933.0,3701.0,29.37,76.32
JSWSTEEL,Mar 2019,True,21.62,136.21,34795.0,115598.01,24996.68,7524.0,34795.0,47396.0,84757.0,3917.0,17.83,23.08
JSWSTEEL,Mar 2020,True,10.71,167.83,36599.0,121591.36,13019.93,3919.0,36599.0,61423.0,73326.0,4265.0,-13.49,-47.91
JSWSTEEL,Mar 2021,True,17.26,146.3,45610.0,151026.49,26069.54,7873.0,45610.0,66727.0,79839.0,3957.0,8.88,100.89
JSWSTEEL,Mar 2022,True,31.11,107.34,67297.0,223578.07,69561.46,20938.0,67297.0,72237.0,146371.0,4968.0,83.33,165.95
JSWSTEEL,Mar 2023,True,6.3,123.07,65695.0,218255.81,13750.83,4139.0,65695.0,80853.0,165960.0,6902.0,13.38,-80.23
JSWSTEEL,Mar 2024,True,11.55,113.28,77669.0,254652.46,29419.67,8973.0,77669.0,87984.0,175006.0,8105.0,5.45,116.79
JSWSTEEL,Mar 2025,True,4.39,124.22,79496.0,260642.62,11445.9,3491.0,79496.0,98752.0,168824.0,8412.0,-3.53,-61.09
JSWSTEEL,Mar 2026,True,25.49,99.26,100053.0,328042.62,83632.79,25508.0,100053.0,99310.0,185470.0,9102.0,9.86,630.68
JINDALSTEL,Mar 2015,True,-6.9,201.82,21042.0,231230.77,-15956.04,-1452.0,21042.0,42466.0,19359.0,2606.0,,
JINDALSTEL,Mar 2016,True,-9.52,144.27,32436.0,356439.56,-33923.08,-3087.0,32436.0,46797.0,19469.0,3254.0,0.57,
JINDALSTEL,Mar 2017,True,-8.45,152.57,30051.0,326641.3,-27586.96,-2538.0,30051.0,45850.0,21603.0,3441.0,10.96,
JINDALSTEL,Mar 2018,True,-5.32,141.39,30385.0,313247.42,-16659.79,-1616.0,30385.0,42962.0,33286.0,3866.0,54.08,
JINDALSTEL,Mar 2019,True,-7.52,123.29,32085.0,330773.2,-24865.98,-2412.0,32085.0,39559.0,46966.0,4264.0,41.1,
JINDALSTEL,Mar 2020,True,-1.24,114.58,32137.0,315068.63,-3921.57,-400.0,32137.0,36824.0,37923.0,3768.0,-19.25,
JINDALSTEL,Mar 2021,True,13.41,94.01,31815.0,311911.76,41833.33,4267.0,31815.0,29910.0,34579.0,2753.0,-8.82,
JINDALSTEL,Mar 2022,True,18.99,37.9,35625.0,352722.77,66990.1,6766.0,35625.0,13502.0,51166.0,1888.0,47.97,58.57
JINDALSTEL,Mar 2023,True,10.27,33.71,38706.0,387060.0,39740.0,3974.0,38706.0,13046.0,53212.0,1446.0,4.0,-41.27
JINDALSTEL,Mar 2024,True,13.41,37.17,44316.0,443160.0,59430.0,5943.0,44316.0,16472.0,50354.0,1294.0,-5.37,49.55
JINDALSTEL,Mar 2025,True,6.03,39.01,47185.0,467178.22,28178.22,2846.0,47185.0,18406.0,50129.0,1312.0,-0.45,-52.11
JINDALSTEL,Mar 2026,True,6.6,44.42,50899.0,499009.8,32950.98,3361.0,50899.0,22610.0,53225.0,1517.0,6.18,18.1
JIOFIN,Mar 2023,True,0.03,0.65,114120.0,57060000.0,15500.0,31.0,114120.0,743.0,45.0,0.0,,
JIOFIN,Mar 2024,True,1.15,0.0,139147.0,21902.57,252.64,1605.0,139147.0,0.0,1855.0,10.0,4022.22,5077.42
JIOFIN,Mar 2025,True,1.31,3.21,123496.0,19439.01,253.9,1613.0,123496.0,3970.0,2043.0,8.0,10.13,0.5
JIOFIN,Mar 2026,True,1.17,16.26,133853.0,21069.26,245.71,1561.0,133853.0,21768.0,3513.0,745.0,71.95,-3.22
JUBLFOOD,Mar 2015,True,17.16,0.0,647.0,9803.03,1681.82,111.0,647.0,0.0,2093.0,0.0,,
JUBLFOOD,Mar 2016,True,12.73,0.0,762.0,11545.45,1469.7,97.0,762.0,0.0,2438.0,0.0,16.48,-12.61
JUBLFOOD,Mar 2017,True,7.2,0.0,805.0,12196.97,878.79,58.0,805.0,0.0,2583.0,0.0,5.95,-40.21
JUBLFOOD,Mar 2018,True,20.25,0.0,968.0,14666.67,2969.7,196.0,968.0,0.0,3018.0,0.0,16.84,237.93
JUBLFOOD,Mar 2019,True,25.24,0.0,1260.0,9545.45,2409.09,318.0,1260.0,0.0,3563.0,0.0,18.06,62.24
JUBLFOOD,Mar 2020,True,24.87,148.84,1122.0,8500.0,2113.64,279.0,1122.0,1670.0,3927.0,165.0,10.22,-12.26
JUBLFOOD,Mar 2021,True,16.19,113.52,1427.0,10810.61,1750.0,231.0,1427.0,1620.0,3312.0,163.0,-15.66,-17.2
JUBLFOOD,Mar 2022,True,21.49,108.28,1945.0,14734.85,3166.67,418.0,1945.0,2106.0,4396.0,176.0,32.73,80.95
JUBLFOOD,Mar 2023,True,17.32,125.32,2038.0,15439.39,2674.24,353.0,2038.0,2554.0,5158.0,201.0,17.33,-15.55
JUBLFOOD,Mar 2024,True,18.42,193.78,2171.0,16446.97,3030.3,400.0,2171.0,4207.0,5655.0,288.0,9.64,13.31
JUBLFOOD,Mar 2025,True,10.32,207.89,2103.0,15931.82,1643.94,217.0,2103.0,4372.0,8142.0,523.0,43.98,-45.75
JUBLFOOD,Mar 2026,True,19.37,213.87,2292.0,17363.64,3363.64,444.0,2292.0,4902.0,9513.0,436.0,16.84,104.61
KPITTECH,Mar 2018,True,,0.0,0.1,1000.0,,,0.1,0.0,,,,
KPITTECH,"Mar 2018
            
            
              3m",False,,,,,,-0.0,,0.0,0.0,0.0,,
KPITTECH,Mar 2019,True,5.74,13.76,959.0,3578.36,205.22,55.0,959.0,132.0,641.0,7.0,,
KPITTECH,Mar 2020,True,14.11,19.45,1049.0,3899.63,550.19,148.0,1049.0,204.0,2156.0,20.0,236.35,169.09
KPITTECH,Mar 2021,True,12.18,19.06,1207.0,4486.99,546.47,147.0,1207.0,230.0,2036.0,17.0,-5.57,-0.68
KPITTECH,Mar 2022,True,21.07,17.33,1310.0,4851.85,1022.22,276.0,1310.0,227.0,2432.0,19.0,19.45,87.76
KPITTECH,Mar 2023,True,23.44,17.38,1651.0,6114.81,1433.33,387.0,1651.0,287.0,3365.0,32.0,38.36,40.22
KPITTECH,Mar 2024,True,27.91,15.33,2146.0,7918.82,2210.33,599.0,2146.0,329.0,4872.0,55.0,44.78,54.78
KPITTECH,Mar 2025,True,28.85,11.85,2912.0,10705.88,3088.24,840.0,2912.0,345.0,5842.0,42.0,19.91,40.23
KPITTECH,Mar 2026,True,17.99,23.67,3541.0,13018.38,2341.91,637.0,3541.0,838.0,6455.0,74.0,10.49,-24.17
KALYANKJIL,Mar 2018,True,7.62,226.69,1851.0,2206.2,168.06,141.0,1851.0,4196.0,10505.0,390.0,,
KALYANKJIL,Mar 2019,True,-0.27,207.27,1885.0,2246.72,-5.96,-5.0,1885.0,3907.0,9771.0,418.0,-6.99,-103.55
KALYANKJIL,Mar 2020,True,6.95,184.08,2042.0,2433.85,169.25,142.0,2042.0,3759.0,10101.0,419.0,3.38,
KALYANKJIL,Mar 2021,True,-0.21,119.53,2826.0,2743.69,-5.83,-6.0,2826.0,3378.0,8573.0,405.0,-15.13,-104.23
KALYANKJIL,Mar 2022,True,7.14,128.43,3137.0,3045.63,217.48,224.0,3137.0,4029.0,10818.0,360.0,26.19,
KALYANKJIL,Mar 2023,True,11.88,118.16,3635.0,3529.13,419.42,432.0,3635.0,4295.0,14071.0,353.0,30.07,92.86
KALYANKJIL,Mar 2024,True,14.23,107.3,4189.0,4066.99,578.64,596.0,4189.0,4495.0,18516.0,379.0,31.59,37.96
KALYANKJIL,Mar 2025,True,14.87,103.25,4803.0,4658.58,692.53,714.0,4803.0,4959.0,25045.0,422.0,35.26,19.8
KALYANKJIL,Mar 2026,True,21.4,96.96,6309.0,6107.45,1306.87,1350.0,6309.0,6117.0,35743.0,433.0,42.72,89.08
KOTAKBANK,Mar 2015,True,14.01,0.0,22156.0,57398.96,8044.04,3105.0,22156.0,0.0,,6966.0,,
KOTAKBANK,Mar 2016,True,10.56,0.0,33364.0,36383.86,3842.97,3524.0,33364.0,0.0,,11123.0,,13.49
KOTAKBANK,Mar 2017,True,13.04,0.0,38492.0,41839.13,5455.43,5019.0,38492.0,0.0,,11458.0,,42.42
KOTAKBANK,Mar 2018,True,12.4,0.0,50488.0,52977.96,6566.63,6258.0,50488.0,0.0,,12467.0,,24.69
KOTAKBANK,Mar 2019,True,12.47,0.0,57781.0,60567.09,7551.36,7204.0,57781.0,0.0,,15187.0,,15.12
KOTAKBANK,Mar 2020,True,12.9,0.0,66637.0,69631.14,8979.1,8593.0,66637.0,0.0,,15901.0,,19.28
KOTAKBANK,Mar 2021,True,11.85,0.0,84339.0,85104.94,10080.73,9990.0,84339.0,0.0,,12967.0,,16.26
KOTAKBANK,Mar 2022,True,12.51,0.0,96665.0,97444.56,12186.49,12089.0,96665.0,0.0,,11554.0,,21.01
KOTAKBANK,Mar 2023,True,13.35,0.0,111814.0,112602.22,15030.21,14925.0,111814.0,0.0,,14411.0,,23.46
KOTAKBANK,Mar 2024,True,14.01,0.0,129972.0,130756.54,18322.94,18213.0,129972.0,0.0,,22567.0,,22.03
KOTAKBANK,Mar 2025,True,14.05,0.0,157489.0,158439.64,22259.56,22126.0,157489.0,0.0,,28275.0,,21.48
KOTAKBANK,Mar 2026,True,10.65,0.0,181113.0,182023.12,19384.92,19288.0,181113.0,0.0,,29620.0,,-12.83
LTF,Mar 2015,True,13.41,0.0,6376.0,3706.98,497.09,855.0,6376.0,0.0,,3577.0,,
LTF,Mar 2016,True,11.91,0.0,7195.0,4104.39,488.88,857.0,7195.0,0.0,,4133.0,,0.23
LTF,Mar 2017,True,13.28,0.0,7894.0,4495.44,596.81,1048.0,7894.0,0.0,,4635.0,,22.29
LTF,Mar 2018,True,11.2,0.0,11407.0,5714.93,640.28,1278.0,11407.0,0.0,,5458.0,,21.95
LTF,Mar 2019,True,16.6,0.0,13449.0,6727.86,1116.56,2232.0,13449.0,0.0,,6882.0,,74.65
LTF,Mar 2020,True,11.57,0.0,14693.0,7328.18,847.88,1700.0,14693.0,0.0,,7552.0,,-23.84
LTF,Mar 2021,True,5.06,0.0,18773.0,7603.48,384.37,949.0,18773.0,0.0,,7230.0,,-44.18
LTF,Mar 2022,True,5.26,0.0,19948.0,8063.06,424.01,1049.0,19948.0,0.0,,5765.0,,10.54
LTF,Mar 2023,True,7.13,0.0,21529.0,8681.05,619.35,1536.0,21529.0,0.0,,5812.0,,46.43
LTF,Mar 2024,True,9.89,0.0,23439.0,9417.03,930.9,2317.0,23439.0,0.0,,5387.0,,50.85
LTF,Mar 2025,True,10.34,0.0,25564.0,10246.09,1059.32,2643.0,25564.0,0.0,,6007.0,,14.07
LTF,Mar 2026,True,10.66,0.0,27983.0,11175.32,1191.29,2983.0,27983.0,0.0,,6734.0,,12.86
LICHSGFIN,Mar 2015,True,17.72,0.0,7880.0,78019.8,13821.78,1396.0,7880.0,0.0,,8310.0,,
LICHSGFIN,Mar 2016,True,18.1,0.0,9215.0,91237.62,16514.85,1668.0,9215.0,0.0,,9307.0,,19.48
LICHSGFIN,Mar 2017,True,17.41,0.0,11156.0,110455.45,19227.72,1942.0,11156.0,0.0,,10231.0,,16.43
LICHSGFIN,Mar 2018,True,14.03,0.0,14311.0,141693.07,19881.19,2008.0,14311.0,0.0,,11144.0,,3.4
LICHSGFIN,Mar 2019,True,14.9,0.0,16331.0,161693.07,24099.01,2434.0,16331.0,0.0,,12891.0,,21.22
LICHSGFIN,Mar 2020,True,13.16,0.0,18265.0,180841.58,23801.98,2404.0,18265.0,0.0,,14781.0,,-1.23
LICHSGFIN,Mar 2021,True,13.31,0.0,20601.0,203970.3,27138.61,2741.0,20601.0,0.0,,14450.0,,14.02
LICHSGFIN,Mar 2022,True,9.24,0.0,24751.0,225009.09,20781.82,2286.0,24751.0,0.0,,14151.0,,-16.6
LICHSGFIN,Mar 2023,True,10.63,0.0,27185.0,247136.36,26281.82,2891.0,27185.0,0.0,,16135.0,,26.47
LICHSGFIN,Mar 2024,True,15.13,0.0,31477.0,286154.55,43300.0,4763.0,31477.0,0.0,,18388.0,,64.75
LICHSGFIN,Mar 2025,True,14.97,0.0,36352.0,330472.73,49481.82,5443.0,36352.0,0.0,,19528.0,,14.28
LICHSGFIN,Mar 2026,True,13.53,0.0,41429.0,376627.27,50945.45,5604.0,41429.0,0.0,,19771.0,,2.96
LTM,Mar 2015,True,37.96,10.76,2026.0,126625.0,48062.5,769.0,2026.0,218.0,4978.0,10.0,,
LTM,Mar 2016,True,39.34,2.59,2125.0,125000.0,49176.47,836.0,2125.0,55.0,5846.0,6.0,17.44,8.71
LTM,Mar 2017,True,30.88,0.0,3144.0,184941.18,57117.65,971.0,3144.0,0.0,6501.0,3.0,11.2,16.15
LTM,Mar 2018,True,28.81,0.0,3860.0,227058.82,65411.76,1112.0,3860.0,0.0,7306.0,16.0,12.38,14.52
LTM,Mar 2019,True,30.98,0.0,4893.0,287823.53,89176.47,1516.0,4893.0,0.0,9446.0,11.0,29.29,36.33
LTM,Mar 2020,True,28.13,16.88,5404.0,317882.35,89411.76,1520.0,5404.0,912.0,10879.0,83.0,15.17,0.26
LTM,Mar 2021,True,26.53,10.93,7304.0,405777.78,107666.67,1938.0,7304.0,798.0,12370.0,79.0,13.71,27.5
LTM,Mar 2022,True,27.65,1.81,14288.0,476266.67,131666.67,3950.0,14288.0,258.0,26109.0,123.0,111.07,103.82
LTM,Mar 2023,True,26.58,2.13,16592.0,553066.67,147000.0,4410.0,16592.0,354.0,33183.0,150.0,27.09,11.65
LTM,Mar 2024,True,22.9,10.35,20018.0,667266.67,152833.33,4585.0,20018.0,2071.0,35517.0,222.0,7.03,3.97
LTM,Mar 2025,True,20.27,9.63,22699.0,756633.33,153400.0,4602.0,22699.0,2187.0,38008.0,279.0,7.01,0.37
LTM,Mar 2026,True,20.74,9.61,24025.0,800833.33,166100.0,4983.0,24025.0,2310.0,42308.0,276.0,11.31,8.28
LT,Mar 2015,True,12.14,228.87,40909.0,219940.86,26698.92,4966.0,40909.0,93630.0,91929.0,7266.0,,
LT,Mar 2016,True,10.39,199.49,44180.0,237526.88,24688.17,4592.0,44180.0,88135.0,101122.0,6899.0,10.0,-7.53
LT,Mar 2017,True,12.92,187.1,50217.0,268540.11,34684.49,6486.0,50217.0,93954.0,109312.0,6829.0,8.1,41.25
LT,Mar 2018,True,14.58,195.84,54903.0,196082.14,28585.71,8004.0,54903.0,107524.0,119683.0,7714.0,9.49,23.4
LT,Mar 2019,True,16.38,201.29,62375.0,221975.09,36359.43,10217.0,62375.0,125555.0,135220.0,9339.0,12.98,27.65
LT,Mar 2020,True,16.33,214.58,66723.0,237448.4,38768.68,10894.0,66723.0,143174.0,145452.0,11021.0,7.57,6.63
LT,Mar 2021,True,17.03,177.45,75869.0,269996.44,45982.21,12921.0,75869.0,134629.0,135979.0,11750.0,-6.51,18.61
LT,Mar 2022,True,12.64,152.3,82408.0,293266.9,37078.29,10419.0,82408.0,125508.0,156521.0,9235.0,15.11,-19.36
LT,Mar 2023,True,14.03,135.07,89326.0,317886.12,44594.31,12531.0,89326.0,120650.0,183341.0,9445.0,17.14,20.27
LT,Mar 2024,True,18.0,134.7,86359.0,314032.73,56534.55,15547.0,86359.0,116322.0,221113.0,9512.0,20.6,24.07
LT,Mar 2025,True,18.1,135.59,97656.0,355112.73,64265.45,17673.0,97656.0,132409.0,255734.0,9925.0,15.66,13.67
LT,Mar 2026,True,17.34,114.83,109290.0,397418.18,68923.64,18954.0,109290.0,125497.0,285874.0,10056.0,11.79,7.25
LICI,Mar 2019,True,324.32,33259.38,810.0,8100.0,26270.0,2627.0,810.0,269401.0,571508.0,0.0,,
LICI,Mar 2020,True,270.46,25290.82,1002.0,10020.0,27100.0,2710.0,1002.0,253414.0,628043.0,0.0,9.89,3.16
LICI,Mar 2021,True,43.2,0.06,6884.0,68840.0,29740.0,2974.0,6884.0,4.0,690914.0,0.0,10.01,9.74
LICI,Mar 2022,True,36.39,0.01,11337.0,1792.41,652.17,4125.0,11337.0,1.0,723606.0,0.0,4.73,38.7
LICI,Mar 2023,True,77.86,0.0,46233.0,7309.57,5691.23,35997.0,46233.0,0.0,784628.0,0.0,8.43,772.65
LICI,Mar 2024,True,49.45,0.0,82747.0,13082.53,6468.93,40916.0,82747.0,0.0,845966.0,0.0,7.82,13.67
LICI,Mar 2025,True,37.98,0.0,127226.0,20114.78,7639.53,48320.0,127226.0,0.0,889970.0,0.0,5.2,18.1
LICI,Mar 2026,True,32.53,0.0,176605.0,27921.74,9083.48,57453.0,176605.0,1.0,977772.0,0.0,9.87,18.9
LODHA,Mar 2015,True,24.23,359.81,3294.0,30500.0,7388.89,798.0,3294.0,11852.0,6236.0,492.0,,
LODHA,Mar 2016,True,17.69,348.23,3973.0,36787.04,6509.26,703.0,3973.0,13835.0,8249.0,988.0,32.28,-11.9
LODHA,Mar 2017,True,14.48,401.26,4033.0,35690.27,5168.14,584.0,4033.0,16183.0,7926.0,736.0,-3.92,-16.93
LODHA,Mar 2018,True,15.41,438.98,5152.0,13010.1,2005.05,794.0,5152.0,22616.0,9677.0,390.0,22.09,35.96
LODHA,Mar 2019,True,42.8,667.56,3841.0,9699.49,4151.52,1644.0,3841.0,25641.0,11907.0,568.0,23.04,107.05
LODHA,Mar 2020,True,16.3,404.72,4552.0,11494.95,1873.74,742.0,4552.0,18423.0,12443.0,740.0,4.5,-54.87
LODHA,Mar 2021,True,1.04,395.59,4599.0,11613.64,121.21,48.0,4599.0,18193.0,5449.0,1136.0,-56.21,-93.53
LODHA,Mar 2022,True,9.98,95.3,12106.0,25116.18,2506.22,1208.0,12106.0,11537.0,9233.0,688.0,69.44,2416.67
LODHA,Mar 2023,True,3.87,71.55,12663.0,26271.78,1016.6,490.0,12663.0,9060.0,9470.0,482.0,2.57,-59.44
LODHA,Mar 2024,True,8.9,44.07,17469.0,17574.45,1563.38,1554.0,17469.0,7698.0,10316.0,482.0,8.93,217.14
LODHA,Mar 2025,True,13.71,35.16,20178.0,20218.44,2772.55,2767.0,20178.0,7094.0,13780.0,552.0,33.58,78.06
LODHA,Mar 2026,True,14.73,42.5,23286.0,23309.31,3434.43,3431.0,23286.0,9896.0,16676.0,657.0,21.02,24.0
LUPIN,Mar 2015,True,27.54,6.05,8874.0,98600.0,27155.56,2444.0,8874.0,537.0,12770.0,10.0,,
LUPIN,Mar 2016,True,20.34,64.3,11163.0,124033.33,25222.22,2270.0,11163.0,7178.0,14256.0,59.0,11.64,-7.12
LUPIN,Mar 2017,True,19.0,59.02,13497.0,149966.67,28500.0,2565.0,13497.0,7966.0,17367.0,153.0,21.82,13.0
LUPIN,Mar 2018,True,1.9,52.61,13577.0,150855.56,2866.67,258.0,13577.0,7143.0,15797.0,204.0,-9.04,-89.94
LUPIN,Mar 2019,True,4.48,61.83,13742.0,152688.89,6833.33,615.0,13742.0,8496.0,14665.0,302.0,-7.17,138.37
LUPIN,Mar 2020,True,-2.15,50.29,12537.0,137769.23,-2967.03,-270.0,12537.0,6305.0,15375.0,363.0,4.84,-143.9
LUPIN,Mar 2021,True,8.9,37.16,13803.0,151681.32,13494.51,1228.0,13803.0,5129.0,15163.0,141.0,-1.38,
LUPIN,Mar 2022,True,-12.57,34.21,12153.0,133549.45,-16791.21,-1528.0,12153.0,4158.0,16405.0,143.0,8.19,-224.43
LUPIN,Mar 2023,True,3.59,36.44,12465.0,136978.02,4923.08,448.0,12465.0,4542.0,16642.0,274.0,1.44,
LUPIN,Mar 2024,True,13.55,20.45,14290.0,157032.97,21274.73,1936.0,14290.0,2922.0,20011.0,312.0,20.24,332.14
LUPIN,Mar 2025,True,19.22,31.67,17203.0,189043.96,36329.67,3306.0,17203.0,5448.0,22708.0,295.0,13.48,70.76
LUPIN,Mar 2026,True,23.86,29.47,22448.0,246681.32,58846.15,5355.0,22448.0,6616.0,27958.0,434.0,23.12,61.98
MRF,Mar 2016,True,,34.11,7224.0,1806000.0,,,7224.0,2464.0,,,,
MRF,"Mar 2016
            
            
              18m",False,,,,,,2509.0,,0.0,20179.0,361.0,,
MRF,Mar 2017,True,17.2,27.0,8641.0,2160250.0,371500.0,1486.0,8641.0,2333.0,13412.0,257.0,,
MRF,Mar 2018,True,11.62,22.21,9738.0,2434500.0,283000.0,1132.0,9738.0,2163.0,14954.0,259.0,11.5,-23.82
MRF,Mar 2019,True,10.44,23.12,10837.0,2709250.0,282750.0,1131.0,10837.0,2506.0,16062.0,273.0,7.41,-0.09
MRF,Mar 2020,True,11.65,15.18,12214.0,3053500.0,355750.0,1423.0,12214.0,1854.0,16237.0,301.0,1.09,25.82
MRF,Mar 2021,True,9.52,17.8,13413.0,3353250.0,319250.0,1277.0,13413.0,2388.0,16162.0,282.0,-0.46,-10.26
MRF,Mar 2022,True,4.77,23.01,14032.0,3508000.0,167250.0,669.0,14032.0,3229.0,19317.0,263.0,19.52,-47.61
MRF,Mar 2023,True,5.23,20.49,14707.0,3676750.0,192250.0,769.0,14707.0,3014.0,23008.0,326.0,19.11,14.95
MRF,Mar 2024,True,12.46,16.9,16703.0,4175750.0,520250.0,2081.0,16703.0,2822.0,25169.0,361.0,9.39,170.61
MRF,Mar 2025,True,10.11,20.4,18488.0,4622000.0,467250.0,1869.0,18488.0,3771.0,28152.0,368.0,11.85,-10.19
MRF,Mar 2026,True,11.57,15.29,20974.0,5243500.0,606500.0,2426.0,20974.0,3207.0,31149.0,366.0,10.65,29.8
MRF,Sep 2014,True,20.0,41.93,4539.0,1134750.0,227000.0,908.0,4539.0,1903.0,13329.0,232.0,-57.21,-62.57
M&MFIN,Mar 2015,True,15.56,0.0,5943.0,52592.92,8185.84,925.0,5943.0,0.0,,2643.0,,
M&MFIN,Mar 2016,True,12.17,0.0,6469.0,57247.79,6964.6,787.0,6469.0,0.0,,2868.0,,-14.92
M&MFIN,Mar 2017,True,7.61,0.0,6960.0,61592.92,4690.27,530.0,6960.0,0.0,,3186.0,,-32.66
M&MFIN,Mar 2018,True,12.34,0.0,9855.0,80121.95,9886.18,1216.0,9855.0,0.0,,3436.0,,129.43
M&MFIN,Mar 2019,True,16.57,0.0,11269.0,91617.89,15178.86,1867.0,11269.0,0.0,,4432.0,,53.54
M&MFIN,Mar 2020,True,9.07,0.0,11969.0,97308.94,8829.27,1086.0,11969.0,0.0,,5391.0,,-41.83
M&MFIN,Mar 2021,True,4.94,0.0,15776.0,64130.08,3170.73,780.0,15776.0,0.0,,5308.0,,-28.18
M&MFIN,Mar 2022,True,6.81,0.0,16897.0,68408.91,4655.87,1150.0,16897.0,0.0,,4417.0,,47.44
M&MFIN,Mar 2023,True,11.16,0.0,18560.0,75141.7,8384.62,2071.0,18560.0,0.0,,5094.0,,80.09
M&MFIN,Mar 2024,True,9.75,0.0,19933.0,80700.4,7866.4,1943.0,19933.0,0.0,,6959.0,,-6.18
M&MFIN,Mar 2025,True,10.5,0.0,21529.0,87161.94,9153.85,2261.0,21529.0,0.0,,8415.0,,16.37
M&MFIN,Mar 2026,True,10.74,0.0,26639.0,95823.74,10291.37,2861.0,26639.0,0.0,,8934.0,,26.54
M&M,Mar 2015,True,13.08,146.62,25857.0,87354.73,11422.3,3381.0,25857.0,37911.0,71448.0,3157.0,,
M&M,Mar 2016,True,13.42,156.85,26492.0,98118.52,13162.96,3554.0,26492.0,41553.0,75841.0,3368.0,6.15,5.12
M&M,Mar 2017,True,13.6,163.75,29778.0,95749.2,13025.72,4051.0,29778.0,48762.0,83773.0,3648.0,10.46,13.98
M&M,Mar 2018,True,21.64,152.0,36775.0,67725.6,14655.62,7958.0,36775.0,55898.0,92094.0,3987.0,9.93,96.45
M&M,Mar 2019,True,15.05,177.2,39983.0,73498.16,11060.66,6017.0,39983.0,70848.0,104721.0,5021.0,13.71,-24.39
M&M,Mar 2020,True,-0.8,205.39,39969.0,72146.21,-579.42,-321.0,39969.0,82092.0,75382.0,6021.0,-28.02,-105.33
M&M,Mar 2021,True,3.64,193.89,41582.0,74922.52,2724.32,1512.0,41582.0,80625.0,74278.0,6102.0,-1.46,
M&M,Mar 2022,True,15.39,164.69,47123.0,84753.6,13044.96,7253.0,47123.0,77605.0,90171.0,5018.0,21.4,379.7
M&M,Mar 2023,True,20.18,163.66,56366.0,101195.69,20420.11,11374.0,56366.0,92247.0,121269.0,5830.0,34.49,56.82
M&M,Mar 2024,True,18.54,164.14,66190.0,118833.03,22028.73,12270.0,66190.0,108647.0,139078.0,7488.0,14.69,7.88
M&M,Mar 2025,True,18.27,167.48,77039.0,138062.72,25220.43,14073.0,77039.0,129025.0,159211.0,9083.0,14.48,14.69
M&M,Mar 2026,True,20.0,143.9,93097.0,166542.04,33313.06,18622.0,93097.0,133963.0,198639.0,9591.0,24.76,32.32
MANKIND,Mar 2015,True,21.65,0.0,2055.0,102750.0,22250.0,445.0,2055.0,0.0,3334.0,2.0,,
MANKIND,Mar 2020,True,30.3,3.76,3485.0,87125.0,26400.0,1056.0,3485.0,131.0,5865.0,23.0,75.91,137.3
MANKIND,Mar 2021,True,27.38,5.1,4722.0,118050.0,32325.0,1293.0,4722.0,241.0,6214.0,21.0,5.95,22.44
MANKIND,Mar 2022,True,23.61,14.18,6155.0,153875.0,36325.0,1453.0,6155.0,873.0,7782.0,60.0,25.23,12.37
MANKIND,Mar 2023,True,17.62,2.29,7435.0,185875.0,32750.0,1310.0,7435.0,170.0,8749.0,46.0,12.43,-9.84
MANKIND,Mar 2024,True,20.74,2.21,9363.0,234075.0,48550.0,1942.0,9363.0,207.0,10260.0,34.0,17.27,48.24
MANKIND,Mar 2025,True,14.03,59.38,14332.0,349560.98,49048.78,2011.0,14332.0,8511.0,12207.0,432.0,18.98,3.55
MANKIND,Mar 2026,True,11.89,38.72,16300.0,397560.98,47268.29,1938.0,16300.0,6312.0,14278.0,639.0,16.97,-3.63
MARICO,Mar 2015,True,32.07,23.46,1824.0,28500.0,9140.62,585.0,1824.0,428.0,5733.0,23.0,,
MARICO,Mar 2016,True,35.85,16.41,2017.0,15635.66,5604.65,723.0,2017.0,331.0,6017.0,21.0,4.95,23.59
MARICO,Mar 2017,True,34.87,10.28,2326.0,18031.01,6286.82,811.0,2326.0,239.0,5918.0,17.0,-1.65,12.17
MARICO,Mar 2018,True,32.52,12.27,2543.0,19713.18,6410.85,827.0,2543.0,312.0,6322.0,16.0,6.83,1.97
MARICO,Mar 2019,True,38.02,11.83,2975.0,23062.02,8767.44,1131.0,2975.0,352.0,7334.0,40.0,16.01,36.76
MARICO,Mar 2020,True,34.5,11.18,3023.0,23434.11,8085.27,1043.0,3023.0,338.0,7315.0,50.0,-0.26,-7.78
MARICO,Mar 2021,True,37.01,15.77,3240.0,25116.28,9294.57,1199.0,3240.0,511.0,8048.0,34.0,10.02,14.96
MARICO,Mar 2022,True,37.49,14.31,3348.0,25953.49,9728.68,1255.0,3348.0,479.0,9512.0,39.0,18.19,4.67
MARICO,Mar 2023,True,34.8,16.0,3799.0,29449.61,10248.06,1322.0,3799.0,608.0,9764.0,56.0,2.65,5.34
MARICO,Mar 2024,True,39.2,13.78,3832.0,29705.43,11643.41,1502.0,3832.0,528.0,9653.0,73.0,-1.14,13.62
MARICO,Mar 2025,True,41.71,13.94,3975.0,30813.95,12852.71,1658.0,3975.0,554.0,10831.0,53.0,12.2,10.39
MARICO,Mar 2026,True,43.06,13.23,4210.0,32384.62,13946.15,1813.0,4210.0,557.0,13611.0,53.0,25.67,9.35
MARUTI,Mar 2015,True,15.66,2.74,24318.0,161046.36,25225.17,3809.0,24318.0,666.0,50801.0,218.0,,
MARUTI,Mar 2016,True,17.95,0.75,30616.0,202754.97,36403.97,5497.0,30616.0,231.0,57589.0,82.0,13.36,44.32
MARUTI,Mar 2017,True,20.26,1.31,37075.0,245529.8,49741.72,7511.0,37075.0,484.0,68085.0,89.0,18.23,36.64
MARUTI,Mar 2018,True,18.52,0.28,42559.0,281847.68,52192.05,7881.0,42559.0,121.0,79809.0,346.0,17.22,4.93
MARUTI,Mar 2019,True,16.25,0.34,47092.0,311867.55,50668.87,7651.0,47092.0,160.0,86068.0,76.0,7.84,-2.92
MARUTI,Mar 2020,True,11.49,0.37,49413.0,327238.41,37602.65,5678.0,49413.0,184.0,75660.0,134.0,-12.09,-25.79
MARUTI,Mar 2021,True,8.36,1.03,52501.0,347688.74,29066.23,4389.0,52501.0,541.0,70372.0,102.0,-6.99,-22.7
MARUTI,Mar 2022,True,7.01,0.77,55333.0,366443.71,25695.36,3880.0,55333.0,426.0,88330.0,127.0,25.52,-11.6
MARUTI,Mar 2023,True,13.29,2.02,61791.0,409211.92,54377.48,8211.0,61791.0,1247.0,117571.0,187.0,33.1,111.62
MARUTI,Mar 2024,True,15.75,0.14,85636.0,545452.23,85910.83,13488.0,85636.0,119.0,141858.0,194.0,20.66,64.27
MARUTI,Mar 2025,True,15.07,0.09,96240.0,612993.63,92356.69,14500.0,96240.0,87.0,152913.0,194.0,7.79,7.5
MARUTI,Mar 2026,True,13.7,0.1,107156.0,682522.29,93503.18,14680.0,107156.0,102.0,183316.0,239.0,19.88,1.24
MFSL,Mar 2015,True,11.05,16.44,3302.0,62301.89,6886.79,365.0,3302.0,543.0,14907.0,82.0,,
MFSL,Mar 2016,True,20.0,0.0,1965.0,37075.47,7415.09,393.0,1965.0,0.0,11710.0,8.0,-21.45,7.67
MFSL,Mar 2017,True,25.41,0.0,2334.0,44037.74,11188.68,593.0,2334.0,0.0,15247.0,9.0,30.2,50.89
MFSL,Mar 2018,True,24.29,0.0,1820.0,33703.7,8185.19,442.0,1820.0,0.0,16338.0,0.0,7.16,-25.46
MFSL,Mar 2019,True,20.2,0.0,2059.0,38129.63,7703.7,416.0,2059.0,0.0,19510.0,27.0,19.41,-5.88
MFSL,Mar 2020,True,12.72,0.14,2147.0,39759.26,5055.56,273.0,2147.0,3.0,18240.0,0.0,-6.51,-34.38
MFSL,Mar 2021,True,16.75,0.09,3343.0,48449.28,8115.94,560.0,3343.0,3.0,31275.0,0.0,71.46,105.13
MFSL,Mar 2022,True,8.08,13.27,3935.0,57028.99,4608.7,318.0,3935.0,522.0,31182.0,25.0,-0.3,-43.21
MFSL,Mar 2023,True,12.84,14.86,3519.0,51000.0,6550.72,452.0,3519.0,523.0,31415.0,37.0,0.75,42.14
MFSL,Mar 2024,True,10.17,13.53,3866.0,56028.99,5695.65,393.0,3866.0,523.0,46576.0,44.0,48.26,-13.05
MFSL,Mar 2025,True,7.64,19.45,5275.0,76449.28,5840.58,403.0,5275.0,1026.0,46469.0,47.0,-0.23,2.54
MFSL,Mar 2026,True,2.01,35.2,5282.0,76550.72,1536.23,106.0,5282.0,1859.0,47674.0,112.0,2.59,-73.7
MAXHEALTH,Mar 2017,True,1.34,73.32,1192.0,2219.74,29.8,16.0,1192.0,874.0,1608.0,100.0,,
MAXHEALTH,Mar 2018,True,-2.15,84.28,1164.0,2167.6,-46.55,-25.0,1164.0,981.0,1729.0,99.0,7.52,-256.25
MAXHEALTH,Mar 2019,True,-0.0,104.15,963.0,1793.3,-0.0,-0.0,963.0,1003.0,1691.0,101.0,-2.2,
MAXHEALTH,Mar 2020,True,2.31,34.27,2553.0,4754.19,109.87,59.0,2553.0,875.0,1059.0,83.0,-37.37,
MAXHEALTH,Mar 2021,True,-2.45,19.52,5639.0,5837.47,-142.86,-138.0,5639.0,1101.0,2508.0,179.0,136.83,-333.9
MAXHEALTH,Mar 2022,True,9.63,14.53,6283.0,6477.32,623.71,605.0,6283.0,913.0,3937.0,101.0,56.98,
MAXHEALTH,Mar 2023,True,14.9,9.3,7410.0,7631.31,1136.97,1104.0,7410.0,689.0,4563.0,84.0,15.9,82.48
MAXHEALTH,Mar 2024,True,12.58,15.45,8408.0,8650.21,1088.48,1058.0,8408.0,1299.0,5406.0,60.0,18.47,-4.17
MAXHEALTH,Mar 2025,True,11.47,32.09,9381.0,9651.23,1107.0,1076.0,9381.0,3010.0,7028.0,165.0,30.0,1.7
MAXHEALTH,Mar 2026,True,13.42,32.36,10747.0,11045.22,1482.01,1442.0,10747.0,3478.0,8373.0,235.0,19.14,34.01
MAZDOCK,Mar 2015,True,18.74,3.01,2753.0,13834.17,2592.96,516.0,2753.0,83.0,3605.0,8.0,,
MAZDOCK,Mar 2016,True,22.57,0.0,2641.0,13271.36,2994.97,596.0,2641.0,0.0,4094.0,16.0,13.56,15.5
MAZDOCK,Mar 2017,True,19.64,0.0,2979.0,11963.86,2349.4,585.0,2979.0,0.0,3505.0,17.0,-14.39,-1.85
MAZDOCK,Mar 2018,True,17.5,0.0,2834.0,12651.79,2214.29,496.0,2834.0,0.0,4457.0,20.0,27.16,-15.21
MAZDOCK,Mar 2019,True,16.54,0.0,3217.0,14361.61,2375.0,532.0,3217.0,0.0,4614.0,36.0,3.52,7.26
MAZDOCK,Mar 2020,True,15.39,0.0,3060.0,15148.51,2331.68,471.0,3060.0,0.0,4905.0,13.0,6.31,-11.47
MAZDOCK,Mar 2021,True,14.98,0.87,3432.0,16990.1,2544.55,514.0,3432.0,30.0,4048.0,11.0,-17.47,9.13
MAZDOCK,Mar 2022,True,15.84,0.31,3858.0,19099.01,3024.75,611.0,3858.0,12.0,5733.0,14.0,41.63,18.87
MAZDOCK,Mar 2023,True,23.51,0.13,4760.0,23564.36,5539.6,1119.0,4760.0,6.0,7827.0,9.0,36.53,83.14
MAZDOCK,Mar 2024,True,31.02,0.02,6244.0,30910.89,9589.11,1937.0,6244.0,1.0,9467.0,9.0,20.95,73.1
MAZDOCK,Mar 2025,True,30.4,0.25,7940.0,39306.93,11950.5,2414.0,7940.0,20.0,11432.0,10.0,20.76,24.63
MAZDOCK,Mar 2026,True,26.43,4.58,9755.0,48292.08,12762.38,2578.0,9755.0,447.0,13006.0,72.0,13.77,6.79
MOTILALOFS,Mar 2015,True,11.2,61.39,1295.0,92500.0,10357.14,145.0,1295.0,795.0,772.0,31.0,,
MOTILALOFS,Mar 2016,True,11.98,180.29,1436.0,102571.43,12285.71,172.0,1436.0,2589.0,1080.0,174.0,39.9,18.62
MOTILALOFS,Mar 2017,True,20.77,283.71,1786.0,127571.43,26500.0,371.0,1786.0,5067.0,1923.0,442.0,78.06,115.7
MOTILALOFS,Mar 2018,True,21.9,184.44,2886.0,192400.0,42133.33,632.0,2886.0,5323.0,2751.0,528.0,43.06,70.35
MOTILALOFS,Mar 2019,True,9.76,168.89,3054.0,203600.0,19866.67,298.0,3054.0,5158.0,2450.0,517.0,-10.94,-52.85
MOTILALOFS,Mar 2020,True,6.16,149.94,3086.0,205733.33,12666.67,190.0,3086.0,4627.0,2358.0,494.0,-3.76,-36.24
MOTILALOFS,Mar 2021,True,28.35,127.59,4462.0,297466.67,84333.33,1265.0,4462.0,5693.0,3626.0,430.0,53.77,565.79
MOTILALOFS,Mar 2022,True,23.12,108.42,5674.0,378266.67,87466.67,1312.0,5674.0,6152.0,4298.0,475.0,18.53,3.72
MOTILALOFS,Mar 2023,True,14.96,164.4,6252.0,416800.0,62333.33,935.0,6252.0,10278.0,4178.0,596.0,-2.79,-28.73
MOTILALOFS,Mar 2024,True,28.01,157.89,8732.0,582133.33,163066.67,2446.0,8732.0,13787.0,7106.0,1039.0,70.08,161.6
MOTILALOFS,Mar 2025,True,22.64,133.35,11079.0,184650.0,41800.0,2508.0,11079.0,14774.0,8340.0,1298.0,17.37,2.53
MOTILALOFS,Mar 2026,True,14.53,164.92,12888.0,214800.0,31200.0,1872.0,12888.0,21255.0,9374.0,1336.0,12.4,-25.36
MPHASIS,Mar 2015,True,12.32,10.49,5480.0,26095.24,3214.29,675.0,5480.0,575.0,5795.0,28.0,,
MPHASIS,Mar 2016,True,10.79,7.87,5855.0,27880.95,3009.52,632.0,5855.0,461.0,6081.0,24.0,4.94,-6.37
MPHASIS,Mar 2017,True,12.87,4.23,6152.0,29295.24,3771.43,792.0,6152.0,260.0,6076.0,14.0,-0.08,25.32
MPHASIS,Mar 2018,True,15.29,7.11,5482.0,28404.15,4341.97,838.0,5482.0,390.0,6546.0,13.0,7.74,5.81
MPHASIS,Mar 2019,True,20.44,10.34,5250.0,28225.81,5768.82,1073.0,5250.0,543.0,7731.0,17.0,18.1,28.04
MPHASIS,Mar 2020,True,20.33,9.79,5830.0,31176.47,6336.9,1185.0,5830.0,571.0,8844.0,81.0,14.4,10.44
MPHASIS,Mar 2021,True,18.65,7.86,6527.0,34903.74,6508.02,1217.0,6527.0,513.0,9722.0,63.0,9.93,2.7
MPHASIS,Mar 2022,True,20.61,7.59,6943.0,36930.85,7611.7,1431.0,6943.0,527.0,11961.0,74.0,23.03,17.58
MPHASIS,Mar 2023,True,20.65,2.5,7934.0,42202.13,8712.77,1638.0,7934.0,198.0,13798.0,97.0,15.36,14.47
MPHASIS,Mar 2024,True,17.68,17.56,8795.0,46534.39,8227.51,1555.0,8795.0,1544.0,13279.0,161.0,-3.76,-5.07
MPHASIS,Mar 2025,True,17.68,11.59,9628.0,50673.68,8957.89,1702.0,9628.0,1116.0,14230.0,166.0,7.16,9.45
MPHASIS,Mar 2026,True,17.34,24.39,10744.0,56251.31,9753.93,1863.0,10744.0,2620.0,15880.0,204.0,11.6,9.46
MUTHOOTFIN,Mar 2015,True,13.22,0.0,5084.0,12773.87,1688.44,672.0,5084.0,0.0,,2114.0,,
MUTHOOTFIN,Mar 2016,True,14.55,0.0,5622.0,14090.23,2050.13,818.0,5622.0,0.0,,2288.0,,21.73
MUTHOOTFIN,Mar 2017,True,18.35,0.0,6538.0,16385.96,3007.52,1200.0,6538.0,0.0,,2374.0,,46.7
MUTHOOTFIN,Mar 2018,True,23.47,0.0,7857.0,19642.5,4610.0,1844.0,7857.0,0.0,,2132.0,,53.67
MUTHOOTFIN,Mar 2019,True,21.17,0.0,9932.0,24768.08,5244.39,2103.0,9932.0,0.0,,2543.0,,14.05
MUTHOOTFIN,Mar 2020,True,26.79,0.0,11829.0,29498.75,7902.74,3169.0,11829.0,0.0,,3180.0,,50.69
MUTHOOTFIN,Mar 2021,True,24.52,0.0,15575.0,38840.4,9523.69,3819.0,15575.0,0.0,,4109.0,,20.51
MUTHOOTFIN,Mar 2022,True,21.46,0.0,18785.0,46845.39,10052.37,4031.0,18785.0,0.0,,4268.0,,5.55
MUTHOOTFIN,Mar 2023,True,16.94,0.0,21665.0,54027.43,9152.12,3670.0,21665.0,0.0,,4225.0,,-8.96
MUTHOOTFIN,Mar 2024,True,17.8,0.0,25107.0,62610.97,11142.14,4468.0,25107.0,0.0,,5452.0,,21.74
MUTHOOTFIN,Mar 2025,True,18.23,0.0,29366.0,73231.92,13346.63,5352.0,29366.0,0.0,,7461.0,,19.79
MUTHOOTFIN,Mar 2026,True,27.11,0.0,39130.0,97581.05,26451.37,10607.0,39130.0,0.0,,11000.0,,98.19
NHPC,Mar 2015,True,9.1,66.92,30758.0,2778.25,252.73,2798.0,30758.0,20584.0,8221.0,1296.0,,
NHPC,Mar 2016,True,7.47,63.01,31643.0,2858.19,213.62,2365.0,31643.0,19938.0,8354.0,1160.0,1.62,-15.48
NHPC,Mar 2017,True,11.99,66.27,29015.0,2828.25,339.21,3480.0,29015.0,19227.0,8623.0,1133.0,3.22,47.15
NHPC,Mar 2018,True,9.27,61.92,30041.0,2928.26,271.47,2785.0,30041.0,18602.0,7755.0,924.0,-10.07,-19.97
NHPC,Mar 2019,True,9.21,61.91,30798.0,3066.0,282.33,2836.0,30798.0,19066.0,8983.0,896.0,15.83,1.83
NHPC,Mar 2020,True,10.66,74.01,31381.0,3124.04,333.0,3345.0,31381.0,23226.0,10008.0,877.0,11.41,17.95
NHPC,Mar 2021,True,10.89,70.69,33053.0,3290.49,358.39,3600.0,33053.0,23365.0,9648.0,577.0,-3.6,7.62
NHPC,Mar 2022,True,10.81,74.73,34921.0,3476.46,375.71,3774.0,34921.0,26096.0,9144.0,586.0,-5.22,4.83
NHPC,Mar 2023,True,11.53,79.92,36961.0,3679.54,424.19,4261.0,36961.0,29540.0,10607.0,475.0,16.0,12.9
NHPC,Mar 2024,True,10.34,84.2,38669.0,3849.58,398.21,4000.0,38669.0,32561.0,9631.0,767.0,-9.2,-6.13
NHPC,Mar 2025,True,8.6,99.72,39668.0,3949.03,339.67,3412.0,39668.0,39557.0,10380.0,1189.0,7.78,-14.7
NHPC,Mar 2026,True,10.18,126.28,41437.0,4125.14,420.11,4220.0,41437.0,52327.0,11615.0,1423.0,11.9,23.68
NMDC,Mar 2015,True,19.68,0.0,32266.0,81479.8,16037.88,6351.0,32266.0,0.0,12356.0,0.0,,
NMDC,Mar 2016,True,8.72,5.13,29180.0,73686.87,6424.24,2544.0,29180.0,1497.0,6456.0,66.0,-47.75,-59.94
NMDC,Mar 2017,True,11.26,0.0,22582.0,71462.03,8047.47,2543.0,22582.0,0.0,8828.0,21.0,36.74,-0.04
NMDC,Mar 2018,True,15.6,2.05,24417.0,77268.99,12050.63,3808.0,24417.0,500.0,11615.0,37.0,31.57,49.74
NMDC,Mar 2019,True,17.73,1.4,26044.0,85111.11,15088.24,4617.0,26044.0,364.0,12153.0,40.0,4.63,21.24
NMDC,Mar 2020,True,12.91,2.05,27673.0,90434.64,11676.47,3573.0,27673.0,566.0,11699.0,10.0,-3.74,-22.61
NMDC,Mar 2021,True,21.0,6.69,29884.0,101993.17,21423.21,6277.0,29884.0,2000.0,15370.0,17.0,31.38,75.68
NMDC,Mar 2022,True,52.33,9.99,18018.0,61494.88,32180.89,9429.0,18018.0,1800.0,25965.0,39.0,68.93,50.22
NMDC,Mar 2023,True,24.76,9.41,22621.0,77204.78,19116.04,5601.0,22621.0,2128.0,17667.0,75.0,-31.96,-40.6
NMDC,Mar 2024,True,21.7,13.09,25656.0,87563.14,19000.0,5567.0,25656.0,3359.0,21308.0,78.0,20.61,-0.61
NMDC,Mar 2025,True,21.96,14.4,29696.0,33783.85,7417.52,6520.0,29696.0,4276.0,23906.0,178.0,12.19,17.12
NMDC,Mar 2026,True,21.87,18.81,34062.0,38750.85,8475.54,7450.0,34062.0,6407.0,32071.0,121.0,34.15,14.26
NTPCGREEN,Mar 2023,True,3.5,125.55,4888.0,1035.59,36.23,171.0,4888.0,6137.0,170.0,51.0,,
NTPCGREEN,Mar 2024,True,5.5,222.3,6233.0,1089.69,59.97,343.0,6233.0,13856.0,1963.0,694.0,1054.71,100.58
NTPCGREEN,Mar 2025,True,2.57,105.43,18440.0,2188.46,56.25,474.0,18440.0,19441.0,2210.0,766.0,12.58,38.19
NTPCGREEN,Mar 2026,True,2.75,167.23,18965.0,2250.77,61.83,521.0,18965.0,31716.0,2858.0,887.0,29.32,9.92
NTPC,Mar 2015,True,12.17,124.55,82094.0,9956.82,1211.89,9992.0,82094.0,102252.0,79957.0,3669.0,,
NTPC,Mar 2016,True,11.77,108.57,91575.0,11106.73,1307.58,10781.0,91575.0,99424.0,73396.0,3366.0,-8.21,7.9
NTPC,Mar 2017,True,10.95,116.29,97838.0,11866.34,1299.45,10714.0,97838.0,113773.0,82042.0,3753.0,11.78,-0.62
NTPC,Mar 2018,True,10.14,125.57,103563.0,12560.7,1273.74,10502.0,103563.0,130049.0,88083.0,4447.0,7.36,-1.98
NTPC,Mar 2019,True,12.6,155.41,111357.0,11253.87,1418.29,14034.0,111357.0,173058.0,100287.0,5605.0,13.86,33.63
NTPC,Mar 2020,True,10.02,168.82,118840.0,12010.11,1202.83,11902.0,118840.0,200630.0,109464.0,8189.0,9.15,-15.19
NTPC,Mar 2021,True,11.9,167.18,125739.0,12966.79,1543.67,14969.0,125739.0,210208.0,111531.0,9224.0,1.89,25.77
NTPC,Mar 2022,True,12.53,155.65,135374.0,13960.4,1748.99,16960.0,135374.0,210707.0,132669.0,9376.0,18.95,13.3
NTPC,Mar 2023,True,11.65,151.62,147023.0,15161.7,1765.6,17121.0,147023.0,222913.0,176207.0,11447.0,32.82,0.95
NTPC,Mar 2024,True,13.27,147.55,160710.0,16573.17,2199.86,21332.0,160710.0,237131.0,178525.0,12301.0,1.32,24.6
NTPC,Mar 2025,True,13.01,135.87,184071.0,18982.26,2470.15,23953.0,184071.0,250096.0,188138.0,13282.0,5.38,12.29
NTPC,Mar 2026,True,13.56,133.38,203176.0,20952.46,2840.67,27546.0,203176.0,271005.0,187385.0,13801.0,-0.4,15.0
NATIONALUM,Mar 2015,True,10.33,0.0,12798.0,9928.63,1025.6,1322.0,12798.0,0.0,7383.0,167.0,,
NATIONALUM,Mar 2016,True,5.96,0.0,13195.0,10236.62,610.55,787.0,13195.0,0.0,6817.0,3.0,-7.67,-40.47
NATIONALUM,Mar 2017,True,6.55,0.5,10205.0,10564.18,691.51,668.0,10205.0,51.0,7543.0,3.0,10.65,-15.12
NATIONALUM,Mar 2018,True,12.78,0.43,10503.0,10872.67,1389.23,1342.0,10503.0,45.0,9509.0,2.0,26.06,100.9
NATIONALUM,Mar 2019,True,16.54,0.64,10485.0,11237.94,1858.52,1734.0,10485.0,67.0,11499.0,2.0,20.93,29.21
NATIONALUM,Mar 2020,True,1.36,0.12,9987.0,10704.18,145.77,136.0,9987.0,12.0,8472.0,6.0,-26.32,-92.16
NATIONALUM,Mar 2021,True,12.16,0.96,10679.0,11632.9,1415.03,1299.0,10679.0,102.0,8956.0,7.0,5.71,855.15
NATIONALUM,Mar 2022,True,23.51,0.61,12552.0,13673.2,3214.6,2951.0,12552.0,77.0,14181.0,23.0,58.34,127.17
NATIONALUM,Mar 2023,True,10.93,0.8,13126.0,14298.47,1563.18,1435.0,13126.0,105.0,14257.0,13.0,0.54,-51.37
NATIONALUM,Mar 2024,True,13.82,0.67,14388.0,15673.2,2165.58,1988.0,14388.0,96.0,13149.0,17.0,-7.77,38.54
NATIONALUM,Mar 2025,True,29.59,1.02,17805.0,19395.42,5738.56,5268.0,17805.0,182.0,16788.0,59.0,27.68,164.99
NATIONALUM,Mar 2026,True,26.83,0.28,21603.0,23532.68,6314.81,5797.0,21603.0,60.0,17843.0,100.0,6.28,10.04
NESTLEIND,Dec 2023,True,,,,,,2999.0,,0.0,19126.0,119.0,,
NESTLEIND,Mar 2024,True,,10.33,3340.0,34791.67,,,3340.0,345.0,,,,
NESTLEIND,"Mar 2024
            
            
              15m",False,,,,,,3933.0,,0.0,24394.0,145.0,,
NESTLEIND,Mar 2025,True,80.0,29.1,4010.0,41770.83,33416.67,3208.0,4010.0,1167.0,20202.0,136.0,,
NESTLEIND,Mar 2026,True,67.85,8.61,5157.0,26720.21,18129.53,3499.0,5157.0,444.0,23155.0,158.0,14.62,9.07
OBEROIRLTY,Mar 2015,True,6.84,19.46,4634.0,14128.05,966.46,317.0,4634.0,902.0,923.0,2.0,,
OBEROIRLTY,Mar 2016,True,8.16,8.86,5341.0,15755.16,1286.14,436.0,5341.0,473.0,1416.0,7.0,53.41,37.54
OBEROIRLTY,Mar 2017,True,6.62,15.18,5726.0,16841.18,1114.71,379.0,5726.0,869.0,1114.0,6.0,-21.33,-13.07
OBEROIRLTY,Mar 2018,True,7.53,27.8,6093.0,17920.59,1350.0,459.0,6093.0,1694.0,1265.0,7.0,13.55,21.11
OBEROIRLTY,Mar 2019,True,10.17,19.75,8030.0,22060.44,2244.51,817.0,8030.0,1586.0,2582.0,19.0,104.11,78.0
OBEROIRLTY,Mar 2020,True,7.98,17.6,8630.0,23708.79,1892.86,689.0,8630.0,1519.0,2238.0,88.0,-13.32,-15.67
OBEROIRLTY,Mar 2021,True,7.89,16.37,9370.0,25741.76,2030.22,739.0,9370.0,1534.0,2053.0,76.0,-8.27,7.26
OBEROIRLTY,Mar 2022,True,10.05,27.41,10417.0,28618.13,2876.37,1047.0,10417.0,2855.0,2694.0,86.0,31.22,41.68
OBEROIRLTY,Mar 2023,True,15.6,32.3,12211.0,33546.7,5233.52,1905.0,12211.0,3944.0,4193.0,169.0,55.64,81.95
OBEROIRLTY,Mar 2024,True,13.92,18.02,13845.0,38035.71,5293.96,1927.0,13845.0,2495.0,4496.0,218.0,7.23,1.15
OBEROIRLTY,Mar 2025,True,14.17,21.01,15705.0,43145.6,6115.38,2226.0,15705.0,3300.0,5286.0,265.0,17.57,15.52
OBEROIRLTY,Mar 2026,True,13.99,15.76,17922.0,49236.26,6887.36,2507.0,17922.0,2825.0,6009.0,241.0,13.68,12.62
ONGC,Mar 2015,True,9.81,29.89,180455.0,42182.09,4138.15,17703.0,180455.0,53944.0,160923.0,2864.0,,
ONGC,Mar 2016,True,6.62,23.0,197814.0,46239.83,3062.65,13102.0,197814.0,45500.0,124036.0,3766.0,-22.92,-25.99
ONGC,Mar 2017,True,15.01,41.17,194386.0,30292.35,4545.58,29169.0,194386.0,80029.0,282506.0,3591.0,127.76,122.63
ONGC,Mar 2018,True,12.78,52.23,204019.0,31793.52,4062.33,26068.0,204019.0,106550.0,322706.0,4999.0,14.23,-10.63
ONGC,Mar 2019,True,15.64,49.67,216934.0,34488.71,5395.55,33938.0,216934.0,107742.0,421624.0,5837.0,30.65,30.19
ONGC,Mar 2020,True,5.59,63.13,205104.0,32607.95,1821.3,11456.0,205104.0,129473.0,396728.0,7489.0,-5.9,-66.24
ONGC,Mar 2021,True,9.67,60.27,220981.0,35132.11,3395.87,21360.0,220981.0,133187.0,303849.0,5079.0,-23.41,86.45
ONGC,Mar 2022,True,19.0,47.01,259503.0,41256.44,7836.88,49294.0,259503.0,121986.0,491246.0,5696.0,61.67,130.78
ONGC,Mar 2023,True,11.68,50.69,280647.0,44617.97,5211.13,32778.0,280647.0,142255.0,632291.0,7889.0,28.71,-33.51
ONGC,Mar 2024,True,16.3,56.39,339069.0,53906.04,8787.44,55273.0,339069.0,191195.0,601581.0,13026.0,-4.86,68.63
ONGC,Mar 2025,True,11.16,54.69,343440.0,54600.95,6093.64,38329.0,343440.0,187817.0,612065.0,14535.0,1.74,-30.66
ONGC,Mar 2026,True,13.39,46.89,371768.0,59104.61,7916.22,49793.0,371768.0,174316.0,662247.0,13029.0,8.2,29.91
OIL,Mar 2015,True,12.13,42.18,21501.0,35775.37,4339.43,2608.0,21501.0,9070.0,9978.0,349.0,,
OIL,Mar 2016,True,8.26,38.61,25178.0,41893.51,3460.9,2080.0,25178.0,9722.0,9821.0,389.0,-1.57,-20.25
OIL,Mar 2017,True,5.41,48.05,29520.0,36807.98,1991.27,1597.0,29520.0,14184.0,9566.0,441.0,-2.6,-23.22
OIL,Mar 2018,True,9.42,42.47,29030.0,38348.75,3612.95,2735.0,29030.0,12329.0,10698.0,554.0,11.83,71.26
OIL,Mar 2019,True,11.18,52.16,28974.0,26728.78,2987.08,3238.0,28974.0,15114.0,13780.0,624.0,28.81,18.39
OIL,Mar 2020,True,21.56,54.9,23210.0,21411.44,4617.16,5005.0,23210.0,12743.0,18612.0,647.0,35.07,54.57
OIL,Mar 2021,True,17.52,83.32,23666.0,21832.1,3824.72,4146.0,23666.0,19718.0,17616.0,660.0,-5.35,-17.16
OIL,Mar 2022,True,21.98,54.71,30562.0,28193.73,6198.34,6719.0,30562.0,16721.0,25906.0,940.0,47.06,62.06
OIL,Mar 2023,True,25.61,48.94,38481.0,35499.08,9090.41,9854.0,38481.0,18832.0,36084.0,901.0,39.29,46.66
OIL,Mar 2024,True,14.44,49.73,48339.0,44593.17,6439.11,6980.0,48339.0,24040.0,31749.0,964.0,-12.01,-29.17
OIL,Mar 2025,True,14.15,61.58,49768.0,30588.81,4326.98,7040.0,49768.0,30645.0,31703.0,1069.0,-0.14,0.86
OIL,Mar 2026,True,13.02,64.62,57999.0,35647.82,4641.06,7551.0,57999.0,37478.0,33946.0,1204.0,7.08,7.26
OLAELEC,Mar 2021,True,-10.1,2.13,1971.01,197101000.0,-19900000.0,-199.0,1971.01,42.0,1.0,1.0,,
OLAELEC,Mar 2022,True,-42.22,140.44,1857.0,949.87,-401.02,-784.0,1857.0,2608.0,373.0,18.0,37200.0,
OLAELEC,Mar 2023,True,-269.6,641.94,546.0,279.28,-752.94,-1472.0,546.0,3505.0,2631.0,108.0,605.36,
OLAELEC,Mar 2024,True,,,,,,-1584.0,,5684.0,5010.0,187.0,90.42,
OLAELEC,Mar 2025,True,-44.25,69.14,5143.0,1165.95,-515.98,-2276.0,5143.0,3556.0,4514.0,366.0,-9.9,
OLAELEC,Mar 2026,True,-54.7,82.45,3351.0,759.69,-415.55,-1833.0,3351.0,2763.0,2253.0,380.0,-50.09,
PAYTM,Mar 2015,True,-96.88,0.0,384.0,12800.0,-12400.0,-372.0,384.0,0.0,323.0,2.0,,
PAYTM,Mar 2016,True,-54.88,0.54,2797.0,60804.35,-33369.57,-1535.0,2797.0,15.0,855.0,1.0,164.71,
PAYTM,Mar 2019,True,-73.9,16.28,5725.0,98706.9,-72948.28,-4231.0,5725.0,932.0,3224.0,38.0,277.08,
PAYTM,Mar 2020,True,-36.3,5.28,8105.0,135083.33,-49033.33,-2942.0,8105.0,428.0,3279.0,54.0,1.71,
PAYTM,Mar 2021,True,-26.03,9.37,6534.0,108900.0,-28350.0,-1701.0,6534.0,612.0,2801.0,38.0,-14.58,
PAYTM,Mar 2022,True,-16.93,1.57,14152.0,217723.08,-36861.54,-2396.0,14152.0,222.0,4974.0,42.0,77.58,
PAYTM,Mar 2023,True,-13.65,1.71,13015.0,206587.3,-28190.48,-1776.0,13015.0,223.0,7990.0,24.0,60.64,
PAYTM,Mar 2024,True,-10.67,1.33,13327.0,208234.38,-22218.75,-1422.0,13327.0,177.0,9978.0,26.0,24.88,
PAYTM,Mar 2025,True,-4.41,1.06,15027.0,234796.88,-10359.38,-663.0,15027.0,160.0,6900.0,17.0,-30.85,
PAYTM,Mar 2026,True,3.44,1.21,16026.0,250406.25,8625.0,552.0,16026.0,194.0,8437.0,18.0,22.28,
OFSS,Mar 2015,True,34.61,0.0,3444.0,82000.0,28380.95,1192.0,3444.0,0.0,3905.0,0.0,,
OFSS,Mar 2016,True,22.44,0.0,4674.0,111285.71,24976.19,1049.0,4674.0,0.0,4131.0,0.0,5.79,-12.0
OFSS,Mar 2017,True,36.31,0.0,3264.0,77714.29,28214.29,1185.0,3264.0,0.0,4427.0,0.0,7.17,12.96
OFSS,Mar 2018,True,26.27,0.0,4708.0,109488.37,28767.44,1237.0,4708.0,0.0,4527.0,0.0,2.26,4.39
OFSS,Mar 2019,True,28.07,0.0,4937.0,114813.95,32232.56,1386.0,4937.0,0.0,4959.0,0.0,9.54,12.05
OFSS,Mar 2020,True,22.25,1.75,6570.0,152790.7,34000.0,1462.0,6570.0,115.0,4861.0,47.0,-1.98,5.48
OFSS,Mar 2021,True,25.73,1.02,6849.0,159279.07,40976.74,1762.0,6849.0,70.0,4984.0,19.0,2.53,20.52
OFSS,Mar 2022,True,26.61,1.17,7100.0,165116.28,43930.23,1889.0,7100.0,83.0,5221.0,12.0,4.76,7.21
OFSS,Mar 2023,True,24.21,0.93,7459.0,173465.12,42000.0,1806.0,7459.0,69.0,5698.0,13.0,9.14,-4.39
OFSS,Mar 2024,True,28.24,0.55,7859.0,182767.44,51604.65,2219.0,7859.0,43.0,6373.0,28.0,11.85,22.87
OFSS,Mar 2025,True,28.46,0.55,8362.0,194465.12,55348.84,2380.0,8362.0,46.0,6847.0,0.0,7.44,7.26
OFSS,Mar 2026,True,33.72,0.41,7827.0,177886.36,59977.27,2639.0,7827.0,32.0,7672.0,2.0,12.05,10.88
POLICYBZR,Mar 2015,True,-65.95,0.0,97.04,2426000.0,-1600000.0,-64.0,97.04,0.0,78.0,0.0,,
POLICYBZR,Mar 2016,True,-36.54,0.33,301.04,7526000.0,-2750000.0,-110.0,301.04,1.0,90.0,0.0,15.38,
POLICYBZR,Mar 2018,True,-7.5,0.13,787.04,19676000.0,-1475000.0,-59.0,787.04,1.0,334.0,0.0,271.11,
POLICYBZR,Mar 2019,True,-70.96,18.4,489.04,12226000.0,-8675000.0,-347.0,489.04,90.0,492.0,8.0,47.31,
POLICYBZR,Mar 2020,True,-24.03,8.7,1265.04,31626000.0,-7600000.0,-304.0,1265.04,110.0,771.0,12.0,56.71,
POLICYBZR,Mar 2021,True,-7.54,5.53,1990.05,39801000.0,-3000000.0,-150.0,1990.05,110.0,887.0,12.0,15.05,
POLICYBZR,Mar 2022,True,-15.39,2.94,5412.0,60133.33,-9255.56,-833.0,5412.0,159.0,1425.0,14.0,60.65,
POLICYBZR,Mar 2023,True,-8.91,4.15,5476.0,60844.44,-5422.22,-488.0,5476.0,227.0,2558.0,22.0,79.51,
POLICYBZR,Mar 2024,True,1.09,4.31,5871.0,65233.33,711.11,64.0,5871.0,253.0,3438.0,27.0,34.4,
POLICYBZR,Mar 2025,True,5.49,5.01,6432.0,69913.04,3836.96,353.0,6432.0,322.0,4977.0,34.0,44.76,451.56
POLICYBZR,Mar 2026,True,9.16,4.92,7312.0,78623.66,7204.3,670.0,7312.0,360.0,6794.0,37.0,36.51,89.8
PIIND,Mar 2015,True,27.42,12.82,897.0,64071.43,17571.43,246.0,897.0,115.0,1940.0,12.0,,
PIIND,Mar 2016,True,26.64,12.89,1171.0,83642.86,22285.71,312.0,1171.0,151.0,2096.0,12.0,8.04,26.83
PIIND,Mar 2017,True,28.21,7.38,1627.0,116214.29,32785.71,459.0,1627.0,120.0,2277.0,9.0,8.64,47.12
PIIND,Mar 2018,True,19.12,4.31,1925.0,137500.0,26285.71,368.0,1925.0,83.0,2277.0,7.0,0.0,-19.83
PIIND,Mar 2019,True,17.94,2.14,2286.0,163285.71,29285.71,410.0,2286.0,49.0,2841.0,7.0,24.77,11.41
PIIND,Mar 2020,True,17.45,19.82,2619.0,187071.43,32642.86,457.0,2619.0,519.0,3366.0,19.0,18.48,11.46
PIIND,Mar 2021,True,13.82,6.98,5342.0,356133.33,49200.0,738.0,5342.0,373.0,4577.0,34.0,35.98,61.49
PIIND,Mar 2022,True,13.79,5.16,6120.0,408000.0,56266.67,844.0,6120.0,316.0,5300.0,16.0,15.8,14.36
PIIND,Mar 2023,True,17.09,0.64,7198.0,479866.67,82000.0,1230.0,7198.0,46.0,6492.0,39.0,22.49,45.73
PIIND,Mar 2024,True,19.26,2.19,8731.0,582066.67,112133.33,1682.0,8731.0,191.0,7666.0,44.0,18.08,36.75
PIIND,Mar 2025,True,16.34,1.81,10157.0,677133.33,110666.67,1660.0,10157.0,184.0,7978.0,56.0,4.07,-1.31
PIIND,Mar 2026,True,11.76,3.05,11230.0,748666.67,88066.67,1321.0,11230.0,342.0,6714.0,16.0,-15.84,-20.42
PATANJALI,Mar 2010,True,9.17,126.47,1942.0,36641.51,3358.49,178.0,1942.0,2456.0,14282.0,186.0,,
PATANJALI,Mar 2011,True,10.61,204.62,2206.0,32925.37,3492.54,234.0,2206.0,4514.0,18183.0,291.0,27.31,31.46
PATANJALI,Mar 2012,True,3.96,279.93,2222.0,33164.18,1313.43,88.0,2222.0,6220.0,30270.0,722.0,66.47,-62.39
PATANJALI,Mar 2013,True,11.69,304.92,2420.0,36119.4,4223.88,283.0,2420.0,7379.0,29857.0,676.0,-1.36,221.59
PATANJALI,Mar 2014,True,-0.0,163.02,2366.0,35313.43,-0.0,-0.0,2366.0,3857.0,28499.0,712.0,-4.55,
PATANJALI,Mar 2015,True,3.24,185.85,2254.0,33641.79,1089.55,73.0,2254.0,4189.0,31561.0,613.0,10.74,
PATANJALI,Mar 2016,True,-52.34,240.88,2434.0,36328.36,-19014.93,-1274.0,2434.0,5863.0,30240.0,1439.0,-4.19,-1845.21
PATANJALI,Mar 2017,True,-147.83,642.41,922.0,14184.62,-20969.23,-1363.0,922.0,5923.0,19173.0,972.0,-36.6,
PATANJALI,Mar 2018,True,,,,,,-5755.0,,8079.0,12027.0,971.0,-37.27,
PATANJALI,Mar 2019,True,,,,,,-88.0,,8865.0,12729.0,143.0,5.84,
PATANJALI,Mar 2025,True,11.44,6.93,11370.0,157916.67,18069.44,1301.0,11370.0,788.0,34157.0,95.0,168.34,
PATANJALI,Mar 2026,True,13.85,21.29,13097.0,60077.98,8321.1,1814.0,13097.0,2789.0,40170.0,130.0,17.6,39.43
PERSISTENT,Mar 2015,True,20.7,0.28,1406.0,17575.0,3637.5,291.0,1406.0,4.0,1891.0,0.0,,
PERSISTENT,Mar 2016,True,16.71,0.18,1658.0,20725.0,3462.5,277.0,1658.0,3.0,2312.0,0.0,22.26,-4.81
PERSISTENT,Mar 2017,True,15.85,0.16,1899.0,23737.5,3762.5,301.0,1899.0,3.0,2878.0,0.0,24.48,8.66
PERSISTENT,Mar 2018,True,15.19,0.09,2127.0,26587.5,4037.5,323.0,2127.0,2.0,3034.0,0.0,5.42,7.31
PERSISTENT,Mar 2019,True,15.01,0.09,2345.0,29683.54,4455.7,352.0,2345.0,2.0,3366.0,0.0,10.94,8.98
PERSISTENT,Mar 2020,True,14.26,2.98,2385.0,31381.58,4473.68,340.0,2385.0,71.0,3566.0,6.0,5.94,-3.41
PERSISTENT,Mar 2021,True,16.14,3.51,2795.0,36776.32,5934.21,451.0,2795.0,98.0,4188.0,6.0,17.44,32.65
PERSISTENT,Mar 2022,True,20.49,17.16,3368.0,44315.79,9078.95,690.0,3368.0,578.0,5711.0,12.0,36.37,52.99
PERSISTENT,Mar 2023,True,23.23,16.52,3965.0,52171.05,12118.42,921.0,3965.0,655.0,8351.0,47.0,46.23,33.48
PERSISTENT,Mar 2024,True,22.05,9.1,4958.0,64389.61,14194.81,1093.0,4958.0,451.0,9822.0,47.0,17.61,18.68
PERSISTENT,Mar 2025,True,22.16,4.92,6319.0,81012.82,17948.72,1400.0,6319.0,311.0,11939.0,67.0,21.55,28.09
PERSISTENT,Mar 2026,True,23.79,6.09,7838.0,99215.19,23607.59,1865.0,7838.0,477.0,14748.0,73.0,23.53,33.21
PETRONET,Mar 2015,True,15.82,49.14,5722.0,7629.33,1206.67,905.0,5722.0,2812.0,39627.0,308.0,,
PETRONET,Mar 2016,True,13.93,39.25,6662.0,8882.67,1237.33,928.0,6662.0,2615.0,27133.0,239.0,-31.53,2.54
PETRONET,Mar 2017,True,21.07,27.12,8178.0,10904.0,2297.33,1723.0,8178.0,2218.0,24616.0,210.0,-9.28,85.67
PETRONET,Mar 2018,True,21.51,14.81,9811.0,6540.67,1406.67,2110.0,9811.0,1453.0,30599.0,163.0,24.31,22.46
PETRONET,Mar 2019,True,21.81,7.16,10231.0,6820.67,1487.33,2231.0,10231.0,733.0,38395.0,99.0,25.48,5.73
PETRONET,Mar 2020,True,24.31,33.18,11121.0,7414.0,1802.0,2703.0,11121.0,3690.0,35452.0,403.0,-7.67,21.16
PETRONET,Mar 2021,True,24.89,30.94,11807.0,7871.33,1959.33,2939.0,11807.0,3653.0,26023.0,336.0,-26.6,8.73
PETRONET,Mar 2022,True,25.15,25.15,13668.0,9112.0,2292.0,3438.0,13668.0,3438.0,43169.0,317.0,65.89,16.98
PETRONET,Mar 2023,True,21.79,21.91,15265.0,10176.67,2217.33,3326.0,15265.0,3345.0,59899.0,331.0,38.75,-3.26
PETRONET,Mar 2024,True,20.98,17.28,17410.0,11606.67,2434.67,3652.0,17410.0,3008.0,52729.0,290.0,-11.97,9.8
PETRONET,Mar 2025,True,19.99,13.37,19878.0,13252.0,2648.67,3973.0,19878.0,2657.0,50982.0,258.0,-3.31,8.79
PETRONET,Mar 2026,True,17.56,10.5,22285.0,14856.67,2608.67,3913.0,22285.0,2341.0,43495.0,237.0,-14.69,-1.51
PHOENIXLTD,Mar 2015,True,5.44,203.23,1674.0,57724.14,3137.93,91.0,1674.0,3402.0,1639.0,396.0,,
PHOENIXLTD,Mar 2016,True,4.14,191.77,2028.0,65419.35,2709.68,84.0,2028.0,3889.0,1769.0,443.0,7.93,-7.69
PHOENIXLTD,Mar 2017,True,8.88,168.65,2150.0,69354.84,6161.29,191.0,2150.0,3626.0,1817.0,424.0,2.71,127.38
PHOENIXLTD,Mar 2018,True,8.98,128.54,2852.0,92000.0,8258.06,256.0,2852.0,3666.0,1614.0,349.0,-11.17,34.03
PHOENIXLTD,Mar 2019,True,14.31,122.16,3474.0,112064.52,16032.26,497.0,3474.0,4244.0,1977.0,351.0,22.49,94.14
PHOENIXLTD,Mar 2020,True,10.46,116.15,3709.0,119645.16,12516.13,388.0,3709.0,4308.0,1936.0,348.0,-2.07,-21.93
PHOENIXLTD,Mar 2021,True,0.95,80.63,5039.0,139972.22,1333.33,48.0,5039.0,4063.0,1040.0,348.0,-46.28,-87.63
PHOENIXLTD,Mar 2022,True,4.07,60.49,6583.0,182861.11,7444.44,268.0,6583.0,3982.0,1460.0,295.0,40.38,458.33
PHOENIXLTD,Mar 2023,True,17.64,50.82,8380.0,232777.78,41055.56,1478.0,8380.0,4259.0,2616.0,341.0,79.18,451.49
PHOENIXLTD,Mar 2024,True,14.09,49.05,9458.0,262722.22,37027.78,1333.0,9458.0,4639.0,3972.0,396.0,51.83,-9.81
PHOENIXLTD,Mar 2025,True,12.51,44.86,10449.0,145125.0,18152.78,1307.0,10449.0,4687.0,3807.0,403.0,-4.15,-1.95
PHOENIXLTD,Mar 2026,True,14.17,48.44,10989.0,152625.0,21625.0,1557.0,10989.0,5323.0,4423.0,387.0,16.18,19.13
PIDILITIND,Mar 2015,True,22.64,2.56,2270.0,44509.8,10078.43,514.0,2270.0,58.0,4844.0,16.0,,
PIDILITIND,Mar 2016,True,30.59,3.03,2638.0,51725.49,15823.53,807.0,2638.0,80.0,5361.0,13.0,10.67,57.0
PIDILITIND,Mar 2017,True,24.86,2.82,3471.0,68058.82,16921.57,863.0,3471.0,98.0,5617.0,14.0,4.78,6.94
PIDILITIND,Mar 2018,True,27.03,3.5,3574.0,70078.43,18941.18,966.0,3574.0,125.0,6078.0,16.0,8.21,11.94
PIDILITIND,Mar 2019,True,22.37,2.72,4148.0,81333.33,18196.08,928.0,4148.0,113.0,7078.0,26.0,16.45,-3.93
PIDILITIND,Mar 2020,True,25.18,6.46,4456.0,87372.55,22000.0,1122.0,4456.0,288.0,7294.0,34.0,3.05,20.91
PIDILITIND,Mar 2021,True,20.13,5.92,5593.0,109666.67,22078.43,1126.0,5593.0,331.0,7293.0,37.0,-0.01,0.36
PIDILITIND,Mar 2022,True,18.85,6.5,6404.0,125568.63,23666.67,1207.0,6404.0,416.0,9921.0,42.0,36.03,7.19
PIDILITIND,Mar 2023,True,17.87,5.42,7212.0,141411.76,25274.51,1289.0,7212.0,391.0,11799.0,48.0,18.93,6.79
PIDILITIND,Mar 2024,True,20.78,4.54,8407.0,164843.14,34254.9,1747.0,8407.0,382.0,12383.0,51.0,4.95,35.53
PIDILITIND,Mar 2025,True,21.49,4.65,9755.0,191274.51,41098.04,2096.0,9755.0,454.0,13140.0,50.0,6.11,19.98
PIDILITIND,Mar 2026,True,22.81,3.85,10832.0,106196.08,24225.49,2471.0,10832.0,417.0,14601.0,54.0,11.12,17.89
POLYCAB,Mar 2015,True,10.06,33.5,1630.0,11560.28,1163.12,164.0,1630.0,546.0,4707.0,108.0,,
POLYCAB,Mar 2016,True,10.38,44.64,1783.0,12645.39,1312.06,185.0,1783.0,796.0,5202.0,147.0,10.52,12.8
POLYCAB,Mar 2017,True,11.69,42.93,1994.0,14141.84,1652.48,233.0,1994.0,856.0,5500.0,66.0,5.73,25.95
POLYCAB,Mar 2018,True,15.3,34.09,2347.0,16645.39,2546.1,359.0,2347.0,800.0,6770.0,94.0,23.09,54.08
POLYCAB,Mar 2019,True,17.56,9.55,2847.0,20191.49,3546.1,500.0,2847.0,272.0,7986.0,117.0,17.96,39.28
POLYCAB,Mar 2020,True,19.96,4.09,3837.0,25751.68,5140.94,766.0,3837.0,157.0,8830.0,50.0,10.57,53.2
POLYCAB,Mar 2021,True,18.64,5.93,4754.0,31906.04,5946.31,886.0,4754.0,282.0,8792.0,43.0,-0.43,15.67
POLYCAB,Mar 2022,True,16.54,2.13,5543.0,37201.34,6154.36,917.0,5543.0,118.0,12204.0,35.0,38.81,3.5
POLYCAB,Mar 2023,True,19.33,1.64,6637.0,44246.67,8553.33,1283.0,6637.0,109.0,14108.0,60.0,15.6,39.91
POLYCAB,Mar 2024,True,22.02,1.97,8187.0,54580.0,12020.0,1803.0,8187.0,161.0,18039.0,108.0,27.86,40.53
POLYCAB,Mar 2025,True,20.82,2.06,9825.0,65500.0,13640.0,2046.0,9825.0,202.0,22408.0,169.0,24.22,13.48
POLYCAB,Mar 2026,True,22.55,1.97,12009.0,79529.8,17933.77,2708.0,12009.0,236.0,28884.0,243.0,28.9,32.36
PFC,Mar 2015,True,18.52,0.0,32411.0,24553.79,4548.48,6004.0,32411.0,0.0,,15456.0,,
PFC,Mar 2016,True,17.16,0.0,36028.0,27293.94,4684.85,6184.0,36028.0,0.0,,16657.0,,3.0
PFC,Mar 2017,True,6.07,0.0,36845.0,13956.44,846.97,2236.0,36845.0,0.0,,16768.0,,-63.84
PFC,Mar 2018,True,22.08,0.0,39834.0,15088.64,3332.2,8797.0,39834.0,0.0,,30289.0,,293.43
PFC,Mar 2019,True,26.82,0.0,47121.0,17848.86,4787.88,12640.0,47121.0,0.0,,34627.0,,43.69
PFC,Mar 2020,True,19.18,0.0,49400.0,18712.12,3589.77,9477.0,49400.0,0.0,,40845.0,,-25.02
PFC,Mar 2021,True,25.86,0.0,60767.0,23017.8,5953.03,15716.0,60767.0,0.0,,44684.0,,65.83
PFC,Mar 2022,True,26.18,0.0,71676.0,27150.0,7109.09,18768.0,71676.0,0.0,,44709.0,,19.42
PFC,Mar 2023,True,25.17,0.0,84158.0,31878.03,8022.35,21179.0,84158.0,0.0,,47017.0,,12.85
PFC,Mar 2024,True,26.16,0.0,101147.0,30650.61,8018.48,26461.0,101147.0,0.0,,57968.0,,24.94
PFC,Mar 2025,True,25.92,0.0,117738.0,35678.18,9246.67,30514.0,117738.0,0.0,,64670.0,,15.32
PFC,Mar 2026,True,25.31,0.0,132861.0,40260.91,10189.39,33625.0,132861.0,0.0,,69415.0,,10.2
POWERGRID,Mar 2015,True,13.13,250.38,38439.0,7346.9,964.45,5046.0,38439.0,96243.0,17540.0,4081.0,,
POWERGRID,Mar 2016,True,13.55,246.86,43970.0,8404.05,1138.95,5959.0,43970.0,108545.0,20652.0,5086.0,17.74,18.09
POWERGRID,Mar 2017,True,14.94,238.62,49866.0,9530.96,1424.12,7451.0,49866.0,118988.0,25697.0,6204.0,24.43,25.04
POWERGRID,Mar 2018,True,15.07,241.62,54426.0,10402.52,1568.04,8204.0,54426.0,131503.0,29954.0,7324.0,16.57,10.11
POWERGRID,Mar 2019,True,16.98,247.72,59089.0,11293.77,1917.81,10034.0,59089.0,146376.0,35059.0,8737.0,17.04,22.31
POWERGRID,Mar 2020,True,17.09,229.18,64696.0,12365.44,2113.72,11059.0,64696.0,148270.0,37744.0,9509.0,7.66,10.22
POWERGRID,Mar 2021,True,17.21,204.8,69936.0,13366.97,2300.46,12036.0,69936.0,143232.0,39640.0,8135.0,5.02,8.83
POWERGRID,Mar 2022,True,22.07,176.66,76247.0,10931.47,2412.04,16824.0,76247.0,134696.0,41622.0,8036.0,5.0,39.78
POWERGRID,Mar 2023,True,18.57,154.87,83026.0,11903.37,2210.75,15420.0,83026.0,128584.0,45603.0,9634.0,9.56,-8.35
POWERGRID,Mar 2024,True,17.87,141.73,87146.0,9369.53,1674.34,15573.0,87146.0,123516.0,45843.0,8773.0,0.53,0.99
POWERGRID,Mar 2025,True,16.75,141.4,92663.0,9962.69,1668.75,15521.0,92663.0,131030.0,45792.0,8700.0,-0.11,-0.33
POWERGRID,Mar 2026,True,15.85,147.34,100494.0,10804.64,1712.5,15928.0,100494.0,148071.0,46733.0,8448.0,2.05,2.62
PREMIERENE,Mar 2020,True,19.48,110.82,231.0,9240.0,1800.0,45.0,231.0,256.0,947.0,35.0,,
PREMIERENE,Mar 2021,True,11.71,156.31,222.0,8880.0,1040.0,26.0,222.0,347.0,701.0,22.0,-25.98,-42.22
PREMIERENE,Mar 2022,True,-3.55,115.48,394.0,15153.85,-538.46,-14.0,394.0,455.0,743.0,43.0,5.99,-153.85
PREMIERENE,Mar 2023,True,-3.16,186.13,411.0,15807.69,-500.0,-13.0,411.0,765.0,1429.0,69.0,92.33,
PREMIERENE,Mar 2024,True,35.76,216.87,646.0,24846.15,8884.62,231.0,646.0,1401.0,3144.0,121.0,120.01,
PREMIERENE,Mar 2025,True,33.2,69.24,2822.0,62711.11,20822.22,937.0,2822.0,1954.0,6519.0,177.0,107.35,305.63
PREMIERENE,Mar 2026,True,35.06,86.07,4307.0,95711.11,33555.56,1510.0,4307.0,3707.0,7824.0,158.0,20.02,61.15
PRESTIGE,Mar 2015,True,9.6,106.54,3821.0,10189.33,978.67,367.0,3821.0,4071.0,3420.0,321.0,,
PRESTIGE,Mar 2016,True,15.55,127.95,4200.0,11200.0,1741.33,653.0,4200.0,5374.0,5531.0,346.0,61.73,77.93
PRESTIGE,Mar 2017,True,8.45,129.99,4415.0,11773.33,994.67,373.0,4415.0,5739.0,4774.0,316.0,-13.69,-42.88
PRESTIGE,Mar 2018,True,8.98,156.69,4733.0,12621.33,1133.33,425.0,4733.0,7416.0,5499.0,566.0,15.19,13.94
PRESTIGE,Mar 2019,True,10.46,200.78,4227.0,11272.0,1178.67,442.0,4227.0,8487.0,5172.0,723.0,-5.95,4.0
PRESTIGE,Mar 2020,True,10.24,172.99,5360.0,13366.58,1369.08,549.0,5360.0,9272.0,8125.0,1023.0,57.1,24.21
PRESTIGE,Mar 2021,True,35.97,61.22,8001.0,19952.62,7177.06,2878.0,8001.0,4898.0,7242.0,979.0,-10.87,424.23
PRESTIGE,Mar 2022,True,13.36,81.5,9095.0,22680.8,3029.93,1215.0,9095.0,7412.0,6390.0,555.0,-11.76,-57.78
PRESTIGE,Mar 2023,True,10.7,94.44,9975.0,24875.31,2660.85,1067.0,9975.0,9420.0,8315.0,807.0,30.13,-12.18
PRESTIGE,Mar 2024,True,14.43,119.21,11289.0,28152.12,4062.34,1629.0,11289.0,13458.0,7877.0,1219.0,-5.27,52.67
PRESTIGE,Mar 2025,True,4.0,85.46,15423.0,35784.22,1431.55,617.0,15423.0,13180.0,7349.0,1334.0,-6.7,-62.12
PRESTIGE,Mar 2026,True,8.02,108.52,16273.0,37756.38,3027.84,1305.0,16273.0,17659.0,12685.0,1582.0,72.61,111.51
PNB,Mar 2015,True,8.38,0.0,42040.0,113315.36,9501.35,3525.0,42040.0,0.0,,31343.0,,
PNB,Mar 2016,True,-8.4,0.0,41805.0,106374.05,-8931.3,-3510.0,41805.0,0.0,,34331.0,,-199.57
PNB,Mar 2017,True,2.85,0.0,43416.0,101915.49,2908.45,1239.0,43416.0,0.0,,32722.0,,
PNB,Mar 2018,True,-29.17,0.0,41517.0,75211.96,-21940.22,-12111.0,41517.0,0.0,,33530.0,,-1077.48
PNB,Mar 2019,True,-20.72,0.0,46085.0,50038.0,-10369.16,-9550.0,46085.0,0.0,,34656.0,,
PNB,Mar 2020,True,0.76,0.0,63877.0,47386.5,359.79,485.0,63877.0,0.0,,36997.0,,
PNB,Mar 2021,True,2.91,0.0,92535.0,44148.38,1285.78,2695.0,92535.0,0.0,,50805.0,,455.67
PNB,Mar 2022,True,4.0,0.0,97582.0,44315.17,1774.75,3908.0,97582.0,0.0,,46823.0,,45.01
PNB,Mar 2023,True,3.26,0.0,102880.0,46721.16,1525.43,3359.0,102880.0,0.0,,51817.0,,-14.05
PNB,Mar 2024,True,8.3,0.0,110387.0,50130.34,4158.49,9157.0,110387.0,0.0,,68534.0,,172.61
PNB,Mar 2025,True,13.94,0.0,133138.0,57911.27,8070.03,18553.0,133138.0,0.0,,80704.0,,102.61
PNB,Mar 2026,True,12.31,0.0,149973.0,65234.01,8032.62,18467.0,149973.0,0.0,,88069.0,,-0.46
RECLTD,Mar 2015,True,21.31,0.0,25072.0,25402.23,5414.39,5344.0,25072.0,0.0,,11840.0,,
RECLTD,Mar 2016,True,19.7,0.0,28893.0,29273.56,5765.96,5691.0,28893.0,0.0,,14282.0,,6.49
RECLTD,Mar 2017,True,18.75,0.0,33671.0,17048.61,3196.46,6313.0,33671.0,0.0,,13462.0,,10.93
RECLTD,Mar 2018,True,13.66,0.0,32588.0,16500.25,2253.67,4451.0,32588.0,0.0,,13333.0,,-29.49
RECLTD,Mar 2019,True,16.62,0.0,34546.0,17491.65,2906.84,5741.0,34546.0,0.0,,15639.0,,28.98
RECLTD,Mar 2020,True,14.05,0.0,35397.0,17922.53,2517.47,4972.0,35397.0,0.0,,18991.0,,-13.39
RECLTD,Mar 2021,True,19.14,0.0,43764.0,22158.99,4242.03,8378.0,43764.0,0.0,,21489.0,,68.5
RECLTD,Mar 2022,True,19.56,0.0,51314.0,25981.77,5081.52,10036.0,51314.0,0.0,,22051.0,,19.79
RECLTD,Mar 2023,True,19.21,0.0,58120.0,22073.68,4241.17,11167.0,58120.0,0.0,,23733.0,,11.27
RECLTD,Mar 2024,True,20.4,0.0,69350.0,26338.78,5372.2,14145.0,69350.0,0.0,,29948.0,,26.67
RECLTD,Mar 2025,True,20.27,0.0,78376.0,29766.81,6032.66,15884.0,78376.0,0.0,,34131.0,,12.29
RECLTD,Mar 2026,True,19.17,0.0,85054.0,32303.08,6193.7,16308.0,85054.0,0.0,,36238.0,,2.67
RVNL,Mar 2015,True,11.01,82.16,3060.0,1467.63,161.63,337.0,3060.0,2514.0,3147.0,15.0,,
RVNL,Mar 2016,True,12.54,76.68,3422.0,1641.25,205.76,429.0,3422.0,2624.0,4540.0,23.0,44.26,27.3
RVNL,Mar 2017,True,12.45,68.51,3557.0,1706.0,212.47,443.0,3557.0,2437.0,5915.0,35.0,30.29,3.26
RVNL,Mar 2018,True,14.53,57.57,3924.0,1882.01,273.38,570.0,3924.0,2259.0,7597.0,45.0,28.44,28.67
RVNL,Mar 2019,True,15.65,68.79,4396.0,2108.39,329.98,688.0,4396.0,3024.0,10069.0,52.0,32.54,20.7
RVNL,Mar 2020,True,14.79,83.16,5119.0,2455.16,363.07,757.0,5119.0,4257.0,14531.0,41.0,44.31,10.03
RVNL,Mar 2021,True,17.6,105.23,5636.0,2703.12,475.78,992.0,5636.0,5931.0,15404.0,458.0,6.01,31.04
RVNL,Mar 2022,True,17.55,105.03,6325.0,3033.57,532.37,1110.0,6325.0,6643.0,19382.0,564.0,25.82,11.9
RVNL,Mar 2023,True,18.52,88.89,7246.0,3475.3,643.65,1342.0,7246.0,6441.0,20282.0,581.0,4.64,20.9
RVNL,Mar 2024,True,17.78,69.17,8722.0,4183.21,743.88,1551.0,8722.0,6033.0,21879.0,568.0,7.87,15.57
RVNL,Mar 2025,True,13.39,56.62,9571.0,4590.41,614.87,1282.0,9571.0,5419.0,19923.0,540.0,-8.94,-17.34
RVNL,Mar 2026,True,8.87,49.05,9822.0,4710.79,417.75,871.0,9822.0,4818.0,20412.0,419.0,2.45,-32.06
RELIANCE,Mar 2015,True,10.82,77.0,218499.0,74243.63,8032.62,23640.0,218499.0,168251.0,374372.0,3316.0,,
RELIANCE,Mar 2016,True,12.9,84.09,231556.0,78546.81,10129.24,29861.0,231556.0,194714.0,272583.0,3691.0,-27.19,26.32
RELIANCE,Mar 2017,True,11.31,82.47,263709.0,89120.99,10082.12,29833.0,263709.0,217475.0,303954.0,3849.0,11.51,-0.09
RELIANCE,Mar 2018,True,12.29,81.72,293506.0,49561.97,6092.54,36080.0,293506.0,239843.0,390823.0,8052.0,28.58,20.94
RELIANCE,Mar 2019,True,10.29,79.49,387112.0,65324.33,6722.41,39837.0,387112.0,307714.0,568337.0,16495.0,45.42,10.41
RELIANCE,Mar 2020,True,8.88,79.06,449166.0,70857.55,6291.21,39880.0,449166.0,355133.0,596679.0,22027.0,4.99,0.11
RELIANCE,Mar 2021,True,7.68,39.84,700172.0,108638.01,8338.09,53739.0,700172.0,278962.0,466307.0,21189.0,-21.85,34.75
RELIANCE,Mar 2022,True,8.7,40.94,779485.0,115223.21,10028.82,67845.0,779485.0,319158.0,694673.0,14584.0,48.97,26.25
RELIANCE,Mar 2023,True,10.35,63.09,715872.0,105804.32,10950.04,74088.0,715872.0,451664.0,876396.0,19571.0,26.16,9.2
RELIANCE,Mar 2024,True,9.96,44.2,793481.0,117274.76,11678.98,79020.0,793481.0,350719.0,899041.0,23118.0,2.58,6.66
RELIANCE,Mar 2025,True,9.64,44.39,843200.0,62311.56,6008.65,81309.0,843200.0,374313.0,962820.0,24269.0,7.09,2.9
RELIANCE,Mar 2026,True,10.59,44.57,904030.0,66806.83,7076.12,95754.0,904030.0,402962.0,1055780.0,27061.0,9.65,17.77
SJVN,Mar 2015,True,16.44,25.95,10203.0,2466.28,405.37,1677.0,10203.0,2648.0,2816.0,65.0,,
SJVN,Mar 2016,True,12.48,23.41,11303.0,2732.17,341.07,1411.0,11303.0,2646.0,2494.0,218.0,-11.43,-15.86
SJVN,Mar 2017,True,13.45,21.03,11490.0,2777.37,373.46,1545.0,11490.0,2416.0,2679.0,55.0,7.42,9.5
SJVN,Mar 2018,True,11.45,20.85,10700.0,2722.65,311.7,1225.0,10700.0,2231.0,2228.0,101.0,-16.83,-20.71
SJVN,Mar 2019,True,12.16,19.16,11246.0,2861.58,347.84,1367.0,11246.0,2155.0,2645.0,251.0,18.72,11.59
SJVN,Mar 2020,True,13.0,18.57,12051.0,3066.41,398.73,1567.0,12051.0,2238.0,2703.0,344.0,2.19,14.63
SJVN,Mar 2021,True,12.87,17.0,12791.0,3254.71,418.83,1646.0,12791.0,2174.0,2485.0,42.0,-8.07,5.04
SJVN,Mar 2022,True,7.52,52.43,13171.0,3351.4,251.91,990.0,13171.0,6906.0,2417.0,226.0,-2.74,-39.85
SJVN,Mar 2023,True,9.81,101.44,13860.0,3526.72,345.8,1359.0,13860.0,14059.0,2938.0,449.0,21.56,37.27
SJVN,Mar 2024,True,6.47,144.43,14071.0,3580.41,231.81,911.0,14071.0,20323.0,2579.0,482.0,-12.22,-32.97
SJVN,Mar 2025,True,5.77,190.6,14179.0,3607.89,208.14,818.0,14179.0,27025.0,3072.0,743.0,19.12,-10.21
SJVN,Mar 2026,True,4.51,226.69,14239.0,3623.16,163.36,642.0,14239.0,32278.0,4528.0,1298.0,47.4,-21.52
SRF,Mar 2015,True,13.2,106.05,2296.0,39586.21,5224.14,303.0,2296.0,2435.0,4540.0,138.0,,
SRF,Mar 2016,True,15.56,91.02,2763.0,47637.93,7413.79,430.0,2763.0,2515.0,4593.0,130.0,1.17,41.91
SRF,Mar 2017,True,16.18,75.3,3182.0,54862.07,8879.31,515.0,3182.0,2396.0,4822.0,102.0,4.99,19.77
SRF,Mar 2018,True,12.96,88.16,3564.0,61448.28,7965.52,462.0,3564.0,3142.0,5589.0,124.0,15.91,-10.29
SRF,Mar 2019,True,15.55,90.34,4129.0,71189.66,11068.97,642.0,4129.0,3730.0,7100.0,198.0,27.04,38.96
SRF,Mar 2020,True,20.66,83.82,4933.0,85051.72,17568.97,1019.0,4933.0,4135.0,7209.0,201.0,1.54,58.72
SRF,Mar 2021,True,17.47,50.6,6856.0,114266.67,19966.67,1198.0,6856.0,3469.0,8400.0,134.0,16.52,17.57
SRF,Mar 2022,True,22.05,42.67,8565.0,28838.38,6360.27,1889.0,8565.0,3655.0,12434.0,116.0,48.02,57.68
SRF,Mar 2023,True,20.94,43.36,10327.0,34771.04,7279.46,2162.0,10327.0,4478.0,14870.0,205.0,19.59,14.45
SRF,Mar 2024,True,11.64,43.83,11479.0,38649.83,4498.32,1336.0,11479.0,5031.0,13139.0,302.0,-11.64,-38.21
SRF,Mar 2025,True,9.91,37.43,12626.0,42511.78,4212.12,1251.0,12626.0,4726.0,14693.0,376.0,11.83,-6.36
SRF,Mar 2026,True,13.07,36.2,14042.0,47279.46,6178.45,1835.0,14042.0,5083.0,15787.0,278.0,7.45,46.68
MOTHERSON,Mar 2015,True,38.87,154.36,3324.0,37772.73,14681.82,1292.0,3324.0,5131.0,34661.0,318.0,,
MOTHERSON,Mar 2016,True,40.35,138.03,4397.0,33310.61,13439.39,1774.0,4397.0,6069.0,37216.0,345.0,7.37,37.31
MOTHERSON,Mar 2017,True,26.26,125.11,8272.0,59085.71,15514.29,2172.0,8272.0,10349.0,42376.0,375.0,13.87,22.44
MOTHERSON,Mar 2018,True,22.87,104.96,9884.0,47066.67,10761.9,2260.0,9884.0,10374.0,56303.0,411.0,32.87,4.05
MOTHERSON,Mar 2019,True,19.14,105.21,10963.0,34693.04,6639.24,2098.0,10963.0,11534.0,63523.0,423.0,12.82,-7.17
MOTHERSON,Mar 2020,True,11.49,116.65,11261.0,35636.08,4094.94,1294.0,11261.0,13136.0,60729.0,593.0,-4.4,-38.32
MOTHERSON,Mar 2021,True,12.49,94.98,12561.0,39750.0,4965.19,1569.0,12561.0,11930.0,57370.0,512.0,-5.53,21.25
MOTHERSON,Mar 2022,True,5.74,68.63,20588.0,45548.67,2615.04,1182.0,20588.0,14130.0,63536.0,543.0,10.75,-24.67
MOTHERSON,Mar 2023,True,7.44,61.43,22452.0,33115.04,2463.13,1670.0,22452.0,13792.0,78788.0,781.0,24.01,41.29
MOTHERSON,Mar 2024,True,11.55,76.17,26155.0,38576.7,4454.28,3020.0,26155.0,19922.0,98692.0,1811.0,25.26,80.84
MOTHERSON,Mar 2025,True,11.89,49.37,34881.0,49546.87,5889.2,4146.0,34881.0,17222.0,113663.0,1882.0,15.17,37.28
MOTHERSON,Mar 2026,True,9.97,46.78,40979.0,38842.65,3872.99,4086.0,40979.0,19170.0,126104.0,1624.0,10.95,-1.45
SHREECEM,Jun 2015,True,8.07,17.38,5276.0,150742.86,12171.43,426.0,5276.0,917.0,6259.0,121.0,,
SHREECEM,Mar 2016,True,,12.87,6846.0,195600.0,,,6846.0,881.0,,,,
SHREECEM,"Mar 2016
            
            
              9m",False,,,,,,1143.0,,0.0,5514.0,76.0,,
SHREECEM,Mar 2017,True,17.39,16.8,7698.0,219942.86,38257.14,1339.0,7698.0,1293.0,8594.0,129.0,,
SHREECEM,Mar 2018,True,15.56,38.25,8897.0,254200.0,39542.86,1384.0,8897.0,3403.0,9833.0,135.0,14.42,3.36
SHREECEM,Mar 2019,True,10.5,28.98,9671.0,276314.29,29000.0,1015.0,9671.0,2803.0,12555.0,248.0,27.68,-26.66
SHREECEM,Mar 2020,True,11.72,23.89,13169.0,365805.56,42888.89,1544.0,13169.0,3146.0,12868.0,291.0,2.49,52.12
SHREECEM,Mar 2021,True,14.87,14.48,15397.0,427694.44,63611.11,2290.0,15397.0,2230.0,13560.0,251.0,5.38,48.32
SHREECEM,Mar 2022,True,13.38,12.19,17460.0,485000.0,64916.67,2337.0,17460.0,2129.0,15010.0,216.0,10.69,2.05
SHREECEM,Mar 2023,True,6.81,14.62,18636.0,517666.67,35250.0,1269.0,18636.0,2725.0,17852.0,263.0,18.93,-45.7
SHREECEM,Mar 2024,True,11.57,8.0,20703.0,575083.33,66555.56,2396.0,20703.0,1656.0,20404.0,258.0,14.3,88.81
SHREECEM,Mar 2025,True,5.22,4.86,21538.0,598277.78,31222.22,1124.0,21538.0,1046.0,19283.0,205.0,-5.49,-53.09
SHREECEM,Mar 2026,True,7.52,8.03,23267.0,646305.56,48583.33,1749.0,23267.0,1868.0,20943.0,212.0,8.61,55.6
SHRIRAMFIN,Mar 2015,True,11.09,0.0,9266.0,40819.38,4528.63,1028.0,9266.0,0.0,,4706.0,,
SHRIRAMFIN,Mar 2016,True,11.64,0.0,10176.0,44828.19,5215.86,1184.0,10176.0,0.0,,5088.0,,15.18
SHRIRAMFIN,Mar 2017,True,11.17,0.0,11332.0,49920.7,5577.09,1266.0,11332.0,0.0,,5219.0,,6.93
SHRIRAMFIN,Mar 2018,True,18.62,0.0,13690.0,60308.37,11229.07,2549.0,13690.0,0.0,,6409.0,,101.34
SHRIRAMFIN,Mar 2019,True,16.14,0.0,15963.0,70321.59,11348.02,2576.0,15963.0,0.0,,7564.0,,1.06
SHRIRAMFIN,Mar 2020,True,13.85,0.0,18142.0,79920.7,11066.08,2512.0,18142.0,0.0,,8313.0,,-2.48
SHRIRAMFIN,Mar 2021,True,11.51,0.0,21717.0,85837.94,9877.47,2499.0,21717.0,0.0,,9089.0,,-0.52
SHRIRAMFIN,Mar 2022,True,10.43,0.0,26095.0,96291.51,10040.59,2721.0,26095.0,0.0,,9773.0,,8.88
SHRIRAMFIN,Mar 2023,True,13.84,0.0,43512.0,116342.25,16096.26,6020.0,43512.0,0.0,,12987.0,,121.24
SHRIRAMFIN,Mar 2024,True,15.12,0.0,48947.0,130178.19,19678.19,7399.0,48947.0,0.0,,14868.0,,22.91
SHRIRAMFIN,Mar 2025,True,16.96,0.0,56470.0,150186.17,25468.09,9576.0,56470.0,0.0,,18529.0,,29.42
SHRIRAMFIN,Mar 2026,True,15.21,0.0,65918.0,175313.83,26659.57,10024.0,65918.0,0.0,,21521.0,,4.68
SIEMENS,Mar 2026,True,19.9,2.24,13840.0,194929.58,38788.73,2754.0,13840.0,310.0,24846.0,34.0,,
SIEMENS,Sep 2015,True,22.94,0.49,5117.0,72070.42,16535.21,1174.0,5117.0,25.0,10563.0,30.0,-57.49,-57.37
SIEMENS,Sep 2016,True,42.83,0.37,6803.0,95816.9,41042.25,2914.0,6803.0,25.0,10837.0,11.0,2.59,148.21
SIEMENS,Sep 2017,True,14.79,0.0,7690.0,108309.86,16014.08,1137.0,7690.0,0.0,11065.0,8.0,2.1,-60.98
SIEMENS,Sep 2018,True,10.86,0.0,8299.0,116887.32,12690.14,901.0,8299.0,0.0,12795.0,8.0,15.63,-20.76
SIEMENS,Sep 2019,True,12.14,0.0,9049.0,127450.7,15478.87,1099.0,9049.0,0.0,13084.0,12.0,2.26,21.98
SIEMENS,Sep 2020,True,8.1,0.0,9492.0,133690.14,10830.99,769.0,9492.0,0.0,9946.0,30.0,-23.98,-30.03
SIEMENS,Sep 2021,True,10.52,0.04,10347.0,145732.39,15338.03,1089.0,10347.0,4.0,13198.0,24.0,32.7,41.61
SIEMENS,Sep 2022,True,13.29,1.57,11610.0,163521.13,21732.39,1543.0,11610.0,182.0,16138.0,36.0,22.28,41.69
SIEMENS,Sep 2023,True,14.99,1.34,13087.0,184323.94,27633.8,1962.0,13087.0,175.0,19554.0,23.0,21.17,27.15
SIEMENS,Sep 2024,True,17.7,1.82,15357.0,216295.77,38281.69,2718.0,15357.0,279.0,22240.0,60.0,13.74,38.53
SIEMENS,Sep 2025,True,15.92,1.1,13227.0,186295.77,29661.97,2106.0,13227.0,145.0,17364.0,15.0,-21.92,-22.52
SOLARINDS,Mar 2015,True,20.1,47.81,776.0,43111.11,8666.67,156.0,776.0,371.0,1276.0,18.0,,
SOLARINDS,Mar 2016,True,22.11,49.44,805.0,44722.22,9888.89,178.0,805.0,398.0,1449.0,20.0,13.56,14.1
SOLARINDS,Mar 2017,True,21.01,53.99,928.0,51555.56,10833.33,195.0,928.0,501.0,1580.0,27.0,9.04,9.55
SOLARINDS,Mar 2018,True,21.59,47.79,1084.0,60222.22,13000.0,234.0,1084.0,518.0,1916.0,33.0,21.27,20.0
SOLARINDS,Mar 2019,True,22.37,48.71,1238.0,68777.78,15388.89,277.0,1238.0,603.0,2462.0,50.0,28.5,18.38
SOLARINDS,Mar 2020,True,20.22,51.3,1380.0,76666.67,15500.0,279.0,1380.0,708.0,2237.0,55.0,-9.14,0.72
SOLARINDS,Mar 2021,True,18.24,51.17,1579.0,87722.22,16000.0,288.0,1579.0,808.0,2516.0,45.0,12.47,3.23
SOLARINDS,Mar 2022,True,23.77,46.39,1914.0,106333.33,25277.78,455.0,1914.0,888.0,3948.0,50.0,56.92,57.99
SOLARINDS,Mar 2023,True,31.07,45.79,2610.0,145000.0,45055.56,811.0,2610.0,1195.0,6918.0,90.0,75.23,78.24
SOLARINDS,Mar 2024,True,26.47,34.42,3306.0,183666.67,48611.11,875.0,3306.0,1138.0,6070.0,109.0,-12.26,7.89
SOLARINDS,Mar 2025,True,29.37,22.23,4386.0,243666.67,71555.56,1288.0,4386.0,975.0,7540.0,116.0,24.22,47.2
SOLARINDS,Mar 2026,True,27.67,24.28,6277.0,348722.22,96500.0,1737.0,6277.0,1524.0,9838.0,134.0,30.48,34.86
SONACOMS,Mar 2018,True,,,,,,78.0,,614.0,612.0,19.0,,
SONACOMS,Mar 2019,True,99.43,93.68,174.0,6214.29,6178.57,173.0,174.0,163.0,699.0,18.0,14.22,121.79
SONACOMS,Mar 2020,True,30.56,31.07,1178.0,25063.83,7659.57,360.0,1178.0,366.0,1038.0,26.0,48.5,108.09
SONACOMS,Mar 2021,True,15.62,32.49,1376.0,2401.4,375.22,215.0,1376.0,447.0,1566.0,33.0,50.87,-40.28
SONACOMS,Mar 2022,True,18.1,7.55,2000.0,3424.66,619.86,362.0,2000.0,151.0,2131.0,18.0,36.08,68.37
SONACOMS,Mar 2023,True,17.25,12.88,2290.0,3914.53,675.21,395.0,2290.0,295.0,2676.0,17.0,25.57,9.12
SONACOMS,Mar 2024,True,19.55,15.55,2650.0,4522.18,883.96,518.0,2650.0,412.0,3185.0,26.0,19.02,31.14
SONACOMS,Mar 2025,True,10.92,3.68,5495.0,8834.41,964.63,600.0,5495.0,202.0,3546.0,30.0,11.33,15.83
SONACOMS,Mar 2026,True,10.51,7.39,5983.0,9618.97,1011.25,629.0,5983.0,442.0,4449.0,23.0,25.47,4.83
SBIN,Mar 2015,True,11.05,0.0,161388.0,216048.19,23871.49,17832.0,161388.0,0.0,,133179.0,,
SBIN,Mar 2016,True,7.21,0.0,180592.0,232721.65,16777.06,13019.0,180592.0,0.0,,143047.0,,-26.99
SBIN,Mar 2017,True,-0.04,0.0,217192.0,272511.92,-121.71,-97.0,217192.0,0.0,,149115.0,,-100.75
SBIN,Mar 2018,True,-1.63,0.0,230321.0,258207.4,-4202.91,-3749.0,230321.0,0.0,,146603.0,,
SBIN,Mar 2019,True,1.43,0.0,234495.0,262886.77,3756.73,3351.0,234495.0,0.0,,155867.0,,
SBIN,Mar 2020,True,8.42,0.0,251060.0,281457.4,23699.55,21140.0,251060.0,0.0,,161124.0,,530.86
SBIN,Mar 2021,True,8.67,0.0,275561.0,308924.89,26780.27,23888.0,275561.0,0.0,,156010.0,,13.0
SBIN,Mar 2022,True,12.17,0.0,305588.0,342587.44,41684.98,37183.0,305588.0,0.0,,156194.0,,55.66
SBIN,Mar 2023,True,16.09,0.0,358931.0,402389.01,64742.15,57750.0,358931.0,0.0,,189981.0,,55.31
SBIN,Mar 2024,True,16.76,0.0,414939.0,465178.25,77963.0,69543.0,414939.0,0.0,,259736.0,,20.42
SBIN,Mar 2025,True,16.53,0.0,487036.0,546004.48,90272.42,80523.0,487036.0,0.0,,300943.0,,15.79
SBIN,Mar 2026,True,14.54,0.0,596131.0,645862.41,93895.99,86666.0,596131.0,0.0,,315005.0,,7.63
SAIL,Mar 2015,True,4.43,73.44,43772.0,10595.98,469.38,1939.0,43772.0,32146.0,46032.0,1555.0,,
SAIL,Mar 2016,True,-10.4,87.52,40152.0,9719.68,-1010.89,-4176.0,40152.0,35141.0,38793.0,2300.0,-15.73,-315.37
SAIL,Mar 2017,True,-7.44,111.75,37043.0,8967.08,-667.15,-2756.0,37043.0,41396.0,44210.0,2528.0,13.96,
SAIL,Mar 2018,True,-0.76,122.9,36947.0,8943.84,-68.02,-281.0,36947.0,45409.0,57496.0,2823.0,30.05,
SAIL,Mar 2019,True,5.92,113.93,39647.0,9597.43,568.63,2349.0,39647.0,45170.0,66973.0,3155.0,16.48,
SAIL,Mar 2020,True,5.11,130.39,41511.0,10048.66,513.44,2121.0,41511.0,54127.0,61664.0,3487.0,-7.93,-9.71
SAIL,Mar 2021,True,9.14,82.98,45407.0,10991.77,1004.12,4148.0,45407.0,37677.0,69114.0,2817.0,12.08,95.57
SAIL,Mar 2022,True,22.58,31.88,54212.0,13123.21,2963.69,12243.0,54212.0,17284.0,103477.0,1698.0,49.72,195.15
SAIL,Mar 2023,True,3.98,56.21,54747.0,13252.72,526.99,2177.0,54747.0,30773.0,104448.0,2037.0,0.94,-82.22
SAIL,Mar 2024,True,5.37,63.61,57102.0,13822.8,742.44,3067.0,57102.0,36323.0,105378.0,2474.0,0.89,40.88
SAIL,Mar 2025,True,4.03,62.7,58906.0,14259.5,574.2,2372.0,58906.0,36934.0,102479.0,2793.0,-2.75,-22.66
SAIL,Mar 2026,True,5.59,52.9,60356.0,14610.51,816.51,3373.0,60356.0,31928.0,110811.0,2158.0,8.13,42.2
SUNPHARMA,Mar 2015,True,21.36,35.09,25638.0,123855.07,26454.11,5476.0,25638.0,8996.0,27392.0,579.0,,
SUNPHARMA,Mar 2016,True,17.15,25.76,32983.0,136858.92,23477.18,5658.0,32983.0,8497.0,28487.0,523.0,4.0,3.32
SUNPHARMA,Mar 2017,True,21.41,26.83,36640.0,152666.67,32691.67,7846.0,36640.0,9832.0,31578.0,400.0,10.85,38.67
SUNPHARMA,Mar 2018,True,6.63,27.1,38314.0,159641.67,10591.67,2542.0,38314.0,10385.0,26489.0,518.0,-16.12,-67.6
SUNPHARMA,Mar 2019,True,7.75,25.39,41409.0,172537.5,13366.67,3208.0,41409.0,10514.0,29066.0,555.0,9.73,26.2
SUNPHARMA,Mar 2020,True,9.22,18.37,45265.0,188604.17,17383.33,4172.0,45265.0,8315.0,32838.0,303.0,12.98,30.05
SUNPHARMA,Mar 2021,True,4.89,8.33,46463.0,193595.83,9466.67,2272.0,46463.0,3869.0,33498.0,141.0,2.01,-45.54
SUNPHARMA,Mar 2022,True,7.06,2.69,48011.0,200045.83,14120.83,3389.0,48011.0,1290.0,38654.0,127.0,15.39,49.16
SUNPHARMA,Mar 2023,True,15.2,12.3,55995.0,233312.5,35470.83,8513.0,55995.0,6886.0,43886.0,172.0,13.54,151.2
SUNPHARMA,Mar 2024,True,15.09,5.14,63667.0,265279.17,40041.67,9610.0,63667.0,3274.0,48497.0,238.0,10.51,12.89
SUNPHARMA,Mar 2025,True,15.18,3.27,72218.0,300908.33,45687.5,10965.0,72218.0,2362.0,52578.0,231.0,8.41,14.1
SUNPHARMA,Mar 2026,True,13.77,5.54,83570.0,348208.33,47954.17,11509.0,83570.0,4627.0,58462.0,339.0,11.19,4.96
SUPREMEIND,Jun 2015,True,26.59,32.45,1211.0,48440.0,12880.0,322.0,1211.0,393.0,4254.0,60.0,,
SUPREMEIND,Mar 2016,True,,31.33,1315.0,52600.0,,,1315.0,412.0,,,,
SUPREMEIND,"Mar 2016
            
            
              9m",False,,,,,,221.0,,0.0,2960.0,32.0,,
SUPREMEIND,Mar 2017,True,25.37,16.46,1695.0,67800.0,17200.0,430.0,1695.0,279.0,4462.0,34.0,,
SUPREMEIND,Mar 2018,True,22.81,13.09,1894.0,75760.0,17280.0,432.0,1894.0,248.0,4969.0,21.0,11.36,0.47
SUPREMEIND,Mar 2019,True,20.84,7.52,2154.0,86160.0,17960.0,449.0,2154.0,162.0,5612.0,26.0,12.94,3.94
SUPREMEIND,Mar 2020,True,20.65,19.5,2261.0,90440.0,18680.0,467.0,2261.0,441.0,5512.0,20.0,-1.78,4.01
SUPREMEIND,Mar 2021,True,30.86,1.2,3169.0,126760.0,39120.0,978.0,3169.0,38.0,6355.0,22.0,15.29,109.42
SUPREMEIND,Mar 2022,True,25.18,1.2,3844.0,153760.0,38720.0,968.0,3844.0,46.0,7773.0,5.0,22.31,-1.02
SUPREMEIND,Mar 2023,True,19.65,1.16,4402.0,176080.0,34600.0,865.0,4402.0,51.0,9202.0,8.0,18.38,-10.64
SUPREMEIND,Mar 2024,True,20.95,1.08,5108.0,204320.0,42800.0,1070.0,5108.0,55.0,10134.0,16.0,10.13,23.7
SUPREMEIND,Mar 2025,True,16.98,1.34,5660.0,226400.0,38440.0,961.0,5660.0,76.0,10446.0,12.0,3.08,-10.19
SUPREMEIND,Mar 2026,True,15.46,1.48,6169.0,246760.0,38160.0,954.0,6169.0,91.0,11218.0,29.0,7.39,-0.73
SUZLON,Mar 2015,True,,,,,,-9133.0,,17811.0,19954.0,2065.0,,
SUZLON,Mar 2016,True,,,,,,583.0,,11414.0,9483.0,1304.0,-52.48,
SUZLON,Mar 2017,True,,,,,,852.0,,11114.0,12714.0,1288.0,34.07,46.14
SUZLON,Mar 2018,True,,,,,,-384.0,,11996.0,8116.0,1581.0,-36.16,-145.07
SUZLON,Mar 2019,True,,,,,,-1537.0,,11552.0,5025.0,1270.0,-38.09,
SUZLON,Mar 2020,True,,,,,,-2692.0,,13210.0,2973.0,1367.0,-40.84,
SUZLON,Mar 2021,True,,,,,,104.0,,6925.0,3346.0,996.0,12.55,
SUZLON,Mar 2022,True,,,,,,-177.0,,6465.0,6582.0,735.0,96.71,-270.19
SUZLON,Mar 2023,True,262.69,176.34,1099.0,447.84,1176.45,2887.0,1099.0,1938.0,5971.0,421.0,-9.28,
SUZLON,Mar 2024,True,16.83,3.83,3921.0,1440.48,242.47,660.0,3921.0,150.0,6529.0,164.0,9.35,-77.14
SUZLON,Mar 2025,True,33.93,5.29,6106.0,2234.99,758.42,2072.0,6106.0,323.0,10890.0,255.0,66.79,213.94
SUZLON,Mar 2026,True,33.42,5.87,9464.0,3447.72,1152.28,3163.0,9464.0,556.0,16732.0,462.0,53.65,52.65
SWIGGY,Mar 2020,True,-132.13,3.0,2966.88,3371454.55,-4454545.45,-3920.0,2966.88,89.0,3468.0,85.0,,
SWIGGY,Mar 2021,True,-93.14,5.36,1736.01,173601000.0,-161700000.0,-1617.0,1736.01,93.0,2547.0,75.0,-26.56,
SWIGGY,Mar 2022,True,,,,,,-3629.0,,16071.0,5705.0,48.0,123.99,
SWIGGY,Mar 2023,True,,,,,,-4179.0,,16162.0,8265.0,58.0,44.87,
SWIGGY,Mar 2024,True,,,,,,-2350.0,,16437.0,11247.0,71.0,36.08,
SWIGGY,Mar 2025,True,-30.5,16.66,10220.0,44628.82,-13611.35,-3117.0,10220.0,1703.0,15227.0,101.0,35.39,
SWIGGY,Mar 2026,True,-22.68,13.93,18314.0,70168.58,-15915.71,-4154.0,18314.0,2551.0,23053.0,200.0,51.4,
TVSMOTOR,Mar 2015,True,24.75,84.45,1325.0,27604.17,6833.33,328.0,1325.0,1119.0,10256.0,62.0,,
TVSMOTOR,Mar 2016,True,23.58,59.98,1819.0,37895.83,8937.5,429.0,1819.0,1091.0,11377.0,70.0,10.93,30.79
TVSMOTOR,Mar 2017,True,22.96,59.13,2217.0,46187.5,10604.17,509.0,2217.0,1311.0,12463.0,60.0,9.55,18.65
TVSMOTOR,Mar 2018,True,24.83,258.7,2678.0,55791.67,13854.17,665.0,2678.0,6928.0,16340.0,338.0,31.11,30.65
TVSMOTOR,Mar 2019,True,22.86,293.22,3171.0,66062.5,15104.17,725.0,3171.0,9298.0,20160.0,663.0,23.38,9.02
TVSMOTOR,Mar 2020,True,19.71,353.06,3283.0,68395.83,13479.17,647.0,3283.0,11591.0,18849.0,855.0,-6.5,-10.76
TVSMOTOR,Mar 2021,True,15.89,318.24,3827.0,79729.17,12666.67,608.0,3827.0,12179.0,19421.0,881.0,3.03,-6.03
TVSMOTOR,Mar 2022,True,16.61,359.7,4400.0,91666.67,15229.17,731.0,4400.0,15827.0,24355.0,940.0,25.41,20.23
TVSMOTOR,Mar 2023,True,23.78,406.47,5505.0,114687.5,27270.83,1309.0,5505.0,22376.0,31974.0,1368.0,31.28,79.07
TVSMOTOR,Mar 2024,True,26.22,383.34,6784.0,141333.33,37062.5,1779.0,6784.0,26006.0,38779.0,1917.0,21.28,35.91
TVSMOTOR,Mar 2025,True,27.99,336.42,8504.0,177166.67,49583.33,2380.0,8504.0,28609.0,44089.0,2093.0,13.69,33.78
TVSMOTOR,Mar 2026,True,33.31,342.82,9565.0,199270.83,66375.0,3186.0,9565.0,32791.0,56070.0,2230.0,27.17,33.87
TATACOMM,Mar 2015,True,0.93,4073.52,321.0,1126.32,10.53,3.0,321.0,13076.0,19913.0,751.0,,
TATACOMM,Mar 2016,True,,,,,,10.0,,14231.0,18149.0,409.0,-8.86,233.33
TATACOMM,Mar 2017,True,77.58,578.77,1592.0,5585.96,4333.33,1235.0,1592.0,9214.0,17620.0,367.0,-2.91,12250.0
TATACOMM,Mar 2018,True,-65.33,1788.98,499.0,1750.88,-1143.86,-326.0,499.0,8927.0,16772.0,344.0,-4.81,-126.4
TATACOMM,Mar 2019,True,,,,,,-80.0,,9935.0,16525.0,397.0,-1.47,
TATACOMM,Mar 2020,True,,,,,,-85.0,,12413.0,17068.0,471.0,3.29,
TATACOMM,Mar 2021,True,1088.7,9907.83,115.0,403.51,4392.98,1252.0,115.0,11394.0,17100.0,420.0,0.19,
TATACOMM,Mar 2022,True,160.02,982.97,928.0,3256.14,5210.53,1485.0,928.0,9122.0,16725.0,360.0,-2.19,18.61
TATACOMM,Mar 2023,True,118.64,565.02,1518.0,5326.32,6319.3,1801.0,1518.0,8577.0,17838.0,432.0,6.65,21.28
TATACOMM,Mar 2024,True,54.31,630.63,1786.0,6266.67,3403.51,970.0,1786.0,11263.0,20969.0,644.0,17.55,-46.14
TATACOMM,Mar 2025,True,60.81,409.04,3021.0,10600.0,6445.61,1837.0,3021.0,12357.0,23109.0,729.0,10.21,89.38
TATACOMM,Mar 2026,True,28.92,355.35,3447.0,12094.74,3498.25,997.0,3447.0,12249.0,24803.0,762.0,7.33,-45.73
TCS,Mar 2015,True,39.62,0.71,50635.0,258341.84,102346.94,20060.0,50635.0,358.0,94648.0,104.0,,
TCS,Mar 2016,True,34.24,0.34,71072.0,360771.57,123543.15,24338.0,71072.0,245.0,108646.0,33.0,14.79,21.33
TCS,Mar 2017,True,30.57,0.34,86214.0,437634.52,133791.88,26357.0,86214.0,289.0,117966.0,32.0,8.58,8.3
TCS,Mar 2018,True,30.4,0.29,85128.0,445696.34,135497.38,25880.0,85128.0,247.0,123104.0,52.0,4.36,-1.81
TCS,Mar 2019,True,35.29,0.07,89446.0,238522.67,84165.33,31562.0,89446.0,62.0,146463.0,198.0,18.98,21.96
TCS,Mar 2020,True,38.57,9.72,84126.0,224336.0,86525.33,32447.0,84126.0,8174.0,156949.0,924.0,7.16,2.8
TCS,Mar 2021,True,37.67,9.02,86433.0,233602.7,88005.41,32562.0,86433.0,7795.0,164177.0,637.0,4.61,0.35
TCS,Mar 2022,True,43.13,8.77,89139.0,243549.18,105051.91,38449.0,89139.0,7818.0,191754.0,784.0,16.8,18.08
TCS,Mar 2023,True,46.78,8.5,90424.0,247060.11,115581.97,42303.0,90424.0,7688.0,225458.0,779.0,17.58,10.02
TCS,Mar 2024,True,50.94,8.86,90489.0,249969.61,127345.3,46099.0,90489.0,8021.0,240893.0,778.0,6.85,8.97
TCS,Mar 2025,True,51.5,9.91,94756.0,261756.91,134798.34,48797.0,94756.0,9392.0,255324.0,796.0,5.99,5.85
TCS,Mar 2026,True,46.12,10.52,107240.0,296243.09,136613.26,49454.0,107240.0,11283.0,267021.0,1227.0,4.58,1.35
TATACONSUM,Mar 2015,True,4.97,24.1,5493.0,88596.77,4403.23,273.0,5493.0,1324.0,7993.0,82.0,,
TATACONSUM,Mar 2016,True,-0.59,21.67,6247.0,99158.73,-587.3,-37.0,6247.0,1354.0,6637.0,117.0,-16.96,-113.55
TATACONSUM,Mar 2017,True,7.26,12.56,6265.0,99444.44,7222.22,455.0,6265.0,787.0,6780.0,92.0,2.15,
TATACONSUM,Mar 2018,True,7.91,15.19,7031.0,111603.17,8825.4,556.0,7031.0,1068.0,6815.0,43.0,0.52,22.2
TATACONSUM,Mar 2019,True,6.23,15.56,7332.0,116380.95,7253.97,457.0,7332.0,1141.0,7252.0,52.0,6.41,-17.81
TATACONSUM,Mar 2020,True,3.33,11.48,13815.0,150163.04,5000.0,460.0,13815.0,1586.0,9637.0,78.0,32.89,0.66
TATACONSUM,Mar 2021,True,6.4,11.24,14534.0,157978.26,10108.7,930.0,14534.0,1634.0,11602.0,69.0,20.39,102.17
TATACONSUM,Mar 2022,True,6.7,9.33,15142.0,164586.96,11032.61,1015.0,15142.0,1412.0,12425.0,73.0,7.09,9.14
TATACONSUM,Mar 2023,True,8.11,9.83,16277.0,175021.51,14193.55,1320.0,16277.0,1600.0,13783.0,87.0,10.93,30.05
TATACONSUM,Mar 2024,True,7.57,21.65,16057.0,169021.05,12789.47,1215.0,16057.0,3477.0,15206.0,130.0,10.32,-7.95
TATACONSUM,Mar 2025,True,6.43,11.96,20001.0,202030.3,13000.0,1287.0,20001.0,2393.0,17618.0,290.0,15.86,5.93
TATACONSUM,Mar 2026,True,7.1,12.94,21788.0,220080.81,15626.26,1547.0,21788.0,2820.0,20290.0,137.0,15.17,20.2
TATAELXSI,Mar 2008,True,44.54,46.22,119.0,3838.71,1709.68,53.0,119.0,55.0,402.0,2.0,,
TATAELXSI,Mar 2009,True,38.16,8.55,152.0,4903.23,1870.97,58.0,152.0,13.0,419.0,4.0,4.23,9.43
TATAELXSI,Mar 2010,True,28.0,19.43,175.0,5645.16,1580.65,49.0,175.0,34.0,388.0,2.0,-7.4,-15.52
TATAELXSI,Mar 2011,True,18.13,13.74,182.0,5870.97,1064.52,33.0,182.0,25.0,416.0,2.0,7.22,-32.65
TATAELXSI,Mar 2012,True,18.23,17.71,192.0,6193.55,1129.03,35.0,192.0,34.0,539.0,3.0,29.57,6.06
TATAELXSI,Mar 2013,True,10.77,30.26,195.0,6290.32,677.42,21.0,195.0,59.0,622.0,5.0,15.4,-40.0
TATAELXSI,Mar 2014,True,30.51,0.0,236.0,7612.9,2322.58,72.0,236.0,0.0,775.0,3.0,24.6,242.86
TATAELXSI,Mar 2015,True,36.04,0.0,283.0,9129.03,3290.32,102.0,283.0,0.0,849.0,1.0,9.55,41.67
TMPV,Mar 2015,True,25.01,130.83,56262.0,87363.35,21852.48,14073.0,56262.0,73610.0,263159.0,4861.0,,
TMPV,Mar 2016,True,14.79,87.85,78952.0,116276.88,17198.82,11678.0,78952.0,69360.0,273046.0,4889.0,3.76,-17.02
TMPV,Mar 2017,True,13.02,135.38,58062.0,85511.05,11129.6,7557.0,58062.0,78604.0,269693.0,4238.0,-1.23,-35.29
TMPV,Mar 2018,True,9.53,93.21,95428.0,140541.97,13388.81,9091.0,95428.0,88950.0,291550.0,4682.0,8.1,20.3
TMPV,Mar 2019,True,-47.73,176.43,60179.0,88628.87,-42303.39,-28724.0,60179.0,106175.0,301938.0,5759.0,3.56,-415.96
TMPV,Mar 2020,True,-18.98,197.83,63079.0,87609.72,-16631.94,-11975.0,63079.0,124788.0,261068.0,7243.0,-13.54,
TMPV,Mar 2021,True,-24.25,257.26,55247.0,72124.02,-17486.95,-13395.0,55247.0,142131.0,249795.0,8097.0,-4.32,
TMPV,Mar 2022,True,-25.38,328.65,44561.0,58173.63,-14763.71,-11309.0,44561.0,146449.0,278454.0,9312.0,11.47,
TMPV,Mar 2023,True,5.94,295.91,45322.0,59167.1,3511.75,2690.0,45322.0,134113.0,345967.0,10225.0,24.25,
TMPV,Mar 2024,True,37.46,126.31,84918.0,110714.47,41469.36,31807.0,84918.0,107264.0,434016.0,7594.0,25.45,1082.42
TMPV,Mar 2025,True,24.24,61.6,116144.0,157804.35,38245.92,28149.0,116144.0,71540.0,439695.0,5083.0,1.31,-11.5
TMPV,Mar 2026,True,73.75,70.59,112068.0,152059.7,112137.04,82645.0,112068.0,79109.0,335582.0,2827.0,-23.68,193.6
TATAPOWER,Mar 2015,True,3.19,283.61,14318.0,53029.63,1692.59,457.0,14318.0,40607.0,33593.0,3699.0,,
TATAPOWER,Mar 2016,True,6.76,333.96,11633.0,43085.19,2911.11,786.0,11633.0,38849.0,29494.0,3236.0,-12.2,71.99
TATAPOWER,Mar 2017,True,8.32,369.42,13214.0,48940.74,4074.07,1100.0,13214.0,48815.0,27588.0,3365.0,-6.46,39.95
TATAPOWER,Mar 2018,True,15.92,296.29,16399.0,60737.04,9670.37,2611.0,16399.0,48589.0,26840.0,3761.0,-2.71,137.36
TATAPOWER,Mar 2019,True,14.24,264.99,18305.0,67796.3,9651.85,2606.0,18305.0,48506.0,29881.0,4170.0,11.33,-0.19
TATAPOWER,Mar 2020,True,6.73,265.44,19566.0,72466.67,4874.07,1316.0,19566.0,51936.0,29136.0,4494.0,-2.49,-49.5
TATAPOWER,Mar 2021,True,6.45,209.24,22323.0,69759.38,4496.88,1439.0,22323.0,46708.0,32703.0,4010.0,12.24,9.35
TATAPOWER,Mar 2022,True,9.61,228.12,22442.0,70131.25,6737.5,2156.0,22442.0,51195.0,42816.0,3859.0,30.92,49.83
TATAPOWER,Mar 2023,True,13.23,183.84,28788.0,89962.5,11906.25,3810.0,28788.0,52923.0,55109.0,4372.0,28.71,76.72
TATAPOWER,Mar 2024,True,13.23,165.93,32356.0,101112.5,13375.0,4280.0,32356.0,53689.0,61449.0,4633.0,11.5,12.34
TATAPOWER,Mar 2025,True,13.32,175.4,35841.0,112003.12,14921.88,4775.0,35841.0,62866.0,65478.0,4702.0,6.56,11.57
TATAPOWER,Mar 2026,True,12.97,192.92,39468.0,123337.5,15993.75,5118.0,39468.0,76141.0,62429.0,5257.0,-4.66,7.18
TATASTEEL,Mar 2015,True,-12.56,257.43,31349.0,32285.27,-4056.64,-3939.0,31349.0,80701.0,139504.0,4848.0,,
TATASTEEL,Mar 2016,True,-1.14,187.48,43732.0,45084.54,-512.37,-497.0,43732.0,81987.0,101965.0,4221.0,-26.91,
TATASTEEL,Mar 2017,True,-11.02,219.5,37819.0,38988.66,-4297.94,-4169.0,37819.0,83014.0,112299.0,5072.0,10.13,
TATASTEEL,Mar 2018,True,29.15,151.38,60871.0,53162.45,15496.07,17743.0,60871.0,92147.0,123249.0,5455.0,9.75,
TATASTEEL,Mar 2019,True,13.23,146.27,68925.0,60196.51,7966.81,9122.0,68925.0,100816.0,157669.0,7660.0,27.93,-48.59
TATASTEEL,Mar 2020,True,1.6,158.11,73576.0,64258.52,1025.33,1174.0,73576.0,116328.0,139817.0,7533.0,-11.32,-87.13
TATASTEEL,Mar 2021,True,11.03,119.21,74239.0,61969.12,6836.39,8190.0,74239.0,88501.0,156477.0,7607.0,11.92,597.61
TATASTEEL,Mar 2022,True,36.48,66.03,114443.0,93728.91,34192.47,41749.0,114443.0,75561.0,243959.0,5462.0,55.91,409.76
TATASTEEL,Mar 2023,True,7.83,82.35,103082.0,84424.24,6613.43,8075.0,103082.0,84893.0,243353.0,6299.0,-0.25,-80.66
TATASTEEL,Mar 2024,True,-5.33,94.62,92035.0,73805.13,-3937.45,-4910.0,92035.0,87082.0,229171.0,7508.0,-5.83,-160.8
TATASTEEL,Mar 2025,True,3.48,103.98,91169.0,73110.67,2545.31,3174.0,91169.0,94801.0,218543.0,7341.0,-4.64,
TATASTEEL,Mar 2026,True,10.66,90.42,102167.0,81930.23,8729.75,10886.0,102167.0,92382.0,232140.0,7167.0,6.22,242.97
TATATECH,Mar 2019,True,20.09,0.0,1757.0,41833.33,8404.76,353.0,1757.0,0.0,2942.0,1.0,,
TATATECH,Mar 2020,True,13.6,13.92,1853.0,44119.05,6000.0,252.0,1853.0,258.0,2852.0,16.0,-3.06,-28.61
TATATECH,Mar 2021,True,11.16,12.42,2142.0,51000.0,5690.48,239.0,2142.0,266.0,2381.0,18.0,-16.51,-5.16
TATATECH,Mar 2022,True,19.17,11.45,2280.0,54285.71,10404.76,437.0,2280.0,261.0,3530.0,22.0,48.26,82.85
TATATECH,Mar 2023,True,20.88,8.53,2989.0,36901.23,7703.7,624.0,2989.0,255.0,4414.0,18.0,25.04,42.79
TATATECH,Mar 2024,True,21.08,7.98,3221.0,39765.43,8382.72,679.0,3221.0,257.0,5117.0,19.0,15.93,8.81
TATATECH,Mar 2025,True,18.92,6.62,3579.0,44185.19,8358.02,677.0,3579.0,237.0,5168.0,20.0,1.0,-0.29
TATATECH,Mar 2026,True,13.94,23.91,3923.0,48432.1,6753.09,547.0,3923.0,938.0,5506.0,34.0,6.54,-19.2
TECHM,Mar 2015,True,21.71,5.72,12248.0,25516.67,5539.58,2659.0,12248.0,700.0,22621.0,69.0,,
TECHM,Mar 2016,True,20.75,7.48,14591.0,33465.6,6942.66,3027.0,14591.0,1091.0,26494.0,97.0,17.12,13.84
TECHM,Mar 2017,True,17.35,8.31,16437.0,37441.91,6494.31,2851.0,16437.0,1366.0,29141.0,129.0,9.99,-5.81
TECHM,Mar 2018,True,20.09,12.72,18843.0,42631.22,8565.61,3786.0,18843.0,2397.0,30773.0,162.0,5.6,32.8
TECHM,Mar 2019,True,21.14,9.84,20285.0,45686.94,9659.91,4289.0,20285.0,1996.0,34742.0,133.0,12.9,13.29
TECHM,Mar 2020,True,17.87,16.82,21813.0,50029.82,8938.07,3897.0,21813.0,3670.0,36868.0,192.0,6.12,-9.14
TECHM,Mar 2021,True,17.51,11.67,24865.0,56899.31,9961.1,4353.0,24865.0,2901.0,37855.0,174.0,2.68,11.7
TECHM,Mar 2022,True,20.94,9.74,26886.0,61243.74,12824.6,5630.0,26886.0,2618.0,44646.0,163.0,17.94,29.34
TECHM,Mar 2023,True,17.39,9.81,27924.0,63463.64,11038.64,4857.0,27924.0,2740.0,53290.0,326.0,19.36,-13.73
TECHM,Mar 2024,True,8.99,9.51,26669.0,60473.92,5435.37,2397.0,26669.0,2537.0,51996.0,392.0,-2.43,-50.65
TECHM,Mar 2025,True,15.54,7.4,27361.0,61902.71,9622.17,4253.0,27361.0,2025.0,52988.0,322.0,1.91,77.43
TECHM,Mar 2026,True,16.23,7.38,29616.0,66853.27,10848.76,4806.0,29616.0,2186.0,56815.0,337.0,7.22,13.0
TITAN,Mar 2015,True,26.46,3.24,3084.0,34651.69,9168.54,816.0,3084.0,100.0,11913.0,81.0,,
TITAN,Mar 2016,True,19.25,3.22,3507.0,39404.49,7584.27,675.0,3507.0,113.0,11276.0,42.0,-5.35,-17.28
TITAN,Mar 2017,True,16.47,44.46,4233.0,47561.8,7831.46,697.0,4233.0,1882.0,13261.0,38.0,17.6,3.26
TITAN,Mar 2018,True,21.65,33.22,5090.0,57191.01,12382.02,1102.0,5090.0,1691.0,16120.0,53.0,21.56,58.11
TITAN,Mar 2019,True,22.88,39.42,6070.0,68202.25,15606.74,1389.0,6070.0,2393.0,19779.0,53.0,22.7,26.04
TITAN,Mar 2020,True,22.39,53.41,6669.0,74932.58,16775.28,1493.0,6669.0,3562.0,21052.0,166.0,6.44,7.49
TITAN,Mar 2021,True,12.99,75.2,7497.0,84235.96,10943.82,974.0,7497.0,5638.0,21644.0,203.0,2.81,-34.76
TITAN,Mar 2022,True,23.63,78.2,9303.0,104528.09,24696.63,2198.0,9303.0,7275.0,28799.0,218.0,33.06,125.67
TITAN,Mar 2023,True,27.63,79.04,11851.0,133157.3,36786.52,3274.0,11851.0,9367.0,40575.0,300.0,40.89,48.95
TITAN,Mar 2024,True,37.22,165.31,9393.0,105539.33,39280.9,3496.0,9393.0,15528.0,51084.0,619.0,25.9,6.78
TITAN,Mar 2025,True,28.71,178.74,11624.0,130606.74,37494.38,3337.0,11624.0,20777.0,60456.0,953.0,18.35,-4.55
TITAN,Mar 2026,True,32.31,92.66,15703.0,176438.2,57000.0,5073.0,15703.0,14551.0,87584.0,1180.0,44.87,52.02
TORNTPHARM,Mar 2015,True,30.15,110.0,2491.0,29305.88,8835.29,751.0,2491.0,2740.0,4636.0,175.0,,
TORNTPHARM,Mar 2016,True,49.6,67.32,3494.0,41105.88,20388.24,1733.0,3494.0,2352.0,6687.0,184.0,44.24,130.76
TORNTPHARM,Mar 2017,True,21.47,57.69,4351.0,51188.24,10988.24,934.0,4351.0,2510.0,5816.0,206.0,-13.03,-46.11
TORNTPHARM,Mar 2018,True,14.67,139.78,4623.0,54388.24,7976.47,678.0,4623.0,6462.0,5950.0,308.0,2.3,-27.41
TORNTPHARM,Mar 2019,True,9.23,127.79,4725.0,55588.24,5129.41,436.0,4725.0,6038.0,7673.0,504.0,28.96,-35.69
TORNTPHARM,Mar 2020,True,21.25,119.9,4824.0,56752.94,12058.82,1025.0,4824.0,5784.0,7939.0,451.0,3.47,135.09
TORNTPHARM,Mar 2021,True,21.45,83.49,5838.0,68682.35,14729.41,1252.0,5838.0,4874.0,8005.0,353.0,0.83,22.15
TORNTPHARM,Mar 2022,True,13.05,68.37,5953.0,70035.29,9141.18,777.0,5953.0,4070.0,8508.0,255.0,6.28,-37.94
TORNTPHARM,Mar 2023,True,20.09,86.62,6198.0,36674.56,7366.86,1245.0,6198.0,5369.0,9620.0,333.0,13.07,60.23
TORNTPHARM,Mar 2024,True,24.15,58.66,6856.0,40568.05,9798.82,1656.0,6856.0,4022.0,10728.0,354.0,11.52,33.01
TORNTPHARM,Mar 2025,True,25.18,42.19,7590.0,44911.24,11307.69,1911.0,7590.0,3202.0,11516.0,252.0,7.35,15.4
TORNTPHARM,Mar 2026,True,25.49,179.1,8389.0,49639.05,12650.89,2138.0,8389.0,15025.0,13980.0,385.0,21.4,11.88
TORNTPOWER,Mar 2015,True,5.54,142.72,6555.0,13887.71,769.07,363.0,6555.0,9355.0,10348.0,962.0,,
TORNTPOWER,Mar 2016,True,13.94,131.59,6471.0,13453.22,1875.26,902.0,6471.0,8515.0,11680.0,1131.0,12.87,148.48
TORNTPOWER,Mar 2017,True,6.24,127.22,6892.0,14328.48,893.97,430.0,6892.0,8768.0,9960.0,1058.0,-14.73,-52.33
TORNTPOWER,Mar 2018,True,12.33,120.44,7720.0,16049.9,1979.21,952.0,7720.0,9298.0,11512.0,848.0,15.58,121.4
TORNTPOWER,Mar 2019,True,10.08,108.29,8971.0,18650.73,1879.42,904.0,8971.0,9715.0,13151.0,899.0,14.24,-5.04
TORNTPOWER,Mar 2020,True,12.88,97.31,9154.0,19031.19,2451.14,1179.0,9154.0,8908.0,13641.0,955.0,3.73,30.42
TORNTPOWER,Mar 2021,True,12.72,76.75,10185.0,21174.64,2694.39,1296.0,10185.0,7817.0,12173.0,776.0,-10.76,9.92
TORNTPOWER,Mar 2022,True,4.62,91.94,9944.0,20673.6,954.26,459.0,9944.0,9143.0,14258.0,628.0,17.13,-64.58
TORNTPOWER,Mar 2023,True,19.66,95.74,11010.0,22889.81,4501.04,2165.0,11010.0,10541.0,25694.0,818.0,80.21,371.68
TORNTPOWER,Mar 2024,True,15.72,96.44,12062.0,25076.92,3941.79,1896.0,12062.0,11632.0,27183.0,943.0,5.8,-12.42
TORNTPOWER,Mar 2025,True,17.37,50.18,17615.0,34950.4,6069.44,3059.0,17615.0,8840.0,29165.0,1045.0,7.29,61.34
TORNTPOWER,Mar 2026,True,12.94,73.24,19075.0,37847.22,4898.81,2469.0,19075.0,13971.0,28966.0,934.0,-0.68,-19.29
TRENT,Mar 2015,True,9.07,18.78,1422.0,43090.91,3909.09,129.0,1422.0,267.0,2284.0,22.0,,
TRENT,Mar 2016,True,3.76,27.32,1464.0,44363.64,1666.67,55.0,1464.0,400.0,1686.0,48.0,-26.18,-57.36
TRENT,Mar 2017,True,5.49,25.34,1547.0,46878.79,2575.76,85.0,1547.0,392.0,1812.0,46.0,7.47,54.55
TRENT,Mar 2018,True,5.45,24.51,1595.0,48333.33,2636.36,87.0,1595.0,391.0,2157.0,44.0,19.04,2.35
TRENT,Mar 2019,True,5.77,30.01,1646.0,49878.79,2878.79,95.0,1646.0,494.0,2630.0,51.0,21.93,9.2
TRENT,Mar 2020,True,4.44,12.56,2388.0,66333.33,2944.44,106.0,2388.0,300.0,3486.0,263.0,32.55,11.58
TRENT,Mar 2021,True,-7.83,128.15,2313.0,64250.0,-5027.78,-181.0,2313.0,2964.0,2593.0,261.0,-25.62,-270.75
TRENT,Mar 2022,True,1.48,199.87,2364.0,65666.67,972.22,35.0,2364.0,4725.0,4498.0,325.0,73.47,
TRENT,Mar 2023,True,15.18,171.96,2596.0,72111.11,10944.44,394.0,2596.0,4464.0,8242.0,409.0,83.24,1025.71
TRENT,Mar 2024,True,36.31,43.09,4068.0,113000.0,41027.78,1477.0,4068.0,1753.0,12375.0,368.0,50.15,274.87
TRENT,Mar 2025,True,28.08,40.96,5462.0,151722.22,42611.11,1534.0,5462.0,2237.0,17135.0,200.0,38.46,3.86
TRENT,Mar 2026,True,24.64,36.66,6985.0,194027.78,47805.56,1721.0,6985.0,2561.0,20074.0,233.0,17.15,12.19
TIINDIA,Mar 2016,True,0.0,0.0,0.11,1000.0,0.0,0.0,0.11,0.0,0.0,0.0,,
TIINDIA,Mar 2017,True,14.65,71.63,1188.0,62526.32,9157.89,174.0,1188.0,851.0,4479.0,77.0,,
TIINDIA,Mar 2018,True,12.25,60.96,1273.0,67000.0,8210.53,156.0,1273.0,776.0,5000.0,62.0,11.63,-10.34
TIINDIA,Mar 2019,True,17.01,41.4,1476.0,77684.21,13210.53,251.0,1476.0,611.0,5773.0,56.0,15.46,60.9
TIINDIA,Mar 2020,True,18.05,23.88,1734.0,91263.16,16473.68,313.0,1734.0,414.0,4750.0,34.0,-17.72,24.7
TIINDIA,Mar 2021,True,12.37,85.29,2312.0,121684.21,15052.63,286.0,2312.0,1972.0,6083.0,52.0,28.06,-8.63
TIINDIA,Mar 2022,True,32.27,28.36,3071.0,161631.58,52157.89,991.0,3071.0,871.0,12447.0,99.0,104.62,246.5
TIINDIA,Mar 2023,True,33.54,18.38,3950.0,207894.74,69736.84,1325.0,3950.0,726.0,14964.0,58.0,20.22,33.7
TIINDIA,Mar 2024,True,33.95,17.55,5105.0,268684.21,91210.53,1733.0,5105.0,896.0,16890.0,73.0,12.87,30.79
TIINDIA,Mar 2025,True,19.04,12.7,5535.0,291315.79,55473.68,1054.0,5535.0,703.0,19465.0,83.0,15.25,-39.18
TIINDIA,Mar 2026,True,14.42,9.73,7751.0,407947.37,58842.11,1118.0,7751.0,754.0,22847.0,62.0,17.37,6.07
UPL,Mar 2015,True,20.25,55.98,5861.0,68151.16,13802.33,1187.0,5861.0,3281.0,12091.0,517.0,,
UPL,Mar 2016,True,16.17,89.29,5889.0,68476.74,11069.77,952.0,5889.0,5258.0,14048.0,704.0,16.19,-19.8
UPL,Mar 2017,True,23.69,88.08,7315.0,72425.74,17158.42,1733.0,7315.0,6443.0,16312.0,735.0,16.12,82.04
UPL,Mar 2018,True,22.14,72.4,9169.0,89892.16,19901.96,2030.0,9169.0,6638.0,17378.0,783.0,6.54,17.14
UPL,Mar 2019,True,10.7,198.02,14715.0,144264.71,15441.18,1575.0,14715.0,29139.0,21837.0,963.0,25.66,-22.41
UPL,Mar 2020,True,11.3,152.41,19282.0,126026.14,14235.29,2178.0,19282.0,29388.0,35756.0,1481.0,63.74,38.29
UPL,Mar 2021,True,16.73,117.39,20887.0,136516.34,22843.14,3495.0,20887.0,24519.0,38694.0,2060.0,8.22,60.47
UPL,Mar 2022,True,17.99,108.45,24661.0,161183.01,29000.0,4437.0,24661.0,26746.0,46240.0,2295.0,19.5,26.95
UPL,Mar 2023,True,16.43,89.13,26858.0,179053.33,29426.67,4414.0,26858.0,23939.0,53576.0,2963.0,15.87,-0.52
UPL,Mar 2024,True,-7.57,119.94,24807.0,165380.0,-12520.0,-1878.0,24807.0,29754.0,43098.0,3852.0,-19.56,-142.55
UPL,Mar 2025,True,2.81,85.92,29213.0,183729.56,5157.23,820.0,29213.0,25099.0,46637.0,3627.0,8.21,
UPL,Mar 2026,True,6.4,67.95,34696.0,205301.78,13136.09,2220.0,34696.0,23576.0,51839.0,3401.0,11.15,170.73
ULTRACEMCO,Mar 2015,True,11.04,51.62,19041.0,69492.7,7671.53,2102.0,19041.0,9829.0,23306.0,587.0,,
ULTRACEMCO,Mar 2016,True,11.3,48.38,21945.0,80091.24,9051.09,2480.0,21945.0,10616.0,25153.0,566.0,7.92,17.98
ULTRACEMCO,Mar 2017,True,11.13,34.74,24392.0,88698.18,9869.09,2714.0,24392.0,8474.0,25375.0,640.0,0.88,9.44
ULTRACEMCO,Mar 2018,True,8.43,73.84,26382.0,95934.55,8087.27,2224.0,26382.0,19480.0,30979.0,1238.0,22.08,-18.05
ULTRACEMCO,Mar 2019,True,7.11,75.07,33751.0,122730.91,8727.27,2400.0,33751.0,25337.0,41462.0,1778.0,33.84,7.91
ULTRACEMCO,Mar 2020,True,14.73,58.96,39044.0,135100.35,19899.65,5751.0,39044.0,23019.0,42430.0,1992.0,2.33,139.63
ULTRACEMCO,Mar 2021,True,12.36,49.17,44175.0,152854.67,18899.65,5462.0,44175.0,21719.0,44726.0,1486.0,5.41,-5.03
ULTRACEMCO,Mar 2022,True,14.54,22.4,50436.0,174519.03,25377.16,7334.0,50436.0,11299.0,52599.0,945.0,17.6,34.27
ULTRACEMCO,Mar 2023,True,9.34,20.36,54325.0,187975.78,17553.63,5073.0,54325.0,11058.0,63240.0,823.0,20.23,-30.83
ULTRACEMCO,Mar 2024,True,11.63,18.93,60228.0,208401.38,24235.29,7004.0,60228.0,11403.0,70908.0,968.0,12.13,38.06
ULTRACEMCO,Mar 2025,True,8.54,34.09,70707.0,239684.75,20474.58,6040.0,70707.0,24102.0,75955.0,1651.0,7.12,-13.76
ULTRACEMCO,Mar 2026,True,10.69,31.0,76624.0,259742.37,27755.93,8188.0,76624.0,23755.0,88512.0,1872.0,16.53,35.56
UNIONBANK,Mar 2015,True,8.9,0.0,19899.0,31287.74,2784.59,1771.0,19899.0,0.0,,23640.0,,
UNIONBANK,Mar 2016,True,5.84,0.0,23048.0,33548.76,1960.7,1347.0,23048.0,0.0,,23894.0,,-23.94
UNIONBANK,Mar 2017,True,2.38,0.0,24093.0,35069.87,834.06,573.0,24093.0,0.0,,23776.0,,-57.46
UNIONBANK,Mar 2018,True,-20.64,0.0,25252.0,21601.37,-4458.51,-5212.0,25252.0,0.0,,23471.0,,-1009.6
UNIONBANK,Mar 2019,True,-10.89,0.0,26836.0,15221.78,-1657.4,-2922.0,26836.0,0.0,,23896.0,,
UNIONBANK,Mar 2020,True,-9.18,0.0,33990.0,9929.89,-911.77,-3121.0,33990.0,0.0,,25837.0,,
UNIONBANK,Mar 2021,True,4.42,0.0,64738.0,10104.26,446.86,2863.0,64738.0,0.0,,44112.0,,
UNIONBANK,Mar 2022,True,7.43,0.0,70861.0,10367.37,770.3,5265.0,70861.0,0.0,,40178.0,,83.9
UNIONBANK,Mar 2023,True,10.8,0.0,78804.0,11529.48,1245.35,8512.0,78804.0,0.0,,48033.0,,61.67
UNIONBANK,Mar 2024,True,14.14,0.0,97598.0,12784.65,1807.31,13797.0,97598.0,0.0,,63364.0,,62.09
UNIONBANK,Mar 2025,True,15.84,0.0,113834.0,14911.45,2361.41,18027.0,113834.0,0.0,,70733.0,,30.66
UNIONBANK,Mar 2026,True,14.55,0.0,133552.0,17259.24,2510.98,19430.0,133552.0,0.0,,69477.0,,7.78
UNITDSPR,Mar 2015,True,-255.99,756.75,659.0,4544.83,-11634.48,-1687.0,659.0,4987.0,9254.0,687.0,,
UNITDSPR,Mar 2016,True,8.75,259.61,1634.0,11268.97,986.21,143.0,1634.0,4242.0,8495.0,457.0,-8.2,
UNITDSPR,Mar 2017,True,5.21,232.16,1785.0,12310.34,641.38,93.0,1785.0,4144.0,8818.0,375.0,3.8,-34.97
UNITDSPR,Mar 2018,True,26.95,141.42,2419.0,16682.76,4496.55,652.0,2419.0,3421.0,8591.0,278.0,-2.57,601.08
UNITDSPR,Mar 2019,True,22.14,93.3,3090.0,21310.34,4717.24,684.0,3090.0,2883.0,9341.0,237.0,8.73,4.91
UNITDSPR,Mar 2020,True,16.66,68.94,3728.0,25710.34,4282.76,621.0,3728.0,2570.0,9325.0,212.0,-0.17,-9.21
UNITDSPR,Mar 2021,True,8.79,25.18,4119.0,28406.9,2496.55,362.0,4119.0,1037.0,8131.0,188.0,-12.8,-41.71
UNITDSPR,Mar 2022,True,16.37,12.21,4953.0,34158.62,5593.1,811.0,4953.0,605.0,9712.0,88.0,19.44,124.03
UNITDSPR,Mar 2023,True,18.77,3.05,5999.0,41372.41,7765.52,1126.0,5999.0,183.0,10612.0,104.0,9.27,38.84
UNITDSPR,Mar 2024,True,19.77,3.72,7121.0,49110.34,9710.34,1408.0,7121.0,265.0,11321.0,76.0,6.68,25.04
UNITDSPR,Mar 2025,True,19.52,5.92,8104.0,55889.66,10910.34,1582.0,8104.0,480.0,12069.0,89.0,6.61,12.36
UNITDSPR,Mar 2026,True,20.53,4.61,8953.0,61744.83,12675.86,1838.0,8953.0,413.0,12467.0,158.0,3.3,16.18
VBL,Dec 2014,True,-13.99,1828.67,143.0,1067.16,-149.25,-20.0,143.0,2615.0,2502.0,187.0,,
VBL,Dec 2015,True,50.22,1123.11,225.0,1679.1,843.28,113.0,225.0,2527.0,3394.0,170.0,35.65,
VBL,Dec 2016,True,2.84,130.83,1693.0,9302.2,263.74,48.0,1693.0,2215.0,3861.0,435.0,13.76,-57.52
VBL,Dec 2017,True,12.09,149.94,1770.0,9672.13,1169.4,214.0,1770.0,2654.0,4004.0,215.0,3.7,345.83
VBL,Dec 2018,True,15.01,140.47,1999.0,10923.5,1639.34,300.0,1999.0,2808.0,5105.0,223.0,27.5,40.19
VBL,Dec 2019,True,14.18,102.64,3329.0,11519.03,1633.22,472.0,3329.0,3417.0,7130.0,324.0,39.67,57.33
VBL,Dec 2020,True,10.13,91.26,3524.0,12193.77,1235.29,357.0,3524.0,3216.0,6450.0,294.0,-9.54,-24.36
VBL,Dec 2021,True,18.28,83.01,4080.0,9422.63,1722.86,746.0,4080.0,3387.0,8823.0,207.0,36.79,108.96
VBL,Dec 2022,True,30.37,76.11,5103.0,7850.77,2384.62,1550.0,5103.0,3884.0,13173.0,204.0,49.3,107.77
VBL,Dec 2023,True,30.3,78.29,6937.0,10672.31,3233.85,2102.0,6937.0,5431.0,16043.0,292.0,21.79,35.61
VBL,Dec 2024,True,15.86,17.01,16610.0,24571.01,3896.45,2634.0,16610.0,2826.0,20008.0,483.0,24.71,25.31
VBL,Dec 2025,True,15.64,12.81,19578.0,28961.54,4529.59,3062.0,19578.0,2508.0,21685.0,196.0,8.38,16.25
VBL,TTM,True,,,,,,3209.0,,0.0,22693.0,177.0,4.65,4.8
VEDL,Mar 2015,True,-21.1,144.32,53875.0,182010.14,-38408.78,-11369.0,53875.0,77752.0,73710.0,5659.0,,
VEDL,Mar 2016,True,-40.56,153.9,44039.0,148780.41,-60344.59,-17862.0,44039.0,67778.0,64262.0,5778.0,-12.82,
VEDL,Mar 2017,True,18.73,118.44,60425.0,203451.18,38101.01,11316.0,60425.0,71569.0,72225.0,5855.0,12.39,
VEDL,Mar 2018,True,21.63,91.86,63312.0,170193.55,36806.45,13692.0,63312.0,58159.0,91866.0,5112.0,27.19,21.0
VEDL,Mar 2019,True,15.57,106.31,62297.0,167465.05,26069.89,9698.0,62297.0,66226.0,92048.0,5689.0,0.2,-29.17
VEDL,Mar 2020,True,-8.68,108.33,54635.0,146868.28,-12752.69,-4744.0,54635.0,59187.0,84447.0,4977.0,-8.26,-148.92
VEDL,Mar 2021,True,24.14,92.6,62278.0,167413.98,40408.6,15032.0,62278.0,57669.0,88021.0,5210.0,4.23,
VEDL,Mar 2022,True,36.26,81.95,65383.0,175760.75,63736.56,23710.0,65383.0,53583.0,132732.0,4797.0,50.8,57.73
VEDL,Mar 2023,True,36.79,203.76,39423.0,105975.81,38986.56,14503.0,39423.0,80329.0,147308.0,6225.0,10.98,-38.83
VEDL,Mar 2024,True,24.54,285.48,30722.0,82586.02,20266.13,7539.0,30722.0,87706.0,143727.0,9465.0,-2.43,-48.02
VEDL,Mar 2025,True,49.83,221.97,41212.0,105401.53,52519.18,20535.0,41212.0,91479.0,152968.0,9914.0,6.43,172.38
VEDL,Mar 2026,True,50.54,56.08,49652.0,126987.21,64184.14,25096.0,49652.0,27844.0,78437.0,2817.0,-48.72,22.21
VMM,Mar 2020,True,1.07,18.78,4223.0,967.25,10.31,45.0,4223.0,793.0,5292.0,236.0,,
VMM,Mar 2021,True,2.59,16.78,4589.0,1023.42,26.54,119.0,4589.0,770.0,4452.0,232.0,-15.87,164.44
VMM,Mar 2022,True,4.21,37.1,4825.0,1071.51,45.08,203.0,4825.0,1790.0,5589.0,213.0,25.54,70.59
VMM,Mar 2023,True,6.22,28.35,5157.0,1144.22,71.22,321.0,5157.0,1462.0,7586.0,185.0,35.73,58.13
VMM,Mar 2024,True,8.22,26.38,5622.0,1246.84,102.46,462.0,5622.0,1483.0,8912.0,170.0,17.48,43.93
VMM,Mar 2025,True,9.87,27.01,6401.0,1392.43,137.48,632.0,6401.0,1729.0,10716.0,180.0,20.24,36.8
VMM,Mar 2026,True,11.32,26.82,7413.0,1586.35,179.54,839.0,7413.0,1988.0,12906.0,171.0,20.44,32.75
IDEA,Mar 2015,True,13.87,116.64,23027.0,6399.94,887.44,3193.0,23027.0,26859.0,31571.0,1060.0,,
IDEA,Mar 2016,True,11.58,172.14,23551.0,6540.13,757.57,2728.0,23551.0,40541.0,35949.0,1803.0,13.87,-14.56
IDEA,Mar 2017,True,-1.62,222.61,24732.0,6860.47,-110.96,-400.0,24732.0,55055.0,35576.0,4010.0,-1.04,-114.66
IDEA,Mar 2018,True,-15.29,212.7,27262.0,6254.19,-956.18,-4168.0,27262.0,57985.0,28279.0,4847.0,-20.51,
IDEA,Mar 2019,True,-24.49,211.18,59635.0,6826.35,-1671.7,-14604.0,59635.0,125940.0,37092.0,9545.0,31.16,
IDEA,Mar 2020,True,-1235.62,1923.33,5979.0,208.07,-2571.01,-73878.0,5979.0,114996.0,44958.0,15393.0,21.21,
IDEA,Mar 2021,True,,,,,,-44233.0,,201720.0,41952.0,17998.0,-6.69,
IDEA,Mar 2022,True,,,,,,-28245.0,,213761.0,38516.0,20981.0,-8.19,
IDEA,Mar 2023,True,,,,,,-29301.0,,237766.0,42177.0,23354.0,9.51,
IDEA,Mar 2024,True,,,,,,-31238.0,,243809.0,42652.0,25766.0,1.13,
IDEA,Mar 2025,True,,,,,,-27383.0,,233229.0,43571.0,24543.0,2.15,
IDEA,Mar 2026,True,,,,,,34552.0,,192528.0,44873.0,21495.0,2.99,
VOLTAS,Mar 2015,True,18.46,5.8,2102.0,63696.97,11757.58,388.0,2102.0,122.0,5183.0,23.0,,
VOLTAS,Mar 2016,True,13.98,9.64,2811.0,85181.82,11909.09,393.0,2811.0,271.0,5720.0,16.0,10.36,1.29
VOLTAS,Mar 2017,True,15.72,5.17,3307.0,100212.12,15757.58,520.0,3307.0,171.0,6033.0,16.0,5.47,32.32
VOLTAS,Mar 2018,True,14.8,3.64,3905.0,118333.33,17515.15,578.0,3905.0,142.0,6404.0,12.0,6.15,11.15
VOLTAS,Mar 2019,True,12.51,7.66,4110.0,124545.45,15575.76,514.0,4110.0,315.0,7124.0,33.0,11.24,-11.07
VOLTAS,Mar 2020,True,12.17,5.12,4280.0,129696.97,15787.88,521.0,4280.0,219.0,7658.0,21.0,7.5,1.36
VOLTAS,Mar 2021,True,10.59,5.23,4993.0,151303.03,16030.3,529.0,4993.0,261.0,7556.0,26.0,-1.33,1.54
VOLTAS,Mar 2022,True,9.2,6.56,5499.0,166636.36,15333.33,506.0,5499.0,361.0,7934.0,26.0,5.0,-4.35
VOLTAS,Mar 2023,True,2.49,11.94,5452.0,165212.12,4121.21,136.0,5452.0,651.0,9499.0,30.0,19.73,-73.12
VOLTAS,Mar 2024,True,4.26,12.78,5820.0,176363.64,7515.15,248.0,5820.0,744.0,12481.0,56.0,31.39,82.35
VOLTAS,Mar 2025,True,12.81,13.7,6513.0,197363.64,25272.73,834.0,6513.0,892.0,15413.0,62.0,23.49,236.29
VOLTAS,Mar 2026,True,5.8,15.56,6376.0,193212.12,11212.12,370.0,6376.0,992.0,14244.0,87.0,-7.58,-55.64
WAAREEENER,Mar 2020,True,13.09,52.68,298.0,1512.69,197.97,39.0,298.0,157.0,1996.0,34.0,,
WAAREEENER,Mar 2021,True,13.91,98.55,345.0,1751.27,243.65,48.0,345.0,340.0,1953.0,31.0,-2.15,23.08
WAAREEENER,Mar 2022,True,18.69,84.81,428.0,2172.59,406.09,80.0,428.0,363.0,2854.0,41.0,46.13,66.67
WAAREEENER,Mar 2023,True,27.2,17.41,1838.0,7563.79,2057.61,500.0,1838.0,320.0,6751.0,82.0,136.55,525.0
WAAREEENER,Mar 2024,True,31.16,13.53,4088.0,15543.73,4844.11,1274.0,4088.0,553.0,11398.0,140.0,68.83,154.8
WAAREEENER,Mar 2025,True,20.34,12.65,9479.0,33027.87,6717.77,1928.0,9479.0,1199.0,14444.0,152.0,26.72,51.33
WAAREEENER,Mar 2026,True,26.9,22.25,14438.0,50131.94,13486.11,3884.0,14438.0,3213.0,26537.0,280.0,83.72,101.45
WIPRO,Mar 2015,True,23.49,21.27,37092.0,75085.02,17639.68,8714.0,37092.0,7891.0,46951.0,350.0,,
WIPRO,Mar 2016,True,19.41,27.14,46145.0,93410.93,18131.58,8957.0,46145.0,12522.0,51244.0,558.0,9.14,2.79
WIPRO,Mar 2017,True,16.49,27.56,51670.0,106316.87,17526.75,8518.0,51670.0,14241.0,55448.0,594.0,8.2,-4.9
WIPRO,Mar 2018,True,16.7,29.0,47927.0,52958.01,8843.09,8003.0,47927.0,13901.0,54487.0,583.0,-1.73,-6.05
WIPRO,Mar 2019,True,15.98,17.63,56423.0,46746.48,7471.42,9018.0,56423.0,9947.0,59019.0,738.0,8.32,12.68
WIPRO,Mar 2020,True,17.66,17.58,55322.0,48400.7,8549.43,9772.0,55322.0,9724.0,61138.0,733.0,3.59,8.36
WIPRO,Mar 2021,True,19.8,19.04,54901.0,50092.15,9916.06,10868.0,54901.0,10451.0,61935.0,509.0,1.3,11.22
WIPRO,Mar 2022,True,18.72,26.9,65403.0,59674.27,11170.62,12243.0,65403.0,17593.0,79312.0,532.0,28.06,12.65
WIPRO,Mar 2023,True,14.63,22.49,77668.0,70735.88,10351.55,11366.0,77668.0,17467.0,90488.0,1008.0,14.09,-7.16
WIPRO,Mar 2024,True,14.91,22.09,74533.0,71323.44,10633.49,11112.0,74533.0,16465.0,89760.0,1255.0,-0.8,-2.23
WIPRO,Mar 2025,True,16.05,23.32,82364.0,39333.33,6312.32,13218.0,82364.0,19204.0,89088.0,1477.0,-0.75,18.95
WIPRO,Mar 2026,True,15.07,23.05,88019.0,41953.77,6323.16,13266.0,88019.0,20291.0,92624.0,1458.0,3.97,0.36
YESBANK,Mar 2015,True,17.12,0.0,11666.0,27909.09,4777.51,1997.0,11666.0,0.0,,8083.0,,
YESBANK,Mar 2016,True,18.38,0.0,13763.0,32691.21,6009.5,2530.0,13763.0,0.0,,8965.0,,26.69
YESBANK,Mar 2017,True,15.15,0.0,22039.0,48331.14,7324.56,3340.0,22039.0,0.0,,10627.0,,32.02
YESBANK,Mar 2018,True,16.44,0.0,25753.0,55863.34,9182.21,4233.0,25753.0,0.0,,12529.0,,26.74
YESBANK,Mar 2019,True,6.36,0.0,26887.0,58071.27,3691.14,1709.0,26887.0,0.0,,19811.0,,-59.63
YESBANK,Mar 2020,True,-75.75,0.0,21695.0,8643.43,-6547.01,-16433.0,21695.0,0.0,,19258.0,,-1061.56
YESBANK,Mar 2021,True,-10.53,0.0,33138.0,6613.05,-696.27,-3489.0,33138.0,0.0,,12611.0,,
YESBANK,Mar 2022,True,3.16,0.0,33699.0,6725.0,212.33,1064.0,33699.0,0.0,,12528.0,,
YESBANK,Mar 2023,True,1.81,0.0,40718.0,7080.16,127.98,736.0,40718.0,0.0,,14800.0,,-30.83
YESBANK,Mar 2024,True,3.05,0.0,42156.0,7326.38,223.32,1285.0,42156.0,0.0,,19527.0,,74.59
YESBANK,Mar 2025,True,5.12,0.0,47833.0,7627.65,390.21,2447.0,47833.0,0.0,,21998.0,,90.43
YESBANK,Mar 2026,True,6.87,0.0,51158.0,8151.37,559.59,3512.0,51158.0,0.0,,20450.0,,43.52
ZYDUSLIFE,Mar 2015,True,27.95,62.36,4251.0,41676.47,11647.06,1188.0,4251.0,2651.0,8651.0,68.0,,
ZYDUSLIFE,Mar 2016,True,34.46,42.85,5699.0,55872.55,19254.9,1964.0,5699.0,2442.0,9427.0,53.0,8.97,65.32
ZYDUSLIFE,Mar 2017,True,21.8,74.81,6960.0,68235.29,14872.55,1517.0,6960.0,5207.0,9376.0,45.0,-0.54,-22.76
ZYDUSLIFE,Mar 2018,True,20.7,61.84,8744.0,85725.49,17745.1,1810.0,8744.0,5407.0,11905.0,91.0,26.97,19.31
ZYDUSLIFE,Mar 2019,True,18.28,76.05,10386.0,101823.53,18617.65,1899.0,10386.0,7899.0,13166.0,194.0,10.59,4.92
ZYDUSLIFE,Mar 2020,True,11.6,76.97,10375.0,101715.69,11803.92,1204.0,10375.0,7986.0,14253.0,342.0,8.26,-36.6
ZYDUSLIFE,Mar 2021,True,16.82,35.28,12992.0,127372.55,21421.57,2185.0,12992.0,4584.0,15102.0,164.0,5.96,81.48
ZYDUSLIFE,Mar 2022,True,27.17,24.83,16999.0,166656.86,45274.51,4618.0,16999.0,4221.0,15265.0,127.0,1.08,111.35
ZYDUSLIFE,Mar 2023,True,11.94,6.82,17516.0,173425.74,20712.87,2092.0,17516.0,1195.0,17237.0,130.0,12.92,-54.7
ZYDUSLIFE,Mar 2024,True,20.04,4.05,19830.0,196336.63,39336.63,3973.0,19830.0,804.0,19547.0,81.0,13.4,89.91
ZYDUSLIFE,Mar 2025,True,19.51,13.41,23953.0,237158.42,46267.33,4673.0,23953.0,3213.0,23242.0,166.0,18.9,17.62
ZYDUSLIFE,Mar 2026,True,18.9,46.09,27112.0,268435.64,50732.67,5124.0,27112.0,12496.0,27148.0,439.0,16.81,9.65
