2025-09-04 12:38:42,632 - INFO - Dynamic NSE Stock Analysis Initialized
2025-09-04 12:38:42,636 - INFO - Risk profile set to: aggressive
2025-09-04 12:38:42,641 - INFO - HIGH-RISK MODE: Profile=aggressive, Growth=True, Momentum=True, MinVol=0.0
2025-09-04 12:38:42,657 - INFO - Using default stock list from stock_list_template.csv
2025-09-04 12:38:42,673 - INFO - Loading stocks from CSV: stock_list_template.csv
2025-09-04 12:38:42,695 - INFO - Loaded 501 stocks with company names
2025-09-04 12:38:42,702 - INFO - Sample stocks: 360ONE, 3MINDIA, ABB, ACC, ACMESOLAR
2025-09-04 12:38:42,736 - INFO - Starting batch analysis of 501 stocks
2025-09-04 12:38:43,962 - INFO - Comprehensive data extracted for 3MINDIA
2025-09-04 12:38:43,962 - INFO - Fundamental analysis completed for 3MINDIA: 58 fields
2025-09-04 12:38:43,993 - INFO - Comprehensive data extracted for 360ONE
2025-09-04 12:38:43,993 - INFO - Fundamental analysis completed for 360ONE: 58 fields
2025-09-04 12:38:44,113 - INFO - Comprehensive data extracted for ABB
2025-09-04 12:38:44,113 - INFO - Fundamental analysis completed for ABB: 58 fields
2025-09-04 12:38:44,280 - INFO - Enhanced technical analysis completed for 3MINDIA: 52 fields
2025-09-04 12:38:44,283 - INFO - Enhanced technical analysis completed for 360ONE: 52 fields
2025-09-04 12:38:44,424 - INFO - Completed analysis for 3MINDIA: Score=39.4, Recommendation=SELL
2025-09-04 12:38:44,456 - INFO - Completed analysis for 360ONE: Score=34.1, Recommendation=SELL
2025-09-04 12:38:44,460 - INFO - Enhanced technical analysis completed for ABB: 52 fields
2025-09-04 12:38:44,518 - INFO - Completed analysis for ABB: Score=55.6, Recommendation=HOLD
2025-09-04 12:38:44,979 - INFO - Comprehensive data extracted for ACMESOLAR
2025-09-04 12:38:44,981 - INFO - Fundamental analysis completed for ACMESOLAR: 58 fields
2025-09-04 12:38:45,046 - INFO - Comprehensive data extracted for ACC
2025-09-04 12:38:45,047 - INFO - Fundamental analysis completed for ACC: 58 fields
2025-09-04 12:38:45,114 - INFO - Enhanced technical analysis completed for ACMESOLAR: 52 fields
2025-09-04 12:38:45,147 - INFO - Completed analysis for ACMESOLAR: Score=47.0, Recommendation=WEAK SELL
2025-09-04 12:38:45,351 - INFO - Enhanced technical analysis completed for ACC: 52 fields
2025-09-04 12:38:45,406 - INFO - Completed analysis for ACC: Score=64.6, Recommendation=BUY (VALUE)
2025-09-04 12:38:51,088 - INFO - Comprehensive data extracted for AUBANK
2025-09-04 12:38:51,088 - INFO - Fundamental analysis completed for AUBANK: 58 fields
2025-09-04 12:38:51,237 - INFO - Comprehensive data extracted for APLAPOLLO
2025-09-04 12:38:51,237 - INFO - Fundamental analysis completed for APLAPOLLO: 58 fields
2025-09-04 12:38:51,280 - INFO - Comprehensive data extracted for AIAENG
2025-09-04 12:38:51,280 - INFO - Fundamental analysis completed for AIAENG: 58 fields
2025-09-04 12:38:51,391 - INFO - Enhanced technical analysis completed for AUBANK: 52 fields
2025-09-04 12:38:51,503 - INFO - Completed analysis for AUBANK: Score=65.3, Recommendation=BUY
2025-09-04 12:38:51,514 - INFO - Enhanced technical analysis completed for APLAPOLLO: 52 fields
2025-09-04 12:38:51,580 - INFO - Completed analysis for APLAPOLLO: Score=35.8, Recommendation=SELL
2025-09-04 12:38:51,750 - INFO - Enhanced technical analysis completed for AIAENG: 52 fields
2025-09-04 12:38:51,781 - INFO - Completed analysis for AIAENG: Score=42.6, Recommendation=WEAK SELL
2025-09-04 12:38:52,032 - INFO - Comprehensive data extracted for AADHARHFC
2025-09-04 12:38:52,032 - INFO - Fundamental analysis completed for AADHARHFC: 58 fields
2025-09-04 12:38:52,200 - INFO - Comprehensive data extracted for AWL
2025-09-04 12:38:52,232 - INFO - Fundamental analysis completed for AWL: 58 fields
2025-09-04 12:38:52,255 - INFO - Enhanced technical analysis completed for AADHARHFC: 52 fields
2025-09-04 12:38:52,315 - INFO - Completed analysis for AADHARHFC: Score=58.3, Recommendation=HOLD
2025-09-04 12:38:52,667 - INFO - Enhanced technical analysis completed for AWL: 52 fields
2025-09-04 12:38:52,715 - INFO - Completed analysis for AWL: Score=32.2, Recommendation=SELL
2025-09-04 12:38:58,335 - INFO - Comprehensive data extracted for ABBOTINDIA
2025-09-04 12:38:58,335 - INFO - Fundamental analysis completed for ABBOTINDIA: 58 fields
2025-09-04 12:38:58,468 - INFO - Comprehensive data extracted for AARTIIND
2025-09-04 12:38:58,468 - INFO - Fundamental analysis completed for AARTIIND: 58 fields
2025-09-04 12:38:58,544 - INFO - Comprehensive data extracted for AAVAS
2025-09-04 12:38:58,574 - INFO - Fundamental analysis completed for AAVAS: 58 fields
2025-09-04 12:38:58,614 - INFO - Enhanced technical analysis completed for ABBOTINDIA: 52 fields
2025-09-04 12:38:58,666 - INFO - Enhanced technical analysis completed for AARTIIND: 52 fields
2025-09-04 12:38:58,761 - INFO - Enhanced technical analysis completed for AAVAS: 52 fields
2025-09-04 12:38:58,780 - INFO - Completed analysis for ABBOTINDIA: Score=42.4, Recommendation=WEAK SELL
2025-09-04 12:38:58,817 - INFO - Completed analysis for AARTIIND: Score=29.8, Recommendation=SELL
2025-09-04 12:38:58,848 - INFO - Completed analysis for AAVAS: Score=60.3, Recommendation=BUY
2025-09-04 12:38:59,393 - INFO - Comprehensive data extracted for ACE
2025-09-04 12:38:59,395 - INFO - Fundamental analysis completed for ACE: 58 fields
2025-09-04 12:38:59,482 - INFO - Comprehensive data extracted for ADANIENSOL
2025-09-04 12:38:59,484 - INFO - Fundamental analysis completed for ADANIENSOL: 58 fields
2025-09-04 12:38:59,551 - INFO - Enhanced technical analysis completed for ACE: 52 fields
2025-09-04 12:38:59,609 - INFO - Completed analysis for ACE: Score=26.0, Recommendation=SELL
2025-09-04 12:38:59,695 - INFO - Enhanced technical analysis completed for ADANIENSOL: 52 fields
2025-09-04 12:38:59,738 - INFO - Completed analysis for ADANIENSOL: Score=28.8, Recommendation=SELL
2025-09-04 12:39:05,305 - INFO - Comprehensive data extracted for ADANIGREEN
2025-09-04 12:39:05,307 - INFO - Fundamental analysis completed for ADANIGREEN: 58 fields
2025-09-04 12:39:05,417 - INFO - Enhanced technical analysis completed for ADANIGREEN: 52 fields
2025-09-04 12:39:05,450 - INFO - Completed analysis for ADANIGREEN: Score=41.0, Recommendation=WEAK SELL
2025-09-04 12:39:06,347 - INFO - Comprehensive data extracted for ADANIPOWER
2025-09-04 12:39:06,347 - INFO - Fundamental analysis completed for ADANIPOWER: 58 fields
2025-09-04 12:39:06,482 - INFO - Enhanced technical analysis completed for ADANIPOWER: 52 fields
2025-09-04 12:39:06,522 - INFO - Completed analysis for ADANIPOWER: Score=39.2, Recommendation=SELL
2025-09-04 12:39:06,852 - INFO - Comprehensive data extracted for ADANIENT
2025-09-04 12:39:06,857 - INFO - Fundamental analysis completed for ADANIENT: 58 fields
2025-09-04 12:39:07,000 - INFO - Enhanced technical analysis completed for ADANIENT: 52 fields
2025-09-04 12:39:07,061 - INFO - Completed analysis for ADANIENT: Score=28.6, Recommendation=SELL
2025-09-04 12:39:07,364 - INFO - Comprehensive data extracted for ADANIPORTS
2025-09-04 12:39:07,364 - INFO - Fundamental analysis completed for ADANIPORTS: 58 fields
2025-09-04 12:39:07,491 - INFO - Comprehensive data extracted for ATGL
2025-09-04 12:39:07,491 - INFO - Fundamental analysis completed for ATGL: 58 fields
2025-09-04 12:39:07,636 - INFO - Enhanced technical analysis completed for ATGL: 52 fields
2025-09-04 12:39:07,689 - INFO - Completed analysis for ATGL: Score=38.6, Recommendation=SELL
2025-09-04 12:39:07,781 - INFO - Enhanced technical analysis completed for ADANIPORTS: 52 fields
2025-09-04 12:39:07,834 - INFO - Completed analysis for ADANIPORTS: Score=48.1, Recommendation=WEAK SELL
2025-09-04 12:39:13,355 - INFO - Comprehensive data extracted for ABFRL
2025-09-04 12:39:13,365 - INFO - Fundamental analysis completed for ABFRL: 58 fields
2025-09-04 12:39:13,489 - INFO - Comprehensive data extracted for ABCAPITAL
2025-09-04 12:39:13,511 - INFO - Fundamental analysis completed for ABCAPITAL: 58 fields
2025-09-04 12:39:13,536 - INFO - Enhanced technical analysis completed for ABFRL: 52 fields
2025-09-04 12:39:13,580 - INFO - Completed analysis for ABFRL: Score=35.1, Recommendation=SELL
2025-09-04 12:39:13,739 - INFO - Enhanced technical analysis completed for ABCAPITAL: 52 fields
2025-09-04 12:39:13,782 - INFO - Completed analysis for ABCAPITAL: Score=44.2, Recommendation=WEAK SELL
2025-09-04 12:39:14,021 - INFO - Comprehensive data extracted for ABREL
2025-09-04 12:39:14,021 - INFO - Fundamental analysis completed for ABREL: 58 fields
2025-09-04 12:39:14,269 - INFO - Enhanced technical analysis completed for ABREL: 52 fields
2025-09-04 12:39:14,269 - INFO - Comprehensive data extracted for ABSLAMC
2025-09-04 12:39:14,273 - INFO - Fundamental analysis completed for ABSLAMC: 58 fields
2025-09-04 12:39:14,327 - INFO - Completed analysis for ABREL: Score=42.0, Recommendation=WEAK SELL
2025-09-04 12:39:14,401 - INFO - Comprehensive data extracted for AEGISLOG
2025-09-04 12:39:14,404 - INFO - Fundamental analysis completed for AEGISLOG: 58 fields
2025-09-04 12:39:14,480 - INFO - Enhanced technical analysis completed for ABSLAMC: 52 fields
2025-09-04 12:39:14,516 - INFO - Completed analysis for ABSLAMC: Score=43.6, Recommendation=WEAK SELL
2025-09-04 12:39:14,581 - INFO - Enhanced technical analysis completed for AEGISLOG: 52 fields
2025-09-04 12:39:14,625 - INFO - Completed analysis for AEGISLOG: Score=28.3, Recommendation=SELL
2025-09-04 12:39:20,187 - INFO - Comprehensive data extracted for AJANTPHARM
2025-09-04 12:39:20,194 - INFO - Comprehensive data extracted for AFFLE
2025-09-04 12:39:20,194 - INFO - Fundamental analysis completed for AJANTPHARM: 58 fields
2025-09-04 12:39:20,198 - INFO - Fundamental analysis completed for AFFLE: 58 fields
2025-09-04 12:39:20,225 - INFO - Comprehensive data extracted for AFCONS
2025-09-04 12:39:20,225 - INFO - Fundamental analysis completed for AFCONS: 58 fields
2025-09-04 12:39:20,512 - INFO - Enhanced technical analysis completed for AFFLE: 52 fields
2025-09-04 12:39:20,537 - INFO - Enhanced technical analysis completed for AJANTPHARM: 52 fields
2025-09-04 12:39:20,578 - INFO - Enhanced technical analysis completed for AFCONS: 52 fields
2025-09-04 12:39:20,661 - INFO - Completed analysis for AFFLE: Score=34.4, Recommendation=SELL
2025-09-04 12:39:20,681 - INFO - Completed analysis for AFCONS: Score=40.6, Recommendation=WEAK SELL
2025-09-04 12:39:20,690 - INFO - Completed analysis for AJANTPHARM: Score=38.2, Recommendation=SELL
2025-09-04 12:39:21,199 - INFO - Comprehensive data extracted for APLLTD
2025-09-04 12:39:21,199 - INFO - Fundamental analysis completed for APLLTD: 58 fields
2025-09-04 12:39:21,472 - INFO - Comprehensive data extracted for AKUMS
2025-09-04 12:39:21,493 - INFO - Fundamental analysis completed for AKUMS: 58 fields
2025-09-04 12:39:21,496 - INFO - Enhanced technical analysis completed for APLLTD: 52 fields
2025-09-04 12:39:21,541 - INFO - Completed analysis for APLLTD: Score=42.8, Recommendation=WEAK SELL
2025-09-04 12:39:21,739 - INFO - Enhanced technical analysis completed for AKUMS: 52 fields
2025-09-04 12:39:21,794 - INFO - Completed analysis for AKUMS: Score=36.1, Recommendation=SELL
2025-09-04 12:39:27,436 - INFO - Comprehensive data extracted for ALKEM
2025-09-04 12:39:27,454 - INFO - Comprehensive data extracted for ALKYLAMINE
2025-09-04 12:39:27,454 - INFO - Fundamental analysis completed for ALKEM: 58 fields
2025-09-04 12:39:27,454 - INFO - Fundamental analysis completed for ALKYLAMINE: 58 fields
2025-09-04 12:39:27,542 - INFO - Comprehensive data extracted for ALIVUS
2025-09-04 12:39:27,545 - INFO - Fundamental analysis completed for ALIVUS: 58 fields
2025-09-04 12:39:27,715 - INFO - Enhanced technical analysis completed for ALKYLAMINE: 52 fields
2025-09-04 12:39:27,750 - INFO - Enhanced technical analysis completed for ALKEM: 52 fields
2025-09-04 12:39:27,830 - INFO - Enhanced technical analysis completed for ALIVUS: 52 fields
2025-09-04 12:39:27,881 - INFO - Completed analysis for ALKYLAMINE: Score=42.6, Recommendation=WEAK SELL
2025-09-04 12:39:27,891 - INFO - Completed analysis for ALKEM: Score=44.4, Recommendation=WEAK SELL
2025-09-04 12:39:27,932 - INFO - Completed analysis for ALIVUS: Score=45.3, Recommendation=WEAK SELL
2025-09-04 12:39:28,548 - INFO - Comprehensive data extracted for ALOKINDS
2025-09-04 12:39:28,548 - INFO - Fundamental analysis completed for ALOKINDS: 58 fields
2025-09-04 12:39:28,692 - INFO - Enhanced technical analysis completed for ALOKINDS: 52 fields
2025-09-04 12:39:28,761 - INFO - Comprehensive data extracted for ARE&M
2025-09-04 12:39:28,761 - INFO - Fundamental analysis completed for ARE&M: 58 fields
2025-09-04 12:39:28,764 - INFO - Completed analysis for ALOKINDS: Score=63.4, Recommendation=BUY (VALUE)
2025-09-04 12:39:29,016 - INFO - Enhanced technical analysis completed for ARE&M: 52 fields
2025-09-04 12:39:29,069 - INFO - Completed analysis for ARE&M: Score=41.9, Recommendation=WEAK SELL
2025-09-04 12:39:34,666 - INFO - Comprehensive data extracted for ANANDRATHI
2025-09-04 12:39:34,666 - INFO - Fundamental analysis completed for ANANDRATHI: 58 fields
2025-09-04 12:39:34,740 - INFO - Comprehensive data extracted for AMBER
2025-09-04 12:39:34,769 - INFO - Fundamental analysis completed for AMBER: 58 fields
2025-09-04 12:39:34,836 - INFO - Enhanced technical analysis completed for ANANDRATHI: 52 fields
2025-09-04 12:39:34,859 - INFO - Comprehensive data extracted for AMBUJACEM
2025-09-04 12:39:34,877 - INFO - Fundamental analysis completed for AMBUJACEM: 58 fields
2025-09-04 12:39:34,959 - INFO - Enhanced technical analysis completed for AMBER: 52 fields
2025-09-04 12:39:34,966 - INFO - Completed analysis for ANANDRATHI: Score=45.0, Recommendation=WEAK SELL
2025-09-04 12:39:35,022 - INFO - Completed analysis for AMBER: Score=36.4, Recommendation=SELL
2025-09-04 12:39:35,187 - INFO - Enhanced technical analysis completed for AMBUJACEM: 52 fields
2025-09-04 12:39:35,230 - INFO - Completed analysis for AMBUJACEM: Score=49.6, Recommendation=WEAK SELL
2025-09-04 12:39:35,305 - INFO - Comprehensive data extracted for ANANTRAJ
2025-09-04 12:39:35,305 - INFO - Fundamental analysis completed for ANANTRAJ: 58 fields
2025-09-04 12:39:35,480 - INFO - Enhanced technical analysis completed for ANANTRAJ: 52 fields
2025-09-04 12:39:35,537 - INFO - Completed analysis for ANANTRAJ: Score=47.0, Recommendation=WEAK SELL
2025-09-04 12:39:35,643 - INFO - Comprehensive data extracted for ANGELONE
2025-09-04 12:39:35,643 - INFO - Fundamental analysis completed for ANGELONE: 58 fields
2025-09-04 12:39:35,890 - INFO - Enhanced technical analysis completed for ANGELONE: 52 fields
2025-09-04 12:39:35,949 - INFO - Completed analysis for ANGELONE: Score=38.0, Recommendation=SELL
2025-09-04 12:39:41,435 - INFO - Comprehensive data extracted for APOLLOHOSP
2025-09-04 12:39:41,435 - INFO - Fundamental analysis completed for APOLLOHOSP: 58 fields
2025-09-04 12:39:41,551 - INFO - Comprehensive data extracted for APOLLOTYRE
2025-09-04 12:39:41,551 - INFO - Fundamental analysis completed for APOLLOTYRE: 58 fields
2025-09-04 12:39:41,582 - INFO - Comprehensive data extracted for APARINDS
2025-09-04 12:39:41,584 - INFO - Fundamental analysis completed for APARINDS: 58 fields
2025-09-04 12:39:41,666 - INFO - Enhanced technical analysis completed for APOLLOHOSP: 52 fields
2025-09-04 12:39:41,779 - INFO - Enhanced technical analysis completed for APOLLOTYRE: 52 fields
2025-09-04 12:39:41,779 - INFO - Completed analysis for APOLLOHOSP: Score=42.8, Recommendation=WEAK SELL
2025-09-04 12:39:41,848 - INFO - Enhanced technical analysis completed for APARINDS: 52 fields
2025-09-04 12:39:41,891 - INFO - Completed analysis for APOLLOTYRE: Score=31.7, Recommendation=SELL
2025-09-04 12:39:41,923 - INFO - Completed analysis for APARINDS: Score=42.0, Recommendation=WEAK SELL
2025-09-04 12:39:42,310 - INFO - Comprehensive data extracted for APTUS
2025-09-04 12:39:42,313 - INFO - Fundamental analysis completed for APTUS: 58 fields
2025-09-04 12:39:42,441 - INFO - Enhanced technical analysis completed for APTUS: 52 fields
2025-09-04 12:39:42,466 - INFO - Comprehensive data extracted for ASAHIINDIA
2025-09-04 12:39:42,466 - INFO - Fundamental analysis completed for ASAHIINDIA: 58 fields
2025-09-04 12:39:42,497 - INFO - Completed analysis for APTUS: Score=57.9, Recommendation=HOLD
2025-09-04 12:39:42,784 - INFO - Enhanced technical analysis completed for ASAHIINDIA: 52 fields
2025-09-04 12:39:42,841 - INFO - Completed analysis for ASAHIINDIA: Score=24.0, Recommendation=SELL
2025-09-04 12:39:48,326 - INFO - Comprehensive data extracted for ASTERDM
2025-09-04 12:39:48,326 - INFO - Fundamental analysis completed for ASTERDM: 58 fields
2025-09-04 12:39:48,413 - INFO - Comprehensive data extracted for ASHOKLEY
2025-09-04 12:39:48,413 - INFO - Fundamental analysis completed for ASHOKLEY: 58 fields
2025-09-04 12:39:48,652 - INFO - Enhanced technical analysis completed for ASTERDM: 52 fields
2025-09-04 12:39:48,699 - INFO - Completed analysis for ASTERDM: Score=33.1, Recommendation=SELL
2025-09-04 12:39:48,863 - INFO - Enhanced technical analysis completed for ASHOKLEY: 52 fields
2025-09-04 12:39:48,913 - INFO - Completed analysis for ASHOKLEY: Score=40.0, Recommendation=WEAK SELL
2025-09-04 12:39:49,170 - INFO - Comprehensive data extracted for ASTRAZEN
2025-09-04 12:39:49,170 - INFO - Fundamental analysis completed for ASTRAZEN: 58 fields
2025-09-04 12:39:49,367 - INFO - Enhanced technical analysis completed for ASTRAZEN: 52 fields
2025-09-04 12:39:49,411 - INFO - Completed analysis for ASTRAZEN: Score=38.4, Recommendation=SELL
2025-09-04 12:39:49,694 - INFO - Comprehensive data extracted for ASTRAL
2025-09-04 12:39:49,695 - INFO - Fundamental analysis completed for ASTRAL: 58 fields
2025-09-04 12:39:49,847 - INFO - Enhanced technical analysis completed for ASTRAL: 52 fields
2025-09-04 12:39:49,897 - INFO - Completed analysis for ASTRAL: Score=27.7, Recommendation=SELL
2025-09-04 12:39:50,881 - INFO - Comprehensive data extracted for ASIANPAINT
2025-09-04 12:39:50,881 - INFO - Fundamental analysis completed for ASIANPAINT: 58 fields
2025-09-04 12:39:51,334 - INFO - Enhanced technical analysis completed for ASIANPAINT: 52 fields
2025-09-04 12:39:51,382 - INFO - Completed analysis for ASIANPAINT: Score=30.0, Recommendation=SELL
2025-09-04 12:39:56,920 - INFO - Comprehensive data extracted for ATUL
2025-09-04 12:39:56,951 - INFO - Comprehensive data extracted for AIIL
2025-09-04 12:39:56,952 - INFO - Fundamental analysis completed for ATUL: 58 fields
2025-09-04 12:39:56,952 - INFO - Fundamental analysis completed for AIIL: 58 fields
2025-09-04 12:39:57,235 - INFO - Comprehensive data extracted for AUROPHARMA
2025-09-04 12:39:57,278 - INFO - Fundamental analysis completed for AUROPHARMA: 58 fields
2025-09-04 12:39:57,280 - INFO - Enhanced technical analysis completed for ATUL: 52 fields
2025-09-04 12:39:57,316 - INFO - Enhanced technical analysis completed for AIIL: 52 fields
2025-09-04 12:39:57,385 - INFO - Completed analysis for AIIL: Score=43.6, Recommendation=WEAK SELL
2025-09-04 12:39:57,394 - INFO - Completed analysis for ATUL: Score=39.5, Recommendation=SELL
2025-09-04 12:39:57,457 - INFO - Enhanced technical analysis completed for AUROPHARMA: 52 fields
2025-09-04 12:39:57,497 - INFO - Completed analysis for AUROPHARMA: Score=49.6, Recommendation=WEAK SELL
2025-09-04 12:39:57,868 - INFO - Comprehensive data extracted for AXISBANK
2025-09-04 12:39:57,891 - INFO - Comprehensive data extracted for DMART
2025-09-04 12:39:57,892 - INFO - Fundamental analysis completed for AXISBANK: 58 fields
2025-09-04 12:39:57,903 - INFO - Fundamental analysis completed for DMART: 58 fields
2025-09-04 12:39:58,113 - INFO - Enhanced technical analysis completed for DMART: 52 fields
2025-09-04 12:39:58,189 - INFO - Completed analysis for DMART: Score=23.3, Recommendation=SELL
2025-09-04 12:39:58,215 - INFO - Enhanced technical analysis completed for AXISBANK: 52 fields
2025-09-04 12:39:58,267 - INFO - Completed analysis for AXISBANK: Score=69.8, Recommendation=BUY (VALUE)
2025-09-04 12:40:03,852 - INFO - Comprehensive data extracted for BEML
2025-09-04 12:40:03,852 - INFO - Fundamental analysis completed for BEML: 58 fields
2025-09-04 12:40:04,057 - INFO - Comprehensive data extracted for BLS
2025-09-04 12:40:04,088 - INFO - Fundamental analysis completed for BLS: 58 fields
2025-09-04 12:40:04,155 - INFO - Enhanced technical analysis completed for BEML: 52 fields
2025-09-04 12:40:04,212 - INFO - Completed analysis for BEML: Score=34.0, Recommendation=SELL
2025-09-04 12:40:04,232 - INFO - Comprehensive data extracted for BASF
2025-09-04 12:40:04,232 - INFO - Fundamental analysis completed for BASF: 58 fields
2025-09-04 12:40:04,322 - INFO - Enhanced technical analysis completed for BLS: 52 fields
2025-09-04 12:40:04,369 - INFO - Completed analysis for BLS: Score=43.1, Recommendation=WEAK SELL
2025-09-04 12:40:04,486 - INFO - Enhanced technical analysis completed for BASF: 52 fields
2025-09-04 12:40:04,530 - INFO - Completed analysis for BASF: Score=32.6, Recommendation=SELL
2025-09-04 12:40:05,133 - INFO - Comprehensive data extracted for BAJAJ-AUTO
2025-09-04 12:40:05,133 - INFO - Fundamental analysis completed for BAJAJ-AUTO: 58 fields
2025-09-04 12:40:05,242 - INFO - Comprehensive data extracted for BSE
2025-09-04 12:40:05,242 - INFO - Fundamental analysis completed for BSE: 58 fields
2025-09-04 12:40:05,367 - INFO - Enhanced technical analysis completed for BAJAJ-AUTO: 52 fields
2025-09-04 12:40:05,414 - INFO - Completed analysis for BAJAJ-AUTO: Score=41.4, Recommendation=WEAK SELL
2025-09-04 12:40:05,480 - INFO - Enhanced technical analysis completed for BSE: 52 fields
2025-09-04 12:40:05,546 - INFO - Completed analysis for BSE: Score=63.6, Recommendation=BUY
2025-09-04 12:40:11,108 - INFO - Comprehensive data extracted for BAJAJHLDNG
2025-09-04 12:40:11,108 - INFO - Fundamental analysis completed for BAJAJHLDNG: 58 fields
2025-09-04 12:40:11,269 - INFO - Comprehensive data extracted for BAJFINANCE
2025-09-04 12:40:11,271 - INFO - Fundamental analysis completed for BAJFINANCE: 58 fields
2025-09-04 12:40:11,374 - INFO - Enhanced technical analysis completed for BAJAJHLDNG: 52 fields
2025-09-04 12:40:11,423 - INFO - Completed analysis for BAJAJHLDNG: Score=75.8, Recommendation=STRONG BUY (UNDERVALUED)
2025-09-04 12:40:11,729 - INFO - Comprehensive data extracted for BAJAJFINSV
2025-09-04 12:40:11,733 - INFO - Fundamental analysis completed for BAJAJFINSV: 58 fields
2025-09-04 12:40:11,773 - INFO - Enhanced technical analysis completed for BAJFINANCE: 52 fields
2025-09-04 12:40:11,812 - INFO - Completed analysis for BAJFINANCE: Score=54.4, Recommendation=HOLD
2025-09-04 12:40:11,992 - INFO - Enhanced technical analysis completed for BAJAJFINSV: 52 fields
2025-09-04 12:40:12,020 - INFO - Comprehensive data extracted for BAJAJHFL
2025-09-04 12:40:12,020 - INFO - Fundamental analysis completed for BAJAJHFL: 58 fields
2025-09-04 12:40:12,073 - INFO - Completed analysis for BAJAJFINSV: Score=56.2, Recommendation=HOLD
2025-09-04 12:40:12,154 - INFO - Enhanced technical analysis completed for BAJAJHFL: 52 fields
2025-09-04 12:40:12,200 - INFO - Completed analysis for BAJAJHFL: Score=41.3, Recommendation=WEAK SELL
2025-09-04 12:40:12,363 - INFO - Comprehensive data extracted for BALKRISIND
2025-09-04 12:40:12,381 - INFO - Fundamental analysis completed for BALKRISIND: 58 fields
2025-09-04 12:40:12,608 - INFO - Enhanced technical analysis completed for BALKRISIND: 52 fields
2025-09-04 12:40:12,651 - INFO - Completed analysis for BALKRISIND: Score=33.0, Recommendation=SELL
2025-09-04 12:40:18,242 - INFO - Comprehensive data extracted for BANDHANBNK
2025-09-04 12:40:18,242 - INFO - Fundamental analysis completed for BANDHANBNK: 58 fields
2025-09-04 12:40:18,350 - INFO - Comprehensive data extracted for BANKBARODA
2025-09-04 12:40:18,350 - INFO - Fundamental analysis completed for BANKBARODA: 58 fields
2025-09-04 12:40:18,450 - INFO - Comprehensive data extracted for BALRAMCHIN
2025-09-04 12:40:18,450 - INFO - Enhanced technical analysis completed for BANDHANBNK: 52 fields
2025-09-04 12:40:18,452 - INFO - Fundamental analysis completed for BALRAMCHIN: 58 fields
2025-09-04 12:40:18,557 - INFO - Enhanced technical analysis completed for BANKBARODA: 52 fields
2025-09-04 12:40:18,596 - INFO - Completed analysis for BANDHANBNK: Score=65.9, Recommendation=BUY (VALUE)
2025-09-04 12:40:18,689 - INFO - Enhanced technical analysis completed for BALRAMCHIN: 52 fields
2025-09-04 12:40:18,720 - INFO - Completed analysis for BANKBARODA: Score=76.8, Recommendation=STRONG BUY (UNDERVALUED)
2025-09-04 12:40:18,781 - INFO - Completed analysis for BALRAMCHIN: Score=37.9, Recommendation=SELL
2025-09-04 12:40:19,297 - INFO - Comprehensive data extracted for MAHABANK
2025-09-04 12:40:19,297 - INFO - Fundamental analysis completed for MAHABANK: 58 fields
2025-09-04 12:40:19,457 - INFO - Comprehensive data extracted for BANKINDIA
2025-09-04 12:40:19,457 - INFO - Fundamental analysis completed for BANKINDIA: 58 fields
2025-09-04 12:40:19,537 - INFO - Enhanced technical analysis completed for MAHABANK: 52 fields
2025-09-04 12:40:19,601 - INFO - Completed analysis for MAHABANK: Score=85.0, Recommendation=STRONG BUY (UNDERVALUED)
2025-09-04 12:40:19,681 - INFO - Enhanced technical analysis completed for BANKINDIA: 52 fields
2025-09-04 12:40:19,744 - INFO - Completed analysis for BANKINDIA: Score=80.0, Recommendation=STRONG BUY (UNDERVALUED)
2025-09-04 12:40:25,328 - INFO - Comprehensive data extracted for BAYERCROP
2025-09-04 12:40:25,329 - INFO - Fundamental analysis completed for BAYERCROP: 58 fields
2025-09-04 12:40:25,366 - INFO - Comprehensive data extracted for BATAINDIA
2025-09-04 12:40:25,369 - INFO - Fundamental analysis completed for BATAINDIA: 58 fields
2025-09-04 12:40:25,478 - INFO - Comprehensive data extracted for BERGEPAINT
2025-09-04 12:40:25,478 - INFO - Fundamental analysis completed for BERGEPAINT: 58 fields
2025-09-04 12:40:25,559 - INFO - Enhanced technical analysis completed for BAYERCROP: 52 fields
2025-09-04 12:40:25,623 - INFO - Enhanced technical analysis completed for BATAINDIA: 52 fields
2025-09-04 12:40:25,662 - INFO - Completed analysis for BAYERCROP: Score=32.3, Recommendation=SELL
2025-09-04 12:40:25,735 - INFO - Completed analysis for BATAINDIA: Score=31.3, Recommendation=SELL
2025-09-04 12:40:25,763 - INFO - Enhanced technical analysis completed for BERGEPAINT: 52 fields
2025-09-04 12:40:25,904 - INFO - Completed analysis for BERGEPAINT: Score=32.6, Recommendation=SELL
2025-09-04 12:40:26,177 - INFO - Comprehensive data extracted for BDL
2025-09-04 12:40:26,179 - INFO - Fundamental analysis completed for BDL: 58 fields
2025-09-04 12:40:26,390 - INFO - Enhanced technical analysis completed for BDL: 52 fields
2025-09-04 12:40:26,474 - INFO - Completed analysis for BDL: Score=57.6, Recommendation=HOLD
2025-09-04 12:40:26,522 - INFO - Comprehensive data extracted for BEL
2025-09-04 12:40:26,522 - INFO - Fundamental analysis completed for BEL: 58 fields
2025-09-04 12:40:26,702 - INFO - Enhanced technical analysis completed for BEL: 52 fields
2025-09-04 12:40:26,768 - INFO - Completed analysis for BEL: Score=49.9, Recommendation=WEAK SELL
2025-09-04 12:40:32,397 - INFO - Comprehensive data extracted for BPCL
2025-09-04 12:40:32,397 - INFO - Fundamental analysis completed for BPCL: 58 fields
2025-09-04 12:40:32,422 - INFO - Comprehensive data extracted for BHARATFORG
2025-09-04 12:40:32,422 - INFO - Fundamental analysis completed for BHARATFORG: 58 fields
2025-09-04 12:40:32,623 - INFO - Enhanced technical analysis completed for BPCL: 52 fields
2025-09-04 12:40:32,723 - INFO - Completed analysis for BPCL: Score=56.6, Recommendation=HOLD
2025-09-04 12:40:32,788 - INFO - Enhanced technical analysis completed for BHARATFORG: 52 fields
2025-09-04 12:40:32,855 - INFO - Completed analysis for BHARATFORG: Score=33.8, Recommendation=SELL
2025-09-04 12:40:33,412 - INFO - Comprehensive data extracted for BHARTIARTL
2025-09-04 12:40:33,412 - INFO - Fundamental analysis completed for BHARTIARTL: 58 fields
2025-09-04 12:40:33,468 - INFO - Comprehensive data extracted for BHARTIHEXA
2025-09-04 12:40:33,470 - INFO - Fundamental analysis completed for BHARTIHEXA: 58 fields
2025-09-04 12:40:33,855 - INFO - Enhanced technical analysis completed for BHARTIARTL: 52 fields
2025-09-04 12:40:33,855 - INFO - Enhanced technical analysis completed for BHARTIHEXA: 52 fields
2025-09-04 12:40:33,939 - INFO - Completed analysis for BHARTIARTL: Score=50.2, Recommendation=HOLD
2025-09-04 12:40:33,970 - INFO - Completed analysis for BHARTIHEXA: Score=39.6, Recommendation=SELL
2025-09-04 12:40:34,739 - INFO - Comprehensive data extracted for BHEL
2025-09-04 12:40:34,741 - INFO - Fundamental analysis completed for BHEL: 58 fields
2025-09-04 12:40:34,953 - INFO - Enhanced technical analysis completed for BHEL: 52 fields
2025-09-04 12:40:35,011 - INFO - Completed analysis for BHEL: Score=30.3, Recommendation=SELL
2025-09-04 12:40:40,672 - INFO - Comprehensive data extracted for BIOCON
2025-09-04 12:40:40,674 - INFO - Fundamental analysis completed for BIOCON: 58 fields
2025-09-04 12:40:40,860 - INFO - Enhanced technical analysis completed for BIOCON: 52 fields
2025-09-04 12:40:40,933 - INFO - Completed analysis for BIOCON: Score=36.2, Recommendation=SELL
2025-09-04 12:40:41,063 - INFO - Comprehensive data extracted for BIKAJI
2025-09-04 12:40:41,064 - INFO - Fundamental analysis completed for BIKAJI: 58 fields
2025-09-04 12:40:41,239 - INFO - Enhanced technical analysis completed for BIKAJI: 52 fields
2025-09-04 12:40:41,302 - INFO - Completed analysis for BIKAJI: Score=31.8, Recommendation=SELL
2025-09-04 12:40:41,395 - INFO - Comprehensive data extracted for BLUEDART
2025-09-04 12:40:41,397 - INFO - Fundamental analysis completed for BLUEDART: 58 fields
2025-09-04 12:40:41,588 - INFO - Enhanced technical analysis completed for BLUEDART: 52 fields
2025-09-04 12:40:41,614 - INFO - Comprehensive data extracted for BSOFT
2025-09-04 12:40:41,614 - INFO - Fundamental analysis completed for BSOFT: 58 fields
2025-09-04 12:40:41,673 - INFO - Completed analysis for BLUEDART: Score=24.4, Recommendation=SELL
2025-09-04 12:40:41,856 - INFO - Enhanced technical analysis completed for BSOFT: 52 fields
2025-09-04 12:40:41,932 - INFO - Completed analysis for BSOFT: Score=41.5, Recommendation=WEAK SELL
2025-09-04 12:40:42,132 - INFO - Comprehensive data extracted for BLUESTARCO
2025-09-04 12:40:42,132 - INFO - Fundamental analysis completed for BLUESTARCO: 58 fields
2025-09-04 12:40:42,383 - INFO - Enhanced technical analysis completed for BLUESTARCO: 52 fields
2025-09-04 12:40:42,450 - INFO - Completed analysis for BLUESTARCO: Score=28.0, Recommendation=SELL
2025-09-04 12:40:47,910 - INFO - Comprehensive data extracted for FIRSTCRY
2025-09-04 12:40:47,910 - INFO - Fundamental analysis completed for FIRSTCRY: 58 fields
2025-09-04 12:40:47,968 - INFO - Comprehensive data extracted for BBTC
2025-09-04 12:40:47,984 - INFO - Fundamental analysis completed for BBTC: 58 fields
2025-09-04 12:40:48,095 - INFO - Enhanced technical analysis completed for FIRSTCRY: 52 fields
2025-09-04 12:40:48,198 - INFO - Completed analysis for FIRSTCRY: Score=33.6, Recommendation=SELL
2025-09-04 12:40:48,214 - INFO - Enhanced technical analysis completed for BBTC: 52 fields
2025-09-04 12:40:48,284 - INFO - Completed analysis for BBTC: Score=59.1, Recommendation=HOLD
2025-09-04 12:40:48,335 - INFO - Comprehensive data extracted for BOSCHLTD
2025-09-04 12:40:48,337 - INFO - Fundamental analysis completed for BOSCHLTD: 58 fields
2025-09-04 12:40:48,563 - INFO - Enhanced technical analysis completed for BOSCHLTD: 52 fields
2025-09-04 12:40:48,644 - INFO - Comprehensive data extracted for BRIGADE
2025-09-04 12:40:48,650 - INFO - Fundamental analysis completed for BRIGADE: 58 fields
2025-09-04 12:40:48,662 - INFO - Completed analysis for BOSCHLTD: Score=44.4, Recommendation=WEAK SELL
2025-09-04 12:40:48,832 - INFO - Enhanced technical analysis completed for BRIGADE: 52 fields
2025-09-04 12:40:48,851 - INFO - Comprehensive data extracted for BRITANNIA
2025-09-04 12:40:48,851 - INFO - Fundamental analysis completed for BRITANNIA: 58 fields
2025-09-04 12:40:48,901 - INFO - Completed analysis for BRIGADE: Score=43.1, Recommendation=WEAK SELL
2025-09-04 12:40:49,091 - INFO - Enhanced technical analysis completed for BRITANNIA: 52 fields
2025-09-04 12:40:49,151 - INFO - Completed analysis for BRITANNIA: Score=38.0, Recommendation=SELL
2025-09-04 12:40:54,751 - INFO - Comprehensive data extracted for CCL
2025-09-04 12:40:54,754 - INFO - Fundamental analysis completed for CCL: 58 fields
2025-09-04 12:40:54,780 - INFO - Comprehensive data extracted for MAPMYINDIA
2025-09-04 12:40:54,792 - INFO - Fundamental analysis completed for MAPMYINDIA: 58 fields
2025-09-04 12:40:54,963 - INFO - Enhanced technical analysis completed for CCL: 52 fields
2025-09-04 12:40:54,998 - INFO - Comprehensive data extracted for CESC
2025-09-04 12:40:55,004 - INFO - Fundamental analysis completed for CESC: 58 fields
2025-09-04 12:40:55,081 - INFO - Completed analysis for CCL: Score=43.8, Recommendation=WEAK SELL
2025-09-04 12:40:55,110 - INFO - Enhanced technical analysis completed for MAPMYINDIA: 52 fields
2025-09-04 12:40:55,177 - INFO - Completed analysis for MAPMYINDIA: Score=44.7, Recommendation=WEAK SELL
2025-09-04 12:40:55,231 - INFO - Enhanced technical analysis completed for CESC: 52 fields
2025-09-04 12:40:55,303 - INFO - Completed analysis for CESC: Score=52.3, Recommendation=HOLD
2025-09-04 12:40:55,680 - INFO - Comprehensive data extracted for CGPOWER
2025-09-04 12:40:55,680 - INFO - Fundamental analysis completed for CGPOWER: 58 fields
2025-09-04 12:40:55,698 - INFO - Comprehensive data extracted for CRISIL
2025-09-04 12:40:55,698 - INFO - Fundamental analysis completed for CRISIL: 58 fields
2025-09-04 12:40:55,880 - INFO - Enhanced technical analysis completed for CGPOWER: 52 fields
2025-09-04 12:40:56,012 - INFO - Completed analysis for CGPOWER: Score=40.0, Recommendation=WEAK SELL
2025-09-04 12:40:56,029 - INFO - Enhanced technical analysis completed for CRISIL: 52 fields
2025-09-04 12:40:56,108 - INFO - Completed analysis for CRISIL: Score=54.9, Recommendation=HOLD
2025-09-04 12:41:01,676 - INFO - Comprehensive data extracted for CANBK
2025-09-04 12:41:01,683 - INFO - Fundamental analysis completed for CANBK: 58 fields
2025-09-04 12:41:01,709 - INFO - Comprehensive data extracted for CANFINHOME
2025-09-04 12:41:01,715 - INFO - Fundamental analysis completed for CANFINHOME: 58 fields
2025-09-04 12:41:01,995 - INFO - Comprehensive data extracted for CAMPUS
2025-09-04 12:41:01,995 - INFO - Enhanced technical analysis completed for CANBK: 52 fields
2025-09-04 12:41:01,999 - INFO - Fundamental analysis completed for CAMPUS: 58 fields
2025-09-04 12:41:02,029 - INFO - Enhanced technical analysis completed for CANFINHOME: 52 fields
2025-09-04 12:41:02,139 - INFO - Completed analysis for CANBK: Score=87.6, Recommendation=STRONG BUY (UNDERVALUED)
2025-09-04 12:41:02,148 - INFO - Completed analysis for CANFINHOME: Score=63.8, Recommendation=BUY
2025-09-04 12:41:02,196 - INFO - Enhanced technical analysis completed for CAMPUS: 52 fields
2025-09-04 12:41:02,248 - INFO - Completed analysis for CAMPUS: Score=33.7, Recommendation=SELL
2025-09-04 12:41:02,631 - INFO - Comprehensive data extracted for CAPLIPOINT
2025-09-04 12:41:02,631 - INFO - Fundamental analysis completed for CAPLIPOINT: 58 fields
2025-09-04 12:41:02,695 - INFO - Comprehensive data extracted for CGCL
2025-09-04 12:41:02,695 - INFO - Fundamental analysis completed for CGCL: 58 fields
2025-09-04 12:41:02,854 - INFO - Enhanced technical analysis completed for CAPLIPOINT: 52 fields
2025-09-04 12:41:02,931 - INFO - Completed analysis for CAPLIPOINT: Score=59.3, Recommendation=HOLD
2025-09-04 12:41:03,026 - INFO - Enhanced technical analysis completed for CGCL: 52 fields
2025-09-04 12:41:03,122 - INFO - Completed analysis for CGCL: Score=48.1, Recommendation=WEAK SELL
2025-09-04 12:41:08,797 - INFO - Comprehensive data extracted for CASTROLIND
2025-09-04 12:41:08,797 - INFO - Fundamental analysis completed for CASTROLIND: 58 fields
2025-09-04 12:41:08,862 - INFO - Comprehensive data extracted for CARBORUNIV
2025-09-04 12:41:08,862 - INFO - Fundamental analysis completed for CARBORUNIV: 58 fields
2025-09-04 12:41:08,902 - INFO - Comprehensive data extracted for CEATLTD
2025-09-04 12:41:08,904 - INFO - Fundamental analysis completed for CEATLTD: 58 fields
2025-09-04 12:41:08,989 - INFO - Enhanced technical analysis completed for CASTROLIND: 52 fields
2025-09-04 12:41:09,051 - INFO - Completed analysis for CASTROLIND: Score=61.6, Recommendation=BUY
2025-09-04 12:41:09,133 - INFO - Enhanced technical analysis completed for CEATLTD: 52 fields
2025-09-04 12:41:09,192 - INFO - Enhanced technical analysis completed for CARBORUNIV: 52 fields
2025-09-04 12:41:09,229 - INFO - Completed analysis for CEATLTD: Score=36.3, Recommendation=SELL
2025-09-04 12:41:09,299 - INFO - Completed analysis for CARBORUNIV: Score=33.5, Recommendation=SELL
2025-09-04 12:41:09,569 - INFO - Comprehensive data extracted for CENTRALBK
2025-09-04 12:41:09,569 - INFO - Fundamental analysis completed for CENTRALBK: 58 fields
2025-09-04 12:41:09,772 - INFO - Enhanced technical analysis completed for CENTRALBK: 52 fields
2025-09-04 12:41:09,818 - INFO - Comprehensive data extracted for CDSL
2025-09-04 12:41:09,819 - INFO - Fundamental analysis completed for CDSL: 58 fields
2025-09-04 12:41:09,856 - INFO - Completed analysis for CENTRALBK: Score=90.7, Recommendation=STRONG BUY (UNDERVALUED)
2025-09-04 12:41:09,978 - INFO - Enhanced technical analysis completed for CDSL: 52 fields
2025-09-04 12:41:10,044 - INFO - Completed analysis for CDSL: Score=47.5, Recommendation=WEAK SELL
2025-09-04 12:41:15,652 - INFO - Comprehensive data extracted for CENTURYPLY
2025-09-04 12:41:15,668 - INFO - Fundamental analysis completed for CENTURYPLY: 58 fields
2025-09-04 12:41:15,874 - INFO - Comprehensive data extracted for CERA
2025-09-04 12:41:15,876 - INFO - Fundamental analysis completed for CERA: 58 fields
2025-09-04 12:41:15,974 - INFO - Comprehensive data extracted for CHALET
2025-09-04 12:41:15,974 - INFO - Fundamental analysis completed for CHALET: 58 fields
2025-09-04 12:41:16,126 - INFO - Enhanced technical analysis completed for CENTURYPLY: 52 fields
2025-09-04 12:41:16,174 - INFO - Enhanced technical analysis completed for CERA: 52 fields
2025-09-04 12:41:16,232 - INFO - Enhanced technical analysis completed for CHALET: 52 fields
2025-09-04 12:41:16,289 - INFO - Completed analysis for CENTURYPLY: Score=38.2, Recommendation=SELL
2025-09-04 12:41:16,328 - INFO - Completed analysis for CHALET: Score=33.5, Recommendation=SELL
2025-09-04 12:41:16,340 - INFO - Completed analysis for CERA: Score=33.9, Recommendation=SELL
2025-09-04 12:41:16,749 - INFO - Comprehensive data extracted for CHAMBLFERT
2025-09-04 12:41:16,749 - INFO - Fundamental analysis completed for CHAMBLFERT: 58 fields
2025-09-04 12:41:17,009 - INFO - Enhanced technical analysis completed for CHAMBLFERT: 52 fields
2025-09-04 12:41:17,090 - INFO - Comprehensive data extracted for CHENNPETRO
2025-09-04 12:41:17,096 - INFO - Completed analysis for CHAMBLFERT: Score=64.3, Recommendation=BUY
2025-09-04 12:41:17,096 - INFO - Fundamental analysis completed for CHENNPETRO: 58 fields
2025-09-04 12:41:17,253 - INFO - Enhanced technical analysis completed for CHENNPETRO: 52 fields
2025-09-04 12:41:17,302 - INFO - Completed analysis for CHENNPETRO: Score=45.7, Recommendation=WEAK SELL
2025-09-04 12:41:22,839 - INFO - Comprehensive data extracted for CIPLA
2025-09-04 12:41:22,840 - INFO - Fundamental analysis completed for CIPLA: 58 fields
2025-09-04 12:41:22,878 - INFO - Comprehensive data extracted for CHOLAHLDNG
2025-09-04 12:41:22,881 - INFO - Fundamental analysis completed for CHOLAHLDNG: 58 fields
2025-09-04 12:41:22,979 - INFO - Enhanced technical analysis completed for CIPLA: 52 fields
2025-09-04 12:41:23,077 - INFO - Comprehensive data extracted for CHOLAFIN
2025-09-04 12:41:23,102 - INFO - Fundamental analysis completed for CHOLAFIN: 58 fields
2025-09-04 12:41:23,110 - INFO - Enhanced technical analysis completed for CHOLAHLDNG: 52 fields
2025-09-04 12:41:23,133 - INFO - Completed analysis for CIPLA: Score=46.3, Recommendation=WEAK SELL
2025-09-04 12:41:23,166 - INFO - Completed analysis for CHOLAHLDNG: Score=55.6, Recommendation=HOLD
2025-09-04 12:41:23,409 - INFO - Enhanced technical analysis completed for CHOLAFIN: 52 fields
2025-09-04 12:41:23,468 - INFO - Completed analysis for CHOLAFIN: Score=43.9, Recommendation=WEAK SELL
2025-09-04 12:41:23,659 - INFO - Comprehensive data extracted for CLEAN
2025-09-04 12:41:23,659 - INFO - Fundamental analysis completed for CLEAN: 58 fields
2025-09-04 12:41:23,784 - INFO - Enhanced technical analysis completed for CLEAN: 52 fields
2025-09-04 12:41:23,812 - INFO - Comprehensive data extracted for CUB
2025-09-04 12:41:23,812 - INFO - Fundamental analysis completed for CUB: 58 fields
2025-09-04 12:41:23,849 - INFO - Completed analysis for CLEAN: Score=48.1, Recommendation=WEAK SELL
2025-09-04 12:41:24,145 - INFO - Enhanced technical analysis completed for CUB: 52 fields
2025-09-04 12:41:24,192 - INFO - Completed analysis for CUB: Score=77.8, Recommendation=STRONG BUY (UNDERVALUED)
2025-09-04 12:41:29,818 - INFO - Comprehensive data extracted for COFORGE
2025-09-04 12:41:29,819 - INFO - Fundamental analysis completed for COFORGE: 58 fields
2025-09-04 12:41:29,845 - INFO - Comprehensive data extracted for COALINDIA
2025-09-04 12:41:29,847 - INFO - Fundamental analysis completed for COALINDIA: 58 fields
2025-09-04 12:41:29,896 - INFO - Comprehensive data extracted for COCHINSHIP
2025-09-04 12:41:29,896 - INFO - Fundamental analysis completed for COCHINSHIP: 58 fields
2025-09-04 12:41:29,995 - INFO - Enhanced technical analysis completed for COALINDIA: 52 fields
2025-09-04 12:41:30,158 - INFO - Completed analysis for COALINDIA: Score=55.1, Recommendation=HOLD
2025-09-04 12:41:30,160 - INFO - Enhanced technical analysis completed for COFORGE: 52 fields
2025-09-04 12:41:30,160 - INFO - Enhanced technical analysis completed for COCHINSHIP: 52 fields
2025-09-04 12:41:30,250 - INFO - Completed analysis for COCHINSHIP: Score=45.3, Recommendation=WEAK SELL
2025-09-04 12:41:30,250 - INFO - Completed analysis for COFORGE: Score=38.9, Recommendation=SELL
2025-09-04 12:41:30,647 - INFO - Comprehensive data extracted for COLPAL
2025-09-04 12:41:30,647 - INFO - Fundamental analysis completed for COLPAL: 58 fields
2025-09-04 12:41:30,776 - INFO - Comprehensive data extracted for COHANCE
2025-09-04 12:41:30,776 - INFO - Fundamental analysis completed for COHANCE: 58 fields
2025-09-04 12:41:30,895 - INFO - Enhanced technical analysis completed for COLPAL: 52 fields
2025-09-04 12:41:30,950 - INFO - Enhanced technical analysis completed for COHANCE: 52 fields
2025-09-04 12:41:31,004 - INFO - Completed analysis for COHANCE: Score=33.1, Recommendation=SELL
2025-09-04 12:41:31,035 - INFO - Completed analysis for COLPAL: Score=30.5, Recommendation=SELL
2025-09-04 12:41:36,632 - INFO - Comprehensive data extracted for CAMS
2025-09-04 12:41:36,637 - INFO - Fundamental analysis completed for CAMS: 58 fields
2025-09-04 12:41:36,778 - INFO - Enhanced technical analysis completed for CAMS: 52 fields
2025-09-04 12:41:36,827 - INFO - Completed analysis for CAMS: Score=38.6, Recommendation=SELL
2025-09-04 12:41:36,965 - INFO - Comprehensive data extracted for CONCORDBIO
2025-09-04 12:41:36,965 - INFO - Fundamental analysis completed for CONCORDBIO: 58 fields
2025-09-04 12:41:37,006 - INFO - Comprehensive data extracted for CONCOR
2025-09-04 12:41:37,011 - INFO - Fundamental analysis completed for CONCOR: 58 fields
2025-09-04 12:41:37,233 - INFO - Enhanced technical analysis completed for CONCOR: 52 fields
2025-09-04 12:41:37,333 - INFO - Completed analysis for CONCOR: Score=36.2, Recommendation=SELL
2025-09-04 12:41:37,390 - INFO - Enhanced technical analysis completed for CONCORDBIO: 52 fields
2025-09-04 12:41:37,435 - INFO - Completed analysis for CONCORDBIO: Score=38.1, Recommendation=SELL
2025-09-04 12:41:37,584 - INFO - Comprehensive data extracted for COROMANDEL
2025-09-04 12:41:37,584 - INFO - Fundamental analysis completed for COROMANDEL: 58 fields
2025-09-04 12:41:37,940 - INFO - Comprehensive data extracted for CRAFTSMAN
2025-09-04 12:41:37,955 - INFO - Fundamental analysis completed for CRAFTSMAN: 58 fields
2025-09-04 12:41:38,029 - INFO - Enhanced technical analysis completed for COROMANDEL: 52 fields
2025-09-04 12:41:38,071 - INFO - Completed analysis for COROMANDEL: Score=39.3, Recommendation=SELL
2025-09-04 12:41:38,147 - INFO - Enhanced technical analysis completed for CRAFTSMAN: 52 fields
2025-09-04 12:41:38,187 - INFO - Completed analysis for CRAFTSMAN: Score=33.6, Recommendation=SELL
2025-09-04 12:41:44,209 - INFO - Comprehensive data extracted for CROMPTON
2025-09-04 12:41:44,225 - INFO - Fundamental analysis completed for CROMPTON: 58 fields
2025-09-04 12:41:44,465 - INFO - Enhanced technical analysis completed for CROMPTON: 52 fields
2025-09-04 12:41:44,514 - INFO - Completed analysis for CROMPTON: Score=28.3, Recommendation=SELL
2025-09-04 12:41:45,453 - INFO - Comprehensive data extracted for CYIENT
2025-09-04 12:41:45,470 - INFO - Fundamental analysis completed for CYIENT: 58 fields
2025-09-04 12:41:45,529 - INFO - Comprehensive data extracted for CUMMINSIND
2025-09-04 12:41:45,529 - INFO - Fundamental analysis completed for CUMMINSIND: 58 fields
2025-09-04 12:41:45,738 - INFO - Enhanced technical analysis completed for CYIENT: 52 fields
2025-09-04 12:41:45,796 - INFO - Completed analysis for CYIENT: Score=44.6, Recommendation=WEAK SELL
2025-09-04 12:41:46,239 - INFO - Enhanced technical analysis completed for CUMMINSIND: 52 fields
2025-09-04 12:41:46,308 - INFO - Comprehensive data extracted for DCMSHRIRAM
2025-09-04 12:41:46,311 - INFO - Fundamental analysis completed for DCMSHRIRAM: 58 fields
2025-09-04 12:41:46,327 - INFO - Completed analysis for CUMMINSIND: Score=58.8, Recommendation=HOLD
2025-09-04 12:41:46,972 - INFO - Enhanced technical analysis completed for DCMSHRIRAM: 52 fields
2025-09-04 12:41:47,027 - INFO - Completed analysis for DCMSHRIRAM: Score=43.7, Recommendation=WEAK SELL
2025-09-04 12:41:47,282 - INFO - Comprehensive data extracted for CREDITACC
2025-09-04 12:41:47,282 - INFO - Fundamental analysis completed for CREDITACC: 58 fields
2025-09-04 12:41:47,617 - INFO - Enhanced technical analysis completed for CREDITACC: 52 fields
2025-09-04 12:41:47,752 - INFO - Completed analysis for CREDITACC: Score=25.2, Recommendation=SELL
2025-09-04 12:41:53,359 - INFO - Comprehensive data extracted for DOMS
2025-09-04 12:41:53,361 - INFO - Fundamental analysis completed for DOMS: 58 fields
2025-09-04 12:41:53,502 - INFO - Enhanced technical analysis completed for DOMS: 52 fields
2025-09-04 12:41:53,527 - INFO - Comprehensive data extracted for DABUR
2025-09-04 12:41:53,538 - INFO - Fundamental analysis completed for DABUR: 58 fields
2025-09-04 12:41:53,571 - INFO - Completed analysis for DOMS: Score=42.9, Recommendation=WEAK SELL
2025-09-04 12:41:53,710 - INFO - Comprehensive data extracted for DLF
2025-09-04 12:41:53,710 - INFO - Fundamental analysis completed for DLF: 58 fields
2025-09-04 12:41:53,859 - INFO - Enhanced technical analysis completed for DLF: 52 fields
2025-09-04 12:41:53,946 - INFO - Enhanced technical analysis completed for DABUR: 52 fields
2025-09-04 12:41:53,981 - INFO - Completed analysis for DLF: Score=44.6, Recommendation=WEAK SELL
2025-09-04 12:41:54,020 - INFO - Completed analysis for DABUR: Score=33.9, Recommendation=SELL
2025-09-04 12:41:54,168 - INFO - Comprehensive data extracted for DALBHARAT
2025-09-04 12:41:54,171 - INFO - Fundamental analysis completed for DALBHARAT: 58 fields
2025-09-04 12:41:54,292 - INFO - Enhanced technical analysis completed for DALBHARAT: 52 fields
2025-09-04 12:41:54,328 - INFO - Completed analysis for DALBHARAT: Score=40.9, Recommendation=WEAK SELL
2025-09-04 12:41:55,099 - INFO - Comprehensive data extracted for DATAPATTNS
2025-09-04 12:41:55,117 - INFO - Fundamental analysis completed for DATAPATTNS: 58 fields
2025-09-04 12:41:55,385 - INFO - Enhanced technical analysis completed for DATAPATTNS: 52 fields
2025-09-04 12:41:55,469 - INFO - Completed analysis for DATAPATTNS: Score=41.0, Recommendation=WEAK SELL
2025-09-04 12:42:01,029 - INFO - Comprehensive data extracted for DEEPAKFERT
2025-09-04 12:42:01,029 - INFO - Fundamental analysis completed for DEEPAKFERT: 58 fields
2025-09-04 12:42:01,080 - INFO - Comprehensive data extracted for DELHIVERY
2025-09-04 12:42:01,094 - INFO - Fundamental analysis completed for DELHIVERY: 58 fields
2025-09-04 12:42:01,180 - INFO - Comprehensive data extracted for DEEPAKNTR
2025-09-04 12:42:01,182 - INFO - Fundamental analysis completed for DEEPAKNTR: 58 fields
2025-09-04 12:42:01,349 - INFO - Enhanced technical analysis completed for DELHIVERY: 52 fields
2025-09-04 12:42:01,349 - INFO - Enhanced technical analysis completed for DEEPAKFERT: 52 fields
2025-09-04 12:42:01,478 - INFO - Enhanced technical analysis completed for DEEPAKNTR: 52 fields
2025-09-04 12:42:01,496 - INFO - Completed analysis for DELHIVERY: Score=33.2, Recommendation=SELL
2025-09-04 12:42:01,496 - INFO - Completed analysis for DEEPAKFERT: Score=58.8, Recommendation=HOLD
2025-09-04 12:42:01,529 - INFO - Completed analysis for DEEPAKNTR: Score=28.0, Recommendation=SELL
2025-09-04 12:42:02,050 - INFO - Comprehensive data extracted for DIVISLAB
2025-09-04 12:42:02,050 - INFO - Fundamental analysis completed for DIVISLAB: 58 fields
2025-09-04 12:42:02,082 - INFO - Comprehensive data extracted for DEVYANI
2025-09-04 12:42:02,082 - INFO - Fundamental analysis completed for DEVYANI: 58 fields
2025-09-04 12:42:02,403 - INFO - Enhanced technical analysis completed for DIVISLAB: 52 fields
2025-09-04 12:42:02,403 - INFO - Enhanced technical analysis completed for DEVYANI: 52 fields
2025-09-04 12:42:02,455 - INFO - Completed analysis for DEVYANI: Score=23.3, Recommendation=SELL
2025-09-04 12:42:02,497 - INFO - Completed analysis for DIVISLAB: Score=57.1, Recommendation=HOLD
2025-09-04 12:42:08,240 - INFO - Comprehensive data extracted for LALPATHLAB
2025-09-04 12:42:08,240 - INFO - Fundamental analysis completed for LALPATHLAB: 58 fields
2025-09-04 12:42:08,300 - INFO - Comprehensive data extracted for DRREDDY
2025-09-04 12:42:08,300 - INFO - Fundamental analysis completed for DRREDDY: 58 fields
2025-09-04 12:42:08,375 - INFO - Enhanced technical analysis completed for LALPATHLAB: 52 fields
2025-09-04 12:42:08,454 - INFO - Completed analysis for LALPATHLAB: Score=43.5, Recommendation=WEAK SELL
2025-09-04 12:42:08,489 - INFO - Enhanced technical analysis completed for DRREDDY: 52 fields
2025-09-04 12:42:08,528 - INFO - Completed analysis for DRREDDY: Score=69.5, Recommendation=BUY
2025-09-04 12:42:08,584 - INFO - Comprehensive data extracted for DIXON
2025-09-04 12:42:08,584 - INFO - Fundamental analysis completed for DIXON: 58 fields
2025-09-04 12:42:08,731 - INFO - Enhanced technical analysis completed for DIXON: 52 fields
2025-09-04 12:42:08,883 - INFO - Completed analysis for DIXON: Score=43.0, Recommendation=WEAK SELL
2025-09-04 12:42:08,990 - ERROR - HTTP Error 404: 
2025-09-04 12:42:09,243 - INFO - Comprehensive data extracted for EIDPARRY
2025-09-04 12:42:09,243 - INFO - Fundamental analysis completed for EIDPARRY: 58 fields
2025-09-04 12:42:09,399 - INFO - Enhanced technical analysis completed for EIDPARRY: 52 fields
2025-09-04 12:42:09,805 - INFO - Completed analysis for EIDPARRY: Score=49.6, Recommendation=WEAK SELL
2025-09-04 12:42:10,706 - ERROR - $DUMMYDBRLT.NS: possibly delisted; no price data found  (period=1y) (Yahoo error = "No data found, symbol may be delisted")
2025-09-04 12:42:10,706 - INFO - Comprehensive data extracted for DUMMYDBRLT
2025-09-04 12:42:10,706 - INFO - Fundamental analysis completed for DUMMYDBRLT: 53 fields
2025-09-04 12:42:11,337 - ERROR - HTTP Error 404: 
2025-09-04 12:42:12,173 - ERROR - $DUMMYDBRLT.NS: possibly delisted; no price data found  (period=6mo) (Yahoo error = "No data found, symbol may be delisted")
2025-09-04 12:42:12,173 - WARNING - Enhanced technical analysis failed for DUMMYDBRLT
2025-09-04 12:42:13,135 - ERROR - $DUMMYDBRLT.NS: possibly delisted; no price data found  (period=1y) (Yahoo error = "No data found, symbol may be delisted")
2025-09-04 12:42:13,143 - INFO - Completed analysis for DUMMYDBRLT: Score=61.0, Recommendation=BUY (VALUE)
2025-09-04 12:42:18,720 - INFO - Comprehensive data extracted for EIHOTEL
2025-09-04 12:42:18,726 - INFO - Fundamental analysis completed for EIHOTEL: 58 fields
2025-09-04 12:42:18,956 - INFO - Comprehensive data extracted for EICHERMOT
2025-09-04 12:42:18,960 - INFO - Fundamental analysis completed for EICHERMOT: 58 fields
2025-09-04 12:42:18,986 - INFO - Enhanced technical analysis completed for EIHOTEL: 52 fields
2025-09-04 12:42:19,022 - INFO - Completed analysis for EIHOTEL: Score=34.3, Recommendation=SELL
2025-09-04 12:42:19,048 - INFO - Comprehensive data extracted for ELECON
2025-09-04 12:42:19,052 - INFO - Fundamental analysis completed for ELECON: 58 fields
2025-09-04 12:42:19,204 - INFO - Enhanced technical analysis completed for ELECON: 52 fields
2025-09-04 12:42:19,241 - INFO - Completed analysis for ELECON: Score=53.4, Recommendation=HOLD
2025-09-04 12:42:19,397 - INFO - Enhanced technical analysis completed for EICHERMOT: 52 fields
2025-09-04 12:42:19,439 - INFO - Completed analysis for EICHERMOT: Score=38.8, Recommendation=SELL
2025-09-04 12:42:19,874 - INFO - Comprehensive data extracted for EMAMILTD
2025-09-04 12:42:19,889 - INFO - Fundamental analysis completed for EMAMILTD: 58 fields
2025-09-04 12:42:19,926 - INFO - Comprehensive data extracted for ELGIEQUIP
2025-09-04 12:42:19,926 - INFO - Fundamental analysis completed for ELGIEQUIP: 58 fields
2025-09-04 12:44:06,350 - INFO - Enhanced technical analysis completed for EMAMILTD: 52 fields
2025-09-04 12:44:06,381 - INFO - Enhanced technical analysis completed for ELGIEQUIP: 52 fields
2025-09-04 12:44:06,750 - INFO - Completed analysis for ELGIEQUIP: Score=37.6, Recommendation=SELL
2025-09-04 12:44:06,752 - INFO - Completed analysis for EMAMILTD: Score=36.5, Recommendation=SELL
2025-09-04 12:44:12,251 - INFO - Comprehensive data extracted for EMCURE
2025-09-04 12:44:12,258 - INFO - Fundamental analysis completed for EMCURE: 58 fields
2025-09-04 12:44:12,323 - INFO - Comprehensive data extracted for ENGINERSIN
2025-09-04 12:44:12,323 - INFO - Fundamental analysis completed for ENGINERSIN: 58 fields
2025-09-04 12:44:12,419 - INFO - Enhanced technical analysis completed for EMCURE: 52 fields
2025-09-04 12:44:12,427 - INFO - Comprehensive data extracted for ENDURANCE
2025-09-04 12:44:12,427 - INFO - Fundamental analysis completed for ENDURANCE: 58 fields
2025-09-04 12:44:12,445 - INFO - Completed analysis for EMCURE: Score=35.6, Recommendation=SELL
2025-09-04 12:44:12,539 - INFO - Enhanced technical analysis completed for ENGINERSIN: 52 fields
2025-09-04 12:44:12,556 - INFO - Completed analysis for ENGINERSIN: Score=47.4, Recommendation=WEAK SELL
2025-09-04 12:44:12,788 - INFO - Enhanced technical analysis completed for ENDURANCE: 52 fields
2025-09-04 12:44:12,805 - INFO - Completed analysis for ENDURANCE: Score=36.6, Recommendation=SELL
2025-09-04 12:44:12,896 - INFO - Comprehensive data extracted for ERIS
2025-09-04 12:44:12,896 - INFO - Fundamental analysis completed for ERIS: 58 fields
2025-09-04 12:44:12,998 - INFO - Enhanced technical analysis completed for ERIS: 52 fields
2025-09-04 12:44:13,027 - INFO - Completed analysis for ERIS: Score=32.0, Recommendation=SELL
2025-09-04 12:44:13,054 - INFO - Comprehensive data extracted for ESCORTS
2025-09-04 12:44:13,054 - INFO - Fundamental analysis completed for ESCORTS: 58 fields
2025-09-04 12:44:13,437 - INFO - Enhanced technical analysis completed for ESCORTS: 52 fields
2025-09-04 12:44:13,459 - INFO - Completed analysis for ESCORTS: Score=45.9, Recommendation=WEAK SELL
2025-09-04 12:44:18,931 - INFO - Comprehensive data extracted for NYKAA
2025-09-04 12:44:18,940 - INFO - Fundamental analysis completed for NYKAA: 58 fields
2025-09-04 12:44:19,087 - INFO - Comprehensive data extracted for ETERNAL
2025-09-04 12:44:19,087 - INFO - Fundamental analysis completed for ETERNAL: 58 fields
2025-09-04 12:44:19,124 - INFO - Comprehensive data extracted for EXIDEIND
2025-09-04 12:44:19,124 - INFO - Fundamental analysis completed for EXIDEIND: 58 fields
2025-09-04 12:44:19,200 - INFO - Enhanced technical analysis completed for ETERNAL: 52 fields
2025-09-04 12:44:19,245 - INFO - Completed analysis for ETERNAL: Score=30.6, Recommendation=SELL
2025-09-04 12:44:19,359 - INFO - Enhanced technical analysis completed for NYKAA: 52 fields
2025-09-04 12:44:19,427 - INFO - Enhanced technical analysis completed for EXIDEIND: 52 fields
2025-09-04 12:44:19,462 - INFO - Completed analysis for NYKAA: Score=33.3, Recommendation=SELL
2025-09-04 12:44:19,491 - INFO - Completed analysis for EXIDEIND: Score=37.1, Recommendation=SELL
2025-09-04 12:44:19,824 - INFO - Comprehensive data extracted for FEDERALBNK
2025-09-04 12:44:19,840 - INFO - Fundamental analysis completed for FEDERALBNK: 58 fields
2025-09-04 12:44:20,113 - INFO - Enhanced technical analysis completed for FEDERALBNK: 52 fields
2025-09-04 12:44:20,136 - INFO - Comprehensive data extracted for FACT
2025-09-04 12:44:20,139 - INFO - Fundamental analysis completed for FACT: 58 fields
2025-09-04 12:44:20,193 - INFO - Completed analysis for FEDERALBNK: Score=67.7, Recommendation=BUY (VALUE)
2025-09-04 12:44:20,294 - INFO - Enhanced technical analysis completed for FACT: 52 fields
2025-09-04 12:44:20,347 - INFO - Completed analysis for FACT: Score=43.5, Recommendation=WEAK SELL
2025-09-04 12:44:25,904 - INFO - Comprehensive data extracted for FINPIPE
2025-09-04 12:44:25,906 - INFO - Fundamental analysis completed for FINPIPE: 58 fields
2025-09-04 12:44:25,970 - INFO - Comprehensive data extracted for FSL
2025-09-04 12:44:25,972 - INFO - Fundamental analysis completed for FSL: 58 fields
2025-09-04 12:44:26,062 - INFO - Enhanced technical analysis completed for FINPIPE: 52 fields
2025-09-04 12:44:26,121 - INFO - Enhanced technical analysis completed for FSL: 52 fields
2025-09-04 12:44:26,170 - INFO - Comprehensive data extracted for FINCABLES
2025-09-04 12:44:26,175 - INFO - Fundamental analysis completed for FINCABLES: 58 fields
2025-09-04 12:44:26,186 - INFO - Completed analysis for FINPIPE: Score=36.0, Recommendation=SELL
2025-09-04 12:44:26,225 - INFO - Completed analysis for FSL: Score=45.1, Recommendation=WEAK SELL
2025-09-04 12:44:26,506 - INFO - Enhanced technical analysis completed for FINCABLES: 52 fields
2025-09-04 12:44:26,549 - INFO - Completed analysis for FINCABLES: Score=60.9, Recommendation=BUY
2025-09-04 12:44:26,600 - INFO - Comprehensive data extracted for FORTIS
2025-09-04 12:44:26,600 - INFO - Fundamental analysis completed for FORTIS: 58 fields
2025-09-04 12:44:26,722 - INFO - Comprehensive data extracted for FIVESTAR
2025-09-04 12:44:26,724 - INFO - Fundamental analysis completed for FIVESTAR: 58 fields
2025-09-04 12:44:26,980 - INFO - Enhanced technical analysis completed for FIVESTAR: 52 fields
2025-09-04 12:44:27,035 - INFO - Enhanced technical analysis completed for FORTIS: 52 fields
2025-09-04 12:44:27,094 - INFO - Completed analysis for FIVESTAR: Score=56.4, Recommendation=HOLD
2025-09-04 12:44:27,107 - INFO - Completed analysis for FORTIS: Score=45.7, Recommendation=WEAK SELL
2025-09-04 12:44:32,705 - INFO - Comprehensive data extracted for GMRAIRPORT
2025-09-04 12:44:32,705 - INFO - Fundamental analysis completed for GMRAIRPORT: 58 fields
2025-09-04 12:44:32,795 - INFO - Comprehensive data extracted for GAIL
2025-09-04 12:44:32,814 - INFO - Fundamental analysis completed for GAIL: 58 fields
2025-09-04 12:44:32,859 - INFO - Enhanced technical analysis completed for GMRAIRPORT: 52 fields
2025-09-04 12:44:32,895 - INFO - Completed analysis for GMRAIRPORT: Score=52.1, Recommendation=HOLD
2025-09-04 12:44:32,970 - INFO - Comprehensive data extracted for GVT&D
2025-09-04 12:44:32,979 - INFO - Fundamental analysis completed for GVT&D: 58 fields
2025-09-04 12:44:33,143 - INFO - Enhanced technical analysis completed for GAIL: 52 fields
2025-09-04 12:44:33,184 - INFO - Enhanced technical analysis completed for GVT&D: 52 fields
2025-09-04 12:44:33,266 - INFO - Completed analysis for GVT&D: Score=42.7, Recommendation=WEAK SELL
2025-09-04 12:44:33,272 - INFO - Completed analysis for GAIL: Score=54.8, Recommendation=HOLD
2025-09-04 12:44:33,524 - INFO - Comprehensive data extracted for GRSE
2025-09-04 12:44:33,524 - INFO - Fundamental analysis completed for GRSE: 58 fields
2025-09-04 12:44:33,790 - INFO - Enhanced technical analysis completed for GRSE: 52 fields
2025-09-04 12:44:33,839 - INFO - Completed analysis for GRSE: Score=53.6, Recommendation=HOLD
2025-09-04 12:44:33,989 - INFO - Comprehensive data extracted for GICRE
2025-09-04 12:44:33,989 - INFO - Fundamental analysis completed for GICRE: 58 fields
2025-09-04 12:44:34,167 - INFO - Enhanced technical analysis completed for GICRE: 52 fields
2025-09-04 12:44:34,239 - INFO - Completed analysis for GICRE: Score=86.2, Recommendation=STRONG BUY (UNDERVALUED)
2025-09-04 12:44:39,875 - INFO - Comprehensive data extracted for GLAXO
2025-09-04 12:44:39,877 - INFO - Fundamental analysis completed for GLAXO: 58 fields
2025-09-04 12:44:40,042 - INFO - Comprehensive data extracted for GILLETTE
2025-09-04 12:44:40,042 - INFO - Fundamental analysis completed for GILLETTE: 58 fields
2025-09-04 12:44:40,082 - INFO - Enhanced technical analysis completed for GLAXO: 52 fields
2025-09-04 12:44:40,141 - INFO - Completed analysis for GLAXO: Score=45.4, Recommendation=WEAK SELL
2025-09-04 12:44:40,210 - INFO - Enhanced technical analysis completed for GILLETTE: 52 fields
2025-09-04 12:44:40,281 - INFO - Comprehensive data extracted for GLAND
2025-09-04 12:44:40,281 - INFO - Fundamental analysis completed for GLAND: 58 fields
2025-09-04 12:44:40,288 - INFO - Completed analysis for GILLETTE: Score=59.8, Recommendation=HOLD
2025-09-04 12:44:40,509 - INFO - Enhanced technical analysis completed for GLAND: 52 fields
2025-09-04 12:44:40,558 - INFO - Completed analysis for GLAND: Score=44.4, Recommendation=WEAK SELL
2025-09-04 12:44:40,785 - INFO - Comprehensive data extracted for GLENMARK
2025-09-04 12:44:40,787 - INFO - Fundamental analysis completed for GLENMARK: 58 fields
2025-09-04 12:44:41,053 - INFO - Enhanced technical analysis completed for GLENMARK: 52 fields
2025-09-04 12:44:41,075 - INFO - Comprehensive data extracted for MEDANTA
2025-09-04 12:44:41,076 - INFO - Fundamental analysis completed for MEDANTA: 58 fields
2025-09-04 12:44:41,113 - INFO - Completed analysis for GLENMARK: Score=33.6, Recommendation=SELL
2025-09-04 12:44:41,356 - INFO - Enhanced technical analysis completed for MEDANTA: 52 fields
2025-09-04 12:44:41,391 - INFO - Completed analysis for MEDANTA: Score=43.5, Recommendation=WEAK SELL
2025-09-04 12:44:47,003 - INFO - Comprehensive data extracted for GODFRYPHLP
2025-09-04 12:44:47,005 - INFO - Fundamental analysis completed for GODFRYPHLP: 58 fields
2025-09-04 12:44:47,037 - INFO - Comprehensive data extracted for GODIGIT
2025-09-04 12:44:47,037 - INFO - Fundamental analysis completed for GODIGIT: 58 fields
2025-09-04 12:44:47,184 - INFO - Enhanced technical analysis completed for GODIGIT: 52 fields
2025-09-04 12:44:47,253 - INFO - Completed analysis for GODIGIT: Score=26.2, Recommendation=SELL
2025-09-04 12:44:47,315 - INFO - Comprehensive data extracted for GPIL
2025-09-04 12:44:47,323 - INFO - Fundamental analysis completed for GPIL: 58 fields
2025-09-04 12:44:47,325 - INFO - Enhanced technical analysis completed for GODFRYPHLP: 52 fields
2025-09-04 12:44:47,372 - INFO - Completed analysis for GODFRYPHLP: Score=41.8, Recommendation=WEAK SELL
2025-09-04 12:44:47,526 - INFO - Enhanced technical analysis completed for GPIL: 52 fields
2025-09-04 12:44:47,579 - INFO - Completed analysis for GPIL: Score=43.9, Recommendation=WEAK SELL
2025-09-04 12:44:48,034 - INFO - Comprehensive data extracted for GODREJCP
2025-09-04 12:44:48,034 - INFO - Fundamental analysis completed for GODREJCP: 58 fields
2025-09-04 12:44:48,096 - INFO - Comprehensive data extracted for GODREJAGRO
2025-09-04 12:44:48,098 - INFO - Fundamental analysis completed for GODREJAGRO: 58 fields
2025-09-04 12:44:48,312 - INFO - Enhanced technical analysis completed for GODREJCP: 52 fields
2025-09-04 12:44:48,342 - INFO - Enhanced technical analysis completed for GODREJAGRO: 52 fields
2025-09-04 12:44:48,406 - INFO - Completed analysis for GODREJCP: Score=30.4, Recommendation=SELL
2025-09-04 12:44:48,434 - INFO - Completed analysis for GODREJAGRO: Score=31.7, Recommendation=SELL
2025-09-04 12:44:54,146 - INFO - Comprehensive data extracted for GODREJIND
2025-09-04 12:44:54,146 - INFO - Fundamental analysis completed for GODREJIND: 58 fields
2025-09-04 12:44:54,685 - INFO - Comprehensive data extracted for GODREJPROP
2025-09-04 12:44:54,721 - INFO - Fundamental analysis completed for GODREJPROP: 58 fields
2025-09-04 12:44:54,750 - INFO - Enhanced technical analysis completed for GODREJIND: 52 fields
2025-09-04 12:44:54,756 - INFO - Comprehensive data extracted for GRANULES
2025-09-04 12:44:54,760 - INFO - Fundamental analysis completed for GRANULES: 58 fields
2025-09-04 12:44:54,803 - INFO - Completed analysis for GODREJIND: Score=23.8, Recommendation=SELL
2025-09-04 12:44:54,892 - INFO - Enhanced technical analysis completed for GODREJPROP: 52 fields
2025-09-04 12:44:54,936 - INFO - Completed analysis for GODREJPROP: Score=28.9, Recommendation=SELL
2025-09-04 12:44:55,034 - INFO - Enhanced technical analysis completed for GRANULES: 52 fields
2025-09-04 12:44:55,075 - INFO - Completed analysis for GRANULES: Score=35.5, Recommendation=SELL
2025-09-04 12:44:55,418 - INFO - Comprehensive data extracted for GRASIM
2025-09-04 12:44:55,419 - INFO - Fundamental analysis completed for GRASIM: 58 fields
2025-09-04 12:44:55,492 - INFO - Comprehensive data extracted for GRAPHITE
2025-09-04 12:44:55,503 - INFO - Fundamental analysis completed for GRAPHITE: 58 fields
2025-09-04 12:44:55,709 - INFO - Enhanced technical analysis completed for GRASIM: 52 fields
2025-09-04 12:44:55,773 - INFO - Enhanced technical analysis completed for GRAPHITE: 52 fields
2025-09-04 12:44:55,846 - INFO - Completed analysis for GRASIM: Score=41.5, Recommendation=WEAK SELL
2025-09-04 12:44:55,848 - INFO - Completed analysis for GRAPHITE: Score=38.1, Recommendation=SELL
2025-09-04 12:45:01,497 - INFO - Comprehensive data extracted for GRAVITA
2025-09-04 12:45:01,497 - INFO - Fundamental analysis completed for GRAVITA: 58 fields
2025-09-04 12:45:01,541 - INFO - Comprehensive data extracted for FLUOROCHEM
2025-09-04 12:45:01,541 - INFO - Fundamental analysis completed for FLUOROCHEM: 58 fields
2025-09-04 12:45:01,688 - INFO - Comprehensive data extracted for GESHIP
2025-09-04 12:45:01,697 - INFO - Fundamental analysis completed for GESHIP: 58 fields
2025-09-04 12:45:01,697 - INFO - Enhanced technical analysis completed for FLUOROCHEM: 52 fields
2025-09-04 12:45:01,819 - INFO - Enhanced technical analysis completed for GRAVITA: 52 fields
2025-09-04 12:45:01,851 - INFO - Completed analysis for FLUOROCHEM: Score=34.7, Recommendation=SELL
2025-09-04 12:45:01,865 - INFO - Enhanced technical analysis completed for GESHIP: 52 fields
2025-09-04 12:45:01,908 - INFO - Completed analysis for GRAVITA: Score=36.3, Recommendation=SELL
2025-09-04 12:45:01,955 - INFO - Completed analysis for GESHIP: Score=61.7, Recommendation=BUY (VALUE)
2025-09-04 12:45:02,356 - INFO - Comprehensive data extracted for GUJGASLTD
2025-09-04 12:45:02,358 - INFO - Fundamental analysis completed for GUJGASLTD: 58 fields
2025-09-04 12:45:02,572 - INFO - Comprehensive data extracted for GMDCLTD
2025-09-04 12:45:02,572 - INFO - Fundamental analysis completed for GMDCLTD: 58 fields
2025-09-04 12:45:02,729 - INFO - Enhanced technical analysis completed for GMDCLTD: 52 fields
2025-09-04 12:45:02,809 - INFO - Enhanced technical analysis completed for GUJGASLTD: 52 fields
2025-09-04 12:45:02,847 - INFO - Completed analysis for GMDCLTD: Score=48.9, Recommendation=WEAK SELL
2025-09-04 12:45:02,880 - INFO - Completed analysis for GUJGASLTD: Score=35.5, Recommendation=SELL
2025-09-04 12:45:08,277 - INFO - Comprehensive data extracted for GSPL
2025-09-04 12:45:08,278 - INFO - Fundamental analysis completed for GSPL: 58 fields
2025-09-04 12:45:08,361 - INFO - Comprehensive data extracted for GPPL
2025-09-04 12:45:08,361 - INFO - Fundamental analysis completed for GPPL: 58 fields
2025-09-04 12:45:08,458 - INFO - Comprehensive data extracted for GNFC
2025-09-04 12:45:08,458 - INFO - Fundamental analysis completed for GNFC: 58 fields
2025-09-04 12:45:08,528 - INFO - Enhanced technical analysis completed for GSPL: 52 fields
2025-09-04 12:45:08,592 - INFO - Enhanced technical analysis completed for GPPL: 52 fields
2025-09-04 12:45:08,633 - INFO - Completed analysis for GSPL: Score=49.7, Recommendation=WEAK SELL
2025-09-04 12:45:08,696 - INFO - Completed analysis for GPPL: Score=44.5, Recommendation=WEAK SELL
2025-09-04 12:45:08,731 - INFO - Enhanced technical analysis completed for GNFC: 52 fields
2025-09-04 12:45:08,771 - INFO - Completed analysis for GNFC: Score=54.3, Recommendation=HOLD
2025-09-04 12:45:09,269 - INFO - Comprehensive data extracted for HBLENGINE
2025-09-04 12:45:09,269 - INFO - Fundamental analysis completed for HBLENGINE: 58 fields
2025-09-04 12:45:09,323 - INFO - Comprehensive data extracted for HEG
2025-09-04 12:45:09,323 - INFO - Fundamental analysis completed for HEG: 58 fields
2025-09-04 12:45:09,481 - INFO - Enhanced technical analysis completed for HEG: 52 fields
2025-09-04 12:45:09,572 - INFO - Enhanced technical analysis completed for HBLENGINE: 52 fields
2025-09-04 12:45:09,582 - INFO - Completed analysis for HEG: Score=49.6, Recommendation=WEAK SELL
2025-09-04 12:45:09,627 - INFO - Completed analysis for HBLENGINE: Score=45.7, Recommendation=WEAK SELL
2025-09-04 12:45:15,072 - INFO - Comprehensive data extracted for HDFCBANK
2025-09-04 12:45:15,072 - INFO - Fundamental analysis completed for HDFCBANK: 58 fields
2025-09-04 12:45:15,108 - INFO - Comprehensive data extracted for HDFCAMC
2025-09-04 12:45:15,125 - INFO - Fundamental analysis completed for HDFCAMC: 58 fields
2025-09-04 12:45:15,134 - INFO - Comprehensive data extracted for HCLTECH
2025-09-04 12:45:15,141 - INFO - Fundamental analysis completed for HCLTECH: 58 fields
2025-09-04 12:45:15,313 - INFO - Enhanced technical analysis completed for HDFCAMC: 52 fields
2025-09-04 12:45:15,425 - INFO - Enhanced technical analysis completed for HDFCBANK: 52 fields
2025-09-04 12:45:15,431 - INFO - Enhanced technical analysis completed for HCLTECH: 52 fields
2025-09-04 12:45:15,511 - INFO - Completed analysis for HDFCAMC: Score=43.4, Recommendation=WEAK SELL
2025-09-04 12:45:15,540 - INFO - Completed analysis for HDFCBANK: Score=65.1, Recommendation=BUY
2025-09-04 12:45:15,566 - INFO - Completed analysis for HCLTECH: Score=53.4, Recommendation=HOLD
2025-09-04 12:45:15,835 - INFO - Comprehensive data extracted for HDFCLIFE
2025-09-04 12:45:15,835 - INFO - Fundamental analysis completed for HDFCLIFE: 58 fields
2025-09-04 12:45:16,005 - INFO - Enhanced technical analysis completed for HDFCLIFE: 52 fields
2025-09-04 12:45:16,049 - INFO - Completed analysis for HDFCLIFE: Score=39.2, Recommendation=SELL
2025-09-04 12:45:16,552 - INFO - Comprehensive data extracted for HFCL
2025-09-04 12:45:16,552 - INFO - Fundamental analysis completed for HFCL: 58 fields
2025-09-04 12:45:16,770 - INFO - Enhanced technical analysis completed for HFCL: 52 fields
2025-09-04 12:45:16,814 - INFO - Completed analysis for HFCL: Score=28.1, Recommendation=SELL
2025-09-04 12:45:22,387 - INFO - Comprehensive data extracted for HEROMOTOCO
2025-09-04 12:45:22,387 - INFO - Fundamental analysis completed for HEROMOTOCO: 58 fields
2025-09-04 12:45:22,655 - INFO - Enhanced technical analysis completed for HEROMOTOCO: 52 fields
2025-09-04 12:45:22,734 - INFO - Completed analysis for HEROMOTOCO: Score=44.8, Recommendation=WEAK SELL
2025-09-04 12:45:22,879 - INFO - Comprehensive data extracted for HAVELLS
2025-09-04 12:45:22,879 - INFO - Fundamental analysis completed for HAVELLS: 58 fields
2025-09-04 12:45:23,069 - INFO - Enhanced technical analysis completed for HAVELLS: 52 fields
2025-09-04 12:45:23,121 - INFO - Completed analysis for HAVELLS: Score=30.9, Recommendation=SELL
2025-09-04 12:45:23,239 - INFO - Comprehensive data extracted for HSCL
2025-09-04 12:45:23,241 - INFO - Fundamental analysis completed for HSCL: 58 fields
2025-09-04 12:45:23,271 - INFO - Comprehensive data extracted for HAPPSTMNDS
2025-09-04 12:45:23,273 - INFO - Fundamental analysis completed for HAPPSTMNDS: 58 fields
2025-09-04 12:45:23,538 - INFO - Enhanced technical analysis completed for HAPPSTMNDS: 52 fields
2025-09-04 12:45:23,538 - INFO - Enhanced technical analysis completed for HSCL: 52 fields
2025-09-04 12:45:23,615 - INFO - Completed analysis for HSCL: Score=33.0, Recommendation=SELL
2025-09-04 12:45:23,616 - INFO - Completed analysis for HAPPSTMNDS: Score=46.9, Recommendation=WEAK SELL
2025-09-04 12:45:23,918 - INFO - Comprehensive data extracted for HINDALCO
2025-09-04 12:45:23,918 - INFO - Fundamental analysis completed for HINDALCO: 58 fields
2025-09-04 12:45:24,249 - INFO - Enhanced technical analysis completed for HINDALCO: 52 fields
2025-09-04 12:45:24,291 - INFO - Completed analysis for HINDALCO: Score=75.6, Recommendation=STRONG BUY (UNDERVALUED)
2025-09-04 12:45:29,939 - INFO - Comprehensive data extracted for HINDCOPPER
2025-09-04 12:45:29,939 - INFO - Fundamental analysis completed for HINDCOPPER: 58 fields
2025-09-04 12:45:30,014 - INFO - Comprehensive data extracted for HINDPETRO
2025-09-04 12:45:30,016 - INFO - Fundamental analysis completed for HINDPETRO: 58 fields
2025-09-04 12:45:30,040 - INFO - Comprehensive data extracted for HAL
2025-09-04 12:45:30,044 - INFO - Fundamental analysis completed for HAL: 58 fields
2025-09-04 12:45:30,161 - INFO - Enhanced technical analysis completed for HINDCOPPER: 52 fields
2025-09-04 12:45:30,211 - INFO - Completed analysis for HINDCOPPER: Score=41.2, Recommendation=WEAK SELL
2025-09-04 12:45:30,283 - INFO - Enhanced technical analysis completed for HAL: 52 fields
2025-09-04 12:45:30,362 - INFO - Completed analysis for HAL: Score=50.6, Recommendation=HOLD
2025-09-04 12:45:30,371 - INFO - Enhanced technical analysis completed for HINDPETRO: 52 fields
2025-09-04 12:45:30,421 - INFO - Completed analysis for HINDPETRO: Score=54.6, Recommendation=HOLD
2025-09-04 12:45:30,841 - INFO - Comprehensive data extracted for HINDUNILVR
2025-09-04 12:45:30,844 - INFO - Fundamental analysis completed for HINDUNILVR: 58 fields
2025-09-04 12:45:30,865 - INFO - Comprehensive data extracted for HINDZINC
2025-09-04 12:45:30,866 - INFO - Fundamental analysis completed for HINDZINC: 58 fields
2025-09-04 12:45:31,156 - INFO - Enhanced technical analysis completed for HINDZINC: 52 fields
2025-09-04 12:45:31,173 - INFO - Enhanced technical analysis completed for HINDUNILVR: 52 fields
2025-09-04 12:45:31,256 - INFO - Completed analysis for HINDUNILVR: Score=32.9, Recommendation=SELL
2025-09-04 12:45:31,264 - INFO - Completed analysis for HINDZINC: Score=53.8, Recommendation=HOLD
2025-09-04 12:45:36,820 - INFO - Comprehensive data extracted for HONASA
2025-09-04 12:45:36,820 - INFO - Fundamental analysis completed for HONASA: 58 fields
2025-09-04 12:45:36,948 - INFO - Enhanced technical analysis completed for HONASA: 52 fields
2025-09-04 12:45:36,976 - INFO - Comprehensive data extracted for POWERINDIA
2025-09-04 12:45:36,978 - INFO - Fundamental analysis completed for POWERINDIA: 58 fields
2025-09-04 12:45:37,025 - INFO - Completed analysis for HONASA: Score=25.7, Recommendation=SELL
2025-09-04 12:45:37,117 - INFO - Comprehensive data extracted for HOMEFIRST
2025-09-04 12:45:37,125 - INFO - Fundamental analysis completed for HOMEFIRST: 58 fields
2025-09-04 12:45:37,141 - INFO - Enhanced technical analysis completed for POWERINDIA: 52 fields
2025-09-04 12:45:37,190 - INFO - Completed analysis for POWERINDIA: Score=37.2, Recommendation=SELL
2025-09-04 12:45:37,301 - INFO - Enhanced technical analysis completed for HOMEFIRST: 52 fields
2025-09-04 12:45:37,348 - INFO - Completed analysis for HOMEFIRST: Score=48.0, Recommendation=WEAK SELL
2025-09-04 12:45:37,684 - INFO - Comprehensive data extracted for HONAUT
2025-09-04 12:45:37,700 - INFO - Comprehensive data extracted for HUDCO
2025-09-04 12:45:37,700 - INFO - Fundamental analysis completed for HONAUT: 58 fields
2025-09-04 12:45:37,700 - INFO - Fundamental analysis completed for HUDCO: 58 fields
2025-09-04 12:45:37,880 - INFO - Enhanced technical analysis completed for HUDCO: 52 fields
2025-09-04 12:45:37,978 - INFO - Enhanced technical analysis completed for HONAUT: 52 fields
2025-09-04 12:45:37,983 - INFO - Completed analysis for HUDCO: Score=66.7, Recommendation=BUY
2025-09-04 12:45:38,034 - INFO - Completed analysis for HONAUT: Score=24.3, Recommendation=SELL
2025-09-04 12:45:43,574 - INFO - Comprehensive data extracted for ICICIBANK
2025-09-04 12:45:43,574 - INFO - Fundamental analysis completed for ICICIBANK: 58 fields
2025-09-04 12:45:43,629 - INFO - Comprehensive data extracted for HYUNDAI
2025-09-04 12:45:43,629 - INFO - Fundamental analysis completed for HYUNDAI: 58 fields
2025-09-04 12:45:43,739 - INFO - Enhanced technical analysis completed for HYUNDAI: 52 fields
2025-09-04 12:45:43,794 - INFO - Completed analysis for HYUNDAI: Score=29.6, Recommendation=SELL
2025-09-04 12:45:43,854 - INFO - Comprehensive data extracted for ICICIGI
2025-09-04 12:45:43,863 - INFO - Fundamental analysis completed for ICICIGI: 58 fields
2025-09-04 12:45:43,901 - INFO - Enhanced technical analysis completed for ICICIBANK: 52 fields
2025-09-04 12:45:43,948 - INFO - Completed analysis for ICICIBANK: Score=74.5, Recommendation=STRONG BUY
2025-09-04 12:45:44,134 - INFO - Enhanced technical analysis completed for ICICIGI: 52 fields
2025-09-04 12:45:44,189 - INFO - Completed analysis for ICICIGI: Score=59.3, Recommendation=HOLD
2025-09-04 12:45:44,300 - INFO - Comprehensive data extracted for ICICIPRULI
2025-09-04 12:45:44,300 - INFO - Fundamental analysis completed for ICICIPRULI: 58 fields
2025-09-04 12:45:44,444 - INFO - Enhanced technical analysis completed for ICICIPRULI: 52 fields
2025-09-04 12:45:44,501 - INFO - Completed analysis for ICICIPRULI: Score=44.3, Recommendation=WEAK SELL
2025-09-04 12:45:44,973 - INFO - Comprehensive data extracted for IDBI
2025-09-04 12:45:44,983 - INFO - Fundamental analysis completed for IDBI: 58 fields
2025-09-04 12:45:45,359 - INFO - Enhanced technical analysis completed for IDBI: 52 fields
2025-09-04 12:45:45,407 - INFO - Completed analysis for IDBI: Score=80.9, Recommendation=STRONG BUY (UNDERVALUED)
2025-09-04 12:45:51,017 - INFO - Comprehensive data extracted for IIFL
2025-09-04 12:45:51,020 - INFO - Fundamental analysis completed for IIFL: 58 fields
2025-09-04 12:45:51,154 - INFO - Enhanced technical analysis completed for IIFL: 52 fields
2025-09-04 12:45:51,190 - INFO - Completed analysis for IIFL: Score=29.6, Recommendation=SELL
2025-09-04 12:45:51,254 - INFO - Comprehensive data extracted for IDFCFIRSTB
2025-09-04 12:45:51,259 - INFO - Fundamental analysis completed for IDFCFIRSTB: 58 fields
2025-09-04 12:45:51,500 - INFO - Comprehensive data extracted for IFCI
2025-09-04 12:45:51,507 - INFO - Fundamental analysis completed for IFCI: 58 fields
2025-09-04 12:45:51,507 - INFO - Enhanced technical analysis completed for IDFCFIRSTB: 52 fields
2025-09-04 12:45:51,554 - INFO - Completed analysis for IDFCFIRSTB: Score=54.8, Recommendation=HOLD
2025-09-04 12:45:51,774 - INFO - Enhanced technical analysis completed for IFCI: 52 fields
2025-09-04 12:45:51,825 - INFO - Completed analysis for IFCI: Score=40.0, Recommendation=SELL
2025-09-04 12:45:51,912 - INFO - Comprehensive data extracted for INOXINDIA
2025-09-04 12:45:51,912 - INFO - Fundamental analysis completed for INOXINDIA: 58 fields
2025-09-04 12:45:52,054 - INFO - Enhanced technical analysis completed for INOXINDIA: 52 fields
2025-09-04 12:45:52,108 - INFO - Completed analysis for INOXINDIA: Score=41.5, Recommendation=WEAK SELL
2025-09-04 12:45:52,124 - INFO - Comprehensive data extracted for IRB
2025-09-04 12:45:52,124 - INFO - Fundamental analysis completed for IRB: 58 fields
2025-09-04 12:45:52,440 - INFO - Enhanced technical analysis completed for IRB: 52 fields
2025-09-04 12:45:52,493 - INFO - Completed analysis for IRB: Score=66.6, Recommendation=BUY (VALUE)
2025-09-04 12:45:58,018 - INFO - Comprehensive data extracted for ITC
2025-09-04 12:45:58,043 - INFO - Fundamental analysis completed for ITC: 58 fields
2025-09-04 12:45:58,256 - INFO - Comprehensive data extracted for ITI
2025-09-04 12:45:58,256 - INFO - Fundamental analysis completed for ITI: 58 fields
2025-09-04 12:45:58,278 - INFO - Comprehensive data extracted for IRCON
2025-09-04 12:45:58,288 - INFO - Fundamental analysis completed for IRCON: 58 fields
2025-09-04 12:45:58,362 - INFO - Enhanced technical analysis completed for ITC: 52 fields
2025-09-04 12:45:58,438 - INFO - Enhanced technical analysis completed for ITI: 52 fields
2025-09-04 12:45:58,523 - INFO - Completed analysis for ITC: Score=55.0, Recommendation=HOLD
2025-09-04 12:45:58,523 - INFO - Enhanced technical analysis completed for IRCON: 52 fields
2025-09-04 12:45:58,559 - INFO - Completed analysis for ITI: Score=26.1, Recommendation=SELL
2025-09-04 12:45:58,599 - INFO - Completed analysis for IRCON: Score=38.0, Recommendation=SELL
2025-09-04 12:45:58,909 - INFO - Comprehensive data extracted for INDGN
2025-09-04 12:45:58,909 - INFO - Fundamental analysis completed for INDGN: 58 fields
2025-09-04 12:45:59,028 - INFO - Enhanced technical analysis completed for INDGN: 52 fields
2025-09-04 12:45:59,071 - INFO - Completed analysis for INDGN: Score=36.8, Recommendation=SELL
2025-09-04 12:45:59,282 - INFO - Comprehensive data extracted for INDIACEM
2025-09-04 12:45:59,282 - INFO - Fundamental analysis completed for INDIACEM: 58 fields
2025-09-04 12:45:59,566 - INFO - Enhanced technical analysis completed for INDIACEM: 52 fields
2025-09-04 12:45:59,618 - INFO - Completed analysis for INDIACEM: Score=35.4, Recommendation=SELL
2025-09-04 12:46:05,075 - INFO - Comprehensive data extracted for INDIAMART
2025-09-04 12:46:05,075 - INFO - Fundamental analysis completed for INDIAMART: 58 fields
2025-09-04 12:46:05,354 - INFO - Comprehensive data extracted for INDIANB
2025-09-04 12:46:05,362 - INFO - Fundamental analysis completed for INDIANB: 58 fields
2025-09-04 12:46:05,389 - INFO - Comprehensive data extracted for IEX
2025-09-04 12:46:05,396 - INFO - Fundamental analysis completed for IEX: 58 fields
2025-09-04 12:46:05,396 - INFO - Enhanced technical analysis completed for INDIAMART: 52 fields
2025-09-04 12:46:05,457 - INFO - Completed analysis for INDIAMART: Score=63.5, Recommendation=BUY
2025-09-04 12:46:05,576 - INFO - Enhanced technical analysis completed for INDIANB: 52 fields
2025-09-04 12:46:05,702 - INFO - Enhanced technical analysis completed for IEX: 52 fields
2025-09-04 12:46:05,746 - INFO - Completed analysis for IEX: Score=56.8, Recommendation=HOLD
2025-09-04 12:46:05,877 - INFO - Completed analysis for INDIANB: Score=88.5, Recommendation=STRONG BUY (UNDERVALUED)
2025-09-04 12:46:05,960 - INFO - Comprehensive data extracted for INDHOTEL
2025-09-04 12:46:05,960 - INFO - Fundamental analysis completed for INDHOTEL: 58 fields
2025-09-04 12:46:06,235 - INFO - Enhanced technical analysis completed for INDHOTEL: 52 fields
2025-09-04 12:46:06,286 - INFO - Completed analysis for INDHOTEL: Score=52.8, Recommendation=HOLD
2025-09-04 12:46:06,408 - INFO - Comprehensive data extracted for IOC
2025-09-04 12:46:06,408 - INFO - Fundamental analysis completed for IOC: 58 fields
2025-09-04 12:46:06,756 - INFO - Enhanced technical analysis completed for IOC: 52 fields
2025-09-04 12:46:06,805 - INFO - Completed analysis for IOC: Score=57.1, Recommendation=HOLD
2025-09-04 12:46:12,381 - INFO - Comprehensive data extracted for IRFC
2025-09-04 12:46:12,383 - INFO - Fundamental analysis completed for IRFC: 58 fields
2025-09-04 12:46:12,505 - INFO - Comprehensive data extracted for IOB
2025-09-04 12:46:12,505 - INFO - Fundamental analysis completed for IOB: 58 fields
2025-09-04 12:46:12,639 - INFO - Enhanced technical analysis completed for IRFC: 52 fields
2025-09-04 12:46:12,673 - INFO - Enhanced technical analysis completed for IOB: 52 fields
2025-09-04 12:46:12,723 - INFO - Completed analysis for IOB: Score=70.9, Recommendation=STRONG BUY
2025-09-04 12:46:12,757 - INFO - Completed analysis for IRFC: Score=72.3, Recommendation=STRONG BUY
2025-09-04 12:46:13,190 - INFO - Comprehensive data extracted for IGL
2025-09-04 12:46:13,190 - INFO - Fundamental analysis completed for IGL: 58 fields
2025-09-04 12:46:13,503 - INFO - Comprehensive data extracted for IREDA
2025-09-04 12:46:13,512 - INFO - Fundamental analysis completed for IREDA: 58 fields
2025-09-04 12:46:13,551 - INFO - Enhanced technical analysis completed for IGL: 52 fields
2025-09-04 12:46:13,614 - INFO - Completed analysis for IGL: Score=54.9, Recommendation=HOLD
2025-09-04 12:46:13,743 - INFO - Enhanced technical analysis completed for IREDA: 52 fields
2025-09-04 12:46:13,787 - INFO - Completed analysis for IREDA: Score=51.9, Recommendation=HOLD
2025-09-04 12:46:14,712 - INFO - Comprehensive data extracted for IRCTC
2025-09-04 12:46:14,712 - INFO - Fundamental analysis completed for IRCTC: 58 fields
2025-09-04 12:46:15,045 - INFO - Enhanced technical analysis completed for IRCTC: 52 fields
2025-09-04 12:46:15,120 - INFO - Completed analysis for IRCTC: Score=36.6, Recommendation=SELL
2025-09-04 12:46:20,791 - INFO - Comprehensive data extracted for INDUSINDBK
2025-09-04 12:46:20,793 - INFO - Fundamental analysis completed for INDUSINDBK: 58 fields
2025-09-04 12:46:20,939 - INFO - Enhanced technical analysis completed for INDUSINDBK: 52 fields
2025-09-04 12:46:20,991 - INFO - Completed analysis for INDUSINDBK: Score=49.5, Recommendation=WEAK SELL
2025-09-04 12:46:21,060 - INFO - Comprehensive data extracted for INDUSTOWER
2025-09-04 12:46:21,064 - INFO - Fundamental analysis completed for INDUSTOWER: 58 fields
2025-09-04 12:46:21,304 - INFO - Enhanced technical analysis completed for INDUSTOWER: 52 fields
2025-09-04 12:46:21,342 - INFO - Comprehensive data extracted for NAUKRI
2025-09-04 12:46:21,342 - INFO - Fundamental analysis completed for NAUKRI: 58 fields
2025-09-04 12:46:21,378 - INFO - Completed analysis for INDUSTOWER: Score=63.9, Recommendation=BUY (VALUE)
2025-09-04 12:46:21,650 - INFO - Comprehensive data extracted for INFY
2025-09-04 12:46:21,650 - INFO - Fundamental analysis completed for INFY: 58 fields
2025-09-04 12:46:21,707 - INFO - Enhanced technical analysis completed for NAUKRI: 52 fields
2025-09-04 12:46:21,756 - INFO - Completed analysis for NAUKRI: Score=50.5, Recommendation=HOLD
2025-09-04 12:46:21,827 - INFO - Enhanced technical analysis completed for INFY: 52 fields
2025-09-04 12:46:21,870 - INFO - Completed analysis for INFY: Score=59.3, Recommendation=HOLD
2025-09-04 12:46:22,043 - INFO - Comprehensive data extracted for INOXWIND
2025-09-04 12:46:22,059 - INFO - Fundamental analysis completed for INOXWIND: 58 fields
2025-09-04 12:46:22,327 - INFO - Enhanced technical analysis completed for INOXWIND: 52 fields
2025-09-04 12:46:22,366 - INFO - Completed analysis for INOXWIND: Score=44.8, Recommendation=WEAK SELL
2025-09-04 12:46:28,037 - INFO - Comprehensive data extracted for IGIL
2025-09-04 12:46:28,037 - INFO - Fundamental analysis completed for IGIL: 58 fields
2025-09-04 12:46:28,170 - INFO - Enhanced technical analysis completed for IGIL: 52 fields
2025-09-04 12:46:28,243 - INFO - Comprehensive data extracted for INTELLECT
2025-09-04 12:46:28,245 - INFO - Fundamental analysis completed for INTELLECT: 58 fields
2025-09-04 12:46:28,252 - INFO - Completed analysis for IGIL: Score=52.7, Recommendation=HOLD
2025-09-04 12:46:28,422 - INFO - Enhanced technical analysis completed for INTELLECT: 52 fields
2025-09-04 12:46:28,487 - INFO - Completed analysis for INTELLECT: Score=40.5, Recommendation=WEAK SELL
2025-09-04 12:46:28,627 - INFO - Comprehensive data extracted for INDIGO
2025-09-04 12:46:28,627 - INFO - Fundamental analysis completed for INDIGO: 58 fields
2025-09-04 12:46:29,001 - INFO - Enhanced technical analysis completed for INDIGO: 52 fields
2025-09-04 12:46:29,048 - INFO - Completed analysis for INDIGO: Score=28.3, Recommendation=SELL
2025-09-04 12:46:29,345 - INFO - Comprehensive data extracted for IKS
2025-09-04 12:46:29,347 - INFO - Fundamental analysis completed for IKS: 58 fields
2025-09-04 12:46:29,367 - INFO - Comprehensive data extracted for IPCALAB
2025-09-04 12:46:29,367 - INFO - Fundamental analysis completed for IPCALAB: 58 fields
2025-09-04 12:46:29,587 - INFO - Enhanced technical analysis completed for IPCALAB: 52 fields
2025-09-04 12:46:29,645 - INFO - Completed analysis for IPCALAB: Score=37.3, Recommendation=SELL
2025-09-04 12:46:29,753 - INFO - Enhanced technical analysis completed for IKS: 52 fields
2025-09-04 12:46:29,792 - INFO - Completed analysis for IKS: Score=37.2, Recommendation=SELL
2025-09-04 12:46:35,460 - INFO - Comprehensive data extracted for JKCEMENT
2025-09-04 12:46:35,460 - INFO - Fundamental analysis completed for JKCEMENT: 58 fields
2025-09-04 12:46:35,554 - INFO - Comprehensive data extracted for JBCHEPHARM
2025-09-04 12:46:35,559 - INFO - Fundamental analysis completed for JBCHEPHARM: 58 fields
2025-09-04 12:46:35,694 - INFO - Enhanced technical analysis completed for JKCEMENT: 52 fields
2025-09-04 12:46:35,746 - INFO - Completed analysis for JKCEMENT: Score=33.5, Recommendation=SELL
2025-09-04 12:46:35,812 - INFO - Comprehensive data extracted for JBMA
2025-09-04 12:46:35,836 - INFO - Fundamental analysis completed for JBMA: 58 fields
2025-09-04 12:46:35,860 - INFO - Enhanced technical analysis completed for JBCHEPHARM: 52 fields
2025-09-04 12:46:35,916 - INFO - Completed analysis for JBCHEPHARM: Score=44.7, Recommendation=WEAK SELL
2025-09-04 12:46:36,022 - INFO - Enhanced technical analysis completed for JBMA: 52 fields
2025-09-04 12:46:36,086 - INFO - Completed analysis for JBMA: Score=36.6, Recommendation=SELL
2025-09-04 12:46:36,371 - INFO - Comprehensive data extracted for JMFINANCIL
2025-09-04 12:46:36,378 - INFO - Fundamental analysis completed for JMFINANCIL: 58 fields
2025-09-04 12:46:36,562 - INFO - Comprehensive data extracted for JKTYRE
2025-09-04 12:46:36,569 - INFO - Enhanced technical analysis completed for JMFINANCIL: 52 fields
2025-09-04 12:46:36,577 - INFO - Fundamental analysis completed for JKTYRE: 58 fields
2025-09-04 12:46:36,622 - INFO - Completed analysis for JMFINANCIL: Score=65.4, Recommendation=BUY
2025-09-04 12:46:36,823 - INFO - Enhanced technical analysis completed for JKTYRE: 52 fields
2025-09-04 12:46:36,876 - INFO - Completed analysis for JKTYRE: Score=44.9, Recommendation=WEAK SELL
2025-09-04 12:46:42,545 - INFO - Comprehensive data extracted for JSWENERGY
2025-09-04 12:46:42,575 - INFO - Comprehensive data extracted for JSWINFRA
2025-09-04 12:46:42,576 - INFO - Fundamental analysis completed for JSWENERGY: 58 fields
2025-09-04 12:46:42,602 - INFO - Comprehensive data extracted for JSWHL
2025-09-04 12:46:42,603 - INFO - Fundamental analysis completed for JSWINFRA: 58 fields
2025-09-04 12:46:42,612 - INFO - Fundamental analysis completed for JSWHL: 58 fields
2025-09-04 12:46:42,801 - INFO - Enhanced technical analysis completed for JSWHL: 52 fields
2025-09-04 12:46:42,839 - INFO - Enhanced technical analysis completed for JSWENERGY: 52 fields
2025-09-04 12:46:42,983 - INFO - Enhanced technical analysis completed for JSWINFRA: 52 fields
2025-09-04 12:46:43,003 - INFO - Completed analysis for JSWHL: Score=61.8, Recommendation=BUY
2025-09-04 12:46:43,007 - INFO - Completed analysis for JSWENERGY: Score=46.2, Recommendation=WEAK SELL
2025-09-04 12:46:43,052 - INFO - Completed analysis for JSWINFRA: Score=44.8, Recommendation=WEAK SELL
2025-09-04 12:46:43,627 - INFO - Comprehensive data extracted for JSWSTEEL
2025-09-04 12:46:43,632 - INFO - Fundamental analysis completed for JSWSTEEL: 58 fields
2025-09-04 12:46:43,741 - INFO - Comprehensive data extracted for JPPOWER
2025-09-04 12:46:43,741 - INFO - Fundamental analysis completed for JPPOWER: 58 fields
2025-09-04 12:46:43,915 - INFO - Enhanced technical analysis completed for JSWSTEEL: 52 fields
2025-09-04 12:46:43,979 - INFO - Enhanced technical analysis completed for JPPOWER: 52 fields
2025-09-04 12:46:44,027 - INFO - Completed analysis for JSWSTEEL: Score=43.1, Recommendation=WEAK SELL
2025-09-04 12:46:44,057 - INFO - Completed analysis for JPPOWER: Score=34.9, Recommendation=SELL
2025-09-04 12:46:49,593 - INFO - Comprehensive data extracted for JINDALSAW
2025-09-04 12:46:49,595 - INFO - Fundamental analysis completed for JINDALSAW: 58 fields
2025-09-04 12:46:49,823 - INFO - Enhanced technical analysis completed for JINDALSAW: 52 fields
2025-09-04 12:46:49,920 - INFO - Completed analysis for JINDALSAW: Score=51.6, Recommendation=HOLD
2025-09-04 12:46:49,941 - INFO - Comprehensive data extracted for JSL
2025-09-04 12:46:49,942 - INFO - Fundamental analysis completed for JSL: 58 fields
2025-09-04 12:46:50,149 - INFO - Enhanced technical analysis completed for JSL: 52 fields
2025-09-04 12:46:50,213 - INFO - Completed analysis for JSL: Score=41.6, Recommendation=WEAK SELL
2025-09-04 12:46:50,391 - INFO - Comprehensive data extracted for JINDALSTEL
2025-09-04 12:46:50,399 - INFO - Fundamental analysis completed for JINDALSTEL: 58 fields
2025-09-04 12:46:50,581 - INFO - Enhanced technical analysis completed for JINDALSTEL: 52 fields
2025-09-04 12:46:50,629 - INFO - Comprehensive data extracted for JIOFIN
2025-09-04 12:46:50,639 - INFO - Fundamental analysis completed for JIOFIN: 58 fields
2025-09-04 12:46:50,691 - INFO - Comprehensive data extracted for J&KBANK
2025-09-04 12:46:50,696 - INFO - Fundamental analysis completed for J&KBANK: 58 fields
2025-09-04 12:46:50,707 - INFO - Completed analysis for JINDALSTEL: Score=42.7, Recommendation=WEAK SELL
2025-09-04 12:46:50,864 - INFO - Enhanced technical analysis completed for JIOFIN: 52 fields
2025-09-04 12:46:50,936 - INFO - Enhanced technical analysis completed for J&KBANK: 52 fields
2025-09-04 12:46:51,001 - INFO - Completed analysis for JIOFIN: Score=45.5, Recommendation=WEAK SELL
2025-09-04 12:46:51,044 - INFO - Completed analysis for J&KBANK: Score=83.0, Recommendation=STRONG BUY (UNDERVALUED)
2025-09-04 12:46:56,537 - INFO - Comprehensive data extracted for JUBLPHARMA
2025-09-04 12:46:56,537 - INFO - Fundamental analysis completed for JUBLPHARMA: 58 fields
2025-09-04 12:46:56,620 - INFO - Comprehensive data extracted for JUBLFOOD
2025-09-04 12:46:56,620 - INFO - Fundamental analysis completed for JUBLFOOD: 58 fields
2025-09-04 12:46:56,764 - INFO - Enhanced technical analysis completed for JUBLPHARMA: 52 fields
2025-09-04 12:46:56,837 - INFO - Enhanced technical analysis completed for JUBLFOOD: 52 fields
2025-09-04 12:46:56,902 - INFO - Completed analysis for JUBLPHARMA: Score=35.4, Recommendation=SELL
2025-09-04 12:46:56,956 - INFO - Comprehensive data extracted for JUBLINGREA
2025-09-04 12:46:56,956 - INFO - Completed analysis for JUBLFOOD: Score=41.7, Recommendation=WEAK SELL
2025-09-04 12:46:56,956 - INFO - Fundamental analysis completed for JUBLINGREA: 58 fields
2025-09-04 12:46:57,141 - INFO - Enhanced technical analysis completed for JUBLINGREA: 52 fields
2025-09-04 12:46:57,203 - INFO - Completed analysis for JUBLINGREA: Score=37.7, Recommendation=SELL
2025-09-04 12:46:57,320 - INFO - Comprehensive data extracted for JWL
2025-09-04 12:46:57,320 - INFO - Fundamental analysis completed for JWL: 58 fields
2025-09-04 12:46:57,490 - INFO - Enhanced technical analysis completed for JWL: 52 fields
2025-09-04 12:46:57,518 - INFO - Comprehensive data extracted for JUSTDIAL
2025-09-04 12:46:57,518 - INFO - Fundamental analysis completed for JUSTDIAL: 58 fields
2025-09-04 12:46:57,559 - INFO - Completed analysis for JWL: Score=27.8, Recommendation=SELL
2025-09-04 12:46:57,707 - INFO - Enhanced technical analysis completed for JUSTDIAL: 52 fields
2025-09-04 12:46:57,767 - INFO - Completed analysis for JUSTDIAL: Score=60.5, Recommendation=BUY
2025-09-04 12:47:03,366 - INFO - Comprehensive data extracted for JYOTICNC
2025-09-04 12:47:03,368 - INFO - Fundamental analysis completed for JYOTICNC: 58 fields
2025-09-04 12:47:03,457 - INFO - Comprehensive data extracted for JYOTHYLAB
2025-09-04 12:47:03,457 - INFO - Fundamental analysis completed for JYOTHYLAB: 58 fields
2025-09-04 12:47:03,522 - INFO - Enhanced technical analysis completed for JYOTICNC: 52 fields
2025-09-04 12:47:03,576 - INFO - Completed analysis for JYOTICNC: Score=28.8, Recommendation=SELL
2025-09-04 12:47:03,657 - INFO - Enhanced technical analysis completed for JYOTHYLAB: 52 fields
2025-09-04 12:47:03,726 - INFO - Completed analysis for JYOTHYLAB: Score=27.6, Recommendation=SELL
2025-09-04 12:47:03,798 - INFO - Comprehensive data extracted for KPRMILL
2025-09-04 12:47:03,798 - INFO - Fundamental analysis completed for KPRMILL: 58 fields
2025-09-04 12:47:03,977 - INFO - Enhanced technical analysis completed for KPRMILL: 52 fields
2025-09-04 12:47:04,028 - INFO - Comprehensive data extracted for KEI
2025-09-04 12:47:04,028 - INFO - Fundamental analysis completed for KEI: 58 fields
2025-09-04 12:47:04,073 - INFO - Completed analysis for KPRMILL: Score=36.7, Recommendation=SELL
2025-09-04 12:47:04,223 - INFO - Enhanced technical analysis completed for KEI: 52 fields
2025-09-04 12:47:04,280 - INFO - Completed analysis for KEI: Score=44.2, Recommendation=WEAK SELL
2025-09-04 12:47:04,580 - INFO - Comprehensive data extracted for KNRCON
2025-09-04 12:47:04,584 - INFO - Fundamental analysis completed for KNRCON: 58 fields
2025-09-04 12:47:04,829 - INFO - Enhanced technical analysis completed for KNRCON: 52 fields
2025-09-04 12:47:04,891 - INFO - Completed analysis for KNRCON: Score=56.2, Recommendation=HOLD
2025-09-04 12:47:10,393 - INFO - Comprehensive data extracted for KAJARIACER
2025-09-04 12:47:10,416 - INFO - Fundamental analysis completed for KAJARIACER: 58 fields
2025-09-04 12:47:10,487 - INFO - Comprehensive data extracted for KPIL
2025-09-04 12:47:10,488 - INFO - Fundamental analysis completed for KPIL: 58 fields
2025-09-04 12:47:10,618 - INFO - Comprehensive data extracted for KPITTECH
2025-09-04 12:47:10,625 - INFO - Fundamental analysis completed for KPITTECH: 58 fields
2025-09-04 12:47:10,693 - INFO - Enhanced technical analysis completed for KAJARIACER: 52 fields
2025-09-04 12:47:10,729 - INFO - Enhanced technical analysis completed for KPIL: 52 fields
2025-09-04 12:47:10,831 - INFO - Completed analysis for KAJARIACER: Score=29.1, Recommendation=SELL
2025-09-04 12:47:10,842 - INFO - Completed analysis for KPIL: Score=43.7, Recommendation=WEAK SELL
2025-09-04 12:47:11,007 - INFO - Enhanced technical analysis completed for KPITTECH: 52 fields
2025-09-04 12:47:11,077 - INFO - Completed analysis for KPITTECH: Score=34.7, Recommendation=SELL
2025-09-04 12:47:11,263 - INFO - Comprehensive data extracted for KALYANKJIL
2025-09-04 12:47:11,265 - INFO - Fundamental analysis completed for KALYANKJIL: 58 fields
2025-09-04 12:47:11,544 - INFO - Comprehensive data extracted for KANSAINER
2025-09-04 12:47:11,576 - INFO - Fundamental analysis completed for KANSAINER: 58 fields
2025-09-04 12:47:11,580 - INFO - Enhanced technical analysis completed for KALYANKJIL: 52 fields
2025-09-04 12:47:11,643 - INFO - Completed analysis for KALYANKJIL: Score=39.2, Recommendation=SELL
2025-09-04 12:47:11,755 - INFO - Enhanced technical analysis completed for KANSAINER: 52 fields
2025-09-04 12:47:11,814 - INFO - Completed analysis for KANSAINER: Score=47.0, Recommendation=WEAK SELL
2025-09-04 12:47:17,349 - INFO - Comprehensive data extracted for KAYNES
2025-09-04 12:47:17,354 - INFO - Fundamental analysis completed for KAYNES: 58 fields
2025-09-04 12:47:17,485 - INFO - Comprehensive data extracted for KARURVYSYA
2025-09-04 12:47:17,486 - INFO - Fundamental analysis completed for KARURVYSYA: 58 fields
2025-09-04 12:47:17,576 - INFO - Comprehensive data extracted for KEC
2025-09-04 12:47:17,576 - INFO - Fundamental analysis completed for KEC: 58 fields
2025-09-04 12:47:17,763 - INFO - Enhanced technical analysis completed for KAYNES: 52 fields
2025-09-04 12:47:17,842 - INFO - Enhanced technical analysis completed for KEC: 52 fields
2025-09-04 12:47:17,844 - INFO - Enhanced technical analysis completed for KARURVYSYA: 52 fields
2025-09-04 12:47:17,878 - INFO - Completed analysis for KAYNES: Score=36.4, Recommendation=SELL
2025-09-04 12:47:17,916 - INFO - Completed analysis for KEC: Score=39.6, Recommendation=SELL
2025-09-04 12:47:17,958 - INFO - Completed analysis for KARURVYSYA: Score=74.8, Recommendation=STRONG BUY (UNDERVALUED)
2025-09-04 12:47:18,627 - INFO - Comprehensive data extracted for KIRLOSBROS
2025-09-04 12:47:18,631 - INFO - Fundamental analysis completed for KIRLOSBROS: 58 fields
2025-09-04 12:47:18,685 - INFO - Comprehensive data extracted for KFINTECH
2025-09-04 12:47:18,695 - INFO - Fundamental analysis completed for KFINTECH: 58 fields
2025-09-04 12:47:18,837 - INFO - Enhanced technical analysis completed for KIRLOSBROS: 52 fields
2025-09-04 12:47:18,926 - INFO - Enhanced technical analysis completed for KFINTECH: 52 fields
2025-09-04 12:47:18,938 - INFO - Completed analysis for KIRLOSBROS: Score=28.7, Recommendation=SELL
2025-09-04 12:47:19,005 - INFO - Completed analysis for KFINTECH: Score=40.3, Recommendation=WEAK SELL
2025-09-04 12:47:24,648 - INFO - Comprehensive data extracted for KIRLOSENG
2025-09-04 12:47:24,648 - INFO - Fundamental analysis completed for KIRLOSENG: 58 fields
2025-09-04 12:47:24,714 - INFO - Comprehensive data extracted for KOTAKBANK
2025-09-04 12:47:24,716 - INFO - Fundamental analysis completed for KOTAKBANK: 58 fields
2025-09-04 12:47:24,822 - INFO - Enhanced technical analysis completed for KIRLOSENG: 52 fields
2025-09-04 12:47:24,849 - INFO - Comprehensive data extracted for KIMS
2025-09-04 12:47:24,851 - INFO - Fundamental analysis completed for KIMS: 58 fields
2025-09-04 12:47:24,888 - INFO - Completed analysis for KIRLOSENG: Score=31.0, Recommendation=SELL
2025-09-04 12:47:24,939 - INFO - Enhanced technical analysis completed for KOTAKBANK: 52 fields
2025-09-04 12:47:24,994 - INFO - Enhanced technical analysis completed for KIMS: 52 fields
2025-09-04 12:47:25,049 - INFO - Completed analysis for KOTAKBANK: Score=62.1, Recommendation=BUY
2025-09-04 12:47:25,089 - INFO - Completed analysis for KIMS: Score=32.1, Recommendation=SELL
2025-09-04 12:47:25,439 - INFO - Comprehensive data extracted for LTTS
2025-09-04 12:47:25,445 - INFO - Fundamental analysis completed for LTTS: 58 fields
2025-09-04 12:47:25,469 - INFO - Comprehensive data extracted for LTF
2025-09-04 12:47:25,474 - INFO - Fundamental analysis completed for LTF: 58 fields
2025-09-04 12:47:25,714 - INFO - Enhanced technical analysis completed for LTTS: 52 fields
2025-09-04 12:47:25,792 - INFO - Enhanced technical analysis completed for LTF: 52 fields
2025-09-04 12:47:25,824 - INFO - Completed analysis for LTTS: Score=33.6, Recommendation=SELL
2025-09-04 12:47:25,860 - INFO - Completed analysis for LTF: Score=56.1, Recommendation=HOLD
2025-09-04 12:47:31,436 - INFO - Comprehensive data extracted for LTIM
2025-09-04 12:47:31,440 - INFO - Fundamental analysis completed for LTIM: 58 fields
2025-09-04 12:47:31,568 - INFO - Comprehensive data extracted for LICHSGFIN
2025-09-04 12:47:31,568 - INFO - Fundamental analysis completed for LICHSGFIN: 58 fields
2025-09-04 12:47:31,639 - INFO - Enhanced technical analysis completed for LTIM: 52 fields
2025-09-04 12:47:31,750 - INFO - Completed analysis for LTIM: Score=58.0, Recommendation=HOLD
2025-09-04 12:47:31,829 - INFO - Enhanced technical analysis completed for LICHSGFIN: 52 fields
2025-09-04 12:47:31,897 - INFO - Completed analysis for LICHSGFIN: Score=65.4, Recommendation=BUY (VALUE)
2025-09-04 12:47:32,155 - INFO - Comprehensive data extracted for LTFOODS
2025-09-04 12:47:32,157 - INFO - Fundamental analysis completed for LTFOODS: 58 fields
2025-09-04 12:47:32,258 - INFO - Comprehensive data extracted for LT
2025-09-04 12:47:32,258 - INFO - Fundamental analysis completed for LT: 58 fields
2025-09-04 12:47:32,348 - INFO - Enhanced technical analysis completed for LTFOODS: 52 fields
2025-09-04 12:47:32,460 - INFO - Completed analysis for LTFOODS: Score=48.4, Recommendation=WEAK SELL
2025-09-04 12:47:32,492 - INFO - Enhanced technical analysis completed for LT: 52 fields
2025-09-04 12:47:32,576 - INFO - Completed analysis for LT: Score=39.7, Recommendation=SELL
2025-09-04 12:47:32,642 - INFO - Comprehensive data extracted for LATENTVIEW
2025-09-04 12:47:32,642 - INFO - Fundamental analysis completed for LATENTVIEW: 58 fields
2025-09-04 12:47:32,808 - INFO - Enhanced technical analysis completed for LATENTVIEW: 52 fields
2025-09-04 12:47:32,882 - INFO - Completed analysis for LATENTVIEW: Score=36.7, Recommendation=SELL
2025-09-04 12:47:38,493 - INFO - Comprehensive data extracted for LICI
2025-09-04 12:47:38,493 - INFO - Fundamental analysis completed for LICI: 58 fields
2025-09-04 12:47:38,515 - INFO - Comprehensive data extracted for LAURUSLABS
2025-09-04 12:47:38,518 - INFO - Fundamental analysis completed for LAURUSLABS: 58 fields
2025-09-04 12:47:38,749 - INFO - Comprehensive data extracted for LEMONTREE
2025-09-04 12:47:38,758 - INFO - Fundamental analysis completed for LEMONTREE: 58 fields
2025-09-04 12:47:38,787 - INFO - Enhanced technical analysis completed for LAURUSLABS: 52 fields
2025-09-04 12:47:38,791 - INFO - Enhanced technical analysis completed for LICI: 52 fields
2025-09-04 12:47:38,896 - INFO - Completed analysis for LAURUSLABS: Score=42.3, Recommendation=WEAK SELL
2025-09-04 12:47:38,901 - INFO - Completed analysis for LICI: Score=64.6, Recommendation=BUY (VALUE)
2025-09-04 12:47:38,970 - INFO - Enhanced technical analysis completed for LEMONTREE: 52 fields
2025-09-04 12:47:39,030 - INFO - Completed analysis for LEMONTREE: Score=36.6, Recommendation=SELL
2025-09-04 12:47:39,437 - INFO - Comprehensive data extracted for LINDEINDIA
2025-09-04 12:47:39,437 - INFO - Fundamental analysis completed for LINDEINDIA: 58 fields
2025-09-04 12:47:39,736 - INFO - Comprehensive data extracted for LLOYDSME
2025-09-04 12:47:39,760 - INFO - Fundamental analysis completed for LLOYDSME: 58 fields
2025-09-04 12:47:39,761 - INFO - Enhanced technical analysis completed for LINDEINDIA: 52 fields
2025-09-04 12:47:39,831 - INFO - Completed analysis for LINDEINDIA: Score=32.0, Recommendation=SELL
2025-09-04 12:47:39,941 - INFO - Enhanced technical analysis completed for LLOYDSME: 52 fields
2025-09-04 12:47:40,019 - INFO - Completed analysis for LLOYDSME: Score=27.9, Recommendation=SELL
2025-09-04 12:47:45,676 - INFO - Comprehensive data extracted for LODHA
2025-09-04 12:47:45,678 - INFO - Fundamental analysis completed for LODHA: 58 fields
2025-09-04 12:47:45,707 - INFO - Comprehensive data extracted for LUPIN
2025-09-04 12:47:45,707 - INFO - Fundamental analysis completed for LUPIN: 58 fields
2025-09-04 12:47:45,855 - INFO - Enhanced technical analysis completed for LODHA: 52 fields
2025-09-04 12:47:45,935 - INFO - Enhanced technical analysis completed for LUPIN: 52 fields
2025-09-04 12:47:45,960 - INFO - Completed analysis for LODHA: Score=53.2, Recommendation=HOLD
2025-09-04 12:47:45,996 - INFO - Completed analysis for LUPIN: Score=52.2, Recommendation=HOLD
2025-09-04 12:47:46,035 - INFO - Comprehensive data extracted for MMTC
2025-09-04 12:47:46,036 - INFO - Fundamental analysis completed for MMTC: 58 fields
2025-09-04 12:47:46,219 - INFO - Enhanced technical analysis completed for MMTC: 52 fields
2025-09-04 12:47:46,279 - INFO - Completed analysis for MMTC: Score=55.6, Recommendation=HOLD
2025-09-04 12:47:46,614 - INFO - Comprehensive data extracted for MRF
2025-09-04 12:47:46,621 - INFO - Fundamental analysis completed for MRF: 58 fields
2025-09-04 12:47:46,742 - INFO - Comprehensive data extracted for MGL
2025-09-04 12:47:46,758 - INFO - Fundamental analysis completed for MGL: 58 fields
2025-09-04 12:47:46,865 - INFO - Enhanced technical analysis completed for MRF: 52 fields
2025-09-04 12:47:46,952 - INFO - Enhanced technical analysis completed for MGL: 52 fields
2025-09-04 12:47:46,997 - INFO - Completed analysis for MRF: Score=35.6, Recommendation=SELL
2025-09-04 12:47:47,067 - INFO - Completed analysis for MGL: Score=70.7, Recommendation=STRONG BUY
2025-09-04 12:47:52,721 - INFO - Comprehensive data extracted for MAHSEAMLES
2025-09-04 12:47:52,745 - INFO - Comprehensive data extracted for M&M
2025-09-04 12:47:52,745 - INFO - Fundamental analysis completed for MAHSEAMLES: 58 fields
2025-09-04 12:47:52,747 - INFO - Fundamental analysis completed for M&M: 58 fields
2025-09-04 12:47:52,834 - INFO - Comprehensive data extracted for M&MFIN
2025-09-04 12:47:52,836 - INFO - Fundamental analysis completed for M&MFIN: 58 fields
2025-09-04 12:47:53,011 - INFO - Enhanced technical analysis completed for M&M: 52 fields
2025-09-04 12:47:53,084 - INFO - Enhanced technical analysis completed for MAHSEAMLES: 52 fields
2025-09-04 12:47:53,119 - INFO - Enhanced technical analysis completed for M&MFIN: 52 fields
2025-09-04 12:47:53,193 - INFO - Completed analysis for MAHSEAMLES: Score=76.6, Recommendation=STRONG BUY (UNDERVALUED)
2025-09-04 12:47:53,197 - INFO - Completed analysis for M&M: Score=47.5, Recommendation=WEAK SELL
2025-09-04 12:47:53,252 - INFO - Completed analysis for M&MFIN: Score=69.9, Recommendation=BUY (VALUE)
2025-09-04 12:47:53,669 - INFO - Comprehensive data extracted for MRPL
2025-09-04 12:47:53,669 - INFO - Fundamental analysis completed for MRPL: 58 fields
2025-09-04 12:47:53,955 - INFO - Comprehensive data extracted for MANAPPURAM
2025-09-04 12:47:54,000 - INFO - Fundamental analysis completed for MANAPPURAM: 58 fields
2025-09-04 12:47:54,011 - INFO - Enhanced technical analysis completed for MRPL: 52 fields
2025-09-04 12:47:54,080 - INFO - Completed analysis for MRPL: Score=51.7, Recommendation=HOLD
2025-09-04 12:47:54,273 - INFO - Enhanced technical analysis completed for MANAPPURAM: 52 fields
2025-09-04 12:47:54,336 - INFO - Completed analysis for MANAPPURAM: Score=40.3, Recommendation=WEAK SELL
2025-09-04 12:47:59,941 - INFO - Comprehensive data extracted for MANKIND
2025-09-04 12:47:59,941 - INFO - Fundamental analysis completed for MANKIND: 58 fields
2025-09-04 12:48:00,041 - INFO - Comprehensive data extracted for MARICO
2025-09-04 12:48:00,041 - INFO - Fundamental analysis completed for MARICO: 58 fields
2025-09-04 12:48:00,119 - INFO - Comprehensive data extracted for MARUTI
2025-09-04 12:48:00,121 - INFO - Fundamental analysis completed for MARUTI: 58 fields
2025-09-04 12:48:00,148 - INFO - Enhanced technical analysis completed for MANKIND: 52 fields
2025-09-04 12:48:00,220 - INFO - Completed analysis for MANKIND: Score=39.8, Recommendation=SELL
2025-09-04 12:48:00,350 - INFO - Enhanced technical analysis completed for MARUTI: 52 fields
2025-09-04 12:48:00,418 - INFO - Enhanced technical analysis completed for MARICO: 52 fields
2025-09-04 12:48:00,443 - INFO - Completed analysis for MARUTI: Score=44.2, Recommendation=WEAK SELL
2025-09-04 12:48:00,476 - INFO - Completed analysis for MARICO: Score=44.4, Recommendation=WEAK SELL
2025-09-04 12:48:00,879 - INFO - Comprehensive data extracted for MASTEK
2025-09-04 12:48:00,881 - INFO - Fundamental analysis completed for MASTEK: 58 fields
2025-09-04 12:48:01,137 - INFO - Enhanced technical analysis completed for MASTEK: 52 fields
2025-09-04 12:48:01,199 - INFO - Completed analysis for MASTEK: Score=54.7, Recommendation=HOLD
2025-09-04 12:48:01,233 - INFO - Comprehensive data extracted for MFSL
2025-09-04 12:48:01,233 - INFO - Fundamental analysis completed for MFSL: 58 fields
2025-09-04 12:48:01,423 - INFO - Enhanced technical analysis completed for MFSL: 52 fields
2025-09-04 12:48:01,472 - INFO - Completed analysis for MFSL: Score=19.1, Recommendation=SELL
2025-09-04 12:48:07,092 - INFO - Comprehensive data extracted for METROPOLIS
2025-09-04 12:48:07,094 - INFO - Fundamental analysis completed for METROPOLIS: 58 fields
2025-09-04 12:48:07,195 - INFO - Comprehensive data extracted for MAXHEALTH
2025-09-04 12:48:07,195 - INFO - Fundamental analysis completed for MAXHEALTH: 58 fields
2025-09-04 12:48:07,237 - INFO - Comprehensive data extracted for MAZDOCK
2025-09-04 12:48:07,238 - INFO - Fundamental analysis completed for MAZDOCK: 58 fields
2025-09-04 12:48:07,400 - INFO - Enhanced technical analysis completed for MAXHEALTH: 52 fields
2025-09-04 12:48:07,444 - INFO - Enhanced technical analysis completed for METROPOLIS: 52 fields
2025-09-04 12:48:07,559 - INFO - Enhanced technical analysis completed for MAZDOCK: 52 fields
2025-09-04 12:48:07,583 - INFO - Completed analysis for METROPOLIS: Score=40.9, Recommendation=WEAK SELL
2025-09-04 12:48:07,585 - INFO - Completed analysis for MAXHEALTH: Score=40.7, Recommendation=WEAK SELL
2025-09-04 12:48:07,655 - INFO - Completed analysis for MAZDOCK: Score=48.1, Recommendation=WEAK SELL
2025-09-04 12:48:08,153 - INFO - Comprehensive data extracted for MINDACORP
2025-09-04 12:48:08,153 - INFO - Fundamental analysis completed for MINDACORP: 58 fields
2025-09-04 12:48:08,229 - INFO - Comprehensive data extracted for MSUMI
2025-09-04 12:48:08,229 - INFO - Fundamental analysis completed for MSUMI: 58 fields
2025-09-04 12:48:08,323 - INFO - Enhanced technical analysis completed for MINDACORP: 52 fields
2025-09-04 12:48:08,423 - INFO - Enhanced technical analysis completed for MSUMI: 52 fields
2025-09-04 12:48:08,440 - INFO - Completed analysis for MINDACORP: Score=36.2, Recommendation=SELL
2025-09-04 12:48:08,519 - INFO - Completed analysis for MSUMI: Score=32.6, Recommendation=SELL
2025-09-04 12:48:14,249 - INFO - Comprehensive data extracted for MOTILALOFS
2025-09-04 12:48:14,249 - INFO - Fundamental analysis completed for MOTILALOFS: 58 fields
2025-09-04 12:48:14,287 - INFO - Comprehensive data extracted for MCX
2025-09-04 12:48:14,291 - INFO - Fundamental analysis completed for MCX: 58 fields
2025-09-04 12:48:14,341 - INFO - Comprehensive data extracted for MPHASIS
2025-09-04 12:48:14,341 - INFO - Fundamental analysis completed for MPHASIS: 58 fields
2025-09-04 12:48:14,508 - INFO - Enhanced technical analysis completed for MCX: 52 fields
2025-09-04 12:48:14,577 - INFO - Enhanced technical analysis completed for MPHASIS: 52 fields
2025-09-04 12:48:14,609 - INFO - Enhanced technical analysis completed for MOTILALOFS: 52 fields
2025-09-04 12:48:14,659 - INFO - Completed analysis for MCX: Score=61.0, Recommendation=BUY
2025-09-04 12:48:14,739 - INFO - Completed analysis for MPHASIS: Score=51.3, Recommendation=HOLD
2025-09-04 12:48:14,747 - INFO - Completed analysis for MOTILALOFS: Score=53.3, Recommendation=HOLD
2025-09-04 12:48:15,282 - INFO - Comprehensive data extracted for MUTHOOTFIN
2025-09-04 12:48:15,282 - INFO - Fundamental analysis completed for MUTHOOTFIN: 58 fields
2025-09-04 12:48:15,488 - INFO - Enhanced technical analysis completed for MUTHOOTFIN: 52 fields
2025-09-04 12:48:15,530 - INFO - Comprehensive data extracted for NATCOPHARM
2025-09-04 12:48:15,530 - INFO - Fundamental analysis completed for NATCOPHARM: 58 fields
2025-09-04 12:48:15,566 - INFO - Completed analysis for MUTHOOTFIN: Score=81.3, Recommendation=STRONG BUY
2025-09-04 12:48:15,709 - INFO - Enhanced technical analysis completed for NATCOPHARM: 52 fields
2025-09-04 12:48:15,778 - INFO - Completed analysis for NATCOPHARM: Score=45.4, Recommendation=WEAK SELL
2025-09-04 12:48:21,475 - INFO - Comprehensive data extracted for NBCC
2025-09-04 12:48:21,491 - INFO - Fundamental analysis completed for NBCC: 58 fields
2025-09-04 12:48:21,698 - INFO - Enhanced technical analysis completed for NBCC: 52 fields
2025-09-04 12:48:21,770 - INFO - Completed analysis for NBCC: Score=51.9, Recommendation=HOLD
2025-09-04 12:48:22,313 - INFO - Comprehensive data extracted for NLCINDIA
2025-09-04 12:48:22,313 - INFO - Fundamental analysis completed for NLCINDIA: 58 fields
2025-09-04 12:48:22,542 - INFO - Enhanced technical analysis completed for NLCINDIA: 52 fields
2025-09-04 12:48:22,629 - INFO - Completed analysis for NLCINDIA: Score=63.4, Recommendation=BUY (VALUE)
2025-09-04 12:48:23,260 - INFO - Comprehensive data extracted for NMDC
2025-09-04 12:48:23,272 - INFO - Fundamental analysis completed for NMDC: 58 fields
2025-09-04 12:48:23,446 - INFO - Enhanced technical analysis completed for NMDC: 52 fields
2025-09-04 12:48:23,506 - INFO - Completed analysis for NMDC: Score=71.7, Recommendation=STRONG BUY (UNDERVALUED)
2025-09-04 12:48:25,038 - INFO - Comprehensive data extracted for NCC
2025-09-04 12:48:25,038 - INFO - Fundamental analysis completed for NCC: 58 fields
2025-09-04 12:48:25,340 - INFO - Enhanced technical analysis completed for NCC: 52 fields
2025-09-04 12:48:25,420 - INFO - Completed analysis for NCC: Score=38.9, Recommendation=SELL
2025-09-04 12:48:25,510 - INFO - Comprehensive data extracted for NHPC
2025-09-04 12:48:25,510 - INFO - Fundamental analysis completed for NHPC: 58 fields
2025-09-04 12:48:26,071 - INFO - Enhanced technical analysis completed for NHPC: 52 fields
2025-09-04 12:48:26,159 - INFO - Completed analysis for NHPC: Score=44.7, Recommendation=WEAK SELL
2025-09-04 12:48:31,766 - INFO - Comprehensive data extracted for NTPCGREEN
2025-09-04 12:48:31,766 - INFO - Fundamental analysis completed for NTPCGREEN: 58 fields
2025-09-04 12:48:31,875 - INFO - Comprehensive data extracted for NTPC
2025-09-04 12:48:31,875 - INFO - Fundamental analysis completed for NTPC: 58 fields
2025-09-04 12:48:32,076 - INFO - Enhanced technical analysis completed for NTPCGREEN: 52 fields
2025-09-04 12:48:32,126 - INFO - Enhanced technical analysis completed for NTPC: 52 fields
2025-09-04 12:48:32,171 - INFO - Comprehensive data extracted for NSLNISP
2025-09-04 12:48:32,176 - INFO - Fundamental analysis completed for NSLNISP: 58 fields
2025-09-04 12:48:32,192 - INFO - Completed analysis for NTPCGREEN: Score=34.6, Recommendation=SELL
2025-09-04 12:48:32,227 - INFO - Completed analysis for NTPC: Score=52.1, Recommendation=HOLD
2025-09-04 12:48:32,369 - INFO - Enhanced technical analysis completed for NSLNISP: 52 fields
2025-09-04 12:48:32,435 - INFO - Completed analysis for NSLNISP: Score=63.1, Recommendation=BUY (VALUE)
2025-09-04 12:48:32,761 - INFO - Comprehensive data extracted for NATIONALUM
2025-09-04 12:48:32,763 - INFO - Fundamental analysis completed for NATIONALUM: 58 fields
2025-09-04 12:48:32,821 - INFO - Comprehensive data extracted for NH
2025-09-04 12:48:32,821 - INFO - Fundamental analysis completed for NH: 58 fields
2025-09-04 12:48:32,967 - INFO - Enhanced technical analysis completed for NATIONALUM: 52 fields
2025-09-04 12:48:33,076 - INFO - Enhanced technical analysis completed for NH: 52 fields
2025-09-04 12:48:33,082 - INFO - Completed analysis for NATIONALUM: Score=76.3, Recommendation=STRONG BUY (UNDERVALUED)
2025-09-04 12:48:33,137 - INFO - Completed analysis for NH: Score=33.3, Recommendation=SELL
2025-09-04 12:48:38,892 - INFO - Comprehensive data extracted for NAVA
2025-09-04 12:48:38,894 - INFO - Fundamental analysis completed for NAVA: 58 fields
2025-09-04 12:48:38,973 - INFO - Comprehensive data extracted for NAVINFLUOR
2025-09-04 12:48:38,975 - INFO - Fundamental analysis completed for NAVINFLUOR: 58 fields
2025-09-04 12:48:39,022 - INFO - Comprehensive data extracted for NESTLEIND
2025-09-04 12:48:39,048 - INFO - Fundamental analysis completed for NESTLEIND: 58 fields
2025-09-04 12:48:39,088 - INFO - Enhanced technical analysis completed for NAVA: 52 fields
2025-09-04 12:48:39,156 - INFO - Completed analysis for NAVA: Score=39.9, Recommendation=SELL
2025-09-04 12:48:39,287 - INFO - Enhanced technical analysis completed for NESTLEIND: 52 fields
2025-09-04 12:48:39,341 - INFO - Enhanced technical analysis completed for NAVINFLUOR: 52 fields
2025-09-04 12:48:39,393 - INFO - Completed analysis for NESTLEIND: Score=33.4, Recommendation=SELL
2025-09-04 12:48:39,422 - INFO - Completed analysis for NAVINFLUOR: Score=42.2, Recommendation=WEAK SELL
2025-09-04 12:48:39,703 - INFO - Comprehensive data extracted for NETWEB
2025-09-04 12:48:39,706 - INFO - Fundamental analysis completed for NETWEB: 58 fields
2025-09-04 12:48:39,889 - INFO - Enhanced technical analysis completed for NETWEB: 52 fields
2025-09-04 12:48:39,958 - INFO - Completed analysis for NETWEB: Score=47.0, Recommendation=WEAK SELL
2025-09-04 12:48:40,112 - INFO - Comprehensive data extracted for NETWORK18
2025-09-04 12:48:40,116 - INFO - Fundamental analysis completed for NETWORK18: 58 fields
2025-09-04 12:48:40,280 - INFO - Enhanced technical analysis completed for NETWORK18: 52 fields
2025-09-04 12:48:40,348 - INFO - Completed analysis for NETWORK18: Score=36.9, Recommendation=SELL
2025-09-04 12:48:46,201 - INFO - Comprehensive data extracted for NAM-INDIA
2025-09-04 12:48:46,226 - INFO - Comprehensive data extracted for NEULANDLAB
2025-09-04 12:48:46,230 - INFO - Fundamental analysis completed for NAM-INDIA: 58 fields
2025-09-04 12:48:46,232 - INFO - Fundamental analysis completed for NEULANDLAB: 58 fields
2025-09-04 12:48:46,313 - INFO - Comprehensive data extracted for NEWGEN
2025-09-04 12:48:46,313 - INFO - Fundamental analysis completed for NEWGEN: 58 fields
2025-09-04 12:48:46,476 - INFO - Enhanced technical analysis completed for NAM-INDIA: 52 fields
2025-09-04 12:48:46,565 - INFO - Enhanced technical analysis completed for NEULANDLAB: 52 fields
2025-09-04 12:48:46,585 - INFO - Enhanced technical analysis completed for NEWGEN: 52 fields
2025-09-04 12:48:46,703 - INFO - Completed analysis for NAM-INDIA: Score=41.7, Recommendation=WEAK SELL
2025-09-04 12:48:46,726 - INFO - Completed analysis for NEULANDLAB: Score=36.0, Recommendation=SELL
2025-09-04 12:48:46,734 - INFO - Completed analysis for NEWGEN: Score=34.5, Recommendation=SELL
2025-09-04 12:48:47,389 - INFO - Comprehensive data extracted for NIVABUPA
2025-09-04 12:48:47,408 - INFO - Comprehensive data extracted for NUVAMA
2025-09-04 12:48:47,411 - INFO - Fundamental analysis completed for NIVABUPA: 58 fields
2025-09-04 12:48:47,415 - INFO - Fundamental analysis completed for NUVAMA: 58 fields
2025-09-04 12:48:47,607 - INFO - Enhanced technical analysis completed for NIVABUPA: 52 fields
2025-09-04 12:48:47,643 - INFO - Enhanced technical analysis completed for NUVAMA: 52 fields
2025-09-04 12:48:47,731 - INFO - Completed analysis for NUVAMA: Score=47.5, Recommendation=WEAK SELL
2025-09-04 12:48:47,740 - INFO - Completed analysis for NIVABUPA: Score=30.8, Recommendation=SELL
2025-09-04 12:48:53,352 - INFO - Comprehensive data extracted for OIL
2025-09-04 12:48:53,356 - INFO - Fundamental analysis completed for OIL: 58 fields
2025-09-04 12:48:53,586 - INFO - Enhanced technical analysis completed for OIL: 52 fields
2025-09-04 12:48:53,586 - INFO - Comprehensive data extracted for OBEROIRLTY
2025-09-04 12:48:53,586 - INFO - Fundamental analysis completed for OBEROIRLTY: 58 fields
2025-09-04 12:48:53,658 - INFO - Completed analysis for OIL: Score=57.6, Recommendation=HOLD
2025-09-04 12:48:53,773 - INFO - Comprehensive data extracted for ONGC
2025-09-04 12:48:53,773 - INFO - Fundamental analysis completed for ONGC: 58 fields
2025-09-04 12:48:53,916 - INFO - Enhanced technical analysis completed for OBEROIRLTY: 52 fields
2025-09-04 12:48:53,983 - INFO - Enhanced technical analysis completed for ONGC: 52 fields
2025-09-04 12:48:54,024 - INFO - Completed analysis for OBEROIRLTY: Score=35.9, Recommendation=SELL
2025-09-04 12:48:54,079 - INFO - Completed analysis for ONGC: Score=57.2, Recommendation=HOLD
2025-09-04 12:48:54,162 - INFO - Comprehensive data extracted for OLAELEC
2025-09-04 12:48:54,162 - INFO - Fundamental analysis completed for OLAELEC: 58 fields
2025-09-04 12:48:54,492 - INFO - Enhanced technical analysis completed for OLAELEC: 52 fields
2025-09-04 12:48:54,542 - INFO - Completed analysis for OLAELEC: Score=27.3, Recommendation=SELL
2025-09-04 12:48:54,695 - INFO - Comprehensive data extracted for OLECTRA
2025-09-04 12:48:54,697 - INFO - Fundamental analysis completed for OLECTRA: 58 fields
2025-09-04 12:48:54,886 - INFO - Enhanced technical analysis completed for OLECTRA: 52 fields
2025-09-04 12:48:54,939 - INFO - Completed analysis for OLECTRA: Score=36.1, Recommendation=SELL
2025-09-04 12:49:00,633 - INFO - Comprehensive data extracted for POLICYBZR
2025-09-04 12:49:00,650 - INFO - Fundamental analysis completed for POLICYBZR: 58 fields
2025-09-04 12:49:00,671 - INFO - Comprehensive data extracted for OFSS
2025-09-04 12:49:00,677 - INFO - Fundamental analysis completed for OFSS: 58 fields
2025-09-04 12:49:00,758 - INFO - Comprehensive data extracted for PAYTM
2025-09-04 12:49:00,758 - INFO - Fundamental analysis completed for PAYTM: 58 fields
2025-09-04 12:49:00,846 - INFO - Enhanced technical analysis completed for POLICYBZR: 52 fields
2025-09-04 12:49:00,916 - INFO - Completed analysis for POLICYBZR: Score=37.4, Recommendation=SELL
2025-09-04 12:49:00,972 - INFO - Enhanced technical analysis completed for OFSS: 52 fields
2025-09-04 12:49:01,035 - INFO - Enhanced technical analysis completed for PAYTM: 52 fields
2025-09-04 12:49:01,070 - INFO - Completed analysis for OFSS: Score=65.1, Recommendation=BUY
2025-09-04 12:49:01,103 - INFO - Completed analysis for PAYTM: Score=32.1, Recommendation=SELL
2025-09-04 12:49:01,539 - INFO - Comprehensive data extracted for PCBL
2025-09-04 12:49:01,543 - INFO - Fundamental analysis completed for PCBL: 58 fields
2025-09-04 12:49:01,650 - INFO - Comprehensive data extracted for PGEL
2025-09-04 12:49:01,650 - INFO - Fundamental analysis completed for PGEL: 58 fields
2025-09-04 12:49:01,826 - INFO - Enhanced technical analysis completed for PGEL: 52 fields
2025-09-04 12:49:01,856 - INFO - Enhanced technical analysis completed for PCBL: 52 fields
2025-09-04 12:49:01,921 - INFO - Completed analysis for PGEL: Score=30.5, Recommendation=SELL
2025-09-04 12:49:01,946 - INFO - Completed analysis for PCBL: Score=29.3, Recommendation=SELL
2025-09-04 12:49:07,563 - INFO - Comprehensive data extracted for PIIND
2025-09-04 12:49:07,563 - INFO - Fundamental analysis completed for PIIND: 58 fields
2025-09-04 12:49:07,672 - INFO - Comprehensive data extracted for PNCINFRA
2025-09-04 12:49:07,672 - INFO - Fundamental analysis completed for PNCINFRA: 58 fields
2025-09-04 12:49:07,707 - INFO - Comprehensive data extracted for PNBHOUSING
2025-09-04 12:49:07,707 - INFO - Fundamental analysis completed for PNBHOUSING: 58 fields
2025-09-04 12:49:07,769 - INFO - Enhanced technical analysis completed for PIIND: 52 fields
2025-09-04 12:49:07,865 - INFO - Completed analysis for PIIND: Score=28.2, Recommendation=SELL
2025-09-04 12:49:07,891 - INFO - Enhanced technical analysis completed for PNCINFRA: 52 fields
2025-09-04 12:49:08,041 - INFO - Completed analysis for PNCINFRA: Score=52.5, Recommendation=HOLD
2025-09-04 12:49:08,041 - INFO - Enhanced technical analysis completed for PNBHOUSING: 52 fields
2025-09-04 12:49:08,120 - INFO - Completed analysis for PNBHOUSING: Score=68.7, Recommendation=BUY (VALUE)
2025-09-04 12:49:08,354 - INFO - Comprehensive data extracted for PTCIL
2025-09-04 12:49:08,354 - INFO - Fundamental analysis completed for PTCIL: 58 fields
2025-09-04 12:49:08,524 - INFO - Enhanced technical analysis completed for PTCIL: 52 fields
2025-09-04 12:49:08,578 - INFO - Comprehensive data extracted for PVRINOX
2025-09-04 12:49:08,578 - INFO - Fundamental analysis completed for PVRINOX: 58 fields
2025-09-04 12:49:08,610 - INFO - Completed analysis for PTCIL: Score=32.4, Recommendation=SELL
2025-09-04 12:49:08,776 - INFO - Enhanced technical analysis completed for PVRINOX: 52 fields
2025-09-04 12:49:08,831 - INFO - Completed analysis for PVRINOX: Score=47.9, Recommendation=WEAK SELL
2025-09-04 12:49:14,486 - INFO - Comprehensive data extracted for PATANJALI
2025-09-04 12:49:14,505 - INFO - Comprehensive data extracted for PERSISTENT
2025-09-04 12:49:14,505 - INFO - Fundamental analysis completed for PATANJALI: 58 fields
2025-09-04 12:49:14,505 - INFO - Fundamental analysis completed for PERSISTENT: 58 fields
2025-09-04 12:49:14,536 - INFO - Comprehensive data extracted for PAGEIND
2025-09-04 12:49:14,538 - INFO - Fundamental analysis completed for PAGEIND: 58 fields
2025-09-04 12:49:14,709 - INFO - Enhanced technical analysis completed for PATANJALI: 52 fields
2025-09-04 12:49:14,825 - INFO - Enhanced technical analysis completed for PERSISTENT: 52 fields
2025-09-04 12:49:14,835 - INFO - Enhanced technical analysis completed for PAGEIND: 52 fields
2025-09-04 12:49:14,873 - INFO - Completed analysis for PATANJALI: Score=39.6, Recommendation=SELL
2025-09-04 12:49:14,911 - INFO - Completed analysis for PERSISTENT: Score=62.7, Recommendation=BUY
2025-09-04 12:49:14,956 - INFO - Completed analysis for PAGEIND: Score=39.8, Recommendation=SELL
2025-09-04 12:49:15,365 - INFO - Comprehensive data extracted for PETRONET
2025-09-04 12:49:15,365 - INFO - Fundamental analysis completed for PETRONET: 58 fields
2025-09-04 12:49:15,695 - INFO - Comprehensive data extracted for PFIZER
2025-09-04 12:49:15,710 - INFO - Enhanced technical analysis completed for PETRONET: 52 fields
2025-09-04 12:49:15,710 - INFO - Fundamental analysis completed for PFIZER: 58 fields
2025-09-04 12:49:15,774 - INFO - Completed analysis for PETRONET: Score=47.8, Recommendation=WEAK SELL
2025-09-04 12:49:15,885 - INFO - Enhanced technical analysis completed for PFIZER: 52 fields
2025-09-04 12:49:15,942 - INFO - Completed analysis for PFIZER: Score=43.0, Recommendation=WEAK SELL
2025-09-04 12:49:21,553 - INFO - Comprehensive data extracted for PHOENIXLTD
2025-09-04 12:49:21,586 - INFO - Fundamental analysis completed for PHOENIXLTD: 58 fields
2025-09-04 12:49:21,675 - INFO - Comprehensive data extracted for PEL
2025-09-04 12:49:21,675 - INFO - Fundamental analysis completed for PEL: 58 fields
2025-09-04 12:49:21,702 - INFO - Comprehensive data extracted for PIDILITIND
2025-09-04 12:49:21,702 - INFO - Fundamental analysis completed for PIDILITIND: 58 fields
2025-09-04 12:49:21,889 - INFO - Enhanced technical analysis completed for PHOENIXLTD: 52 fields
2025-09-04 12:49:21,953 - INFO - Completed analysis for PHOENIXLTD: Score=33.5, Recommendation=SELL
2025-09-04 12:49:22,079 - INFO - Enhanced technical analysis completed for PEL: 52 fields
2025-09-04 12:49:22,130 - INFO - Enhanced technical analysis completed for PIDILITIND: 52 fields
2025-09-04 12:49:22,174 - INFO - Completed analysis for PEL: Score=36.2, Recommendation=SELL
2025-09-04 12:49:22,225 - INFO - Completed analysis for PIDILITIND: Score=46.3, Recommendation=WEAK SELL
2025-09-04 12:49:22,453 - INFO - Comprehensive data extracted for PPLPHARMA
2025-09-04 12:49:22,453 - INFO - Fundamental analysis completed for PPLPHARMA: 58 fields
2025-09-04 12:49:22,621 - INFO - Enhanced technical analysis completed for PPLPHARMA: 52 fields
2025-09-04 12:49:22,682 - INFO - Completed analysis for PPLPHARMA: Score=32.9, Recommendation=SELL
2025-09-04 12:49:22,919 - INFO - Comprehensive data extracted for POLYMED
2025-09-04 12:49:22,920 - INFO - Fundamental analysis completed for POLYMED: 58 fields
2025-09-04 12:49:23,099 - INFO - Enhanced technical analysis completed for POLYMED: 52 fields
2025-09-04 12:49:23,175 - INFO - Completed analysis for POLYMED: Score=31.9, Recommendation=SELL
2025-09-04 12:49:28,794 - INFO - Comprehensive data extracted for POLYCAB
2025-09-04 12:49:28,796 - INFO - Fundamental analysis completed for POLYCAB: 58 fields
2025-09-04 12:49:28,835 - INFO - Comprehensive data extracted for POONAWALLA
2025-09-04 12:49:28,840 - INFO - Fundamental analysis completed for POONAWALLA: 58 fields
2025-09-04 12:49:28,971 - INFO - Enhanced technical analysis completed for POLYCAB: 52 fields
2025-09-04 12:49:29,003 - INFO - Comprehensive data extracted for PFC
2025-09-04 12:49:29,005 - INFO - Fundamental analysis completed for PFC: 58 fields
2025-09-04 12:49:29,077 - INFO - Enhanced technical analysis completed for POONAWALLA: 52 fields
2025-09-04 12:49:29,109 - INFO - Completed analysis for POLYCAB: Score=60.7, Recommendation=BUY
2025-09-04 12:49:29,140 - INFO - Completed analysis for POONAWALLA: Score=23.8, Recommendation=SELL
2025-09-04 12:49:29,253 - INFO - Enhanced technical analysis completed for PFC: 52 fields
2025-09-04 12:49:29,316 - INFO - Completed analysis for PFC: Score=73.5, Recommendation=STRONG BUY (UNDERVALUED)
2025-09-04 12:49:29,759 - INFO - Comprehensive data extracted for POWERGRID
2025-09-04 12:49:29,764 - INFO - Fundamental analysis completed for POWERGRID: 58 fields
2025-09-04 12:49:29,794 - INFO - Comprehensive data extracted for PRAJIND
2025-09-04 12:49:29,799 - INFO - Fundamental analysis completed for PRAJIND: 58 fields
2025-09-04 12:49:30,057 - INFO - Enhanced technical analysis completed for PRAJIND: 52 fields
2025-09-04 12:49:30,073 - INFO - Enhanced technical analysis completed for POWERGRID: 52 fields
2025-09-04 12:49:30,125 - INFO - Completed analysis for PRAJIND: Score=26.5, Recommendation=SELL
2025-09-04 12:49:30,174 - INFO - Completed analysis for POWERGRID: Score=48.9, Recommendation=WEAK SELL
2025-09-04 12:49:36,080 - INFO - Comprehensive data extracted for PREMIERENE
2025-09-04 12:49:36,085 - INFO - Fundamental analysis completed for PREMIERENE: 58 fields
2025-09-04 12:49:36,161 - INFO - Comprehensive data extracted for PRESTIGE
2025-09-04 12:49:36,161 - INFO - Fundamental analysis completed for PRESTIGE: 58 fields
2025-09-04 12:49:36,340 - INFO - Enhanced technical analysis completed for PREMIERENE: 52 fields
2025-09-04 12:49:36,373 - INFO - Enhanced technical analysis completed for PRESTIGE: 52 fields
2025-09-04 12:49:36,425 - INFO - Completed analysis for PREMIERENE: Score=40.8, Recommendation=WEAK SELL
2025-09-04 12:49:36,453 - INFO - Completed analysis for PRESTIGE: Score=38.0, Recommendation=SELL
2025-09-04 12:49:36,872 - INFO - Comprehensive data extracted for PNB
2025-09-04 12:49:36,878 - INFO - Fundamental analysis completed for PNB: 58 fields
2025-09-04 12:49:36,949 - INFO - Comprehensive data extracted for RRKABEL
2025-09-04 12:49:36,954 - INFO - Fundamental analysis completed for RRKABEL: 58 fields
2025-09-04 12:49:36,982 - INFO - Comprehensive data extracted for RBLBANK
2025-09-04 12:49:36,987 - INFO - Fundamental analysis completed for RBLBANK: 58 fields
2025-09-04 12:49:37,168 - INFO - Enhanced technical analysis completed for PNB: 52 fields
2025-09-04 12:49:37,229 - INFO - Enhanced technical analysis completed for RBLBANK: 52 fields
2025-09-04 12:49:37,293 - INFO - Enhanced technical analysis completed for RRKABEL: 52 fields
2025-09-04 12:49:37,328 - INFO - Completed analysis for PNB: Score=87.9, Recommendation=STRONG BUY (UNDERVALUED)
2025-09-04 12:49:37,396 - INFO - Completed analysis for RRKABEL: Score=37.7, Recommendation=SELL
2025-09-04 12:49:37,396 - INFO - Completed analysis for RBLBANK: Score=56.7, Recommendation=HOLD
2025-09-04 12:49:43,090 - INFO - Comprehensive data extracted for RITES
2025-09-04 12:49:43,090 - INFO - Fundamental analysis completed for RITES: 58 fields
2025-09-04 12:49:43,201 - INFO - Comprehensive data extracted for RECLTD
2025-09-04 12:49:43,201 - INFO - Fundamental analysis completed for RECLTD: 58 fields
2025-09-04 12:49:43,351 - INFO - Enhanced technical analysis completed for RITES: 52 fields
2025-09-04 12:49:43,395 - INFO - Enhanced technical analysis completed for RECLTD: 52 fields
2025-09-04 12:49:43,481 - INFO - Completed analysis for RITES: Score=51.6, Recommendation=HOLD
2025-09-04 12:49:43,496 - INFO - Completed analysis for RECLTD: Score=75.5, Recommendation=STRONG BUY (UNDERVALUED)
2025-09-04 12:49:44,106 - INFO - Comprehensive data extracted for RADICO
2025-09-04 12:49:44,108 - INFO - Fundamental analysis completed for RADICO: 58 fields
2025-09-04 12:49:44,236 - INFO - Comprehensive data extracted for RVNL
2025-09-04 12:49:44,236 - INFO - Fundamental analysis completed for RVNL: 58 fields
2025-09-04 12:49:44,351 - INFO - Enhanced technical analysis completed for RADICO: 52 fields
2025-09-04 12:49:44,390 - INFO - Completed analysis for RADICO: Score=40.4, Recommendation=WEAK SELL
2025-09-04 12:49:44,489 - INFO - Enhanced technical analysis completed for RVNL: 52 fields
2025-09-04 12:49:44,536 - INFO - Completed analysis for RVNL: Score=29.0, Recommendation=SELL
2025-09-04 12:49:44,561 - INFO - Comprehensive data extracted for RHIM
2025-09-04 12:49:44,561 - INFO - Fundamental analysis completed for RHIM: 58 fields
2025-09-04 12:49:44,806 - INFO - Enhanced technical analysis completed for RHIM: 52 fields
2025-09-04 12:49:44,862 - INFO - Completed analysis for RHIM: Score=32.4, Recommendation=SELL
2025-09-04 12:49:50,413 - INFO - Comprehensive data extracted for RKFORGE
2025-09-04 12:49:50,413 - INFO - Fundamental analysis completed for RKFORGE: 58 fields
2025-09-04 12:49:50,442 - INFO - Comprehensive data extracted for RAILTEL
2025-09-04 12:49:50,444 - INFO - Fundamental analysis completed for RAILTEL: 58 fields
2025-09-04 12:49:50,558 - INFO - Comprehensive data extracted for RAINBOW
2025-09-04 12:49:50,558 - INFO - Fundamental analysis completed for RAINBOW: 58 fields
2025-09-04 12:49:50,771 - INFO - Enhanced technical analysis completed for RKFORGE: 52 fields
2025-09-04 12:49:50,807 - INFO - Enhanced technical analysis completed for RAINBOW: 52 fields
2025-09-04 12:49:50,830 - INFO - Enhanced technical analysis completed for RAILTEL: 52 fields
2025-09-04 12:49:50,877 - INFO - Completed analysis for RKFORGE: Score=30.6, Recommendation=SELL
2025-09-04 12:49:50,950 - INFO - Completed analysis for RAINBOW: Score=43.3, Recommendation=WEAK SELL
2025-09-04 12:49:50,963 - INFO - Completed analysis for RAILTEL: Score=40.7, Recommendation=WEAK SELL
2025-09-04 12:49:51,415 - INFO - Comprehensive data extracted for RTNINDIA
2025-09-04 12:49:51,415 - INFO - Fundamental analysis completed for RTNINDIA: 58 fields
2025-09-04 12:49:51,693 - INFO - Comprehensive data extracted for RCF
2025-09-04 12:49:51,693 - INFO - Fundamental analysis completed for RCF: 58 fields
2025-09-04 12:49:51,809 - INFO - Enhanced technical analysis completed for RTNINDIA: 52 fields
2025-09-04 12:49:51,871 - INFO - Enhanced technical analysis completed for RCF: 52 fields
2025-09-04 12:49:51,901 - INFO - Completed analysis for RTNINDIA: Score=18.9, Recommendation=SELL
2025-09-04 12:49:51,941 - INFO - Completed analysis for RCF: Score=39.7, Recommendation=SELL
2025-09-04 12:49:57,677 - INFO - Comprehensive data extracted for REDINGTON
2025-09-04 12:49:57,702 - INFO - Comprehensive data extracted for RAYMONDLSL
2025-09-04 12:49:57,703 - INFO - Fundamental analysis completed for REDINGTON: 58 fields
2025-09-04 12:49:57,714 - INFO - Fundamental analysis completed for RAYMONDLSL: 58 fields
2025-09-04 12:49:57,886 - INFO - Enhanced technical analysis completed for RAYMONDLSL: 52 fields
2025-09-04 12:49:57,929 - INFO - Completed analysis for RAYMONDLSL: Score=47.4, Recommendation=WEAK SELL
2025-09-04 12:49:57,987 - INFO - Enhanced technical analysis completed for REDINGTON: 52 fields
2025-09-04 12:49:58,052 - INFO - Completed analysis for REDINGTON: Score=60.8, Recommendation=BUY
2025-09-04 12:49:58,609 - INFO - Comprehensive data extracted for RELIANCE
2025-09-04 12:49:58,614 - INFO - Fundamental analysis completed for RELIANCE: 58 fields
2025-09-04 12:49:58,735 - INFO - Comprehensive data extracted for RPOWER
2025-09-04 12:49:58,735 - INFO - Fundamental analysis completed for RPOWER: 58 fields
2025-09-04 12:49:58,802 - INFO - Enhanced technical analysis completed for RELIANCE: 52 fields
2025-09-04 12:49:58,853 - INFO - Completed analysis for RELIANCE: Score=51.5, Recommendation=HOLD
2025-09-04 12:49:59,169 - INFO - Enhanced technical analysis completed for RPOWER: 52 fields
2025-09-04 12:49:59,218 - INFO - Completed analysis for RPOWER: Score=57.3, Recommendation=HOLD
2025-09-04 12:50:02,135 - INFO - Comprehensive data extracted for RAYMOND
2025-09-04 12:50:02,135 - INFO - Fundamental analysis completed for RAYMOND: 58 fields
2025-09-04 12:50:02,787 - INFO - Enhanced technical analysis completed for RAYMOND: 52 fields
2025-09-04 12:50:02,841 - INFO - Completed analysis for RAYMOND: Score=36.6, Recommendation=SELL
2025-09-04 12:50:08,538 - INFO - Comprehensive data extracted for ROUTE
2025-09-04 12:50:08,541 - INFO - Fundamental analysis completed for ROUTE: 58 fields
2025-09-04 12:50:08,720 - INFO - Comprehensive data extracted for SBFC
2025-09-04 12:50:08,754 - INFO - Comprehensive data extracted for SBICARD
2025-09-04 12:50:08,756 - INFO - Fundamental analysis completed for SBFC: 58 fields
2025-09-04 12:50:08,757 - INFO - Fundamental analysis completed for SBICARD: 58 fields
2025-09-04 12:50:08,872 - INFO - Enhanced technical analysis completed for SBFC: 52 fields
2025-09-04 12:50:09,006 - INFO - Enhanced technical analysis completed for SBICARD: 52 fields
2025-09-04 12:50:09,014 - INFO - Enhanced technical analysis completed for ROUTE: 52 fields
2025-09-04 12:50:09,048 - INFO - Completed analysis for SBFC: Score=59.9, Recommendation=HOLD
2025-09-04 12:50:09,119 - INFO - Completed analysis for ROUTE: Score=37.4, Recommendation=SELL
2025-09-04 12:50:09,119 - INFO - Completed analysis for SBICARD: Score=30.3, Recommendation=SELL
2025-09-04 12:50:09,795 - INFO - Comprehensive data extracted for SBILIFE
2025-09-04 12:50:09,820 - INFO - Comprehensive data extracted for SJVN
2025-09-04 12:50:09,820 - INFO - Fundamental analysis completed for SBILIFE: 58 fields
2025-09-04 12:50:09,928 - INFO - Fundamental analysis completed for SJVN: 58 fields
2025-09-04 12:50:10,085 - INFO - Enhanced technical analysis completed for SBILIFE: 52 fields
2025-09-04 12:50:10,120 - INFO - Completed analysis for SBILIFE: Score=52.8, Recommendation=HOLD
2025-09-04 12:50:10,358 - INFO - Enhanced technical analysis completed for SJVN: 52 fields
2025-09-04 12:50:10,404 - INFO - Completed analysis for SJVN: Score=36.7, Recommendation=SELL
2025-09-04 12:50:15,882 - INFO - Comprehensive data extracted for SRF
2025-09-04 12:50:15,882 - INFO - Fundamental analysis completed for SRF: 58 fields
2025-09-04 12:50:16,001 - INFO - Comprehensive data extracted for SAGILITY
2025-09-04 12:50:16,001 - INFO - Fundamental analysis completed for SAGILITY: 58 fields
2025-09-04 12:50:16,073 - INFO - Enhanced technical analysis completed for SRF: 52 fields
2025-09-04 12:50:16,122 - INFO - Comprehensive data extracted for SKFINDIA
2025-09-04 12:50:16,122 - INFO - Fundamental analysis completed for SKFINDIA: 58 fields
2025-09-04 12:50:16,162 - INFO - Completed analysis for SRF: Score=42.9, Recommendation=WEAK SELL
2025-09-04 12:50:16,423 - INFO - Enhanced technical analysis completed for SKFINDIA: 52 fields
2025-09-04 12:50:16,456 - INFO - Enhanced technical analysis completed for SAGILITY: 52 fields
2025-09-04 12:50:16,540 - INFO - Completed analysis for SAGILITY: Score=38.4, Recommendation=SELL
2025-09-04 12:50:16,548 - INFO - Completed analysis for SKFINDIA: Score=45.3, Recommendation=WEAK SELL
2025-09-04 12:50:17,028 - INFO - Comprehensive data extracted for SAILIFE
2025-09-04 12:50:17,030 - INFO - Fundamental analysis completed for SAILIFE: 58 fields
2025-09-04 12:50:17,067 - INFO - Comprehensive data extracted for SAMMAANCAP
2025-09-04 12:50:17,069 - INFO - Fundamental analysis completed for SAMMAANCAP: 58 fields
2025-09-04 12:50:17,207 - INFO - Enhanced technical analysis completed for SAMMAANCAP: 52 fields
2025-09-04 12:50:17,301 - INFO - Enhanced technical analysis completed for SAILIFE: 52 fields
2025-09-04 12:50:17,308 - INFO - Completed analysis for SAMMAANCAP: Score=56.5, Recommendation=HOLD
2025-09-04 12:50:17,349 - INFO - Completed analysis for SAILIFE: Score=36.0, Recommendation=SELL
2025-09-04 12:50:22,921 - INFO - Comprehensive data extracted for SAPPHIRE
2025-09-04 12:50:22,922 - INFO - Fundamental analysis completed for SAPPHIRE: 58 fields
2025-09-04 12:50:22,979 - INFO - Comprehensive data extracted for SARDAEN
2025-09-04 12:50:22,980 - INFO - Fundamental analysis completed for SARDAEN: 58 fields
2025-09-04 12:50:23,054 - INFO - Comprehensive data extracted for MOTHERSON
2025-09-04 12:50:23,054 - INFO - Fundamental analysis completed for MOTHERSON: 58 fields
2025-09-04 12:50:23,136 - INFO - Enhanced technical analysis completed for SARDAEN: 52 fields
2025-09-04 12:50:23,175 - INFO - Enhanced technical analysis completed for SAPPHIRE: 52 fields
2025-09-04 12:50:23,262 - INFO - Completed analysis for SAPPHIRE: Score=26.5, Recommendation=SELL
2025-09-04 12:50:23,271 - INFO - Completed analysis for SARDAEN: Score=54.2, Recommendation=HOLD
2025-09-04 12:50:23,336 - INFO - Enhanced technical analysis completed for MOTHERSON: 52 fields
2025-09-04 12:50:23,402 - INFO - Completed analysis for MOTHERSON: Score=36.2, Recommendation=SELL
2025-09-04 12:50:23,762 - INFO - Comprehensive data extracted for SAREGAMA
2025-09-04 12:50:23,778 - INFO - Fundamental analysis completed for SAREGAMA: 58 fields
2025-09-04 12:50:23,951 - INFO - Comprehensive data extracted for SCHAEFFLER
2025-09-04 12:50:23,951 - INFO - Fundamental analysis completed for SCHAEFFLER: 58 fields
2025-09-04 12:50:24,030 - INFO - Enhanced technical analysis completed for SAREGAMA: 52 fields
2025-09-04 12:50:24,095 - INFO - Completed analysis for SAREGAMA: Score=48.7, Recommendation=WEAK SELL
2025-09-04 12:50:24,232 - INFO - Enhanced technical analysis completed for SCHAEFFLER: 52 fields
2025-09-04 12:50:24,281 - INFO - Completed analysis for SCHAEFFLER: Score=53.4, Recommendation=HOLD
2025-09-04 12:50:29,829 - INFO - Comprehensive data extracted for SCI
2025-09-04 12:50:29,831 - INFO - Fundamental analysis completed for SCI: 58 fields
2025-09-04 12:50:29,888 - INFO - Comprehensive data extracted for SCHNEIDER
2025-09-04 12:50:29,900 - INFO - Fundamental analysis completed for SCHNEIDER: 58 fields
2025-09-04 12:50:29,991 - INFO - Enhanced technical analysis completed for SCI: 52 fields
2025-09-04 12:50:30,048 - INFO - Enhanced technical analysis completed for SCHNEIDER: 52 fields
2025-09-04 12:50:30,088 - INFO - Completed analysis for SCI: Score=58.8, Recommendation=HOLD
2025-09-04 12:50:30,112 - INFO - Completed analysis for SCHNEIDER: Score=18.0, Recommendation=SELL
2025-09-04 12:50:30,148 - INFO - Comprehensive data extracted for SHREECEM
2025-09-04 12:50:30,151 - INFO - Fundamental analysis completed for SHREECEM: 58 fields
2025-09-04 12:50:30,304 - INFO - Enhanced technical analysis completed for SHREECEM: 52 fields
2025-09-04 12:50:30,390 - INFO - Completed analysis for SHREECEM: Score=34.6, Recommendation=SELL
2025-09-04 12:50:30,507 - INFO - Comprehensive data extracted for SHRIRAMFIN
2025-09-04 12:50:30,507 - INFO - Fundamental analysis completed for SHRIRAMFIN: 58 fields
2025-09-04 12:50:30,584 - INFO - Comprehensive data extracted for RENUKA
2025-09-04 12:50:30,588 - INFO - Fundamental analysis completed for RENUKA: 58 fields
2025-09-04 12:50:30,765 - INFO - Enhanced technical analysis completed for SHRIRAMFIN: 52 fields
2025-09-04 12:50:30,875 - INFO - Enhanced technical analysis completed for RENUKA: 52 fields
2025-09-04 12:50:30,892 - INFO - Completed analysis for SHRIRAMFIN: Score=70.8, Recommendation=STRONG BUY (UNDERVALUED)
2025-09-04 12:50:30,925 - INFO - Completed analysis for RENUKA: Score=62.9, Recommendation=BUY (VALUE)
2025-09-04 12:50:36,397 - INFO - Comprehensive data extracted for SHYAMMETL
2025-09-04 12:50:36,405 - INFO - Fundamental analysis completed for SHYAMMETL: 58 fields
2025-09-04 12:50:36,633 - INFO - Enhanced technical analysis completed for SHYAMMETL: 52 fields
2025-09-04 12:50:36,703 - INFO - Completed analysis for SHYAMMETL: Score=47.7, Recommendation=WEAK SELL
2025-09-04 12:50:36,784 - INFO - Comprehensive data extracted for SIEMENS
2025-09-04 12:50:36,784 - INFO - Fundamental analysis completed for SIEMENS: 58 fields
2025-09-04 12:50:36,808 - INFO - Comprehensive data extracted for SIGNATURE
2025-09-04 12:50:36,808 - INFO - Fundamental analysis completed for SIGNATURE: 58 fields
2025-09-04 12:50:37,073 - INFO - Enhanced technical analysis completed for SIEMENS: 52 fields
2025-09-04 12:50:37,073 - INFO - Enhanced technical analysis completed for SIGNATURE: 52 fields
2025-09-04 12:50:37,136 - INFO - Completed analysis for SIGNATURE: Score=33.2, Recommendation=SELL
2025-09-04 12:50:37,172 - INFO - Completed analysis for SIEMENS: Score=29.4, Recommendation=SELL
2025-09-04 12:50:37,621 - INFO - Comprehensive data extracted for SOBHA
2025-09-04 12:50:37,625 - INFO - Fundamental analysis completed for SOBHA: 58 fields
2025-09-04 12:50:37,852 - INFO - Enhanced technical analysis completed for SOBHA: 52 fields
2025-09-04 12:50:37,882 - INFO - Comprehensive data extracted for SOLARINDS
2025-09-04 12:50:37,886 - INFO - Fundamental analysis completed for SOLARINDS: 58 fields
2025-09-04 12:50:37,944 - INFO - Completed analysis for SOBHA: Score=35.8, Recommendation=SELL
2025-09-04 12:50:38,094 - INFO - Enhanced technical analysis completed for SOLARINDS: 52 fields
2025-09-04 12:50:38,151 - INFO - Completed analysis for SOLARINDS: Score=40.2, Recommendation=WEAK SELL
2025-09-04 12:50:43,622 - INFO - Comprehensive data extracted for STARHEALTH
2025-09-04 12:50:43,622 - INFO - Fundamental analysis completed for STARHEALTH: 58 fields
2025-09-04 12:50:43,864 - INFO - Comprehensive data extracted for SONACOMS
2025-09-04 12:50:43,864 - INFO - Fundamental analysis completed for SONACOMS: 58 fields
2025-09-04 12:50:43,925 - INFO - Enhanced technical analysis completed for STARHEALTH: 52 fields
2025-09-04 12:50:43,986 - INFO - Completed analysis for STARHEALTH: Score=40.8, Recommendation=WEAK SELL
2025-09-04 12:50:44,100 - INFO - Comprehensive data extracted for SONATSOFTW
2025-09-04 12:50:44,110 - INFO - Fundamental analysis completed for SONATSOFTW: 58 fields
2025-09-04 12:50:44,169 - INFO - Enhanced technical analysis completed for SONACOMS: 52 fields
2025-09-04 12:50:44,245 - INFO - Completed analysis for SONACOMS: Score=25.1, Recommendation=SELL
2025-09-04 12:50:44,336 - INFO - Enhanced technical analysis completed for SONATSOFTW: 52 fields
2025-09-04 12:50:44,391 - INFO - Completed analysis for SONATSOFTW: Score=44.6, Recommendation=WEAK SELL
2025-09-04 12:50:44,584 - INFO - Comprehensive data extracted for SBIN
2025-09-04 12:50:44,584 - INFO - Fundamental analysis completed for SBIN: 58 fields
2025-09-04 12:50:44,824 - INFO - Enhanced technical analysis completed for SBIN: 52 fields
2025-09-04 12:50:44,905 - INFO - Comprehensive data extracted for SAIL
2025-09-04 12:50:44,905 - INFO - Completed analysis for SBIN: Score=86.3, Recommendation=STRONG BUY (UNDERVALUED)
2025-09-04 12:50:44,905 - INFO - Fundamental analysis completed for SAIL: 58 fields
2025-09-04 12:50:45,136 - INFO - Enhanced technical analysis completed for SAIL: 52 fields
2025-09-04 12:50:45,203 - INFO - Completed analysis for SAIL: Score=61.1, Recommendation=BUY (VALUE)
2025-09-04 12:50:50,797 - INFO - Comprehensive data extracted for SUMICHEM
2025-09-04 12:50:50,801 - INFO - Fundamental analysis completed for SUMICHEM: 58 fields
2025-09-04 12:50:50,870 - INFO - Comprehensive data extracted for SWSOLAR
2025-09-04 12:50:50,870 - INFO - Fundamental analysis completed for SWSOLAR: 58 fields
2025-09-04 12:50:50,991 - INFO - Comprehensive data extracted for SUNPHARMA
2025-09-04 12:50:51,015 - INFO - Enhanced technical analysis completed for SUMICHEM: 52 fields
2025-09-04 12:50:51,015 - INFO - Fundamental analysis completed for SUNPHARMA: 58 fields
2025-09-04 12:50:51,070 - INFO - Enhanced technical analysis completed for SWSOLAR: 52 fields
2025-09-04 12:50:51,118 - INFO - Completed analysis for SUMICHEM: Score=45.9, Recommendation=WEAK SELL
2025-09-04 12:50:51,144 - INFO - Completed analysis for SWSOLAR: Score=33.8, Recommendation=SELL
2025-09-04 12:50:51,208 - INFO - Enhanced technical analysis completed for SUNPHARMA: 52 fields
2025-09-04 12:50:51,274 - INFO - Completed analysis for SUNPHARMA: Score=32.4, Recommendation=SELL
2025-09-04 12:50:51,617 - INFO - Comprehensive data extracted for SUNDARMFIN
2025-09-04 12:50:51,623 - INFO - Fundamental analysis completed for SUNDARMFIN: 58 fields
2025-09-04 12:50:51,654 - INFO - Comprehensive data extracted for SUNTV
2025-09-04 12:50:51,662 - INFO - Fundamental analysis completed for SUNTV: 58 fields
2025-09-04 12:50:51,888 - INFO - Enhanced technical analysis completed for SUNTV: 52 fields
2025-09-04 12:50:51,915 - INFO - Enhanced technical analysis completed for SUNDARMFIN: 52 fields
2025-09-04 12:50:52,022 - INFO - Completed analysis for SUNDARMFIN: Score=42.2, Recommendation=WEAK SELL
2025-09-04 12:50:52,026 - INFO - Completed analysis for SUNTV: Score=48.9, Recommendation=WEAK SELL
2025-09-04 12:50:57,702 - INFO - Comprehensive data extracted for SUNDRMFAST
2025-09-04 12:50:57,702 - INFO - Fundamental analysis completed for SUNDRMFAST: 58 fields
2025-09-04 12:50:57,738 - INFO - Comprehensive data extracted for SUPREMEIND
2025-09-04 12:50:57,738 - INFO - Fundamental analysis completed for SUPREMEIND: 58 fields
2025-09-04 12:50:57,834 - INFO - Comprehensive data extracted for SUZLON
2025-09-04 12:50:57,838 - INFO - Fundamental analysis completed for SUZLON: 58 fields
2025-09-04 12:50:57,919 - INFO - Enhanced technical analysis completed for SUNDRMFAST: 52 fields
2025-09-04 12:50:57,974 - INFO - Enhanced technical analysis completed for SUPREMEIND: 52 fields
2025-09-04 12:50:58,074 - INFO - Enhanced technical analysis completed for SUZLON: 52 fields
2025-09-04 12:50:58,089 - INFO - Completed analysis for SUNDRMFAST: Score=32.4, Recommendation=SELL
2025-09-04 12:50:58,124 - INFO - Completed analysis for SUPREMEIND: Score=27.0, Recommendation=SELL
2025-09-04 12:50:58,153 - INFO - Completed analysis for SUZLON: Score=37.5, Recommendation=SELL
2025-09-04 12:50:58,547 - INFO - Comprehensive data extracted for SWANENERGY
2025-09-04 12:50:58,547 - INFO - Fundamental analysis completed for SWANENERGY: 58 fields
2025-09-04 12:50:58,591 - INFO - Comprehensive data extracted for SWIGGY
2025-09-04 12:50:58,593 - INFO - Fundamental analysis completed for SWIGGY: 58 fields
2025-09-04 12:50:58,740 - INFO - Enhanced technical analysis completed for SWANENERGY: 52 fields
2025-09-04 12:50:58,801 - INFO - Enhanced technical analysis completed for SWIGGY: 52 fields
2025-09-04 12:50:58,843 - INFO - Completed analysis for SWANENERGY: Score=52.9, Recommendation=HOLD
2025-09-04 12:50:58,902 - INFO - Completed analysis for SWIGGY: Score=32.5, Recommendation=SELL
2025-09-04 12:51:04,487 - INFO - Comprehensive data extracted for SYNGENE
2025-09-04 12:51:04,489 - INFO - Fundamental analysis completed for SYNGENE: 58 fields
2025-09-04 12:51:04,577 - INFO - Comprehensive data extracted for SYRMA
2025-09-04 12:51:04,579 - INFO - Fundamental analysis completed for SYRMA: 58 fields
2025-09-04 12:51:04,647 - INFO - Comprehensive data extracted for TBOTEK
2025-09-04 12:51:04,659 - INFO - Fundamental analysis completed for TBOTEK: 58 fields
2025-09-04 12:51:04,688 - INFO - Enhanced technical analysis completed for SYNGENE: 52 fields
2025-09-04 12:51:04,750 - INFO - Completed analysis for SYNGENE: Score=43.7, Recommendation=WEAK SELL
2025-09-04 12:51:04,899 - INFO - Enhanced technical analysis completed for TBOTEK: 52 fields
2025-09-04 12:51:04,902 - INFO - Enhanced technical analysis completed for SYRMA: 52 fields
2025-09-04 12:51:04,952 - INFO - Completed analysis for TBOTEK: Score=36.6, Recommendation=SELL
2025-09-04 12:51:04,985 - INFO - Completed analysis for SYRMA: Score=34.7, Recommendation=SELL
2025-09-04 12:51:05,438 - INFO - Comprehensive data extracted for TVSMOTOR
2025-09-04 12:51:05,448 - INFO - Fundamental analysis completed for TVSMOTOR: 58 fields
2025-09-04 12:51:05,485 - INFO - Comprehensive data extracted for TANLA
2025-09-04 12:51:05,485 - INFO - Fundamental analysis completed for TANLA: 58 fields
2025-09-04 12:51:05,836 - INFO - Enhanced technical analysis completed for TANLA: 52 fields
2025-09-04 12:51:05,875 - INFO - Enhanced technical analysis completed for TVSMOTOR: 52 fields
2025-09-04 12:51:05,957 - INFO - Completed analysis for TANLA: Score=42.9, Recommendation=WEAK SELL
2025-09-04 12:51:05,972 - INFO - Completed analysis for TVSMOTOR: Score=41.0, Recommendation=WEAK SELL
2025-09-04 12:51:11,504 - INFO - Comprehensive data extracted for TATACHEM
2025-09-04 12:51:11,504 - INFO - Fundamental analysis completed for TATACHEM: 58 fields
2025-09-04 12:51:11,612 - INFO - Comprehensive data extracted for TATACOMM
2025-09-04 12:51:11,614 - INFO - Fundamental analysis completed for TATACOMM: 58 fields
2025-09-04 12:51:11,641 - INFO - Comprehensive data extracted for TCS
2025-09-04 12:51:11,641 - INFO - Fundamental analysis completed for TCS: 58 fields
2025-09-04 12:51:11,767 - INFO - Enhanced technical analysis completed for TATACHEM: 52 fields
2025-09-04 12:51:11,917 - INFO - Enhanced technical analysis completed for TCS: 52 fields
2025-09-04 12:51:11,927 - INFO - Completed analysis for TATACHEM: Score=37.2, Recommendation=SELL
2025-09-04 12:51:11,936 - INFO - Enhanced technical analysis completed for TATACOMM: 52 fields
2025-09-04 12:51:12,034 - INFO - Completed analysis for TATACOMM: Score=34.0, Recommendation=SELL
2025-09-04 12:51:12,047 - INFO - Completed analysis for TCS: Score=60.4, Recommendation=BUY
2025-09-04 12:51:12,545 - INFO - Comprehensive data extracted for TATACONSUM
2025-09-04 12:51:12,547 - INFO - Fundamental analysis completed for TATACONSUM: 58 fields
2025-09-04 12:51:12,656 - INFO - Comprehensive data extracted for TATAELXSI
2025-09-04 12:51:12,656 - INFO - Fundamental analysis completed for TATAELXSI: 58 fields
2025-09-04 12:51:12,752 - INFO - Enhanced technical analysis completed for TATACONSUM: 52 fields
2025-09-04 12:51:12,819 - INFO - Completed analysis for TATACONSUM: Score=38.2, Recommendation=SELL
2025-09-04 12:51:12,886 - INFO - Enhanced technical analysis completed for TATAELXSI: 52 fields
2025-09-04 12:51:12,961 - INFO - Completed analysis for TATAELXSI: Score=26.3, Recommendation=SELL
2025-09-04 12:51:18,600 - INFO - Comprehensive data extracted for TATAPOWER
2025-09-04 12:51:18,631 - INFO - Comprehensive data extracted for TATAINVEST
2025-09-04 12:51:18,633 - INFO - Fundamental analysis completed for TATAPOWER: 58 fields
2025-09-04 12:51:18,635 - INFO - Fundamental analysis completed for TATAINVEST: 58 fields
2025-09-04 12:51:18,686 - INFO - Comprehensive data extracted for TATAMOTORS
2025-09-04 12:51:18,686 - INFO - Fundamental analysis completed for TATAMOTORS: 58 fields
2025-09-04 12:51:18,915 - INFO - Enhanced technical analysis completed for TATAPOWER: 52 fields
2025-09-04 12:51:18,969 - INFO - Enhanced technical analysis completed for TATAINVEST: 52 fields
2025-09-04 12:51:18,996 - INFO - Enhanced technical analysis completed for TATAMOTORS: 52 fields
2025-09-04 12:51:19,039 - INFO - Completed analysis for TATAPOWER: Score=35.5, Recommendation=SELL
2025-09-04 12:51:19,117 - INFO - Completed analysis for TATAINVEST: Score=55.5, Recommendation=HOLD
2025-09-04 12:51:19,123 - INFO - Completed analysis for TATAMOTORS: Score=49.9, Recommendation=WEAK SELL
2025-09-04 12:51:19,594 - INFO - Comprehensive data extracted for TATATECH
2025-09-04 12:51:19,594 - INFO - Fundamental analysis completed for TATATECH: 58 fields
2025-09-04 12:51:19,790 - INFO - Enhanced technical analysis completed for TATATECH: 52 fields
2025-09-04 12:51:19,818 - INFO - Comprehensive data extracted for TATASTEEL
2025-09-04 12:51:19,819 - INFO - Fundamental analysis completed for TATASTEEL: 58 fields
2025-09-04 12:51:19,874 - INFO - Completed analysis for TATATECH: Score=31.0, Recommendation=SELL
2025-09-04 12:51:20,095 - INFO - Enhanced technical analysis completed for TATASTEEL: 52 fields
2025-09-04 12:51:20,160 - INFO - Completed analysis for TATASTEEL: Score=38.9, Recommendation=SELL
2025-09-04 12:51:25,807 - INFO - Comprehensive data extracted for TECHNOE
2025-09-04 12:51:25,817 - INFO - Fundamental analysis completed for TECHNOE: 58 fields
2025-09-04 12:51:25,847 - INFO - Comprehensive data extracted for TTML
2025-09-04 12:51:25,847 - INFO - Fundamental analysis completed for TTML: 58 fields
2025-09-04 12:51:25,978 - INFO - Comprehensive data extracted for TECHM
2025-09-04 12:51:25,991 - INFO - Fundamental analysis completed for TECHM: 58 fields
2025-09-04 12:51:26,116 - INFO - Enhanced technical analysis completed for TECHNOE: 52 fields
2025-09-04 12:51:26,123 - INFO - Enhanced technical analysis completed for TTML: 52 fields
2025-09-04 12:51:26,217 - INFO - Completed analysis for TTML: Score=61.1, Recommendation=BUY (VALUE)
2025-09-04 12:51:26,238 - INFO - Completed analysis for TECHNOE: Score=46.8, Recommendation=WEAK SELL
2025-09-04 12:51:26,287 - INFO - Enhanced technical analysis completed for TECHM: 52 fields
2025-09-04 12:51:26,352 - INFO - Completed analysis for TECHM: Score=40.9, Recommendation=WEAK SELL
2025-09-04 12:51:26,811 - INFO - Comprehensive data extracted for TEJASNET
2025-09-04 12:51:26,811 - INFO - Fundamental analysis completed for TEJASNET: 58 fields
2025-09-04 12:51:26,856 - INFO - Comprehensive data extracted for NIACL
2025-09-04 12:51:26,859 - INFO - Fundamental analysis completed for NIACL: 58 fields
2025-09-04 12:51:27,039 - INFO - Enhanced technical analysis completed for TEJASNET: 52 fields
2025-09-04 12:51:27,089 - INFO - Enhanced technical analysis completed for NIACL: 52 fields
2025-09-04 12:51:27,134 - INFO - Completed analysis for TEJASNET: Score=31.2, Recommendation=SELL
2025-09-04 12:51:27,174 - INFO - Completed analysis for NIACL: Score=70.3, Recommendation=STRONG BUY (UNDERVALUED)
2025-09-04 12:51:32,766 - INFO - Comprehensive data extracted for RAMCOCEM
2025-09-04 12:51:32,768 - INFO - Fundamental analysis completed for RAMCOCEM: 58 fields
2025-09-04 12:51:32,838 - INFO - Comprehensive data extracted for THERMAX
2025-09-04 12:51:32,838 - INFO - Fundamental analysis completed for THERMAX: 58 fields
2025-09-04 12:51:32,863 - INFO - Comprehensive data extracted for TIMKEN
2025-09-04 12:51:32,863 - INFO - Fundamental analysis completed for TIMKEN: 58 fields
2025-09-04 12:51:32,973 - INFO - Enhanced technical analysis completed for RAMCOCEM: 52 fields
2025-09-04 12:51:33,156 - INFO - Enhanced technical analysis completed for THERMAX: 52 fields
2025-09-04 12:51:33,163 - INFO - Completed analysis for RAMCOCEM: Score=35.1, Recommendation=SELL
2025-09-04 12:51:33,169 - INFO - Enhanced technical analysis completed for TIMKEN: 52 fields
2025-09-04 12:51:33,280 - INFO - Completed analysis for TIMKEN: Score=42.4, Recommendation=WEAK SELL
2025-09-04 12:51:33,285 - INFO - Completed analysis for THERMAX: Score=32.2, Recommendation=SELL
2025-09-04 12:51:33,630 - INFO - Comprehensive data extracted for TITAGARH
2025-09-04 12:51:33,630 - INFO - Fundamental analysis completed for TITAGARH: 58 fields
2025-09-04 12:51:33,788 - INFO - Enhanced technical analysis completed for TITAGARH: 52 fields
2025-09-04 12:51:33,849 - INFO - Completed analysis for TITAGARH: Score=28.9, Recommendation=SELL
2025-09-04 12:51:33,881 - INFO - Comprehensive data extracted for TITAN
2025-09-04 12:51:33,883 - INFO - Fundamental analysis completed for TITAN: 58 fields
2025-09-04 12:51:34,068 - INFO - Enhanced technical analysis completed for TITAN: 52 fields
2025-09-04 12:51:34,130 - INFO - Completed analysis for TITAN: Score=39.9, Recommendation=SELL
2025-09-04 12:51:39,685 - INFO - Comprehensive data extracted for TORNTPOWER
2025-09-04 12:51:39,685 - INFO - Fundamental analysis completed for TORNTPOWER: 58 fields
2025-09-04 12:51:39,890 - INFO - Comprehensive data extracted for TARIL
2025-09-04 12:51:39,892 - INFO - Fundamental analysis completed for TARIL: 58 fields
2025-09-04 12:51:40,018 - INFO - Comprehensive data extracted for TORNTPHARM
2025-09-04 12:51:40,018 - INFO - Enhanced technical analysis completed for TORNTPOWER: 52 fields
2025-09-04 12:51:40,018 - INFO - Fundamental analysis completed for TORNTPHARM: 58 fields
2025-09-04 12:51:40,083 - INFO - Enhanced technical analysis completed for TARIL: 52 fields
2025-09-04 12:51:40,119 - INFO - Completed analysis for TORNTPOWER: Score=36.2, Recommendation=SELL
2025-09-04 12:51:40,172 - INFO - Completed analysis for TARIL: Score=43.6, Recommendation=WEAK SELL
2025-09-04 12:51:40,242 - INFO - Enhanced technical analysis completed for TORNTPHARM: 52 fields
2025-09-04 12:51:40,299 - INFO - Completed analysis for TORNTPHARM: Score=39.8, Recommendation=SELL
2025-09-04 12:51:40,745 - INFO - Comprehensive data extracted for TRENT
2025-09-04 12:51:40,747 - INFO - Fundamental analysis completed for TRENT: 58 fields
2025-09-04 12:51:40,814 - INFO - Comprehensive data extracted for TRIDENT
2025-09-04 12:51:40,814 - INFO - Fundamental analysis completed for TRIDENT: 58 fields
2025-09-04 12:51:40,929 - INFO - Enhanced technical analysis completed for TRENT: 52 fields
2025-09-04 12:51:41,043 - INFO - Enhanced technical analysis completed for TRIDENT: 52 fields
2025-09-04 12:51:41,046 - INFO - Completed analysis for TRENT: Score=39.6, Recommendation=SELL
2025-09-04 12:51:41,117 - INFO - Completed analysis for TRIDENT: Score=35.0, Recommendation=SELL
2025-09-04 12:51:46,671 - INFO - Comprehensive data extracted for TRIVENI
2025-09-04 12:51:46,673 - INFO - Fundamental analysis completed for TRIVENI: 58 fields
2025-09-04 12:51:46,826 - INFO - Comprehensive data extracted for TIINDIA
2025-09-04 12:51:46,850 - INFO - Fundamental analysis completed for TIINDIA: 58 fields
2025-09-04 12:51:46,921 - INFO - Comprehensive data extracted for TRITURBINE
2025-09-04 12:51:46,921 - INFO - Fundamental analysis completed for TRITURBINE: 58 fields
2025-09-04 12:51:46,930 - INFO - Enhanced technical analysis completed for TRIVENI: 52 fields
2025-09-04 12:51:46,999 - INFO - Completed analysis for TRIVENI: Score=36.4, Recommendation=SELL
2025-09-04 12:51:47,063 - INFO - Enhanced technical analysis completed for TIINDIA: 52 fields
2025-09-04 12:51:47,162 - INFO - Enhanced technical analysis completed for TRITURBINE: 52 fields
2025-09-04 12:51:47,183 - INFO - Completed analysis for TIINDIA: Score=28.3, Recommendation=SELL
2025-09-04 12:51:47,253 - INFO - Completed analysis for TRITURBINE: Score=27.0, Recommendation=SELL
2025-09-04 12:51:47,471 - INFO - Comprehensive data extracted for UCOBANK
2025-09-04 12:51:47,471 - INFO - Fundamental analysis completed for UCOBANK: 58 fields
2025-09-04 12:51:47,591 - INFO - Comprehensive data extracted for UNOMINDA
2025-09-04 12:51:47,593 - INFO - Fundamental analysis completed for UNOMINDA: 58 fields
2025-09-04 12:51:47,749 - INFO - Enhanced technical analysis completed for UCOBANK: 52 fields
2025-09-04 12:51:47,850 - INFO - Enhanced technical analysis completed for UNOMINDA: 52 fields
2025-09-04 12:51:47,850 - INFO - Completed analysis for UCOBANK: Score=77.6, Recommendation=STRONG BUY (UNDERVALUED)
2025-09-04 12:51:47,912 - INFO - Completed analysis for UNOMINDA: Score=33.7, Recommendation=SELL
2025-09-04 12:51:53,471 - INFO - Comprehensive data extracted for UTIAMC
2025-09-04 12:51:53,477 - INFO - Fundamental analysis completed for UTIAMC: 58 fields
2025-09-04 12:51:53,538 - INFO - Comprehensive data extracted for UPL
2025-09-04 12:51:53,545 - INFO - Fundamental analysis completed for UPL: 58 fields
2025-09-04 12:51:53,602 - INFO - Comprehensive data extracted for ULTRACEMCO
2025-09-04 12:51:53,602 - INFO - Fundamental analysis completed for ULTRACEMCO: 58 fields
2025-09-04 12:51:53,719 - INFO - Enhanced technical analysis completed for UPL: 52 fields
2025-09-04 12:51:53,873 - INFO - Enhanced technical analysis completed for UTIAMC: 52 fields
2025-09-04 12:51:53,890 - INFO - Completed analysis for UPL: Score=30.6, Recommendation=SELL
2025-09-04 12:51:53,914 - INFO - Enhanced technical analysis completed for ULTRACEMCO: 52 fields
2025-09-04 12:51:54,008 - INFO - Completed analysis for UTIAMC: Score=46.0, Recommendation=WEAK SELL
2025-09-04 12:51:54,032 - INFO - Completed analysis for ULTRACEMCO: Score=43.0, Recommendation=WEAK SELL
2025-09-04 12:51:54,671 - INFO - Comprehensive data extracted for UBL
2025-09-04 12:51:54,671 - INFO - Fundamental analysis completed for UBL: 58 fields
2025-09-04 12:51:54,727 - INFO - Comprehensive data extracted for UNIONBANK
2025-09-04 12:51:54,727 - INFO - Fundamental analysis completed for UNIONBANK: 58 fields
2025-09-04 12:51:54,860 - INFO - Enhanced technical analysis completed for UBL: 52 fields
2025-09-04 12:51:54,935 - INFO - Enhanced technical analysis completed for UNIONBANK: 52 fields
2025-09-04 12:51:54,973 - INFO - Completed analysis for UBL: Score=31.0, Recommendation=SELL
2025-09-04 12:51:55,018 - INFO - Completed analysis for UNIONBANK: Score=86.4, Recommendation=STRONG BUY (UNDERVALUED)
2025-09-04 12:52:00,689 - INFO - Comprehensive data extracted for USHAMART
2025-09-04 12:52:00,707 - INFO - Comprehensive data extracted for UNITDSPR
2025-09-04 12:52:00,707 - INFO - Fundamental analysis completed for USHAMART: 58 fields
2025-09-04 12:52:00,707 - INFO - Fundamental analysis completed for UNITDSPR: 58 fields
2025-09-04 12:52:00,806 - INFO - Comprehensive data extracted for VGUARD
2025-09-04 12:52:00,806 - INFO - Fundamental analysis completed for VGUARD: 58 fields
2025-09-04 12:52:00,857 - INFO - Enhanced technical analysis completed for UNITDSPR: 52 fields
2025-09-04 12:52:00,920 - INFO - Enhanced technical analysis completed for USHAMART: 52 fields
2025-09-04 12:52:00,954 - INFO - Completed analysis for UNITDSPR: Score=33.2, Recommendation=SELL
2025-09-04 12:52:01,037 - INFO - Enhanced technical analysis completed for VGUARD: 52 fields
2025-09-04 12:52:01,061 - INFO - Completed analysis for USHAMART: Score=35.6, Recommendation=SELL
2025-09-04 12:52:01,141 - INFO - Completed analysis for VGUARD: Score=32.4, Recommendation=SELL
2025-09-04 12:52:01,745 - INFO - Comprehensive data extracted for DBREALTY
2025-09-04 12:52:01,750 - INFO - Fundamental analysis completed for DBREALTY: 58 fields
2025-09-04 12:52:01,802 - INFO - Comprehensive data extracted for VTL
2025-09-04 12:52:01,807 - INFO - Fundamental analysis completed for VTL: 58 fields
2025-09-04 12:52:01,902 - INFO - Enhanced technical analysis completed for DBREALTY: 52 fields
2025-09-04 12:52:01,967 - INFO - Completed analysis for DBREALTY: Score=41.7, Recommendation=WEAK SELL
2025-09-04 12:52:02,026 - INFO - Enhanced technical analysis completed for VTL: 52 fields
2025-09-04 12:52:02,090 - INFO - Completed analysis for VTL: Score=51.3, Recommendation=HOLD
2025-09-04 12:52:07,740 - INFO - Comprehensive data extracted for MANYAVAR
2025-09-04 12:52:07,743 - INFO - Fundamental analysis completed for MANYAVAR: 58 fields
2025-09-04 12:52:07,792 - INFO - Comprehensive data extracted for VBL
2025-09-04 12:52:07,795 - INFO - Fundamental analysis completed for VBL: 58 fields
2025-09-04 12:52:07,823 - INFO - Comprehensive data extracted for VEDL
2025-09-04 12:52:07,823 - INFO - Fundamental analysis completed for VEDL: 58 fields
2025-09-04 12:52:07,918 - INFO - Enhanced technical analysis completed for MANYAVAR: 52 fields
2025-09-04 12:52:07,986 - INFO - Enhanced technical analysis completed for VBL: 52 fields
2025-09-04 12:52:08,030 - INFO - Completed analysis for MANYAVAR: Score=39.5, Recommendation=SELL
2025-09-04 12:52:08,096 - INFO - Completed analysis for VBL: Score=46.2, Recommendation=WEAK SELL
2025-09-04 12:52:08,199 - INFO - Enhanced technical analysis completed for VEDL: 52 fields
2025-09-04 12:52:08,262 - INFO - Completed analysis for VEDL: Score=52.8, Recommendation=HOLD
2025-09-04 12:52:08,681 - INFO - Comprehensive data extracted for VMM
2025-09-04 12:52:08,681 - INFO - Fundamental analysis completed for VMM: 58 fields
2025-09-04 12:52:08,847 - INFO - Enhanced technical analysis completed for VMM: 52 fields
2025-09-04 12:52:08,948 - INFO - Completed analysis for VMM: Score=37.2, Recommendation=SELL
2025-09-04 12:52:08,952 - INFO - Comprehensive data extracted for VIJAYA
2025-09-04 12:52:08,993 - INFO - Fundamental analysis completed for VIJAYA: 58 fields
2025-09-04 12:52:09,283 - INFO - Enhanced technical analysis completed for VIJAYA: 52 fields
2025-09-04 12:52:09,340 - INFO - Completed analysis for VIJAYA: Score=49.0, Recommendation=WEAK SELL
2025-09-04 12:52:15,052 - INFO - Comprehensive data extracted for VOLTAS
2025-09-04 12:52:15,054 - INFO - Fundamental analysis completed for VOLTAS: 58 fields
2025-09-04 12:52:15,254 - INFO - Enhanced technical analysis completed for VOLTAS: 52 fields
2025-09-04 12:52:15,286 - INFO - Comprehensive data extracted for WAAREEENER
2025-09-04 12:52:15,286 - INFO - Fundamental analysis completed for WAAREEENER: 58 fields
2025-09-04 12:52:15,319 - INFO - Completed analysis for VOLTAS: Score=27.6, Recommendation=SELL
2025-09-04 12:52:15,589 - INFO - Enhanced technical analysis completed for WAAREEENER: 52 fields
2025-09-04 12:52:15,657 - INFO - Completed analysis for WAAREEENER: Score=34.1, Recommendation=SELL
2025-09-04 12:52:15,805 - INFO - Comprehensive data extracted for WELCORP
2025-09-04 12:52:15,825 - INFO - Comprehensive data extracted for IDEA
2025-09-04 12:52:15,827 - INFO - Fundamental analysis completed for WELCORP: 58 fields
2025-09-04 12:52:15,829 - INFO - Fundamental analysis completed for IDEA: 58 fields
2025-09-04 12:52:16,029 - INFO - Enhanced technical analysis completed for IDEA: 52 fields
2025-09-04 12:52:16,069 - INFO - Enhanced technical analysis completed for WELCORP: 52 fields
2025-09-04 12:52:16,151 - INFO - Completed analysis for IDEA: Score=60.3, Recommendation=BUY (VALUE)
2025-09-04 12:52:16,160 - INFO - Completed analysis for WELCORP: Score=61.0, Recommendation=BUY
2025-09-04 12:52:16,658 - INFO - Comprehensive data extracted for WELSPUNLIV
2025-09-04 12:52:16,658 - INFO - Fundamental analysis completed for WELSPUNLIV: 58 fields
2025-09-04 12:52:16,923 - INFO - Enhanced technical analysis completed for WELSPUNLIV: 52 fields
2025-09-04 12:52:16,970 - INFO - Completed analysis for WELSPUNLIV: Score=36.8, Recommendation=SELL
2025-09-04 12:52:22,557 - INFO - Comprehensive data extracted for WESTLIFE
2025-09-04 12:52:22,558 - INFO - Fundamental analysis completed for WESTLIFE: 58 fields
2025-09-04 12:52:22,584 - INFO - Comprehensive data extracted for WHIRLPOOL
2025-09-04 12:52:22,584 - INFO - Fundamental analysis completed for WHIRLPOOL: 58 fields
2025-09-04 12:52:22,701 - INFO - Comprehensive data extracted for WIPRO
2025-09-04 12:52:22,701 - INFO - Fundamental analysis completed for WIPRO: 58 fields
2025-09-04 12:52:22,769 - INFO - Enhanced technical analysis completed for WESTLIFE: 52 fields
2025-09-04 12:52:22,841 - INFO - Enhanced technical analysis completed for WHIRLPOOL: 52 fields
2025-09-04 12:52:22,882 - INFO - Completed analysis for WESTLIFE: Score=30.6, Recommendation=SELL
2025-09-04 12:52:22,921 - INFO - Completed analysis for WHIRLPOOL: Score=30.2, Recommendation=SELL
2025-09-04 12:52:23,004 - INFO - Enhanced technical analysis completed for WIPRO: 52 fields
2025-09-04 12:52:23,079 - INFO - Completed analysis for WIPRO: Score=69.2, Recommendation=BUY
2025-09-04 12:52:23,354 - INFO - Comprehensive data extracted for WOCKPHARMA
2025-09-04 12:52:23,356 - INFO - Fundamental analysis completed for WOCKPHARMA: 58 fields
2025-09-04 12:52:23,569 - INFO - Comprehensive data extracted for YESBANK
2025-09-04 12:52:23,577 - INFO - Enhanced technical analysis completed for WOCKPHARMA: 52 fields
2025-09-04 12:52:23,577 - INFO - Fundamental analysis completed for YESBANK: 58 fields
2025-09-04 12:52:23,637 - INFO - Completed analysis for WOCKPHARMA: Score=24.3, Recommendation=SELL
2025-09-04 12:52:23,889 - INFO - Enhanced technical analysis completed for YESBANK: 52 fields
2025-09-04 12:52:23,941 - INFO - Completed analysis for YESBANK: Score=76.7, Recommendation=STRONG BUY
2025-09-04 12:52:29,522 - INFO - Comprehensive data extracted for ZEEL
2025-09-04 12:52:29,522 - INFO - Fundamental analysis completed for ZEEL: 58 fields
2025-09-04 12:52:29,713 - INFO - Enhanced technical analysis completed for ZEEL: 52 fields
2025-09-04 12:52:29,782 - INFO - Completed analysis for ZEEL: Score=52.0, Recommendation=HOLD
2025-09-04 12:52:29,812 - INFO - Comprehensive data extracted for ZFCVINDIA
2025-09-04 12:52:29,814 - INFO - Fundamental analysis completed for ZFCVINDIA: 58 fields
2025-09-04 12:52:29,872 - INFO - Comprehensive data extracted for ZENTEC
2025-09-04 12:52:29,872 - INFO - Fundamental analysis completed for ZENTEC: 58 fields
2025-09-04 12:52:30,025 - INFO - Enhanced technical analysis completed for ZFCVINDIA: 52 fields
2025-09-04 12:52:30,069 - INFO - Enhanced technical analysis completed for ZENTEC: 52 fields
2025-09-04 12:52:30,119 - INFO - Completed analysis for ZFCVINDIA: Score=32.3, Recommendation=SELL
2025-09-04 12:52:30,168 - INFO - Completed analysis for ZENTEC: Score=27.0, Recommendation=SELL
2025-09-04 12:52:30,257 - INFO - Comprehensive data extracted for ZENSARTECH
2025-09-04 12:52:30,257 - INFO - Fundamental analysis completed for ZENSARTECH: 58 fields
2025-09-04 12:52:30,442 - INFO - Enhanced technical analysis completed for ZENSARTECH: 52 fields
2025-09-04 12:52:30,516 - INFO - Completed analysis for ZENSARTECH: Score=38.6, Recommendation=SELL
2025-09-04 12:52:30,680 - INFO - Comprehensive data extracted for ZYDUSLIFE
2025-09-04 12:52:30,680 - INFO - Fundamental analysis completed for ZYDUSLIFE: 58 fields
2025-09-04 12:52:30,883 - INFO - Enhanced technical analysis completed for ZYDUSLIFE: 52 fields
2025-09-04 12:52:30,956 - INFO - Completed analysis for ZYDUSLIFE: Score=52.5, Recommendation=HOLD
2025-09-04 12:52:36,643 - INFO - Comprehensive data extracted for ECLERX
2025-09-04 12:52:36,658 - INFO - Fundamental analysis completed for ECLERX: 58 fields
2025-09-04 12:52:36,868 - INFO - Enhanced technical analysis completed for ECLERX: 52 fields
2025-09-04 12:52:36,938 - INFO - Completed analysis for ECLERX: Score=45.9, Recommendation=WEAK SELL
2025-09-04 12:52:36,955 - INFO - Batch analysis completed: 501 results, 0 failures
2025-09-04 12:52:37,504 - INFO - Calculated sector rankings for 12 sectors
2025-09-04 12:53:03,913 - ERROR - $DUMMYDBRLT.NS: possibly delisted; no price data found  (period=6mo) (Yahoo error = "No data found, symbol may be delisted")
2025-09-04 12:54:09,470 - INFO - Completed risk-return analysis
2025-09-04 12:54:09,497 - INFO - Generated portfolio allocation for 15 stocks
2025-09-04 12:54:15,457 - INFO - Enhanced Excel report generated: reports/Enhanced_Stock_Report_20250904_125409.xlsx, Size: 683351 bytes
