2025-09-04 10:39:59,193 - INFO - Dynamic NSE Stock Analysis Initialized
2025-09-04 10:39:59,193 - INFO - Risk profile set to: aggressive
2025-09-04 10:39:59,193 - INFO - HIGH-RISK MODE: Profile=aggressive, Growth=True, Momentum=True, MinVol=0.0
2025-09-04 10:39:59,193 - INFO - Using default stock list from stock_list_template.csv
2025-09-04 10:39:59,193 - INFO - Loading stocks from CSV: stock_list_template.csv
2025-09-04 10:39:59,205 - INFO - Loaded 501 stocks with company names
2025-09-04 10:39:59,206 - INFO - Sample stocks: 360ONE, 3MINDIA, ABB, ACC, ACMESOLAR
2025-09-04 10:39:59,207 - INFO - Starting batch analysis of 501 stocks
2025-09-04 10:40:00,391 - INFO - Comprehensive data extracted for 3MINDIA
2025-09-04 10:40:00,391 - INFO - Fundamental analysis completed for 3MINDIA: 58 fields
2025-09-04 10:40:00,424 - INFO - Comprehensive data extracted for ABB
2025-09-04 10:40:00,424 - INFO - Fundamental analysis completed for ABB: 58 fields
2025-09-04 10:40:00,457 - INFO - Comprehensive data extracted for 360ONE
2025-09-04 10:40:00,457 - INFO - Fundamental analysis completed for 360ONE: 58 fields
2025-09-04 10:40:00,747 - INFO - Enhanced technical analysis completed for 3MINDIA: 52 fields
2025-09-04 10:40:00,804 - INFO - Enhanced technical analysis completed for 360ONE: 52 fields
2025-09-04 10:40:00,827 - INFO - Enhanced technical analysis completed for ABB: 52 fields
2025-09-04 10:40:00,923 - INFO - Completed analysis for 3MINDIA: Score=39.4, Recommendation=SELL
2025-09-04 10:40:00,973 - INFO - Completed analysis for 360ONE: Score=34.0, Recommendation=SELL
2025-09-04 10:40:00,981 - INFO - Completed analysis for ABB: Score=56.6, Recommendation=HOLD
2025-09-04 10:40:01,472 - INFO - Comprehensive data extracted for ACC
2025-09-04 10:40:01,474 - INFO - Fundamental analysis completed for ACC: 58 fields
2025-09-04 10:40:01,538 - INFO - Comprehensive data extracted for ACMESOLAR
2025-09-04 10:40:01,538 - INFO - Fundamental analysis completed for ACMESOLAR: 58 fields
2025-09-04 10:40:01,696 - INFO - Enhanced technical analysis completed for ACC: 52 fields
2025-09-04 10:40:01,783 - INFO - Enhanced technical analysis completed for ACMESOLAR: 52 fields
2025-09-04 10:40:01,824 - INFO - Completed analysis for ACC: Score=66.2, Recommendation=BUY (VALUE)
2025-09-04 10:40:01,895 - INFO - Completed analysis for ACMESOLAR: Score=48.1, Recommendation=WEAK SELL
2025-09-04 10:40:07,502 - INFO - Comprehensive data extracted for APLAPOLLO
2025-09-04 10:40:07,502 - INFO - Fundamental analysis completed for APLAPOLLO: 58 fields
2025-09-04 10:40:07,589 - INFO - Comprehensive data extracted for AUBANK
2025-09-04 10:40:07,589 - INFO - Fundamental analysis completed for AUBANK: 58 fields
2025-09-04 10:40:07,621 - INFO - Comprehensive data extracted for AIAENG
2025-09-04 10:40:07,655 - INFO - Fundamental analysis completed for AIAENG: 58 fields
2025-09-04 10:40:07,708 - INFO - Enhanced technical analysis completed for APLAPOLLO: 52 fields
2025-09-04 10:40:07,771 - INFO - Completed analysis for APLAPOLLO: Score=32.9, Recommendation=SELL
2025-09-04 10:40:07,907 - INFO - Enhanced technical analysis completed for AIAENG: 52 fields
2025-09-04 10:40:07,956 - INFO - Enhanced technical analysis completed for AUBANK: 52 fields
2025-09-04 10:40:08,055 - INFO - Completed analysis for AIAENG: Score=42.6, Recommendation=WEAK SELL
2025-09-04 10:40:08,059 - INFO - Completed analysis for AUBANK: Score=67.0, Recommendation=BUY
2025-09-04 10:40:08,504 - INFO - Comprehensive data extracted for AWL
2025-09-04 10:40:08,504 - INFO - Fundamental analysis completed for AWL: 58 fields
2025-09-04 10:40:08,645 - INFO - Comprehensive data extracted for AADHARHFC
2025-09-04 10:40:08,645 - INFO - Fundamental analysis completed for AADHARHFC: 58 fields
2025-09-04 10:40:08,791 - INFO - Enhanced technical analysis completed for AWL: 52 fields
2025-09-04 10:40:08,885 - INFO - Completed analysis for AWL: Score=32.2, Recommendation=SELL
2025-09-04 10:40:08,885 - INFO - Enhanced technical analysis completed for AADHARHFC: 52 fields
2025-09-04 10:40:08,953 - INFO - Completed analysis for AADHARHFC: Score=59.3, Recommendation=HOLD
2025-09-04 10:40:14,643 - INFO - Comprehensive data extracted for AAVAS
2025-09-04 10:40:14,646 - INFO - Fundamental analysis completed for AAVAS: 58 fields
2025-09-04 10:40:14,725 - INFO - Comprehensive data extracted for ABBOTINDIA
2025-09-04 10:40:14,725 - INFO - Fundamental analysis completed for ABBOTINDIA: 58 fields
2025-09-04 10:40:14,756 - INFO - Comprehensive data extracted for AARTIIND
2025-09-04 10:40:14,758 - INFO - Fundamental analysis completed for AARTIIND: 58 fields
2025-09-04 10:40:14,825 - INFO - Enhanced technical analysis completed for AAVAS: 52 fields
2025-09-04 10:40:14,949 - INFO - Enhanced technical analysis completed for ABBOTINDIA: 52 fields
2025-09-04 10:40:15,032 - INFO - Completed analysis for AAVAS: Score=59.0, Recommendation=HOLD
2025-09-04 10:40:15,065 - INFO - Enhanced technical analysis completed for AARTIIND: 52 fields
2025-09-04 10:40:15,115 - INFO - Completed analysis for ABBOTINDIA: Score=42.4, Recommendation=WEAK SELL
2025-09-04 10:40:15,179 - INFO - Completed analysis for AARTIIND: Score=29.8, Recommendation=SELL
2025-09-04 10:40:15,567 - INFO - Comprehensive data extracted for ADANIENSOL
2025-09-04 10:40:15,567 - INFO - Fundamental analysis completed for ADANIENSOL: 58 fields
2025-09-04 10:40:15,769 - INFO - Enhanced technical analysis completed for ADANIENSOL: 52 fields
2025-09-04 10:40:15,834 - INFO - Completed analysis for ADANIENSOL: Score=31.8, Recommendation=SELL
2025-09-04 10:40:15,991 - INFO - Comprehensive data extracted for ACE
2025-09-04 10:40:15,991 - INFO - Fundamental analysis completed for ACE: 58 fields
2025-09-04 10:40:16,198 - INFO - Enhanced technical analysis completed for ACE: 52 fields
2025-09-04 10:40:16,269 - INFO - Completed analysis for ACE: Score=29.3, Recommendation=SELL
2025-09-04 10:40:21,979 - INFO - Comprehensive data extracted for ADANIGREEN
2025-09-04 10:40:22,002 - INFO - Fundamental analysis completed for ADANIGREEN: 58 fields
2025-09-04 10:40:22,033 - INFO - Comprehensive data extracted for ADANIPORTS
2025-09-04 10:40:22,057 - INFO - Fundamental analysis completed for ADANIPORTS: 58 fields
2025-09-04 10:40:22,067 - INFO - Comprehensive data extracted for ADANIENT
2025-09-04 10:40:22,068 - INFO - Fundamental analysis completed for ADANIENT: 58 fields
2025-09-04 10:40:22,248 - INFO - Enhanced technical analysis completed for ADANIGREEN: 52 fields
2025-09-04 10:40:22,302 - INFO - Enhanced technical analysis completed for ADANIPORTS: 52 fields
2025-09-04 10:40:22,353 - INFO - Enhanced technical analysis completed for ADANIENT: 52 fields
2025-09-04 10:40:22,373 - INFO - Completed analysis for ADANIGREEN: Score=39.3, Recommendation=SELL
2025-09-04 10:40:22,417 - INFO - Completed analysis for ADANIPORTS: Score=49.4, Recommendation=WEAK SELL
2025-09-04 10:40:22,445 - INFO - Completed analysis for ADANIENT: Score=28.6, Recommendation=SELL
2025-09-04 10:40:22,990 - INFO - Comprehensive data extracted for ATGL
2025-09-04 10:40:22,990 - INFO - Fundamental analysis completed for ATGL: 58 fields
2025-09-04 10:40:23,040 - INFO - Comprehensive data extracted for ADANIPOWER
2025-09-04 10:40:23,040 - INFO - Fundamental analysis completed for ADANIPOWER: 58 fields
2025-09-04 10:40:23,218 - INFO - Enhanced technical analysis completed for ADANIPOWER: 52 fields
2025-09-04 10:40:23,302 - INFO - Completed analysis for ADANIPOWER: Score=39.2, Recommendation=SELL
2025-09-04 10:40:23,337 - INFO - Enhanced technical analysis completed for ATGL: 52 fields
2025-09-04 10:40:23,408 - INFO - Completed analysis for ATGL: Score=38.7, Recommendation=SELL
2025-09-04 10:40:29,019 - INFO - Comprehensive data extracted for ABCAPITAL
2025-09-04 10:40:29,019 - INFO - Fundamental analysis completed for ABCAPITAL: 58 fields
2025-09-04 10:40:29,159 - INFO - Comprehensive data extracted for ABFRL
2025-09-04 10:40:29,159 - INFO - Fundamental analysis completed for ABFRL: 58 fields
2025-09-04 10:40:29,254 - INFO - Comprehensive data extracted for ABREL
2025-09-04 10:40:29,254 - INFO - Fundamental analysis completed for ABREL: 58 fields
2025-09-04 10:40:29,375 - INFO - Enhanced technical analysis completed for ABCAPITAL: 52 fields
2025-09-04 10:40:29,385 - INFO - Enhanced technical analysis completed for ABFRL: 52 fields
2025-09-04 10:40:29,507 - INFO - Completed analysis for ABCAPITAL: Score=43.3, Recommendation=WEAK SELL
2025-09-04 10:40:29,523 - INFO - Enhanced technical analysis completed for ABREL: 52 fields
2025-09-04 10:40:29,535 - INFO - Completed analysis for ABFRL: Score=35.2, Recommendation=SELL
2025-09-04 10:40:29,599 - INFO - Completed analysis for ABREL: Score=40.6, Recommendation=WEAK SELL
2025-09-04 10:40:30,122 - INFO - Comprehensive data extracted for AEGISLOG
2025-09-04 10:40:30,133 - INFO - Fundamental analysis completed for AEGISLOG: 58 fields
2025-09-04 10:40:30,303 - INFO - Enhanced technical analysis completed for AEGISLOG: 52 fields
2025-09-04 10:40:30,342 - INFO - Comprehensive data extracted for ABSLAMC
2025-09-04 10:40:30,342 - INFO - Fundamental analysis completed for ABSLAMC: 58 fields
2025-09-04 10:40:30,410 - INFO - Completed analysis for AEGISLOG: Score=29.6, Recommendation=SELL
2025-09-04 10:40:30,622 - INFO - Enhanced technical analysis completed for ABSLAMC: 52 fields
2025-09-04 10:40:30,691 - INFO - Completed analysis for ABSLAMC: Score=47.9, Recommendation=WEAK SELL
2025-09-04 10:40:36,487 - INFO - Comprehensive data extracted for AJANTPHARM
2025-09-04 10:40:36,487 - INFO - Fundamental analysis completed for AJANTPHARM: 58 fields
2025-09-04 10:40:36,563 - INFO - Comprehensive data extracted for AFCONS
2025-09-04 10:40:36,563 - INFO - Fundamental analysis completed for AFCONS: 58 fields
2025-09-04 10:40:36,587 - INFO - Comprehensive data extracted for AFFLE
2025-09-04 10:40:36,587 - INFO - Fundamental analysis completed for AFFLE: 58 fields
2025-09-04 10:40:36,669 - INFO - Enhanced technical analysis completed for AJANTPHARM: 52 fields
2025-09-04 10:40:36,748 - INFO - Enhanced technical analysis completed for AFFLE: 52 fields
2025-09-04 10:40:36,806 - INFO - Completed analysis for AJANTPHARM: Score=38.1, Recommendation=SELL
2025-09-04 10:40:36,854 - INFO - Enhanced technical analysis completed for AFCONS: 52 fields
2025-09-04 10:40:36,888 - INFO - Completed analysis for AFFLE: Score=38.6, Recommendation=SELL
2025-09-04 10:40:36,926 - INFO - Completed analysis for AFCONS: Score=39.5, Recommendation=SELL
2025-09-04 10:40:37,500 - INFO - Comprehensive data extracted for APLLTD
2025-09-04 10:40:37,507 - INFO - Fundamental analysis completed for APLLTD: 58 fields
2025-09-04 10:40:37,546 - INFO - Comprehensive data extracted for AKUMS
2025-09-04 10:40:37,548 - INFO - Fundamental analysis completed for AKUMS: 58 fields
2025-09-04 10:40:37,722 - INFO - Enhanced technical analysis completed for APLLTD: 52 fields
2025-09-04 10:40:37,761 - INFO - Enhanced technical analysis completed for AKUMS: 52 fields
2025-09-04 10:40:37,792 - INFO - Completed analysis for APLLTD: Score=43.9, Recommendation=WEAK SELL
2025-09-04 10:40:37,838 - INFO - Completed analysis for AKUMS: Score=36.1, Recommendation=SELL
2025-09-04 10:40:43,501 - INFO - Comprehensive data extracted for ALKEM
2025-09-04 10:40:43,501 - INFO - Fundamental analysis completed for ALKEM: 58 fields
2025-09-04 10:40:43,680 - INFO - Enhanced technical analysis completed for ALKEM: 52 fields
2025-09-04 10:40:43,773 - INFO - Comprehensive data extracted for ALKYLAMINE
2025-09-04 10:40:43,774 - INFO - Fundamental analysis completed for ALKYLAMINE: 58 fields
2025-09-04 10:40:43,774 - INFO - Completed analysis for ALKEM: Score=44.5, Recommendation=WEAK SELL
2025-09-04 10:40:43,907 - INFO - Comprehensive data extracted for ALIVUS
2025-09-04 10:40:43,943 - INFO - Fundamental analysis completed for ALIVUS: 58 fields
2025-09-04 10:40:43,985 - INFO - Enhanced technical analysis completed for ALKYLAMINE: 52 fields
2025-09-04 10:40:44,045 - INFO - Completed analysis for ALKYLAMINE: Score=42.6, Recommendation=WEAK SELL
2025-09-04 10:40:44,202 - INFO - Enhanced technical analysis completed for ALIVUS: 52 fields
2025-09-04 10:40:44,276 - INFO - Completed analysis for ALIVUS: Score=48.4, Recommendation=WEAK SELL
2025-09-04 10:40:44,450 - INFO - Comprehensive data extracted for ALOKINDS
2025-09-04 10:40:44,464 - INFO - Fundamental analysis completed for ALOKINDS: 58 fields
2025-09-04 10:40:44,578 - INFO - Comprehensive data extracted for ARE&M
2025-09-04 10:40:44,607 - INFO - Fundamental analysis completed for ARE&M: 58 fields
2025-09-04 10:40:44,662 - INFO - Enhanced technical analysis completed for ALOKINDS: 52 fields
2025-09-04 10:40:44,721 - INFO - Completed analysis for ALOKINDS: Score=63.5, Recommendation=BUY (VALUE)
2025-09-04 10:40:44,812 - INFO - Enhanced technical analysis completed for ARE&M: 52 fields
2025-09-04 10:40:44,881 - INFO - Completed analysis for ARE&M: Score=41.9, Recommendation=WEAK SELL
2025-09-04 10:40:50,660 - INFO - Comprehensive data extracted for ANANDRATHI
2025-09-04 10:40:50,662 - INFO - Fundamental analysis completed for ANANDRATHI: 58 fields
2025-09-04 10:40:50,696 - INFO - Comprehensive data extracted for AMBUJACEM
2025-09-04 10:40:50,710 - INFO - Fundamental analysis completed for AMBUJACEM: 58 fields
2025-09-04 10:40:50,801 - INFO - Enhanced technical analysis completed for ANANDRATHI: 52 fields
2025-09-04 10:40:50,826 - INFO - Comprehensive data extracted for AMBER
2025-09-04 10:40:50,828 - INFO - Fundamental analysis completed for AMBER: 58 fields
2025-09-04 10:40:50,885 - INFO - Completed analysis for ANANDRATHI: Score=37.8, Recommendation=SELL
2025-09-04 10:40:51,000 - INFO - Enhanced technical analysis completed for AMBER: 52 fields
2025-09-04 10:40:51,044 - INFO - Enhanced technical analysis completed for AMBUJACEM: 52 fields
2025-09-04 10:40:51,117 - INFO - Completed analysis for AMBER: Score=36.5, Recommendation=SELL
2025-09-04 10:40:51,124 - INFO - Completed analysis for AMBUJACEM: Score=49.7, Recommendation=WEAK SELL
2025-09-04 10:40:51,619 - INFO - Comprehensive data extracted for ANANTRAJ
2025-09-04 10:40:51,619 - INFO - Fundamental analysis completed for ANANTRAJ: 58 fields
2025-09-04 10:40:51,875 - INFO - Enhanced technical analysis completed for ANANTRAJ: 52 fields
2025-09-04 10:40:51,918 - INFO - Completed analysis for ANANTRAJ: Score=47.0, Recommendation=WEAK SELL
2025-09-04 10:40:51,970 - INFO - Comprehensive data extracted for ANGELONE
2025-09-04 10:40:51,970 - INFO - Fundamental analysis completed for ANGELONE: 58 fields
2025-09-04 10:40:52,229 - INFO - Enhanced technical analysis completed for ANGELONE: 52 fields
2025-09-04 10:40:52,285 - INFO - Completed analysis for ANGELONE: Score=36.3, Recommendation=SELL
2025-09-04 10:40:57,937 - INFO - Comprehensive data extracted for APOLLOTYRE
2025-09-04 10:40:57,937 - INFO - Fundamental analysis completed for APOLLOTYRE: 58 fields
2025-09-04 10:40:58,139 - INFO - Comprehensive data extracted for APOLLOHOSP
2025-09-04 10:40:58,162 - INFO - Fundamental analysis completed for APOLLOHOSP: 58 fields
2025-09-04 10:40:58,339 - INFO - Comprehensive data extracted for APARINDS
2025-09-04 10:40:58,341 - INFO - Enhanced technical analysis completed for APOLLOHOSP: 52 fields
2025-09-04 10:40:58,341 - INFO - Fundamental analysis completed for APARINDS: 58 fields
2025-09-04 10:40:58,406 - INFO - Enhanced technical analysis completed for APOLLOTYRE: 52 fields
2025-09-04 10:40:58,435 - INFO - Completed analysis for APOLLOHOSP: Score=42.8, Recommendation=WEAK SELL
2025-09-04 10:40:58,500 - INFO - Enhanced technical analysis completed for APARINDS: 52 fields
2025-09-04 10:40:58,536 - INFO - Completed analysis for APOLLOTYRE: Score=31.8, Recommendation=SELL
2025-09-04 10:40:58,573 - INFO - Completed analysis for APARINDS: Score=43.2, Recommendation=WEAK SELL
2025-09-04 10:40:59,062 - INFO - Comprehensive data extracted for APTUS
2025-09-04 10:40:59,062 - INFO - Fundamental analysis completed for APTUS: 58 fields
2025-09-04 10:40:59,301 - INFO - Enhanced technical analysis completed for APTUS: 52 fields
2025-09-04 10:40:59,335 - INFO - Comprehensive data extracted for ASAHIINDIA
2025-09-04 10:40:59,336 - INFO - Fundamental analysis completed for ASAHIINDIA: 58 fields
2025-09-04 10:40:59,371 - INFO - Completed analysis for APTUS: Score=58.0, Recommendation=HOLD
2025-09-04 10:40:59,578 - INFO - Enhanced technical analysis completed for ASAHIINDIA: 52 fields
2025-09-04 10:40:59,627 - INFO - Completed analysis for ASAHIINDIA: Score=24.2, Recommendation=SELL
2025-09-04 10:41:05,358 - INFO - Comprehensive data extracted for ASIANPAINT
2025-09-04 10:41:05,358 - INFO - Fundamental analysis completed for ASIANPAINT: 58 fields
2025-09-04 10:41:05,438 - INFO - Comprehensive data extracted for ASHOKLEY
2025-09-04 10:41:05,440 - INFO - Fundamental analysis completed for ASHOKLEY: 58 fields
2025-09-04 10:41:05,487 - INFO - Comprehensive data extracted for ASTERDM
2025-09-04 10:41:05,487 - INFO - Fundamental analysis completed for ASTERDM: 58 fields
2025-09-04 10:41:05,669 - INFO - Enhanced technical analysis completed for ASIANPAINT: 52 fields
2025-09-04 10:41:05,669 - INFO - Enhanced technical analysis completed for ASHOKLEY: 52 fields
2025-09-04 10:41:05,772 - INFO - Enhanced technical analysis completed for ASTERDM: 52 fields
2025-09-04 10:41:05,780 - INFO - Completed analysis for ASHOKLEY: Score=40.0, Recommendation=WEAK SELL
2025-09-04 10:41:05,820 - INFO - Completed analysis for ASTERDM: Score=33.0, Recommendation=SELL
2025-09-04 10:41:05,936 - INFO - Completed analysis for ASIANPAINT: Score=30.0, Recommendation=SELL
2025-09-04 10:41:06,814 - INFO - Comprehensive data extracted for ASTRAZEN
2025-09-04 10:41:06,817 - INFO - Fundamental analysis completed for ASTRAZEN: 58 fields
2025-09-04 10:41:07,079 - INFO - Enhanced technical analysis completed for ASTRAZEN: 52 fields
2025-09-04 10:41:07,124 - INFO - Completed analysis for ASTRAZEN: Score=36.9, Recommendation=SELL
2025-09-04 10:41:11,270 - INFO - Comprehensive data extracted for ASTRAL
2025-09-04 10:41:11,274 - INFO - Fundamental analysis completed for ASTRAL: 58 fields
2025-09-04 10:41:11,841 - INFO - Enhanced technical analysis completed for ASTRAL: 52 fields
2025-09-04 10:41:11,917 - INFO - Completed analysis for ASTRAL: Score=26.7, Recommendation=SELL
2025-09-04 10:41:17,625 - INFO - Comprehensive data extracted for ATUL
2025-09-04 10:41:17,653 - INFO - Fundamental analysis completed for ATUL: 58 fields
2025-09-04 10:41:17,658 - INFO - Comprehensive data extracted for AIIL
2025-09-04 10:41:17,677 - INFO - Fundamental analysis completed for AIIL: 58 fields
2025-09-04 10:41:17,823 - INFO - Comprehensive data extracted for AUROPHARMA
2025-09-04 10:41:17,837 - INFO - Enhanced technical analysis completed for AIIL: 52 fields
2025-09-04 10:41:17,837 - INFO - Fundamental analysis completed for AUROPHARMA: 58 fields
2025-09-04 10:41:17,904 - INFO - Enhanced technical analysis completed for ATUL: 52 fields
2025-09-04 10:41:17,939 - INFO - Completed analysis for AIIL: Score=42.5, Recommendation=WEAK SELL
2025-09-04 10:41:17,983 - INFO - Completed analysis for ATUL: Score=39.5, Recommendation=SELL
2025-09-04 10:41:18,051 - INFO - Enhanced technical analysis completed for AUROPHARMA: 52 fields
2025-09-04 10:41:18,101 - INFO - Completed analysis for AUROPHARMA: Score=49.7, Recommendation=WEAK SELL
2025-09-04 10:41:18,617 - INFO - Comprehensive data extracted for DMART
2025-09-04 10:41:18,618 - INFO - Fundamental analysis completed for DMART: 58 fields
2025-09-04 10:41:18,812 - INFO - Comprehensive data extracted for AXISBANK
2025-09-04 10:41:18,814 - INFO - Fundamental analysis completed for AXISBANK: 58 fields
2025-09-04 10:41:19,067 - INFO - Enhanced technical analysis completed for AXISBANK: 52 fields
2025-09-04 10:41:19,156 - INFO - Enhanced technical analysis completed for DMART: 52 fields
2025-09-04 10:41:19,166 - INFO - Completed analysis for AXISBANK: Score=72.9, Recommendation=STRONG BUY (UNDERVALUED)
2025-09-04 10:41:19,202 - INFO - Completed analysis for DMART: Score=23.4, Recommendation=SELL
2025-09-04 10:41:25,103 - INFO - Comprehensive data extracted for BASF
2025-09-04 10:41:25,123 - INFO - Fundamental analysis completed for BASF: 58 fields
2025-09-04 10:41:25,274 - INFO - Enhanced technical analysis completed for BASF: 52 fields
2025-09-04 10:41:25,316 - INFO - Completed analysis for BASF: Score=31.1, Recommendation=SELL
2025-09-04 10:41:25,879 - INFO - Comprehensive data extracted for BSE
2025-09-04 10:41:25,885 - INFO - Fundamental analysis completed for BSE: 58 fields
2025-09-04 10:41:26,112 - INFO - Enhanced technical analysis completed for BSE: 52 fields
2025-09-04 10:41:26,183 - INFO - Completed analysis for BSE: Score=63.6, Recommendation=BUY
2025-09-04 10:41:26,676 - INFO - Comprehensive data extracted for BAJAJ-AUTO
2025-09-04 10:41:26,690 - INFO - Fundamental analysis completed for BAJAJ-AUTO: 58 fields
2025-09-04 10:41:27,113 - INFO - Enhanced technical analysis completed for BAJAJ-AUTO: 52 fields
2025-09-04 10:41:27,155 - INFO - Comprehensive data extracted for BLS
2025-09-04 10:41:27,161 - INFO - Fundamental analysis completed for BLS: 58 fields
2025-09-04 10:41:27,202 - INFO - Completed analysis for BAJAJ-AUTO: Score=40.4, Recommendation=WEAK SELL
2025-09-04 10:41:27,367 - INFO - Comprehensive data extracted for BEML
2025-09-04 10:41:27,367 - INFO - Fundamental analysis completed for BEML: 58 fields
2025-09-04 10:41:27,461 - INFO - Enhanced technical analysis completed for BLS: 52 fields
2025-09-04 10:41:27,503 - INFO - Completed analysis for BLS: Score=43.1, Recommendation=WEAK SELL
2025-09-04 10:41:27,629 - INFO - Enhanced technical analysis completed for BEML: 52 fields
2025-09-04 10:41:27,677 - INFO - Completed analysis for BEML: Score=34.1, Recommendation=SELL
2025-09-04 10:41:33,324 - INFO - Comprehensive data extracted for BAJAJFINSV
2025-09-04 10:41:33,326 - INFO - Fundamental analysis completed for BAJAJFINSV: 58 fields
2025-09-04 10:41:33,356 - INFO - Comprehensive data extracted for BAJAJHLDNG
2025-09-04 10:41:33,364 - INFO - Fundamental analysis completed for BAJAJHLDNG: 58 fields
2025-09-04 10:41:33,552 - INFO - Enhanced technical analysis completed for BAJAJFINSV: 52 fields
2025-09-04 10:41:33,666 - INFO - Comprehensive data extracted for BAJFINANCE
2025-09-04 10:41:33,681 - INFO - Fundamental analysis completed for BAJFINANCE: 58 fields
2025-09-04 10:41:33,681 - INFO - Enhanced technical analysis completed for BAJAJHLDNG: 52 fields
2025-09-04 10:41:33,701 - INFO - Completed analysis for BAJAJFINSV: Score=56.3, Recommendation=HOLD
2025-09-04 10:41:33,757 - INFO - Completed analysis for BAJAJHLDNG: Score=74.0, Recommendation=STRONG BUY (UNDERVALUED)
2025-09-04 10:41:33,968 - INFO - Enhanced technical analysis completed for BAJFINANCE: 52 fields
2025-09-04 10:41:34,019 - INFO - Completed analysis for BAJFINANCE: Score=55.5, Recommendation=HOLD
2025-09-04 10:41:34,140 - INFO - Comprehensive data extracted for BAJAJHFL
2025-09-04 10:41:34,156 - INFO - Fundamental analysis completed for BAJAJHFL: 58 fields
2025-09-04 10:41:34,369 - INFO - Enhanced technical analysis completed for BAJAJHFL: 52 fields
2025-09-04 10:41:34,404 - INFO - Completed analysis for BAJAJHFL: Score=41.4, Recommendation=WEAK SELL
2025-09-04 10:41:34,495 - INFO - Comprehensive data extracted for BALKRISIND
2025-09-04 10:41:34,495 - INFO - Fundamental analysis completed for BALKRISIND: 58 fields
2025-09-04 10:41:34,640 - INFO - Enhanced technical analysis completed for BALKRISIND: 52 fields
2025-09-04 10:41:34,684 - INFO - Completed analysis for BALKRISIND: Score=34.7, Recommendation=SELL
2025-09-04 10:41:40,231 - INFO - Comprehensive data extracted for BALRAMCHIN
2025-09-04 10:41:40,231 - INFO - Fundamental analysis completed for BALRAMCHIN: 58 fields
2025-09-04 10:41:40,422 - INFO - Comprehensive data extracted for BANKBARODA
2025-09-04 10:41:40,422 - INFO - Fundamental analysis completed for BANKBARODA: 58 fields
2025-09-04 10:41:40,488 - INFO - Enhanced technical analysis completed for BALRAMCHIN: 52 fields
2025-09-04 10:41:40,533 - INFO - Completed analysis for BALRAMCHIN: Score=33.8, Recommendation=SELL
2025-09-04 10:41:40,694 - INFO - Enhanced technical analysis completed for BANKBARODA: 52 fields
2025-09-04 10:41:40,969 - INFO - Completed analysis for BANKBARODA: Score=77.8, Recommendation=STRONG BUY (UNDERVALUED)
2025-09-04 10:41:41,116 - INFO - Comprehensive data extracted for BANDHANBNK
2025-09-04 10:41:41,116 - INFO - Fundamental analysis completed for BANDHANBNK: 58 fields
2025-09-04 10:41:41,345 - INFO - Enhanced technical analysis completed for BANDHANBNK: 52 fields
2025-09-04 10:41:41,388 - INFO - Completed analysis for BANDHANBNK: Score=66.0, Recommendation=BUY (VALUE)
2025-09-04 10:41:41,665 - INFO - Comprehensive data extracted for MAHABANK
2025-09-04 10:41:41,673 - INFO - Fundamental analysis completed for MAHABANK: 58 fields
2025-09-04 10:41:41,906 - INFO - Comprehensive data extracted for BANKINDIA
2025-09-04 10:41:41,932 - INFO - Fundamental analysis completed for BANKINDIA: 58 fields
2025-09-04 10:41:41,938 - INFO - Enhanced technical analysis completed for MAHABANK: 52 fields
2025-09-04 10:41:41,990 - INFO - Completed analysis for MAHABANK: Score=85.2, Recommendation=STRONG BUY (UNDERVALUED)
2025-09-04 10:41:42,170 - INFO - Enhanced technical analysis completed for BANKINDIA: 52 fields
2025-09-04 10:41:42,252 - INFO - Completed analysis for BANKINDIA: Score=80.0, Recommendation=STRONG BUY (UNDERVALUED)
2025-09-04 10:41:47,954 - INFO - Comprehensive data extracted for BERGEPAINT
2025-09-04 10:41:47,956 - INFO - Fundamental analysis completed for BERGEPAINT: 58 fields
2025-09-04 10:41:47,991 - INFO - Comprehensive data extracted for BAYERCROP
2025-09-04 10:41:47,993 - INFO - Fundamental analysis completed for BAYERCROP: 58 fields
2025-09-04 10:41:48,162 - INFO - Enhanced technical analysis completed for BAYERCROP: 52 fields
2025-09-04 10:41:48,162 - INFO - Enhanced technical analysis completed for BERGEPAINT: 52 fields
2025-09-04 10:41:48,265 - INFO - Completed analysis for BAYERCROP: Score=32.5, Recommendation=SELL
2025-09-04 10:41:48,265 - INFO - Comprehensive data extracted for BATAINDIA
2025-09-04 10:41:48,265 - INFO - Completed analysis for BERGEPAINT: Score=32.6, Recommendation=SELL
2025-09-04 10:41:48,265 - INFO - Fundamental analysis completed for BATAINDIA: 58 fields
2025-09-04 10:41:48,473 - INFO - Enhanced technical analysis completed for BATAINDIA: 52 fields
2025-09-04 10:41:48,518 - INFO - Completed analysis for BATAINDIA: Score=31.3, Recommendation=SELL
2025-09-04 10:41:48,788 - INFO - Comprehensive data extracted for BEL
2025-09-04 10:41:48,788 - INFO - Fundamental analysis completed for BEL: 58 fields
2025-09-04 10:41:48,878 - INFO - Comprehensive data extracted for BDL
2025-09-04 10:41:48,878 - INFO - Fundamental analysis completed for BDL: 58 fields
2025-09-04 10:41:48,957 - INFO - Enhanced technical analysis completed for BEL: 52 fields
2025-09-04 10:41:49,026 - INFO - Enhanced technical analysis completed for BDL: 52 fields
2025-09-04 10:41:49,057 - INFO - Completed analysis for BEL: Score=50.1, Recommendation=HOLD
2025-09-04 10:41:49,086 - INFO - Completed analysis for BDL: Score=57.7, Recommendation=HOLD
2025-09-04 10:41:54,743 - INFO - Comprehensive data extracted for BHEL
2025-09-04 10:41:54,771 - INFO - Comprehensive data extracted for BHARATFORG
2025-09-04 10:41:54,771 - INFO - Fundamental analysis completed for BHEL: 58 fields
2025-09-04 10:41:54,800 - INFO - Comprehensive data extracted for BPCL
2025-09-04 10:41:54,801 - INFO - Fundamental analysis completed for BHARATFORG: 58 fields
2025-09-04 10:41:54,821 - INFO - Fundamental analysis completed for BPCL: 58 fields
2025-09-04 10:41:54,994 - INFO - Enhanced technical analysis completed for BHARATFORG: 52 fields
2025-09-04 10:41:55,024 - INFO - Enhanced technical analysis completed for BPCL: 52 fields
2025-09-04 10:41:55,153 - INFO - Enhanced technical analysis completed for BHEL: 52 fields
2025-09-04 10:41:55,157 - INFO - Completed analysis for BHARATFORG: Score=33.7, Recommendation=SELL
2025-09-04 10:41:55,168 - INFO - Completed analysis for BPCL: Score=56.7, Recommendation=HOLD
2025-09-04 10:41:55,216 - INFO - Completed analysis for BHEL: Score=32.0, Recommendation=SELL
2025-09-04 10:41:55,750 - INFO - Comprehensive data extracted for BHARTIHEXA
2025-09-04 10:41:55,790 - INFO - Fundamental analysis completed for BHARTIHEXA: 58 fields
2025-09-04 10:41:55,980 - INFO - Comprehensive data extracted for BHARTIARTL
2025-09-04 10:41:56,004 - INFO - Fundamental analysis completed for BHARTIARTL: 58 fields
2025-09-04 10:41:56,046 - INFO - Enhanced technical analysis completed for BHARTIHEXA: 52 fields
2025-09-04 10:41:56,107 - INFO - Completed analysis for BHARTIHEXA: Score=39.6, Recommendation=SELL
2025-09-04 10:41:56,452 - INFO - Enhanced technical analysis completed for BHARTIARTL: 52 fields
2025-09-04 10:41:56,499 - INFO - Completed analysis for BHARTIARTL: Score=50.2, Recommendation=HOLD
2025-09-04 10:42:02,093 - INFO - Comprehensive data extracted for BIKAJI
2025-09-04 10:42:02,101 - INFO - Fundamental analysis completed for BIKAJI: 58 fields
2025-09-04 10:42:02,123 - INFO - Comprehensive data extracted for BIOCON
2025-09-04 10:42:02,131 - INFO - Fundamental analysis completed for BIOCON: 58 fields
2025-09-04 10:42:02,268 - INFO - Enhanced technical analysis completed for BIKAJI: 52 fields
2025-09-04 10:42:02,301 - INFO - Comprehensive data extracted for BSOFT
2025-09-04 10:42:02,302 - INFO - Fundamental analysis completed for BSOFT: 58 fields
2025-09-04 10:42:02,399 - INFO - Enhanced technical analysis completed for BIOCON: 52 fields
2025-09-04 10:42:02,401 - INFO - Completed analysis for BIKAJI: Score=31.7, Recommendation=SELL
2025-09-04 10:42:02,440 - INFO - Completed analysis for BIOCON: Score=35.3, Recommendation=SELL
2025-09-04 10:42:02,507 - INFO - Enhanced technical analysis completed for BSOFT: 52 fields
2025-09-04 10:42:02,560 - INFO - Completed analysis for BSOFT: Score=37.9, Recommendation=SELL
2025-09-04 10:42:02,885 - INFO - Comprehensive data extracted for BLUEDART
2025-09-04 10:42:02,885 - INFO - Fundamental analysis completed for BLUEDART: 58 fields
2025-09-04 10:42:02,933 - INFO - Comprehensive data extracted for BLUESTARCO
2025-09-04 10:42:02,948 - INFO - Fundamental analysis completed for BLUESTARCO: 58 fields
2025-09-04 10:42:03,074 - INFO - Enhanced technical analysis completed for BLUEDART: 52 fields
2025-09-04 10:42:03,117 - INFO - Enhanced technical analysis completed for BLUESTARCO: 52 fields
2025-09-04 10:42:03,198 - INFO - Completed analysis for BLUEDART: Score=27.5, Recommendation=SELL
2025-09-04 10:42:03,209 - INFO - Completed analysis for BLUESTARCO: Score=29.2, Recommendation=SELL
2025-09-04 10:42:08,841 - INFO - Comprehensive data extracted for BOSCHLTD
2025-09-04 10:42:08,841 - INFO - Fundamental analysis completed for BOSCHLTD: 58 fields
2025-09-04 10:42:08,876 - INFO - Comprehensive data extracted for FIRSTCRY
2025-09-04 10:42:08,883 - INFO - Fundamental analysis completed for FIRSTCRY: 58 fields
2025-09-04 10:42:09,040 - INFO - Enhanced technical analysis completed for BOSCHLTD: 52 fields
2025-09-04 10:42:09,040 - INFO - Enhanced technical analysis completed for FIRSTCRY: 52 fields
2025-09-04 10:42:09,116 - INFO - Completed analysis for BOSCHLTD: Score=44.4, Recommendation=WEAK SELL
2025-09-04 10:42:09,119 - INFO - Completed analysis for FIRSTCRY: Score=33.8, Recommendation=SELL
2025-09-04 10:42:09,153 - INFO - Comprehensive data extracted for BBTC
2025-09-04 10:42:09,155 - INFO - Fundamental analysis completed for BBTC: 58 fields
2025-09-04 10:42:09,325 - INFO - Enhanced technical analysis completed for BBTC: 52 fields
2025-09-04 10:42:09,384 - INFO - Completed analysis for BBTC: Score=57.8, Recommendation=HOLD
2025-09-04 10:42:09,758 - INFO - Comprehensive data extracted for BRITANNIA
2025-09-04 10:42:09,758 - INFO - Fundamental analysis completed for BRITANNIA: 58 fields
2025-09-04 10:42:09,896 - INFO - Comprehensive data extracted for BRIGADE
2025-09-04 10:42:09,896 - INFO - Fundamental analysis completed for BRIGADE: 58 fields
2025-09-04 10:42:10,091 - INFO - Enhanced technical analysis completed for BRITANNIA: 52 fields
2025-09-04 10:42:10,099 - INFO - Enhanced technical analysis completed for BRIGADE: 52 fields
2025-09-04 10:42:10,173 - INFO - Completed analysis for BRIGADE: Score=44.1, Recommendation=WEAK SELL
2025-09-04 10:42:10,181 - INFO - Completed analysis for BRITANNIA: Score=38.3, Recommendation=SELL
2025-09-04 10:42:15,669 - INFO - Comprehensive data extracted for MAPMYINDIA
2025-09-04 10:42:15,669 - INFO - Fundamental analysis completed for MAPMYINDIA: 58 fields
2025-09-04 10:42:15,801 - INFO - Enhanced technical analysis completed for MAPMYINDIA: 52 fields
2025-09-04 10:42:15,853 - INFO - Completed analysis for MAPMYINDIA: Score=43.8, Recommendation=WEAK SELL
2025-09-04 10:42:16,088 - INFO - Comprehensive data extracted for CCL
2025-09-04 10:42:16,090 - INFO - Fundamental analysis completed for CCL: 58 fields
2025-09-04 10:42:16,319 - INFO - Enhanced technical analysis completed for CCL: 52 fields
2025-09-04 10:42:16,366 - INFO - Comprehensive data extracted for CESC
2025-09-04 10:42:16,388 - INFO - Fundamental analysis completed for CESC: 58 fields
2025-09-04 10:42:16,404 - INFO - Completed analysis for CCL: Score=43.8, Recommendation=WEAK SELL
2025-09-04 10:42:16,453 - INFO - Comprehensive data extracted for CGPOWER
2025-09-04 10:42:16,453 - INFO - Fundamental analysis completed for CGPOWER: 58 fields
2025-09-04 10:42:16,544 - INFO - Enhanced technical analysis completed for CESC: 52 fields
2025-09-04 10:42:16,653 - INFO - Enhanced technical analysis completed for CGPOWER: 52 fields
2025-09-04 10:42:16,653 - INFO - Completed analysis for CESC: Score=52.5, Recommendation=HOLD
2025-09-04 10:42:16,699 - INFO - Completed analysis for CGPOWER: Score=41.2, Recommendation=WEAK SELL
2025-09-04 10:42:17,252 - INFO - Comprehensive data extracted for CRISIL
2025-09-04 10:42:17,252 - INFO - Fundamental analysis completed for CRISIL: 58 fields
2025-09-04 10:42:17,519 - INFO - Enhanced technical analysis completed for CRISIL: 52 fields
2025-09-04 10:42:17,578 - INFO - Completed analysis for CRISIL: Score=54.8, Recommendation=HOLD
2025-09-04 10:42:23,395 - INFO - Comprehensive data extracted for CANFINHOME
2025-09-04 10:42:23,442 - INFO - Comprehensive data extracted for CAMPUS
2025-09-04 10:42:23,442 - INFO - Fundamental analysis completed for CANFINHOME: 58 fields
2025-09-04 10:42:23,442 - INFO - Fundamental analysis completed for CAMPUS: 58 fields
2025-09-04 10:42:23,473 - INFO - Comprehensive data extracted for CANBK
2025-09-04 10:42:23,473 - INFO - Fundamental analysis completed for CANBK: 58 fields
2025-09-04 10:42:23,610 - INFO - Enhanced technical analysis completed for CAMPUS: 52 fields
2025-09-04 10:42:23,673 - INFO - Enhanced technical analysis completed for CANBK: 52 fields
2025-09-04 10:42:23,806 - INFO - Completed analysis for CAMPUS: Score=34.3, Recommendation=SELL
2025-09-04 10:42:23,814 - INFO - Completed analysis for CANBK: Score=87.8, Recommendation=STRONG BUY (UNDERVALUED)
2025-09-04 10:42:23,821 - INFO - Enhanced technical analysis completed for CANFINHOME: 52 fields
2025-09-04 10:42:23,873 - INFO - Completed analysis for CANFINHOME: Score=65.4, Recommendation=BUY
2025-09-04 10:42:24,437 - INFO - Comprehensive data extracted for CAPLIPOINT
2025-09-04 10:42:24,441 - INFO - Fundamental analysis completed for CAPLIPOINT: 58 fields
2025-09-04 10:42:24,589 - INFO - Enhanced technical analysis completed for CAPLIPOINT: 52 fields
2025-09-04 10:42:24,618 - INFO - Comprehensive data extracted for CGCL
2025-09-04 10:42:24,618 - INFO - Fundamental analysis completed for CGCL: 58 fields
2025-09-04 10:42:24,663 - INFO - Completed analysis for CAPLIPOINT: Score=59.2, Recommendation=HOLD
2025-09-04 10:42:24,784 - INFO - Enhanced technical analysis completed for CGCL: 52 fields
2025-09-04 10:42:24,833 - INFO - Completed analysis for CGCL: Score=48.3, Recommendation=WEAK SELL
2025-09-04 10:42:30,767 - INFO - Comprehensive data extracted for CARBORUNIV
2025-09-04 10:42:30,767 - INFO - Fundamental analysis completed for CARBORUNIV: 58 fields
2025-09-04 10:42:30,947 - INFO - Enhanced technical analysis completed for CARBORUNIV: 52 fields
2025-09-04 10:42:30,987 - INFO - Completed analysis for CARBORUNIV: Score=33.4, Recommendation=SELL
2025-09-04 10:42:31,034 - INFO - Comprehensive data extracted for CASTROLIND
2025-09-04 10:42:31,034 - INFO - Fundamental analysis completed for CASTROLIND: 58 fields
2025-09-04 10:42:31,205 - INFO - Comprehensive data extracted for CEATLTD
2025-09-04 10:42:31,217 - INFO - Fundamental analysis completed for CEATLTD: 58 fields
2025-09-04 10:42:31,316 - INFO - Enhanced technical analysis completed for CASTROLIND: 52 fields
2025-09-04 10:42:31,366 - INFO - Completed analysis for CASTROLIND: Score=57.3, Recommendation=HOLD
2025-09-04 10:42:31,467 - INFO - Enhanced technical analysis completed for CEATLTD: 52 fields
2025-09-04 10:42:31,515 - INFO - Completed analysis for CEATLTD: Score=36.3, Recommendation=SELL
2025-09-04 10:42:31,767 - INFO - Comprehensive data extracted for CENTRALBK
2025-09-04 10:42:31,767 - INFO - Fundamental analysis completed for CENTRALBK: 58 fields
2025-09-04 10:42:31,912 - INFO - Enhanced technical analysis completed for CENTRALBK: 52 fields
2025-09-04 10:42:31,970 - INFO - Completed analysis for CENTRALBK: Score=90.6, Recommendation=STRONG BUY (UNDERVALUED)
2025-09-04 10:42:32,017 - INFO - Comprehensive data extracted for CDSL
2025-09-04 10:42:32,017 - INFO - Fundamental analysis completed for CDSL: 58 fields
2025-09-04 10:42:32,150 - INFO - Enhanced technical analysis completed for CDSL: 52 fields
2025-09-04 10:42:32,240 - INFO - Completed analysis for CDSL: Score=47.4, Recommendation=WEAK SELL
2025-09-04 10:42:37,919 - INFO - Comprehensive data extracted for CENTURYPLY
2025-09-04 10:42:37,924 - INFO - Fundamental analysis completed for CENTURYPLY: 58 fields
2025-09-04 10:42:38,099 - INFO - Comprehensive data extracted for CHALET
2025-09-04 10:42:38,101 - INFO - Comprehensive data extracted for CERA
2025-09-04 10:42:38,107 - INFO - Fundamental analysis completed for CHALET: 58 fields
2025-09-04 10:42:38,129 - INFO - Fundamental analysis completed for CERA: 58 fields
2025-09-04 10:42:38,141 - INFO - Enhanced technical analysis completed for CENTURYPLY: 52 fields
2025-09-04 10:42:38,203 - INFO - Completed analysis for CENTURYPLY: Score=38.1, Recommendation=SELL
2025-09-04 10:42:38,286 - INFO - Enhanced technical analysis completed for CERA: 52 fields
2025-09-04 10:42:38,348 - INFO - Enhanced technical analysis completed for CHALET: 52 fields
2025-09-04 10:42:38,406 - INFO - Completed analysis for CERA: Score=33.9, Recommendation=SELL
2025-09-04 10:42:38,414 - INFO - Completed analysis for CHALET: Score=37.8, Recommendation=SELL
2025-09-04 10:42:38,853 - INFO - Comprehensive data extracted for CHAMBLFERT
2025-09-04 10:42:38,853 - INFO - Fundamental analysis completed for CHAMBLFERT: 58 fields
2025-09-04 10:42:39,001 - INFO - Enhanced technical analysis completed for CHAMBLFERT: 52 fields
2025-09-04 10:42:39,061 - INFO - Completed analysis for CHAMBLFERT: Score=60.3, Recommendation=BUY
2025-09-04 10:42:39,224 - INFO - Comprehensive data extracted for CHENNPETRO
2025-09-04 10:42:39,224 - INFO - Fundamental analysis completed for CHENNPETRO: 58 fields
2025-09-04 10:42:39,507 - INFO - Enhanced technical analysis completed for CHENNPETRO: 52 fields
2025-09-04 10:42:39,576 - INFO - Completed analysis for CHENNPETRO: Score=45.7, Recommendation=WEAK SELL
2025-09-04 10:42:45,454 - INFO - Comprehensive data extracted for CHOLAFIN
2025-09-04 10:42:45,458 - INFO - Fundamental analysis completed for CHOLAFIN: 58 fields
2025-09-04 10:42:45,549 - INFO - Comprehensive data extracted for CHOLAHLDNG
2025-09-04 10:42:45,556 - INFO - Fundamental analysis completed for CHOLAHLDNG: 58 fields
2025-09-04 10:42:45,633 - INFO - Enhanced technical analysis completed for CHOLAFIN: 52 fields
2025-09-04 10:42:45,707 - INFO - Completed analysis for CHOLAFIN: Score=44.1, Recommendation=WEAK SELL
2025-09-04 10:42:45,764 - INFO - Enhanced technical analysis completed for CHOLAHLDNG: 52 fields
2025-09-04 10:42:45,804 - INFO - Completed analysis for CHOLAHLDNG: Score=54.0, Recommendation=HOLD
2025-09-04 10:42:46,008 - INFO - Comprehensive data extracted for CIPLA
2025-09-04 10:42:46,015 - INFO - Fundamental analysis completed for CIPLA: 58 fields
2025-09-04 10:42:46,263 - INFO - Enhanced technical analysis completed for CIPLA: 52 fields
2025-09-04 10:42:46,316 - INFO - Completed analysis for CIPLA: Score=47.9, Recommendation=WEAK SELL
2025-09-04 10:42:46,440 - INFO - Comprehensive data extracted for CUB
2025-09-04 10:42:46,441 - INFO - Fundamental analysis completed for CUB: 58 fields
2025-09-04 10:42:46,594 - INFO - Enhanced technical analysis completed for CUB: 52 fields
2025-09-04 10:42:46,640 - INFO - Completed analysis for CUB: Score=80.8, Recommendation=STRONG BUY (UNDERVALUED)
2025-09-04 10:42:46,715 - INFO - Comprehensive data extracted for CLEAN
2025-09-04 10:42:46,715 - INFO - Fundamental analysis completed for CLEAN: 58 fields
2025-09-04 10:42:46,949 - INFO - Enhanced technical analysis completed for CLEAN: 52 fields
2025-09-04 10:42:46,995 - INFO - Completed analysis for CLEAN: Score=48.1, Recommendation=WEAK SELL
2025-09-04 10:42:52,703 - INFO - Comprehensive data extracted for COALINDIA
2025-09-04 10:42:52,703 - INFO - Fundamental analysis completed for COALINDIA: 58 fields
2025-09-04 10:42:52,827 - INFO - Comprehensive data extracted for COFORGE
2025-09-04 10:42:52,834 - INFO - Fundamental analysis completed for COFORGE: 58 fields
2025-09-04 10:42:52,955 - INFO - Enhanced technical analysis completed for COALINDIA: 52 fields
2025-09-04 10:42:53,008 - INFO - Completed analysis for COALINDIA: Score=54.6, Recommendation=HOLD
2025-09-04 10:42:53,107 - INFO - Comprehensive data extracted for COCHINSHIP
2025-09-04 10:42:53,115 - INFO - Fundamental analysis completed for COCHINSHIP: 58 fields
2025-09-04 10:42:53,115 - INFO - Enhanced technical analysis completed for COFORGE: 52 fields
2025-09-04 10:42:53,174 - INFO - Completed analysis for COFORGE: Score=37.9, Recommendation=SELL
2025-09-04 10:42:53,349 - INFO - Enhanced technical analysis completed for COCHINSHIP: 52 fields
2025-09-04 10:42:53,428 - INFO - Completed analysis for COCHINSHIP: Score=46.4, Recommendation=WEAK SELL
2025-09-04 10:42:54,008 - INFO - Comprehensive data extracted for COLPAL
2025-09-04 10:42:54,010 - INFO - Fundamental analysis completed for COLPAL: 58 fields
2025-09-04 10:42:54,212 - INFO - Comprehensive data extracted for COHANCE
2025-09-04 10:42:54,223 - INFO - Fundamental analysis completed for COHANCE: 58 fields
2025-09-04 10:42:54,300 - INFO - Enhanced technical analysis completed for COLPAL: 52 fields
2025-09-04 10:42:54,358 - INFO - Completed analysis for COLPAL: Score=30.5, Recommendation=SELL
2025-09-04 10:42:54,480 - INFO - Enhanced technical analysis completed for COHANCE: 52 fields
2025-09-04 10:42:54,527 - INFO - Completed analysis for COHANCE: Score=34.1, Recommendation=SELL
2025-09-04 10:43:00,172 - INFO - Comprehensive data extracted for CAMS
2025-09-04 10:43:00,174 - INFO - Fundamental analysis completed for CAMS: 58 fields
2025-09-04 10:43:00,250 - INFO - Comprehensive data extracted for CONCOR
2025-09-04 10:43:00,252 - INFO - Fundamental analysis completed for CONCOR: 58 fields
2025-09-04 10:43:00,353 - INFO - Enhanced technical analysis completed for CAMS: 52 fields
2025-09-04 10:43:00,372 - INFO - Comprehensive data extracted for CONCORDBIO
2025-09-04 10:43:00,378 - INFO - Fundamental analysis completed for CONCORDBIO: 58 fields
2025-09-04 10:43:00,502 - INFO - Enhanced technical analysis completed for CONCOR: 52 fields
2025-09-04 10:43:00,547 - INFO - Enhanced technical analysis completed for CONCORDBIO: 52 fields
2025-09-04 10:43:00,554 - INFO - Completed analysis for CAMS: Score=38.6, Recommendation=SELL
2025-09-04 10:43:00,647 - INFO - Completed analysis for CONCOR: Score=36.4, Recommendation=SELL
2025-09-04 10:43:00,647 - INFO - Completed analysis for CONCORDBIO: Score=38.2, Recommendation=SELL
2025-09-04 10:43:00,875 - INFO - Comprehensive data extracted for COROMANDEL
2025-09-04 10:43:00,875 - INFO - Fundamental analysis completed for COROMANDEL: 58 fields
2025-09-04 10:43:01,134 - INFO - Enhanced technical analysis completed for COROMANDEL: 52 fields
2025-09-04 10:43:01,202 - INFO - Completed analysis for COROMANDEL: Score=36.4, Recommendation=SELL
2025-09-04 10:43:01,468 - INFO - Comprehensive data extracted for CRAFTSMAN
2025-09-04 10:43:01,468 - INFO - Fundamental analysis completed for CRAFTSMAN: 58 fields
2025-09-04 10:43:01,691 - INFO - Enhanced technical analysis completed for CRAFTSMAN: 52 fields
2025-09-04 10:43:01,751 - INFO - Completed analysis for CRAFTSMAN: Score=33.7, Recommendation=SELL
2025-09-04 10:43:07,394 - INFO - Comprehensive data extracted for CUMMINSIND
2025-09-04 10:43:07,410 - INFO - Fundamental analysis completed for CUMMINSIND: 58 fields
2025-09-04 10:43:07,718 - INFO - Comprehensive data extracted for CREDITACC
2025-09-04 10:43:07,718 - INFO - Fundamental analysis completed for CREDITACC: 58 fields
2025-09-04 10:43:07,924 - INFO - Enhanced technical analysis completed for CUMMINSIND: 52 fields
2025-09-04 10:43:07,924 - INFO - Enhanced technical analysis completed for CREDITACC: 52 fields
2025-09-04 10:43:08,018 - INFO - Completed analysis for CREDITACC: Score=25.2, Recommendation=SELL
2025-09-04 10:43:08,022 - INFO - Completed analysis for CUMMINSIND: Score=58.7, Recommendation=HOLD
2025-09-04 10:43:08,160 - INFO - Comprehensive data extracted for CROMPTON
2025-09-04 10:43:08,164 - INFO - Fundamental analysis completed for CROMPTON: 58 fields
2025-09-04 10:43:08,302 - INFO - Enhanced technical analysis completed for CROMPTON: 52 fields
2025-09-04 10:43:08,352 - INFO - Completed analysis for CROMPTON: Score=28.4, Recommendation=SELL
2025-09-04 10:43:08,545 - INFO - Comprehensive data extracted for CYIENT
2025-09-04 10:43:08,556 - INFO - Fundamental analysis completed for CYIENT: 58 fields
2025-09-04 10:43:08,717 - INFO - Enhanced technical analysis completed for CYIENT: 52 fields
2025-09-04 10:43:08,761 - INFO - Comprehensive data extracted for DCMSHRIRAM
2025-09-04 10:43:08,761 - INFO - Fundamental analysis completed for DCMSHRIRAM: 58 fields
2025-09-04 10:43:08,806 - INFO - Completed analysis for CYIENT: Score=44.6, Recommendation=WEAK SELL
2025-09-04 10:43:09,060 - INFO - Enhanced technical analysis completed for DCMSHRIRAM: 52 fields
2025-09-04 10:43:09,111 - INFO - Completed analysis for DCMSHRIRAM: Score=43.7, Recommendation=WEAK SELL
2025-09-04 10:43:14,785 - INFO - Comprehensive data extracted for DABUR
2025-09-04 10:43:14,816 - INFO - Comprehensive data extracted for DLF
2025-09-04 10:43:14,818 - INFO - Fundamental analysis completed for DABUR: 58 fields
2025-09-04 10:43:14,828 - INFO - Fundamental analysis completed for DLF: 58 fields
2025-09-04 10:43:15,083 - INFO - Enhanced technical analysis completed for DLF: 52 fields
2025-09-04 10:43:15,143 - INFO - Completed analysis for DLF: Score=44.8, Recommendation=WEAK SELL
2025-09-04 10:43:15,393 - INFO - Enhanced technical analysis completed for DABUR: 52 fields
2025-09-04 10:43:15,437 - INFO - Completed analysis for DABUR: Score=33.9, Recommendation=SELL
2025-09-04 10:43:15,579 - INFO - Comprehensive data extracted for DOMS
2025-09-04 10:43:15,579 - INFO - Fundamental analysis completed for DOMS: 58 fields
2025-09-04 10:43:15,704 - INFO - Enhanced technical analysis completed for DOMS: 52 fields
2025-09-04 10:43:15,750 - INFO - Completed analysis for DOMS: Score=41.1, Recommendation=WEAK SELL
2025-09-04 10:43:15,828 - INFO - Comprehensive data extracted for DALBHARAT
2025-09-04 10:43:15,828 - INFO - Fundamental analysis completed for DALBHARAT: 58 fields
2025-09-04 10:43:15,956 - INFO - Enhanced technical analysis completed for DALBHARAT: 52 fields
2025-09-04 10:43:16,005 - INFO - Completed analysis for DALBHARAT: Score=40.0, Recommendation=SELL
2025-09-04 10:43:16,131 - INFO - Comprehensive data extracted for DATAPATTNS
2025-09-04 10:43:16,131 - INFO - Fundamental analysis completed for DATAPATTNS: 58 fields
2025-09-04 10:43:16,254 - INFO - Enhanced technical analysis completed for DATAPATTNS: 52 fields
2025-09-04 10:43:16,287 - INFO - Completed analysis for DATAPATTNS: Score=44.3, Recommendation=WEAK SELL
2025-09-04 10:43:21,790 - INFO - Comprehensive data extracted for DELHIVERY
2025-09-04 10:43:21,791 - INFO - Fundamental analysis completed for DELHIVERY: 58 fields
2025-09-04 10:43:21,899 - INFO - Enhanced technical analysis completed for DELHIVERY: 52 fields
2025-09-04 10:43:21,921 - INFO - Comprehensive data extracted for DEEPAKNTR
2025-09-04 10:43:21,921 - INFO - Fundamental analysis completed for DEEPAKNTR: 58 fields
2025-09-04 10:43:21,956 - INFO - Completed analysis for DELHIVERY: Score=32.3, Recommendation=SELL
2025-09-04 10:43:22,137 - INFO - Enhanced technical analysis completed for DEEPAKNTR: 52 fields
2025-09-04 10:43:22,192 - INFO - Completed analysis for DEEPAKNTR: Score=28.0, Recommendation=SELL
2025-09-04 10:43:22,359 - INFO - Comprehensive data extracted for DEEPAKFERT
2025-09-04 10:43:22,361 - INFO - Fundamental analysis completed for DEEPAKFERT: 58 fields
2025-09-04 10:43:22,643 - INFO - Comprehensive data extracted for DIVISLAB
2025-09-04 10:43:22,651 - INFO - Enhanced technical analysis completed for DEEPAKFERT: 52 fields
2025-09-04 10:43:22,651 - INFO - Fundamental analysis completed for DIVISLAB: 58 fields
2025-09-04 10:43:22,695 - INFO - Completed analysis for DEEPAKFERT: Score=58.8, Recommendation=HOLD
2025-09-04 10:43:22,788 - INFO - Comprehensive data extracted for DEVYANI
2025-09-04 10:43:22,788 - INFO - Fundamental analysis completed for DEVYANI: 58 fields
2025-09-04 10:43:22,910 - INFO - Enhanced technical analysis completed for DEVYANI: 52 fields
2025-09-04 10:43:22,953 - INFO - Completed analysis for DEVYANI: Score=23.3, Recommendation=SELL
2025-09-04 10:43:23,050 - INFO - Enhanced technical analysis completed for DIVISLAB: 52 fields
2025-09-04 10:43:23,106 - INFO - Completed analysis for DIVISLAB: Score=55.5, Recommendation=HOLD
2025-09-04 10:43:28,771 - INFO - Comprehensive data extracted for LALPATHLAB
2025-09-04 10:43:28,773 - INFO - Fundamental analysis completed for LALPATHLAB: 58 fields
2025-09-04 10:43:28,801 - INFO - Comprehensive data extracted for DIXON
2025-09-04 10:43:28,804 - INFO - Fundamental analysis completed for DIXON: 58 fields
2025-09-04 10:43:28,884 - INFO - Comprehensive data extracted for DRREDDY
2025-09-04 10:43:28,886 - INFO - Fundamental analysis completed for DRREDDY: 58 fields
2025-09-04 10:43:28,937 - INFO - Enhanced technical analysis completed for DIXON: 52 fields
2025-09-04 10:43:29,083 - INFO - Enhanced technical analysis completed for LALPATHLAB: 52 fields
2025-09-04 10:43:29,083 - INFO - Completed analysis for DIXON: Score=41.0, Recommendation=WEAK SELL
2025-09-04 10:43:29,113 - INFO - Enhanced technical analysis completed for DRREDDY: 52 fields
2025-09-04 10:43:29,160 - INFO - Completed analysis for LALPATHLAB: Score=44.9, Recommendation=WEAK SELL
2025-09-04 10:43:29,202 - INFO - Completed analysis for DRREDDY: Score=68.2, Recommendation=BUY
2025-09-04 10:43:29,666 - ERROR - HTTP Error 404: 
2025-09-04 10:43:30,598 - INFO - Comprehensive data extracted for EIDPARRY
2025-09-04 10:43:30,600 - INFO - Fundamental analysis completed for EIDPARRY: 58 fields
2025-09-04 10:43:30,787 - INFO - Enhanced technical analysis completed for EIDPARRY: 52 fields
2025-09-04 10:43:30,839 - INFO - Completed analysis for EIDPARRY: Score=46.6, Recommendation=WEAK SELL
2025-09-04 10:43:31,255 - ERROR - $DUMMYDBRLT.NS: possibly delisted; no price data found  (period=1y) (Yahoo error = "No data found, symbol may be delisted")
2025-09-04 10:43:31,257 - INFO - Comprehensive data extracted for DUMMYDBRLT
2025-09-04 10:43:31,257 - INFO - Fundamental analysis completed for DUMMYDBRLT: 53 fields
2025-09-04 10:43:31,744 - ERROR - HTTP Error 404: 
2025-09-04 10:43:32,660 - ERROR - $DUMMYDBRLT.NS: possibly delisted; no price data found  (period=6mo) (Yahoo error = "No data found, symbol may be delisted")
2025-09-04 10:43:32,660 - WARNING - Enhanced technical analysis failed for DUMMYDBRLT
2025-09-04 10:43:33,199 - ERROR - $DUMMYDBRLT.NS: possibly delisted; no price data found  (period=1y) (Yahoo error = "No data found, symbol may be delisted")
2025-09-04 10:43:33,202 - INFO - Completed analysis for DUMMYDBRLT: Score=61.0, Recommendation=BUY (VALUE)
2025-09-04 10:43:38,953 - INFO - Comprehensive data extracted for EICHERMOT
2025-09-04 10:43:38,953 - INFO - Fundamental analysis completed for EICHERMOT: 58 fields
2025-09-04 10:43:39,102 - INFO - Comprehensive data extracted for EIHOTEL
2025-09-04 10:43:39,128 - INFO - Fundamental analysis completed for EIHOTEL: 58 fields
2025-09-04 10:43:39,182 - INFO - Enhanced technical analysis completed for EICHERMOT: 52 fields
2025-09-04 10:43:39,272 - INFO - Comprehensive data extracted for ELECON
2025-09-04 10:43:39,272 - INFO - Completed analysis for EICHERMOT: Score=38.7, Recommendation=SELL
2025-09-04 10:43:39,272 - INFO - Fundamental analysis completed for ELECON: 58 fields
2025-09-04 10:43:39,406 - INFO - Enhanced technical analysis completed for EIHOTEL: 52 fields
2025-09-04 10:43:39,505 - INFO - Enhanced technical analysis completed for ELECON: 52 fields
2025-09-04 10:43:39,516 - INFO - Completed analysis for EIHOTEL: Score=34.1, Recommendation=SELL
2025-09-04 10:43:39,572 - INFO - Completed analysis for ELECON: Score=56.0, Recommendation=HOLD
2025-09-04 10:43:39,994 - INFO - Comprehensive data extracted for EMAMILTD
2025-09-04 10:43:40,001 - INFO - Fundamental analysis completed for EMAMILTD: 58 fields
2025-09-04 10:43:40,025 - INFO - Comprehensive data extracted for ELGIEQUIP
2025-09-04 10:43:40,037 - INFO - Fundamental analysis completed for ELGIEQUIP: 58 fields
2025-09-04 10:43:40,266 - INFO - Enhanced technical analysis completed for EMAMILTD: 52 fields
2025-09-04 10:43:40,283 - INFO - Enhanced technical analysis completed for ELGIEQUIP: 52 fields
2025-09-04 10:43:40,365 - INFO - Completed analysis for EMAMILTD: Score=36.7, Recommendation=SELL
2025-09-04 10:43:40,393 - INFO - Completed analysis for ELGIEQUIP: Score=36.7, Recommendation=SELL
2025-09-04 10:43:46,501 - INFO - Comprehensive data extracted for ENGINERSIN
2025-09-04 10:43:46,501 - INFO - Fundamental analysis completed for ENGINERSIN: 58 fields
2025-09-04 10:43:46,774 - INFO - Enhanced technical analysis completed for ENGINERSIN: 52 fields
2025-09-04 10:43:46,858 - INFO - Completed analysis for ENGINERSIN: Score=46.6, Recommendation=WEAK SELL
2025-09-04 10:43:46,980 - INFO - Comprehensive data extracted for EMCURE
2025-09-04 10:43:46,984 - INFO - Fundamental analysis completed for EMCURE: 58 fields
2025-09-04 10:43:47,022 - INFO - Comprehensive data extracted for ENDURANCE
2025-09-04 10:43:47,023 - INFO - Fundamental analysis completed for ENDURANCE: 58 fields
2025-09-04 10:43:47,159 - INFO - Enhanced technical analysis completed for EMCURE: 52 fields
2025-09-04 10:43:47,217 - INFO - Enhanced technical analysis completed for ENDURANCE: 52 fields
2025-09-04 10:43:47,264 - INFO - Completed analysis for EMCURE: Score=38.1, Recommendation=SELL
2025-09-04 10:43:47,319 - INFO - Completed analysis for ENDURANCE: Score=35.6, Recommendation=SELL
2025-09-04 10:43:47,398 - INFO - Comprehensive data extracted for ERIS
2025-09-04 10:43:47,398 - INFO - Fundamental analysis completed for ERIS: 58 fields
2025-09-04 10:43:47,589 - INFO - Enhanced technical analysis completed for ERIS: 52 fields
2025-09-04 10:43:47,669 - INFO - Completed analysis for ERIS: Score=31.1, Recommendation=SELL
2025-09-04 10:43:47,886 - INFO - Comprehensive data extracted for ESCORTS
2025-09-04 10:43:47,886 - INFO - Fundamental analysis completed for ESCORTS: 58 fields
2025-09-04 10:43:48,226 - INFO - Enhanced technical analysis completed for ESCORTS: 52 fields
2025-09-04 10:43:48,283 - INFO - Completed analysis for ESCORTS: Score=49.2, Recommendation=WEAK SELL
2025-09-04 10:43:53,867 - INFO - Comprehensive data extracted for ETERNAL
2025-09-04 10:43:53,867 - INFO - Fundamental analysis completed for ETERNAL: 58 fields
2025-09-04 10:43:53,919 - INFO - Comprehensive data extracted for NYKAA
2025-09-04 10:43:53,919 - INFO - Fundamental analysis completed for NYKAA: 58 fields
2025-09-04 10:43:53,941 - INFO - Comprehensive data extracted for EXIDEIND
2025-09-04 10:43:53,941 - INFO - Fundamental analysis completed for EXIDEIND: 58 fields
2025-09-04 10:43:54,038 - INFO - Enhanced technical analysis completed for ETERNAL: 52 fields
2025-09-04 10:43:54,134 - INFO - Completed analysis for ETERNAL: Score=30.6, Recommendation=SELL
2025-09-04 10:43:54,243 - INFO - Enhanced technical analysis completed for NYKAA: 52 fields
2025-09-04 10:43:54,243 - INFO - Enhanced technical analysis completed for EXIDEIND: 52 fields
2025-09-04 10:43:54,364 - INFO - Completed analysis for EXIDEIND: Score=40.4, Recommendation=WEAK SELL
2025-09-04 10:43:54,385 - INFO - Completed analysis for NYKAA: Score=33.4, Recommendation=SELL
2025-09-04 10:43:54,700 - INFO - Comprehensive data extracted for FEDERALBNK
2025-09-04 10:43:54,700 - INFO - Fundamental analysis completed for FEDERALBNK: 58 fields
2025-09-04 10:43:54,900 - INFO - Comprehensive data extracted for FACT
2025-09-04 10:43:54,962 - INFO - Fundamental analysis completed for FACT: 58 fields
2025-09-04 10:43:55,021 - INFO - Enhanced technical analysis completed for FEDERALBNK: 52 fields
2025-09-04 10:43:55,135 - INFO - Completed analysis for FEDERALBNK: Score=67.9, Recommendation=BUY (VALUE)
2025-09-04 11:07:33,616 - ERROR - $FACT.NS: possibly delisted; no price data found  (period=6mo)
2025-09-04 11:07:33,706 - WARNING - Enhanced technical analysis failed for FACT
2025-09-04 11:07:34,996 - INFO - Completed analysis for FACT: Score=32.9, Recommendation=SELL
2025-09-04 11:07:40,861 - INFO - Comprehensive data extracted for FSL
2025-09-04 11:07:40,863 - INFO - Fundamental analysis completed for FSL: 58 fields
2025-09-04 11:07:41,266 - INFO - Comprehensive data extracted for FINCABLES
2025-09-04 11:07:41,280 - INFO - Enhanced technical analysis completed for FSL: 52 fields
2025-09-04 11:07:41,280 - INFO - Fundamental analysis completed for FINCABLES: 58 fields
2025-09-04 11:07:41,374 - INFO - Completed analysis for FSL: Score=44.0, Recommendation=WEAK SELL
2025-09-04 11:07:41,400 - INFO - Comprehensive data extracted for FINPIPE
2025-09-04 11:07:41,400 - INFO - Fundamental analysis completed for FINPIPE: 58 fields
2025-09-04 11:07:41,530 - INFO - Enhanced technical analysis completed for FINCABLES: 52 fields
2025-09-04 11:24:31,901 - INFO - Completed analysis for FINCABLES: Score=62.4, Recommendation=BUY
2025-09-04 11:24:31,903 - INFO - Enhanced technical analysis completed for FINPIPE: 52 fields
2025-09-04 11:24:32,063 - ERROR - Error getting comprehensive data for FIVESTAR: Failed to perform, curl: (6) Recv failure: Connection was reset. See https://curl.se/libcurl/c/libcurl-errors.html first for more details.
2025-09-04 11:24:32,083 - INFO - Fundamental analysis completed for FIVESTAR: 16 fields
2025-09-04 11:24:32,548 - INFO - Completed analysis for FINPIPE: Score=35.0, Recommendation=SELL
2025-09-04 11:24:32,811 - INFO - Enhanced technical analysis completed for FIVESTAR: 52 fields
2025-09-04 11:24:32,909 - INFO - Completed analysis for FIVESTAR: Score=63.2, Recommendation=BUY (VALUE)
2025-09-04 11:24:33,249 - INFO - Comprehensive data extracted for FORTIS
2025-09-04 11:24:33,392 - INFO - Fundamental analysis completed for FORTIS: 58 fields
2025-09-04 11:24:33,926 - INFO - Enhanced technical analysis completed for FORTIS: 52 fields
2025-09-04 11:24:34,035 - INFO - Completed analysis for FORTIS: Score=45.8, Recommendation=WEAK SELL
2025-09-04 11:24:39,697 - INFO - Comprehensive data extracted for GMRAIRPORT
2025-09-04 11:24:39,697 - INFO - Fundamental analysis completed for GMRAIRPORT: 58 fields
2025-09-04 11:24:39,730 - INFO - Comprehensive data extracted for GAIL
2025-09-04 11:24:39,730 - INFO - Fundamental analysis completed for GAIL: 58 fields
2025-09-04 11:24:39,924 - INFO - Enhanced technical analysis completed for GMRAIRPORT: 52 fields
2025-09-04 11:24:39,997 - INFO - Completed analysis for GMRAIRPORT: Score=50.3, Recommendation=HOLD
2025-09-04 11:24:40,044 - INFO - Enhanced technical analysis completed for GAIL: 52 fields
2025-09-04 11:24:40,109 - INFO - Completed analysis for GAIL: Score=54.9, Recommendation=HOLD
2025-09-04 11:24:40,727 - INFO - Comprehensive data extracted for GRSE
2025-09-04 11:24:40,727 - INFO - Fundamental analysis completed for GRSE: 58 fields
2025-09-04 11:24:40,935 - INFO - Comprehensive data extracted for GICRE
2025-09-04 11:24:40,951 - INFO - Fundamental analysis completed for GICRE: 58 fields
2025-09-04 11:24:41,021 - INFO - Enhanced technical analysis completed for GRSE: 52 fields
2025-09-04 11:24:41,076 - INFO - Completed analysis for GRSE: Score=53.6, Recommendation=HOLD
2025-09-04 11:24:41,158 - INFO - Enhanced technical analysis completed for GICRE: 52 fields
2025-09-04 11:24:41,204 - INFO - Completed analysis for GICRE: Score=86.0, Recommendation=STRONG BUY (UNDERVALUED)
2025-09-04 11:24:41,236 - INFO - Comprehensive data extracted for GVT&D
2025-09-04 11:24:41,239 - INFO - Fundamental analysis completed for GVT&D: 58 fields
2025-09-04 11:24:41,502 - INFO - Enhanced technical analysis completed for GVT&D: 52 fields
2025-09-04 11:24:41,552 - INFO - Completed analysis for GVT&D: Score=43.0, Recommendation=WEAK SELL
2025-09-04 11:24:47,303 - INFO - Comprehensive data extracted for GLAXO
2025-09-04 11:24:47,303 - INFO - Fundamental analysis completed for GLAXO: 58 fields
2025-09-04 11:24:47,585 - INFO - Enhanced technical analysis completed for GLAXO: 52 fields
2025-09-04 11:24:47,635 - INFO - Completed analysis for GLAXO: Score=45.3, Recommendation=WEAK SELL
2025-09-04 11:24:47,687 - INFO - Comprehensive data extracted for GILLETTE
2025-09-04 11:24:47,687 - INFO - Fundamental analysis completed for GILLETTE: 58 fields
2025-09-04 11:24:47,854 - INFO - Enhanced technical analysis completed for GILLETTE: 52 fields
2025-09-04 11:24:47,927 - INFO - Completed analysis for GILLETTE: Score=59.6, Recommendation=HOLD
2025-09-04 11:24:48,416 - INFO - Comprehensive data extracted for GLENMARK
2025-09-04 11:24:48,416 - INFO - Fundamental analysis completed for GLENMARK: 58 fields
2025-09-04 11:24:48,610 - INFO - Enhanced technical analysis completed for GLENMARK: 52 fields
2025-09-04 11:24:48,654 - INFO - Completed analysis for GLENMARK: Score=33.4, Recommendation=SELL
2025-09-04 11:24:49,251 - INFO - Comprehensive data extracted for GLAND
2025-09-04 11:24:49,253 - INFO - Fundamental analysis completed for GLAND: 58 fields
2025-09-04 11:24:49,382 - INFO - Comprehensive data extracted for MEDANTA
2025-09-04 11:24:49,420 - INFO - Fundamental analysis completed for MEDANTA: 58 fields
2025-09-04 11:24:49,520 - INFO - Enhanced technical analysis completed for GLAND: 52 fields
2025-09-04 11:24:49,570 - INFO - Completed analysis for GLAND: Score=44.5, Recommendation=WEAK SELL
2025-09-04 11:24:49,738 - INFO - Enhanced technical analysis completed for MEDANTA: 52 fields
2025-09-04 11:24:49,788 - INFO - Completed analysis for MEDANTA: Score=46.5, Recommendation=WEAK SELL
2025-09-04 11:24:55,474 - INFO - Comprehensive data extracted for GODFRYPHLP
2025-09-04 11:24:55,479 - INFO - Fundamental analysis completed for GODFRYPHLP: 58 fields
2025-09-04 11:24:55,587 - INFO - Comprehensive data extracted for GODIGIT
2025-09-04 11:24:55,589 - INFO - Fundamental analysis completed for GODIGIT: 58 fields
2025-09-04 11:24:55,627 - INFO - Comprehensive data extracted for GPIL
2025-09-04 11:24:55,627 - INFO - Fundamental analysis completed for GPIL: 58 fields
2025-09-04 11:24:55,699 - INFO - Enhanced technical analysis completed for GODFRYPHLP: 52 fields
2025-09-04 11:24:55,755 - INFO - Enhanced technical analysis completed for GODIGIT: 52 fields
2025-09-04 11:24:55,788 - INFO - Completed analysis for GODFRYPHLP: Score=43.3, Recommendation=WEAK SELL
2025-09-04 11:24:55,904 - INFO - Completed analysis for GODIGIT: Score=27.8, Recommendation=SELL
2025-09-04 11:24:55,904 - INFO - Enhanced technical analysis completed for GPIL: 52 fields
2025-09-04 11:24:55,985 - INFO - Completed analysis for GPIL: Score=43.9, Recommendation=WEAK SELL
2025-09-04 11:24:56,488 - INFO - Comprehensive data extracted for GODREJAGRO
2025-09-04 11:24:56,488 - INFO - Fundamental analysis completed for GODREJAGRO: 58 fields
2025-09-04 11:24:56,590 - INFO - Comprehensive data extracted for GODREJCP
2025-09-04 11:24:56,590 - INFO - Fundamental analysis completed for GODREJCP: 58 fields
2025-09-04 11:24:56,759 - INFO - Enhanced technical analysis completed for GODREJAGRO: 52 fields
2025-09-04 11:24:56,798 - INFO - Enhanced technical analysis completed for GODREJCP: 52 fields
2025-09-04 11:24:56,854 - INFO - Completed analysis for GODREJAGRO: Score=32.7, Recommendation=SELL
2025-09-04 11:24:56,876 - INFO - Completed analysis for GODREJCP: Score=34.8, Recommendation=SELL
2025-09-04 11:25:02,495 - INFO - Comprehensive data extracted for GODREJPROP
2025-09-04 11:25:02,495 - INFO - Fundamental analysis completed for GODREJPROP: 58 fields
2025-09-04 11:25:02,530 - INFO - Comprehensive data extracted for GRANULES
2025-09-04 11:25:02,531 - INFO - Fundamental analysis completed for GRANULES: 58 fields
2025-09-04 11:25:02,724 - INFO - Enhanced technical analysis completed for GODREJPROP: 52 fields
2025-09-04 11:25:02,773 - INFO - Completed analysis for GODREJPROP: Score=27.1, Recommendation=SELL
2025-09-04 11:25:02,808 - INFO - Comprehensive data extracted for GODREJIND
2025-09-04 11:25:02,823 - INFO - Fundamental analysis completed for GODREJIND: 58 fields
2025-09-04 11:25:02,885 - INFO - Enhanced technical analysis completed for GRANULES: 52 fields
2025-09-04 11:25:02,944 - INFO - Completed analysis for GRANULES: Score=34.4, Recommendation=SELL
2025-09-04 11:25:03,094 - INFO - Enhanced technical analysis completed for GODREJIND: 52 fields
2025-09-04 11:25:03,137 - INFO - Completed analysis for GODREJIND: Score=23.8, Recommendation=SELL
2025-09-04 11:25:03,254 - INFO - Comprehensive data extracted for GRAPHITE
2025-09-04 11:25:03,254 - INFO - Fundamental analysis completed for GRAPHITE: 58 fields
2025-09-04 11:25:03,404 - INFO - Enhanced technical analysis completed for GRAPHITE: 52 fields
2025-09-04 11:25:03,438 - INFO - Completed analysis for GRAPHITE: Score=37.0, Recommendation=SELL
2025-09-04 11:25:03,547 - INFO - Comprehensive data extracted for GRASIM
2025-09-04 11:25:03,547 - INFO - Fundamental analysis completed for GRASIM: 58 fields
2025-09-04 11:25:03,757 - INFO - Enhanced technical analysis completed for GRASIM: 52 fields
2025-09-04 11:25:03,805 - INFO - Completed analysis for GRASIM: Score=41.6, Recommendation=WEAK SELL
2025-09-04 11:25:09,407 - INFO - Comprehensive data extracted for GRAVITA
2025-09-04 11:25:09,408 - INFO - Fundamental analysis completed for GRAVITA: 58 fields
2025-09-04 11:25:09,520 - INFO - Enhanced technical analysis completed for GRAVITA: 52 fields
2025-09-04 11:25:09,578 - INFO - Comprehensive data extracted for GESHIP
2025-09-04 11:25:09,578 - INFO - Fundamental analysis completed for GESHIP: 58 fields
2025-09-04 11:25:09,614 - INFO - Completed analysis for GRAVITA: Score=36.4, Recommendation=SELL
2025-09-04 11:25:09,720 - INFO - Enhanced technical analysis completed for GESHIP: 52 fields
2025-09-04 11:25:09,748 - INFO - Comprehensive data extracted for FLUOROCHEM
2025-09-04 11:25:09,748 - INFO - Fundamental analysis completed for FLUOROCHEM: 58 fields
2025-09-04 11:25:09,773 - INFO - Completed analysis for GESHIP: Score=61.7, Recommendation=BUY (VALUE)
2025-09-04 11:25:09,977 - INFO - Enhanced technical analysis completed for FLUOROCHEM: 52 fields
2025-09-04 11:25:10,018 - INFO - Completed analysis for FLUOROCHEM: Score=35.9, Recommendation=SELL
2025-09-04 11:25:10,156 - INFO - Comprehensive data extracted for GUJGASLTD
2025-09-04 11:25:10,158 - INFO - Fundamental analysis completed for GUJGASLTD: 58 fields
2025-09-04 11:25:10,278 - INFO - Enhanced technical analysis completed for GUJGASLTD: 52 fields
2025-09-04 11:25:10,320 - INFO - Completed analysis for GUJGASLTD: Score=34.6, Recommendation=SELL
2025-09-04 11:25:10,486 - INFO - Comprehensive data extracted for GMDCLTD
2025-09-04 11:25:10,486 - INFO - Fundamental analysis completed for GMDCLTD: 58 fields
2025-09-04 11:25:10,757 - INFO - Enhanced technical analysis completed for GMDCLTD: 52 fields
2025-09-04 11:25:10,805 - INFO - Completed analysis for GMDCLTD: Score=50.5, Recommendation=HOLD
2025-09-04 11:25:16,508 - INFO - Comprehensive data extracted for GNFC
2025-09-04 11:25:16,508 - INFO - Fundamental analysis completed for GNFC: 58 fields
2025-09-04 11:25:16,537 - INFO - Comprehensive data extracted for GSPL
2025-09-04 11:25:16,537 - INFO - Fundamental analysis completed for GSPL: 58 fields
2025-09-04 11:25:16,677 - INFO - Enhanced technical analysis completed for GSPL: 52 fields
2025-09-04 11:25:16,720 - INFO - Completed analysis for GSPL: Score=49.7, Recommendation=WEAK SELL
2025-09-04 11:25:16,787 - INFO - Enhanced technical analysis completed for GNFC: 52 fields
2025-09-04 11:25:16,821 - INFO - Completed analysis for GNFC: Score=53.3, Recommendation=HOLD
2025-09-04 11:25:16,958 - INFO - Comprehensive data extracted for GPPL
2025-09-04 11:25:16,958 - INFO - Fundamental analysis completed for GPPL: 58 fields
2025-09-04 11:25:17,154 - INFO - Enhanced technical analysis completed for GPPL: 52 fields
2025-09-04 11:25:17,202 - INFO - Completed analysis for GPPL: Score=43.6, Recommendation=WEAK SELL
2025-09-04 11:25:17,371 - INFO - Comprehensive data extracted for HBLENGINE
2025-09-04 11:25:17,376 - INFO - Fundamental analysis completed for HBLENGINE: 58 fields
2025-09-04 11:25:17,502 - INFO - Enhanced technical analysis completed for HBLENGINE: 52 fields
2025-09-04 11:25:17,534 - INFO - Completed analysis for HBLENGINE: Score=45.5, Recommendation=WEAK SELL
2025-09-04 11:25:17,562 - INFO - Comprehensive data extracted for HEG
2025-09-04 11:25:17,562 - INFO - Fundamental analysis completed for HEG: 58 fields
2025-09-04 11:25:17,742 - INFO - Enhanced technical analysis completed for HEG: 52 fields
2025-09-04 11:25:17,815 - INFO - Completed analysis for HEG: Score=49.7, Recommendation=WEAK SELL
2025-09-04 11:25:23,402 - INFO - Comprehensive data extracted for HDFCAMC
2025-09-04 11:25:23,402 - INFO - Fundamental analysis completed for HDFCAMC: 58 fields
2025-09-04 11:25:23,492 - INFO - Comprehensive data extracted for HDFCBANK
2025-09-04 11:25:23,492 - INFO - Fundamental analysis completed for HDFCBANK: 58 fields
2025-09-04 11:25:23,523 - INFO - Comprehensive data extracted for HCLTECH
2025-09-04 11:25:23,523 - INFO - Fundamental analysis completed for HCLTECH: 58 fields
2025-09-04 11:25:23,841 - INFO - Enhanced technical analysis completed for HDFCAMC: 52 fields
2025-09-04 11:25:23,850 - INFO - Enhanced technical analysis completed for HDFCBANK: 52 fields
2025-09-04 11:25:24,001 - INFO - Completed analysis for HDFCBANK: Score=68.0, Recommendation=BUY
2025-09-04 11:25:24,001 - INFO - Enhanced technical analysis completed for HCLTECH: 52 fields
2025-09-04 11:25:24,011 - INFO - Completed analysis for HDFCAMC: Score=42.4, Recommendation=WEAK SELL
2025-09-04 11:25:24,060 - INFO - Completed analysis for HCLTECH: Score=53.4, Recommendation=HOLD
2025-09-04 11:25:24,630 - INFO - Comprehensive data extracted for HDFCLIFE
2025-09-04 11:25:24,632 - INFO - Fundamental analysis completed for HDFCLIFE: 58 fields
2025-09-04 11:25:24,659 - INFO - Comprehensive data extracted for HFCL
2025-09-04 11:25:24,661 - INFO - Fundamental analysis completed for HFCL: 58 fields
2025-09-04 11:25:24,800 - INFO - Enhanced technical analysis completed for HFCL: 52 fields
2025-09-04 11:25:24,859 - INFO - Completed analysis for HFCL: Score=30.2, Recommendation=SELL
2025-09-04 11:25:24,908 - INFO - Enhanced technical analysis completed for HDFCLIFE: 52 fields
2025-09-04 11:25:24,964 - INFO - Completed analysis for HDFCLIFE: Score=42.7, Recommendation=WEAK SELL
2025-09-04 11:25:30,607 - INFO - Comprehensive data extracted for HAVELLS
2025-09-04 11:25:30,609 - INFO - Fundamental analysis completed for HAVELLS: 58 fields
2025-09-04 11:25:30,847 - INFO - Comprehensive data extracted for HAPPSTMNDS
2025-09-04 11:25:30,848 - INFO - Fundamental analysis completed for HAPPSTMNDS: 58 fields
2025-09-04 11:25:30,874 - INFO - Comprehensive data extracted for HEROMOTOCO
2025-09-04 11:25:30,874 - INFO - Fundamental analysis completed for HEROMOTOCO: 58 fields
2025-09-04 11:25:30,992 - INFO - Enhanced technical analysis completed for HAPPSTMNDS: 52 fields
2025-09-04 11:25:31,042 - INFO - Enhanced technical analysis completed for HAVELLS: 52 fields
2025-09-04 11:25:31,076 - INFO - Completed analysis for HAPPSTMNDS: Score=46.8, Recommendation=WEAK SELL
2025-09-04 11:25:31,145 - INFO - Completed analysis for HAVELLS: Score=33.1, Recommendation=SELL
2025-09-04 11:25:31,178 - INFO - Enhanced technical analysis completed for HEROMOTOCO: 52 fields
2025-09-04 11:25:31,220 - INFO - Completed analysis for HEROMOTOCO: Score=43.7, Recommendation=WEAK SELL
2025-09-04 11:25:31,678 - INFO - Comprehensive data extracted for HINDALCO
2025-09-04 11:25:31,678 - INFO - Fundamental analysis completed for HINDALCO: 58 fields
2025-09-04 11:25:31,817 - INFO - Comprehensive data extracted for HSCL
2025-09-04 11:25:31,817 - INFO - Fundamental analysis completed for HSCL: 58 fields
2025-09-04 11:25:31,948 - INFO - Enhanced technical analysis completed for HINDALCO: 52 fields
2025-09-04 11:25:32,008 - INFO - Completed analysis for HINDALCO: Score=75.6, Recommendation=STRONG BUY (UNDERVALUED)
2025-09-04 11:25:32,071 - INFO - Enhanced technical analysis completed for HSCL: 52 fields
2025-09-04 11:25:32,103 - INFO - Completed analysis for HSCL: Score=33.0, Recommendation=SELL
2025-09-04 11:25:37,590 - INFO - Comprehensive data extracted for HINDCOPPER
2025-09-04 11:25:37,590 - INFO - Fundamental analysis completed for HINDCOPPER: 58 fields
2025-09-04 11:25:37,774 - INFO - Enhanced technical analysis completed for HINDCOPPER: 52 fields
2025-09-04 11:25:37,788 - INFO - Comprehensive data extracted for HINDPETRO
2025-09-04 11:25:37,788 - INFO - Fundamental analysis completed for HINDPETRO: 58 fields
2025-09-04 11:25:37,824 - INFO - Completed analysis for HINDCOPPER: Score=42.2, Recommendation=WEAK SELL
2025-09-04 11:25:37,858 - INFO - Comprehensive data extracted for HAL
2025-09-04 11:25:37,858 - INFO - Fundamental analysis completed for HAL: 58 fields
2025-09-04 11:25:37,990 - INFO - Enhanced technical analysis completed for HINDPETRO: 52 fields
2025-09-04 11:25:38,054 - INFO - Enhanced technical analysis completed for HAL: 52 fields
2025-09-04 11:25:38,082 - INFO - Completed analysis for HINDPETRO: Score=54.6, Recommendation=HOLD
2025-09-04 11:25:38,110 - INFO - Completed analysis for HAL: Score=51.8, Recommendation=HOLD
2025-09-04 11:25:38,353 - INFO - Comprehensive data extracted for HINDUNILVR
2025-09-04 11:25:38,353 - INFO - Fundamental analysis completed for HINDUNILVR: 58 fields
2025-09-04 11:25:38,531 - INFO - Enhanced technical analysis completed for HINDUNILVR: 52 fields
2025-09-04 11:25:38,590 - INFO - Completed analysis for HINDUNILVR: Score=32.9, Recommendation=SELL
2025-09-04 11:25:38,679 - INFO - Comprehensive data extracted for HINDZINC
2025-09-04 11:25:38,680 - INFO - Fundamental analysis completed for HINDZINC: 58 fields
2025-09-04 11:25:38,901 - INFO - Enhanced technical analysis completed for HINDZINC: 52 fields
2025-09-04 11:25:38,969 - INFO - Completed analysis for HINDZINC: Score=54.8, Recommendation=HOLD
2025-09-04 11:25:44,587 - INFO - Comprehensive data extracted for POWERINDIA
2025-09-04 11:25:44,589 - INFO - Fundamental analysis completed for POWERINDIA: 58 fields
2025-09-04 11:25:44,685 - INFO - Comprehensive data extracted for HONASA
2025-09-04 11:25:44,688 - INFO - Fundamental analysis completed for HONASA: 58 fields
2025-09-04 11:25:44,707 - INFO - Comprehensive data extracted for HOMEFIRST
2025-09-04 11:25:44,708 - INFO - Fundamental analysis completed for HOMEFIRST: 58 fields
2025-09-04 11:25:44,760 - INFO - Enhanced technical analysis completed for POWERINDIA: 52 fields
2025-09-04 11:25:44,820 - INFO - Completed analysis for POWERINDIA: Score=36.3, Recommendation=SELL
2025-09-04 11:25:44,905 - INFO - Enhanced technical analysis completed for HOMEFIRST: 52 fields
2025-09-04 11:25:44,920 - INFO - Enhanced technical analysis completed for HONASA: 52 fields
2025-09-04 11:25:45,008 - INFO - Completed analysis for HOMEFIRST: Score=48.0, Recommendation=WEAK SELL
2025-09-04 11:25:45,018 - INFO - Completed analysis for HONASA: Score=25.7, Recommendation=SELL
2025-09-04 11:25:45,444 - INFO - Comprehensive data extracted for HONAUT
2025-09-04 11:25:45,444 - INFO - Fundamental analysis completed for HONAUT: 58 fields
2025-09-04 11:25:45,584 - INFO - Comprehensive data extracted for HUDCO
2025-09-04 11:25:45,584 - INFO - Fundamental analysis completed for HUDCO: 58 fields
2025-09-04 11:25:45,643 - INFO - Enhanced technical analysis completed for HONAUT: 52 fields
2025-09-04 11:25:45,701 - INFO - Completed analysis for HONAUT: Score=24.4, Recommendation=SELL
2025-09-04 11:25:45,786 - INFO - Enhanced technical analysis completed for HUDCO: 52 fields
2025-09-04 11:25:45,854 - INFO - Completed analysis for HUDCO: Score=64.2, Recommendation=BUY
2025-09-04 11:25:51,884 - INFO - Comprehensive data extracted for HYUNDAI
2025-09-04 11:25:51,884 - INFO - Fundamental analysis completed for HYUNDAI: 58 fields
2025-09-04 11:25:52,122 - INFO - Enhanced technical analysis completed for HYUNDAI: 52 fields
2025-09-04 11:25:52,177 - INFO - Completed analysis for HYUNDAI: Score=29.6, Recommendation=SELL
2025-09-04 11:25:52,413 - INFO - Comprehensive data extracted for ICICIGI
2025-09-04 11:25:52,414 - INFO - Fundamental analysis completed for ICICIGI: 58 fields
2025-09-04 11:25:52,438 - INFO - Comprehensive data extracted for ICICIBANK
2025-09-04 11:25:52,439 - INFO - Fundamental analysis completed for ICICIBANK: 58 fields
2025-09-04 11:25:52,585 - INFO - Enhanced technical analysis completed for ICICIGI: 52 fields
2025-09-04 11:25:52,640 - INFO - Completed analysis for ICICIGI: Score=59.2, Recommendation=HOLD
2025-09-04 11:25:52,668 - INFO - Comprehensive data extracted for ICICIPRULI
2025-09-04 11:25:52,669 - INFO - Fundamental analysis completed for ICICIPRULI: 58 fields
2025-09-04 11:25:52,737 - INFO - Enhanced technical analysis completed for ICICIBANK: 52 fields
2025-09-04 11:25:52,823 - INFO - Completed analysis for ICICIBANK: Score=75.6, Recommendation=STRONG BUY
2025-09-04 11:25:52,842 - INFO - Enhanced technical analysis completed for ICICIPRULI: 52 fields
2025-09-04 11:25:52,903 - INFO - Completed analysis for ICICIPRULI: Score=44.3, Recommendation=WEAK SELL
2025-09-04 11:25:53,452 - INFO - Comprehensive data extracted for IDBI
2025-09-04 11:25:53,452 - INFO - Fundamental analysis completed for IDBI: 58 fields
2025-09-04 11:25:53,640 - INFO - Enhanced technical analysis completed for IDBI: 52 fields
2025-09-04 11:25:53,711 - INFO - Completed analysis for IDBI: Score=80.8, Recommendation=STRONG BUY (UNDERVALUED)
2025-09-04 11:25:59,394 - INFO - Comprehensive data extracted for IDFCFIRSTB
2025-09-04 11:25:59,394 - INFO - Fundamental analysis completed for IDFCFIRSTB: 58 fields
2025-09-04 11:25:59,443 - INFO - Comprehensive data extracted for IFCI
2025-09-04 11:25:59,445 - INFO - Fundamental analysis completed for IFCI: 58 fields
2025-09-04 11:25:59,564 - INFO - Enhanced technical analysis completed for IDFCFIRSTB: 52 fields
2025-09-04 11:25:59,609 - INFO - Enhanced technical analysis completed for IFCI: 52 fields
2025-09-04 11:25:59,642 - INFO - Completed analysis for IDFCFIRSTB: Score=55.1, Recommendation=HOLD
2025-09-04 11:25:59,654 - INFO - Comprehensive data extracted for IIFL
2025-09-04 11:25:59,654 - INFO - Fundamental analysis completed for IIFL: 58 fields
2025-09-04 11:25:59,692 - INFO - Completed analysis for IFCI: Score=39.0, Recommendation=SELL
2025-09-04 11:25:59,823 - INFO - Enhanced technical analysis completed for IIFL: 52 fields
2025-09-04 11:25:59,888 - INFO - Completed analysis for IIFL: Score=29.6, Recommendation=SELL
2025-09-04 11:26:00,212 - INFO - Comprehensive data extracted for INOXINDIA
2025-09-04 11:26:00,212 - INFO - Fundamental analysis completed for INOXINDIA: 58 fields
2025-09-04 11:26:00,237 - INFO - Comprehensive data extracted for IRB
2025-09-04 11:26:00,237 - INFO - Fundamental analysis completed for IRB: 58 fields
2025-09-04 11:26:00,356 - INFO - Enhanced technical analysis completed for INOXINDIA: 52 fields
2025-09-04 11:26:00,408 - INFO - Enhanced technical analysis completed for IRB: 52 fields
2025-09-04 11:26:00,437 - INFO - Completed analysis for INOXINDIA: Score=41.5, Recommendation=WEAK SELL
2025-09-04 11:26:00,487 - INFO - Completed analysis for IRB: Score=62.6, Recommendation=BUY (VALUE)
2025-09-04 11:26:06,114 - INFO - Comprehensive data extracted for IRCON
2025-09-04 11:26:06,114 - INFO - Fundamental analysis completed for IRCON: 58 fields
2025-09-04 11:26:06,155 - INFO - Comprehensive data extracted for ITC
2025-09-04 11:26:06,155 - INFO - Fundamental analysis completed for ITC: 58 fields
2025-09-04 11:26:06,190 - INFO - Comprehensive data extracted for ITI
2025-09-04 11:26:06,191 - INFO - Fundamental analysis completed for ITI: 58 fields
2025-09-04 11:26:06,276 - INFO - Enhanced technical analysis completed for IRCON: 52 fields
2025-09-04 11:26:06,325 - INFO - Enhanced technical analysis completed for ITC: 52 fields
2025-09-04 11:26:06,359 - INFO - Completed analysis for IRCON: Score=38.1, Recommendation=SELL
2025-09-04 11:26:06,392 - INFO - Completed analysis for ITC: Score=54.0, Recommendation=HOLD
2025-09-04 11:26:06,443 - INFO - Enhanced technical analysis completed for ITI: 52 fields
2025-09-04 11:26:06,502 - INFO - Completed analysis for ITI: Score=26.1, Recommendation=SELL
2025-09-04 11:26:06,970 - INFO - Comprehensive data extracted for INDGN
2025-09-04 11:26:06,970 - INFO - Fundamental analysis completed for INDGN: 58 fields
2025-09-04 11:26:07,236 - INFO - Enhanced technical analysis completed for INDGN: 52 fields
2025-09-04 11:26:07,303 - INFO - Comprehensive data extracted for INDIACEM
2025-09-04 11:26:07,303 - INFO - Fundamental analysis completed for INDIACEM: 58 fields
2025-09-04 11:26:07,322 - INFO - Completed analysis for INDGN: Score=40.0, Recommendation=WEAK SELL
2025-09-04 11:26:07,495 - INFO - Enhanced technical analysis completed for INDIACEM: 52 fields
2025-09-04 11:26:07,548 - INFO - Completed analysis for INDIACEM: Score=35.2, Recommendation=SELL
2025-09-04 11:26:13,181 - INFO - Comprehensive data extracted for INDIANB
2025-09-04 11:26:13,183 - INFO - Fundamental analysis completed for INDIANB: 58 fields
2025-09-04 11:26:13,204 - INFO - Comprehensive data extracted for INDIAMART
2025-09-04 11:26:13,204 - INFO - Fundamental analysis completed for INDIAMART: 58 fields
2025-09-04 11:26:13,230 - INFO - Comprehensive data extracted for IEX
2025-09-04 11:26:13,230 - INFO - Fundamental analysis completed for IEX: 58 fields
2025-09-04 11:26:13,408 - INFO - Enhanced technical analysis completed for INDIANB: 52 fields
2025-09-04 11:26:13,436 - INFO - Enhanced technical analysis completed for INDIAMART: 52 fields
2025-09-04 11:26:13,527 - INFO - Completed analysis for INDIAMART: Score=63.5, Recommendation=BUY
2025-09-04 11:26:13,531 - INFO - Completed analysis for INDIANB: Score=88.4, Recommendation=STRONG BUY (UNDERVALUED)
2025-09-04 11:26:13,576 - INFO - Enhanced technical analysis completed for IEX: 52 fields
2025-09-04 11:26:13,638 - INFO - Completed analysis for IEX: Score=56.8, Recommendation=HOLD
2025-09-04 11:26:14,461 - INFO - Comprehensive data extracted for IOC
2025-09-04 11:26:14,461 - INFO - Fundamental analysis completed for IOC: 58 fields
2025-09-04 11:26:14,690 - INFO - Enhanced technical analysis completed for IOC: 52 fields
2025-09-04 11:26:14,817 - INFO - Completed analysis for IOC: Score=55.6, Recommendation=HOLD
2025-09-04 11:26:14,907 - INFO - Comprehensive data extracted for INDHOTEL
2025-09-04 11:26:14,907 - INFO - Fundamental analysis completed for INDHOTEL: 58 fields
2025-09-04 11:26:15,086 - INFO - Enhanced technical analysis completed for INDHOTEL: 52 fields
2025-09-04 11:26:15,148 - INFO - Completed analysis for INDHOTEL: Score=54.1, Recommendation=HOLD
2025-09-04 11:26:20,602 - INFO - Comprehensive data extracted for IRFC
2025-09-04 11:26:20,603 - INFO - Fundamental analysis completed for IRFC: 58 fields
2025-09-04 11:26:20,755 - INFO - Enhanced technical analysis completed for IRFC: 52 fields
2025-09-04 11:26:20,774 - INFO - Comprehensive data extracted for IRCTC
2025-09-04 11:26:20,774 - INFO - Fundamental analysis completed for IRCTC: 58 fields
2025-09-04 11:26:20,820 - INFO - Completed analysis for IRFC: Score=72.3, Recommendation=STRONG BUY
2025-09-04 11:26:20,935 - INFO - Enhanced technical analysis completed for IRCTC: 52 fields
2025-09-04 11:26:20,954 - INFO - Comprehensive data extracted for IOB
2025-09-04 11:26:20,957 - INFO - Fundamental analysis completed for IOB: 58 fields
2025-09-04 11:26:21,003 - INFO - Completed analysis for IRCTC: Score=38.2, Recommendation=SELL
2025-09-04 11:26:21,136 - INFO - Enhanced technical analysis completed for IOB: 52 fields
2025-09-04 11:26:21,187 - INFO - Completed analysis for IOB: Score=70.8, Recommendation=STRONG BUY
2025-09-04 11:26:21,268 - INFO - Comprehensive data extracted for IREDA
2025-09-04 11:26:21,270 - INFO - Fundamental analysis completed for IREDA: 58 fields
2025-09-04 11:26:21,425 - INFO - Enhanced technical analysis completed for IREDA: 52 fields
2025-09-04 11:26:21,484 - INFO - Completed analysis for IREDA: Score=49.5, Recommendation=WEAK SELL
2025-09-04 11:26:21,698 - INFO - Comprehensive data extracted for IGL
2025-09-04 11:26:21,700 - INFO - Fundamental analysis completed for IGL: 58 fields
2025-09-04 11:26:21,856 - INFO - Enhanced technical analysis completed for IGL: 52 fields
2025-09-04 11:26:21,924 - INFO - Completed analysis for IGL: Score=54.9, Recommendation=HOLD
2025-09-04 11:26:27,393 - INFO - Comprehensive data extracted for INDUSTOWER
2025-09-04 11:26:27,393 - INFO - Fundamental analysis completed for INDUSTOWER: 58 fields
2025-09-04 11:26:27,548 - INFO - Comprehensive data extracted for INDUSINDBK
2025-09-04 11:26:27,567 - INFO - Fundamental analysis completed for INDUSINDBK: 58 fields
2025-09-04 11:26:27,570 - INFO - Enhanced technical analysis completed for INDUSTOWER: 52 fields
2025-09-04 11:26:27,619 - INFO - Completed analysis for INDUSTOWER: Score=63.0, Recommendation=BUY (VALUE)
2025-09-04 11:26:27,760 - INFO - Enhanced technical analysis completed for INDUSINDBK: 52 fields
2025-09-04 11:26:27,803 - INFO - Completed analysis for INDUSINDBK: Score=49.4, Recommendation=WEAK SELL
2025-09-04 11:26:28,130 - INFO - Comprehensive data extracted for INFY
2025-09-04 11:26:28,130 - INFO - Fundamental analysis completed for INFY: 58 fields
2025-09-04 11:26:28,320 - INFO - Enhanced technical analysis completed for INFY: 52 fields
2025-09-04 11:26:28,401 - INFO - Completed analysis for INFY: Score=59.3, Recommendation=HOLD
2025-09-04 11:26:28,417 - INFO - Comprehensive data extracted for INOXWIND
2025-09-04 11:26:28,419 - INFO - Fundamental analysis completed for INOXWIND: 58 fields
2025-09-04 11:26:28,422 - INFO - Comprehensive data extracted for NAUKRI
2025-09-04 11:26:28,436 - INFO - Fundamental analysis completed for NAUKRI: 58 fields
2025-09-04 11:26:28,656 - INFO - Enhanced technical analysis completed for NAUKRI: 52 fields
2025-09-04 11:26:28,675 - INFO - Enhanced technical analysis completed for INOXWIND: 52 fields
2025-09-04 11:26:28,786 - INFO - Completed analysis for INOXWIND: Score=46.1, Recommendation=WEAK SELL
2025-09-04 11:26:28,788 - INFO - Completed analysis for NAUKRI: Score=47.4, Recommendation=WEAK SELL
2025-09-04 11:26:34,233 - INFO - Comprehensive data extracted for INDIGO
2025-09-04 11:26:34,233 - INFO - Fundamental analysis completed for INDIGO: 58 fields
2025-09-04 11:26:34,453 - INFO - Enhanced technical analysis completed for INDIGO: 52 fields
2025-09-04 11:26:34,486 - INFO - Completed analysis for INDIGO: Score=27.3, Recommendation=SELL
2025-09-04 11:26:34,521 - INFO - Comprehensive data extracted for INTELLECT
2025-09-04 11:26:34,522 - INFO - Fundamental analysis completed for INTELLECT: 58 fields
2025-09-04 11:26:34,836 - INFO - Comprehensive data extracted for IGIL
2025-09-04 11:26:34,837 - INFO - Fundamental analysis completed for IGIL: 58 fields
2025-09-04 11:26:34,892 - INFO - Enhanced technical analysis completed for INTELLECT: 52 fields
2025-09-04 11:26:34,942 - INFO - Completed analysis for INTELLECT: Score=40.6, Recommendation=WEAK SELL
2025-09-04 11:26:35,166 - INFO - Comprehensive data extracted for IKS
2025-09-04 11:26:35,166 - INFO - Fundamental analysis completed for IKS: 58 fields
2025-09-04 11:26:35,234 - INFO - Enhanced technical analysis completed for IGIL: 52 fields
2025-09-04 11:26:35,270 - INFO - Completed analysis for IGIL: Score=52.8, Recommendation=HOLD
2025-09-04 11:26:35,342 - INFO - Enhanced technical analysis completed for IKS: 52 fields
2025-09-04 11:26:35,374 - INFO - Completed analysis for IKS: Score=41.5, Recommendation=WEAK SELL
2025-09-04 11:26:35,598 - INFO - Comprehensive data extracted for IPCALAB
2025-09-04 11:26:35,598 - INFO - Fundamental analysis completed for IPCALAB: 58 fields
2025-09-04 11:26:35,875 - INFO - Enhanced technical analysis completed for IPCALAB: 52 fields
2025-09-04 11:26:35,914 - INFO - Completed analysis for IPCALAB: Score=37.2, Recommendation=SELL
2025-09-04 11:26:41,375 - INFO - Comprehensive data extracted for JBCHEPHARM
2025-09-04 11:26:41,375 - INFO - Fundamental analysis completed for JBCHEPHARM: 58 fields
2025-09-04 11:26:41,571 - INFO - Enhanced technical analysis completed for JBCHEPHARM: 52 fields
2025-09-04 11:26:41,621 - INFO - Completed analysis for JBCHEPHARM: Score=43.2, Recommendation=WEAK SELL
2025-09-04 11:26:41,653 - INFO - Comprehensive data extracted for JKCEMENT
2025-09-04 11:26:41,653 - INFO - Fundamental analysis completed for JKCEMENT: 58 fields
2025-09-04 11:26:41,826 - INFO - Comprehensive data extracted for JBMA
2025-09-04 11:26:41,826 - INFO - Fundamental analysis completed for JBMA: 58 fields
2025-09-04 11:26:41,887 - INFO - Enhanced technical analysis completed for JKCEMENT: 52 fields
2025-09-04 11:26:41,922 - INFO - Completed analysis for JKCEMENT: Score=33.9, Recommendation=SELL
2025-09-04 11:26:42,088 - INFO - Enhanced technical analysis completed for JBMA: 52 fields
2025-09-04 11:26:42,146 - INFO - Completed analysis for JBMA: Score=36.7, Recommendation=SELL
2025-09-04 11:26:42,283 - INFO - Comprehensive data extracted for JKTYRE
2025-09-04 11:26:42,283 - INFO - Fundamental analysis completed for JKTYRE: 58 fields
2025-09-04 11:26:42,423 - INFO - Enhanced technical analysis completed for JKTYRE: 52 fields
2025-09-04 11:26:42,454 - INFO - Comprehensive data extracted for JMFINANCIL
2025-09-04 11:26:42,454 - INFO - Fundamental analysis completed for JMFINANCIL: 58 fields
2025-09-04 11:26:42,484 - INFO - Completed analysis for JKTYRE: Score=45.0, Recommendation=WEAK SELL
2025-09-04 11:26:42,574 - INFO - Enhanced technical analysis completed for JMFINANCIL: 52 fields
2025-09-04 11:26:42,619 - INFO - Completed analysis for JMFINANCIL: Score=62.7, Recommendation=BUY
2025-09-04 11:26:48,158 - INFO - Comprehensive data extracted for JSWENERGY
2025-09-04 11:26:48,158 - INFO - Fundamental analysis completed for JSWENERGY: 58 fields
2025-09-04 11:26:48,284 - INFO - Enhanced technical analysis completed for JSWENERGY: 52 fields
2025-09-04 11:26:48,319 - INFO - Completed analysis for JSWENERGY: Score=46.2, Recommendation=WEAK SELL
2025-09-04 11:26:48,419 - INFO - Comprehensive data extracted for JSWINFRA
2025-09-04 11:26:48,420 - INFO - Fundamental analysis completed for JSWINFRA: 58 fields
2025-09-04 11:26:48,437 - INFO - Comprehensive data extracted for JSWHL
2025-09-04 11:26:48,438 - INFO - Fundamental analysis completed for JSWHL: 58 fields
2025-09-04 11:26:48,557 - INFO - Enhanced technical analysis completed for JSWINFRA: 52 fields
2025-09-04 11:26:48,620 - INFO - Enhanced technical analysis completed for JSWHL: 52 fields
2025-09-04 11:26:48,656 - INFO - Completed analysis for JSWINFRA: Score=43.8, Recommendation=WEAK SELL
2025-09-04 11:26:48,674 - INFO - Completed analysis for JSWHL: Score=61.8, Recommendation=BUY
2025-09-04 11:26:49,110 - INFO - Comprehensive data extracted for JSWSTEEL
2025-09-04 11:26:49,110 - INFO - Fundamental analysis completed for JSWSTEEL: 58 fields
2025-09-04 11:26:49,272 - INFO - Enhanced technical analysis completed for JSWSTEEL: 52 fields
2025-09-04 11:26:49,325 - INFO - Completed analysis for JSWSTEEL: Score=41.5, Recommendation=WEAK SELL
2025-09-04 11:26:49,449 - INFO - Comprehensive data extracted for JPPOWER
2025-09-04 11:26:49,449 - INFO - Fundamental analysis completed for JPPOWER: 58 fields
2025-09-04 11:26:49,836 - INFO - Enhanced technical analysis completed for JPPOWER: 52 fields
2025-09-04 11:26:49,896 - INFO - Completed analysis for JPPOWER: Score=35.1, Recommendation=SELL
2025-09-04 11:26:55,642 - INFO - Comprehensive data extracted for J&KBANK
2025-09-04 11:26:55,642 - INFO - Fundamental analysis completed for J&KBANK: 58 fields
2025-09-04 11:26:55,676 - INFO - Comprehensive data extracted for JSL
2025-09-04 11:26:55,676 - INFO - Fundamental analysis completed for JSL: 58 fields
2025-09-04 11:26:55,869 - INFO - Enhanced technical analysis completed for J&KBANK: 52 fields
2025-09-04 11:26:55,908 - INFO - Completed analysis for J&KBANK: Score=83.1, Recommendation=STRONG BUY (UNDERVALUED)
2025-09-04 11:26:55,963 - INFO - Enhanced technical analysis completed for JSL: 52 fields
2025-09-04 11:26:56,003 - INFO - Completed analysis for JSL: Score=40.5, Recommendation=WEAK SELL
2025-09-04 11:26:56,035 - INFO - Comprehensive data extracted for JINDALSAW
2025-09-04 11:26:56,036 - INFO - Fundamental analysis completed for JINDALSAW: 58 fields
2025-09-04 11:26:56,206 - INFO - Enhanced technical analysis completed for JINDALSAW: 52 fields
2025-09-04 11:26:56,245 - INFO - Completed analysis for JINDALSAW: Score=51.6, Recommendation=HOLD
2025-09-04 11:26:56,481 - INFO - Comprehensive data extracted for JINDALSTEL
2025-09-04 11:26:56,481 - INFO - Fundamental analysis completed for JINDALSTEL: 58 fields
2025-09-04 11:26:56,718 - INFO - Enhanced technical analysis completed for JINDALSTEL: 52 fields
2025-09-04 11:26:56,775 - INFO - Comprehensive data extracted for JIOFIN
2025-09-04 11:26:56,777 - INFO - Completed analysis for JINDALSTEL: Score=42.7, Recommendation=WEAK SELL
2025-09-04 11:26:56,777 - INFO - Fundamental analysis completed for JIOFIN: 58 fields
2025-09-04 11:26:56,998 - INFO - Enhanced technical analysis completed for JIOFIN: 52 fields
2025-09-04 11:26:57,036 - INFO - Completed analysis for JIOFIN: Score=45.5, Recommendation=WEAK SELL
2025-09-04 11:27:02,677 - INFO - Comprehensive data extracted for JUBLFOOD
2025-09-04 11:27:02,677 - INFO - Fundamental analysis completed for JUBLFOOD: 58 fields
2025-09-04 11:27:02,709 - INFO - Comprehensive data extracted for JUBLINGREA
2025-09-04 11:27:02,709 - INFO - Fundamental analysis completed for JUBLINGREA: 58 fields
2025-09-04 11:27:02,853 - INFO - Enhanced technical analysis completed for JUBLINGREA: 52 fields
2025-09-04 11:27:02,905 - INFO - Enhanced technical analysis completed for JUBLFOOD: 52 fields
2025-09-04 11:27:02,925 - INFO - Completed analysis for JUBLINGREA: Score=37.7, Recommendation=SELL
2025-09-04 11:27:02,987 - INFO - Completed analysis for JUBLFOOD: Score=41.6, Recommendation=WEAK SELL
2025-09-04 11:27:03,264 - INFO - Comprehensive data extracted for JUBLPHARMA
2025-09-04 11:27:03,264 - INFO - Fundamental analysis completed for JUBLPHARMA: 58 fields
2025-09-04 11:27:03,423 - INFO - Enhanced technical analysis completed for JUBLPHARMA: 52 fields
2025-09-04 11:27:03,471 - INFO - Completed analysis for JUBLPHARMA: Score=33.8, Recommendation=SELL
2025-09-04 11:27:03,509 - INFO - Comprehensive data extracted for JWL
2025-09-04 11:27:03,517 - INFO - Fundamental analysis completed for JWL: 58 fields
2025-09-04 11:27:03,622 - INFO - Enhanced technical analysis completed for JWL: 52 fields
2025-09-04 11:27:03,669 - INFO - Completed analysis for JWL: Score=26.8, Recommendation=SELL
2025-09-04 11:27:04,382 - INFO - Comprehensive data extracted for JUSTDIAL
2025-09-04 11:27:04,382 - INFO - Fundamental analysis completed for JUSTDIAL: 58 fields
2025-09-04 11:27:04,607 - INFO - Enhanced technical analysis completed for JUSTDIAL: 52 fields
2025-09-04 11:27:04,670 - INFO - Completed analysis for JUSTDIAL: Score=60.4, Recommendation=BUY
2025-09-04 11:27:10,328 - INFO - Comprehensive data extracted for JYOTICNC
2025-09-04 11:27:10,328 - INFO - Fundamental analysis completed for JYOTICNC: 58 fields
2025-09-04 11:27:10,551 - INFO - Enhanced technical analysis completed for JYOTICNC: 52 fields
2025-09-04 11:27:10,574 - INFO - Comprehensive data extracted for KPRMILL
2025-09-04 11:27:10,574 - INFO - Fundamental analysis completed for KPRMILL: 58 fields
2025-09-04 11:27:10,636 - INFO - Comprehensive data extracted for JYOTHYLAB
2025-09-04 11:27:10,636 - INFO - Completed analysis for JYOTICNC: Score=32.0, Recommendation=SELL
2025-09-04 11:27:10,636 - INFO - Fundamental analysis completed for JYOTHYLAB: 58 fields
2025-09-04 11:27:10,777 - INFO - Enhanced technical analysis completed for JYOTHYLAB: 52 fields
2025-09-04 11:27:10,836 - INFO - Enhanced technical analysis completed for KPRMILL: 52 fields
2025-09-04 11:27:10,868 - INFO - Completed analysis for JYOTHYLAB: Score=29.2, Recommendation=SELL
2025-09-04 11:27:10,905 - INFO - Completed analysis for KPRMILL: Score=36.6, Recommendation=SELL
2025-09-04 11:27:11,297 - INFO - Comprehensive data extracted for KEI
2025-09-04 11:27:11,297 - INFO - Fundamental analysis completed for KEI: 58 fields
2025-09-04 11:27:11,422 - INFO - Enhanced technical analysis completed for KEI: 52 fields
2025-09-04 11:27:11,453 - INFO - Completed analysis for KEI: Score=44.0, Recommendation=WEAK SELL
2025-09-04 11:27:11,766 - INFO - Comprehensive data extracted for KNRCON
2025-09-04 11:27:11,766 - INFO - Fundamental analysis completed for KNRCON: 58 fields
2025-09-04 11:27:11,911 - INFO - Enhanced technical analysis completed for KNRCON: 52 fields
2025-09-04 11:27:11,936 - INFO - Completed analysis for KNRCON: Score=56.1, Recommendation=HOLD
2025-09-04 11:27:17,419 - INFO - Comprehensive data extracted for KPITTECH
2025-09-04 11:27:17,419 - INFO - Fundamental analysis completed for KPITTECH: 58 fields
2025-09-04 11:27:17,621 - INFO - Enhanced technical analysis completed for KPITTECH: 52 fields
2025-09-04 11:27:17,670 - INFO - Completed analysis for KPITTECH: Score=34.5, Recommendation=SELL
2025-09-04 11:27:17,687 - INFO - Comprehensive data extracted for KAJARIACER
2025-09-04 11:27:17,689 - INFO - Fundamental analysis completed for KAJARIACER: 58 fields
2025-09-04 11:27:17,851 - INFO - Enhanced technical analysis completed for KAJARIACER: 52 fields
2025-09-04 11:27:17,874 - INFO - Comprehensive data extracted for KPIL
2025-09-04 11:27:17,874 - INFO - Fundamental analysis completed for KPIL: 58 fields
2025-09-04 11:27:17,919 - INFO - Completed analysis for KAJARIACER: Score=29.0, Recommendation=SELL
2025-09-04 11:27:18,087 - INFO - Enhanced technical analysis completed for KPIL: 52 fields
2025-09-04 11:27:18,125 - INFO - Completed analysis for KPIL: Score=43.6, Recommendation=WEAK SELL
2025-09-04 11:27:18,431 - INFO - Comprehensive data extracted for KALYANKJIL
2025-09-04 11:27:18,433 - INFO - Fundamental analysis completed for KALYANKJIL: 58 fields
2025-09-04 11:27:18,651 - INFO - Comprehensive data extracted for KANSAINER
2025-09-04 11:27:18,651 - INFO - Enhanced technical analysis completed for KALYANKJIL: 52 fields
2025-09-04 11:27:18,651 - INFO - Fundamental analysis completed for KANSAINER: 58 fields
2025-09-04 11:27:18,700 - INFO - Completed analysis for KALYANKJIL: Score=38.1, Recommendation=SELL
2025-09-04 11:27:19,100 - INFO - Enhanced technical analysis completed for KANSAINER: 52 fields
2025-09-04 11:27:19,139 - INFO - Completed analysis for KANSAINER: Score=45.2, Recommendation=WEAK SELL
2025-09-04 11:27:24,673 - INFO - Comprehensive data extracted for KAYNES
2025-09-04 11:27:24,685 - INFO - Fundamental analysis completed for KAYNES: 58 fields
2025-09-04 11:27:25,169 - INFO - Enhanced technical analysis completed for KAYNES: 52 fields
2025-09-04 11:27:25,217 - INFO - Completed analysis for KAYNES: Score=37.7, Recommendation=SELL
2025-09-04 11:27:25,462 - INFO - Comprehensive data extracted for KEC
2025-09-04 11:27:25,463 - INFO - Fundamental analysis completed for KEC: 58 fields
2025-09-04 11:27:25,594 - INFO - Enhanced technical analysis completed for KEC: 52 fields
2025-09-04 11:27:25,636 - INFO - Completed analysis for KEC: Score=41.2, Recommendation=WEAK SELL
2025-09-04 11:27:25,942 - INFO - Comprehensive data extracted for KARURVYSYA
2025-09-04 11:27:25,942 - INFO - Fundamental analysis completed for KARURVYSYA: 58 fields
2025-09-04 11:27:26,202 - INFO - Enhanced technical analysis completed for KARURVYSYA: 52 fields
2025-09-04 11:27:26,236 - INFO - Completed analysis for KARURVYSYA: Score=75.0, Recommendation=STRONG BUY (UNDERVALUED)
2025-09-04 11:27:26,267 - INFO - Comprehensive data extracted for KFINTECH
2025-09-04 11:27:26,267 - INFO - Fundamental analysis completed for KFINTECH: 58 fields
2025-09-04 11:27:26,321 - INFO - Comprehensive data extracted for KIRLOSBROS
2025-09-04 11:27:26,321 - INFO - Fundamental analysis completed for KIRLOSBROS: 58 fields
2025-09-04 11:27:26,481 - INFO - Enhanced technical analysis completed for KFINTECH: 52 fields
2025-09-04 11:27:26,522 - INFO - Completed analysis for KFINTECH: Score=39.3, Recommendation=SELL
2025-09-04 11:27:26,569 - INFO - Enhanced technical analysis completed for KIRLOSBROS: 52 fields
2025-09-04 11:27:26,607 - INFO - Completed analysis for KIRLOSBROS: Score=28.7, Recommendation=SELL
2025-09-04 11:27:32,086 - INFO - Comprehensive data extracted for KOTAKBANK
2025-09-04 11:27:32,086 - INFO - Fundamental analysis completed for KOTAKBANK: 58 fields
2025-09-04 11:27:32,265 - INFO - Comprehensive data extracted for KIRLOSENG
2025-09-04 11:27:32,265 - INFO - Fundamental analysis completed for KIRLOSENG: 58 fields
2025-09-04 11:27:32,384 - INFO - Enhanced technical analysis completed for KOTAKBANK: 52 fields
2025-09-04 11:27:32,441 - INFO - Enhanced technical analysis completed for KIRLOSENG: 52 fields
2025-09-04 11:27:32,469 - INFO - Completed analysis for KOTAKBANK: Score=66.4, Recommendation=BUY
2025-09-04 11:27:32,506 - INFO - Completed analysis for KIRLOSENG: Score=31.0, Recommendation=SELL
2025-09-04 11:27:32,552 - INFO - Comprehensive data extracted for KIMS
2025-09-04 11:27:32,552 - INFO - Fundamental analysis completed for KIMS: 58 fields
2025-09-04 11:27:32,795 - INFO - Enhanced technical analysis completed for KIMS: 52 fields
2025-09-04 11:27:32,835 - INFO - Completed analysis for KIMS: Score=33.4, Recommendation=SELL
2025-09-04 11:27:32,984 - INFO - Comprehensive data extracted for LTF
2025-09-04 11:27:32,984 - INFO - Fundamental analysis completed for LTF: 58 fields
2025-09-04 11:27:33,089 - INFO - Comprehensive data extracted for LTTS
2025-09-04 11:27:33,090 - INFO - Fundamental analysis completed for LTTS: 58 fields
2025-09-04 11:27:33,215 - INFO - Enhanced technical analysis completed for LTF: 52 fields
2025-09-04 11:27:33,251 - INFO - Completed analysis for LTF: Score=57.2, Recommendation=HOLD
2025-09-04 11:27:33,311 - INFO - Enhanced technical analysis completed for LTTS: 52 fields
2025-09-04 11:27:33,352 - INFO - Completed analysis for LTTS: Score=33.6, Recommendation=SELL
2025-09-04 11:27:38,915 - INFO - Comprehensive data extracted for LTFOODS
2025-09-04 11:27:38,915 - INFO - Fundamental analysis completed for LTFOODS: 58 fields
2025-09-04 11:27:38,976 - INFO - Comprehensive data extracted for LTIM
2025-09-04 11:27:38,976 - INFO - Fundamental analysis completed for LTIM: 58 fields
2025-09-04 11:27:39,084 - INFO - Comprehensive data extracted for LICHSGFIN
2025-09-04 11:27:39,084 - INFO - Fundamental analysis completed for LICHSGFIN: 58 fields
2025-09-04 11:27:39,191 - INFO - Enhanced technical analysis completed for LTIM: 52 fields
2025-09-04 11:27:39,263 - INFO - Enhanced technical analysis completed for LICHSGFIN: 52 fields
2025-09-04 11:27:39,301 - INFO - Completed analysis for LTIM: Score=55.5, Recommendation=HOLD
2025-09-04 11:27:39,341 - INFO - Enhanced technical analysis completed for LTFOODS: 52 fields
2025-09-04 11:27:39,358 - INFO - Completed analysis for LICHSGFIN: Score=65.5, Recommendation=BUY (VALUE)
2025-09-04 11:27:39,386 - INFO - Completed analysis for LTFOODS: Score=48.4, Recommendation=WEAK SELL
2025-09-04 11:27:39,834 - INFO - Comprehensive data extracted for LT
2025-09-04 11:27:39,834 - INFO - Fundamental analysis completed for LT: 58 fields
2025-09-04 11:27:39,869 - INFO - Comprehensive data extracted for LATENTVIEW
2025-09-04 11:27:39,870 - INFO - Fundamental analysis completed for LATENTVIEW: 58 fields
2025-09-04 11:27:39,968 - INFO - Enhanced technical analysis completed for LATENTVIEW: 52 fields
2025-09-04 11:27:40,027 - INFO - Enhanced technical analysis completed for LT: 52 fields
2025-09-04 11:27:40,053 - INFO - Completed analysis for LATENTVIEW: Score=36.8, Recommendation=SELL
2025-09-04 11:27:40,089 - INFO - Completed analysis for LT: Score=41.3, Recommendation=WEAK SELL
2025-09-04 11:27:45,937 - INFO - Comprehensive data extracted for LAURUSLABS
2025-09-04 11:27:45,937 - INFO - Fundamental analysis completed for LAURUSLABS: 58 fields
2025-09-04 11:27:46,015 - INFO - Comprehensive data extracted for LICI
2025-09-04 11:27:46,015 - INFO - Fundamental analysis completed for LICI: 58 fields
2025-09-04 11:27:46,032 - INFO - Comprehensive data extracted for LEMONTREE
2025-09-04 11:27:46,032 - INFO - Fundamental analysis completed for LEMONTREE: 58 fields
2025-09-04 11:27:46,135 - INFO - Enhanced technical analysis completed for LICI: 52 fields
2025-09-04 11:27:46,184 - INFO - Enhanced technical analysis completed for LAURUSLABS: 52 fields
2025-09-04 11:27:46,257 - INFO - Completed analysis for LICI: Score=64.6, Recommendation=BUY (VALUE)
2025-09-04 11:27:46,257 - INFO - Enhanced technical analysis completed for LEMONTREE: 52 fields
2025-09-04 11:27:46,290 - INFO - Completed analysis for LAURUSLABS: Score=41.0, Recommendation=WEAK SELL
2025-09-04 11:27:46,324 - INFO - Completed analysis for LEMONTREE: Score=36.6, Recommendation=SELL
2025-09-04 11:27:46,921 - INFO - Comprehensive data extracted for LINDEINDIA
2025-09-04 11:27:46,921 - INFO - Fundamental analysis completed for LINDEINDIA: 58 fields
2025-09-04 11:27:47,064 - INFO - Enhanced technical analysis completed for LINDEINDIA: 52 fields
2025-09-04 11:27:47,102 - INFO - Completed analysis for LINDEINDIA: Score=31.9, Recommendation=SELL
2025-09-04 11:27:47,256 - INFO - Comprehensive data extracted for LLOYDSME
2025-09-04 11:27:47,256 - INFO - Fundamental analysis completed for LLOYDSME: 58 fields
2025-09-04 11:27:47,473 - INFO - Enhanced technical analysis completed for LLOYDSME: 52 fields
2025-09-04 11:27:47,501 - INFO - Completed analysis for LLOYDSME: Score=34.0, Recommendation=SELL
2025-09-04 11:27:52,843 - INFO - Comprehensive data extracted for LODHA
2025-09-04 11:27:52,843 - INFO - Fundamental analysis completed for LODHA: 58 fields
2025-09-04 11:27:53,235 - INFO - Enhanced technical analysis completed for LODHA: 52 fields
2025-09-04 11:27:53,265 - INFO - Comprehensive data extracted for MMTC
2025-09-04 11:27:53,267 - INFO - Fundamental analysis completed for MMTC: 58 fields
2025-09-04 11:27:53,304 - INFO - Completed analysis for LODHA: Score=52.3, Recommendation=HOLD
2025-09-04 11:27:53,508 - INFO - Enhanced technical analysis completed for MMTC: 52 fields
2025-09-04 11:27:53,536 - INFO - Comprehensive data extracted for LUPIN
2025-09-04 11:27:53,536 - INFO - Fundamental analysis completed for LUPIN: 58 fields
2025-09-04 11:27:53,561 - INFO - Completed analysis for MMTC: Score=55.6, Recommendation=HOLD
2025-09-04 11:27:53,786 - INFO - Enhanced technical analysis completed for LUPIN: 52 fields
2025-09-04 11:27:53,835 - INFO - Completed analysis for LUPIN: Score=51.1, Recommendation=HOLD
2025-09-04 11:27:54,099 - INFO - Comprehensive data extracted for MRF
2025-09-04 11:27:54,099 - INFO - Fundamental analysis completed for MRF: 58 fields
2025-09-04 11:27:54,337 - INFO - Enhanced technical analysis completed for MRF: 52 fields
2025-09-04 11:27:54,380 - INFO - Completed analysis for MRF: Score=35.5, Recommendation=SELL
2025-09-04 11:27:54,640 - INFO - Comprehensive data extracted for MGL
2025-09-04 11:27:54,640 - INFO - Fundamental analysis completed for MGL: 58 fields
2025-09-04 11:27:54,767 - INFO - Enhanced technical analysis completed for MGL: 52 fields
2025-09-04 11:27:54,801 - INFO - Completed analysis for MGL: Score=70.9, Recommendation=STRONG BUY
2025-09-04 11:28:00,435 - INFO - Comprehensive data extracted for M&M
2025-09-04 11:28:00,435 - INFO - Fundamental analysis completed for M&M: 58 fields
2025-09-04 11:28:00,536 - INFO - Comprehensive data extracted for M&MFIN
2025-09-04 11:28:00,537 - INFO - Fundamental analysis completed for M&MFIN: 58 fields
2025-09-04 11:28:00,624 - INFO - Enhanced technical analysis completed for M&M: 52 fields
2025-09-04 11:28:00,672 - INFO - Completed analysis for M&M: Score=47.5, Recommendation=WEAK SELL
2025-09-04 11:28:01,158 - INFO - Comprehensive data extracted for MAHSEAMLES
2025-09-04 11:28:01,158 - INFO - Fundamental analysis completed for MAHSEAMLES: 58 fields
2025-09-04 11:28:01,421 - INFO - Enhanced technical analysis completed for MAHSEAMLES: 52 fields
2025-09-04 11:28:01,474 - INFO - Enhanced technical analysis completed for M&MFIN: 52 fields
2025-09-04 11:28:01,505 - INFO - Completed analysis for MAHSEAMLES: Score=76.6, Recommendation=STRONG BUY (UNDERVALUED)
2025-09-04 11:28:01,535 - INFO - Completed analysis for M&MFIN: Score=69.9, Recommendation=BUY (VALUE)
2025-09-04 11:28:02,225 - INFO - Comprehensive data extracted for MANAPPURAM
2025-09-04 11:28:02,225 - INFO - Fundamental analysis completed for MANAPPURAM: 58 fields
2025-09-04 11:28:02,245 - INFO - Comprehensive data extracted for MRPL
2025-09-04 11:28:02,246 - INFO - Fundamental analysis completed for MRPL: 58 fields
2025-09-04 11:28:02,387 - INFO - Enhanced technical analysis completed for MRPL: 52 fields
2025-09-04 11:28:02,470 - INFO - Completed analysis for MRPL: Score=53.3, Recommendation=HOLD
2025-09-04 11:28:02,470 - INFO - Enhanced technical analysis completed for MANAPPURAM: 52 fields
2025-09-04 11:28:02,524 - INFO - Completed analysis for MANAPPURAM: Score=39.4, Recommendation=SELL
2025-09-04 11:28:08,023 - INFO - Comprehensive data extracted for MARUTI
2025-09-04 11:28:08,023 - INFO - Fundamental analysis completed for MARUTI: 58 fields
2025-09-04 11:28:08,100 - INFO - Comprehensive data extracted for MANKIND
2025-09-04 11:28:08,101 - INFO - Fundamental analysis completed for MANKIND: 58 fields
2025-09-04 11:28:08,222 - INFO - Enhanced technical analysis completed for MANKIND: 52 fields
2025-09-04 11:28:08,274 - INFO - Enhanced technical analysis completed for MARUTI: 52 fields
2025-09-04 11:28:08,302 - INFO - Completed analysis for MANKIND: Score=40.8, Recommendation=WEAK SELL
2025-09-04 11:28:08,331 - INFO - Comprehensive data extracted for MARICO
2025-09-04 11:28:08,332 - INFO - Fundamental analysis completed for MARICO: 58 fields
2025-09-04 11:28:08,357 - INFO - Completed analysis for MARUTI: Score=44.2, Recommendation=WEAK SELL
2025-09-04 11:28:08,768 - INFO - Enhanced technical analysis completed for MARICO: 52 fields
2025-09-04 11:28:08,801 - INFO - Completed analysis for MARICO: Score=43.4, Recommendation=WEAK SELL
2025-09-04 11:28:08,948 - INFO - Comprehensive data extracted for MASTEK
2025-09-04 11:28:08,948 - INFO - Fundamental analysis completed for MASTEK: 58 fields
2025-09-04 11:28:09,085 - INFO - Enhanced technical analysis completed for MASTEK: 52 fields
2025-09-04 11:28:09,106 - INFO - Comprehensive data extracted for MFSL
2025-09-04 11:28:09,106 - INFO - Fundamental analysis completed for MFSL: 58 fields
2025-09-04 11:28:09,137 - INFO - Completed analysis for MASTEK: Score=54.6, Recommendation=HOLD
2025-09-04 11:28:09,504 - INFO - Enhanced technical analysis completed for MFSL: 52 fields
2025-09-04 11:28:09,533 - INFO - Completed analysis for MFSL: Score=19.4, Recommendation=SELL
2025-09-04 11:28:15,148 - INFO - Comprehensive data extracted for METROPOLIS
2025-09-04 11:28:15,169 - INFO - Comprehensive data extracted for MAXHEALTH
2025-09-04 11:28:15,169 - INFO - Fundamental analysis completed for MAXHEALTH: 58 fields
2025-09-04 11:28:15,169 - INFO - Fundamental analysis completed for METROPOLIS: 58 fields
2025-09-04 11:28:15,190 - INFO - Comprehensive data extracted for MAZDOCK
2025-09-04 11:28:15,190 - INFO - Fundamental analysis completed for MAZDOCK: 58 fields
2025-09-04 11:28:15,310 - INFO - Enhanced technical analysis completed for MAXHEALTH: 52 fields
2025-09-04 11:28:15,341 - INFO - Enhanced technical analysis completed for METROPOLIS: 52 fields
2025-09-04 11:28:15,428 - INFO - Completed analysis for MAXHEALTH: Score=44.7, Recommendation=WEAK SELL
2025-09-04 11:28:15,458 - INFO - Completed analysis for METROPOLIS: Score=40.9, Recommendation=WEAK SELL
2025-09-04 11:28:15,458 - INFO - Enhanced technical analysis completed for MAZDOCK: 52 fields
2025-09-04 11:28:15,507 - INFO - Completed analysis for MAZDOCK: Score=47.2, Recommendation=WEAK SELL
2025-09-04 11:28:15,993 - INFO - Comprehensive data extracted for MSUMI
2025-09-04 11:28:15,993 - INFO - Fundamental analysis completed for MSUMI: 58 fields
2025-09-04 11:28:16,149 - INFO - Comprehensive data extracted for MINDACORP
2025-09-04 11:28:16,170 - INFO - Fundamental analysis completed for MINDACORP: 58 fields
2025-09-04 11:28:16,204 - INFO - Enhanced technical analysis completed for MSUMI: 52 fields
2025-09-04 11:28:16,244 - INFO - Completed analysis for MSUMI: Score=32.4, Recommendation=SELL
2025-09-04 11:28:16,391 - INFO - Enhanced technical analysis completed for MINDACORP: 52 fields
2025-09-04 11:28:16,419 - INFO - Completed analysis for MINDACORP: Score=36.3, Recommendation=SELL
2025-09-04 11:28:22,206 - INFO - Comprehensive data extracted for MOTILALOFS
2025-09-04 11:28:22,206 - INFO - Fundamental analysis completed for MOTILALOFS: 58 fields
2025-09-04 11:28:22,434 - INFO - Enhanced technical analysis completed for MOTILALOFS: 52 fields
2025-09-04 11:28:22,469 - INFO - Completed analysis for MOTILALOFS: Score=53.4, Recommendation=HOLD
2025-09-04 11:28:22,781 - INFO - Comprehensive data extracted for MPHASIS
2025-09-04 11:28:22,783 - INFO - Fundamental analysis completed for MPHASIS: 58 fields
2025-09-04 11:28:22,987 - INFO - Comprehensive data extracted for MUTHOOTFIN
2025-09-04 11:28:22,988 - INFO - Fundamental analysis completed for MUTHOOTFIN: 58 fields
2025-09-04 11:28:23,210 - INFO - Enhanced technical analysis completed for MUTHOOTFIN: 52 fields
2025-09-04 11:28:23,250 - INFO - Completed analysis for MUTHOOTFIN: Score=79.4, Recommendation=STRONG BUY
2025-09-04 11:28:23,831 - INFO - Comprehensive data extracted for NATCOPHARM
2025-09-04 11:28:23,831 - INFO - Fundamental analysis completed for NATCOPHARM: 58 fields
2025-09-04 11:28:24,014 - INFO - Enhanced technical analysis completed for NATCOPHARM: 52 fields
2025-09-04 11:28:24,052 - INFO - Completed analysis for NATCOPHARM: Score=48.5, Recommendation=WEAK SELL
2025-09-04 11:28:24,240 - INFO - Enhanced technical analysis completed for MPHASIS: 52 fields
2025-09-04 11:28:24,638 - INFO - Completed analysis for MPHASIS: Score=48.1, Recommendation=WEAK SELL
2025-09-04 11:28:25,479 - INFO - Comprehensive data extracted for MCX
2025-09-04 11:28:25,479 - INFO - Fundamental analysis completed for MCX: 58 fields
2025-09-04 11:28:25,885 - INFO - Enhanced technical analysis completed for MCX: 52 fields
2025-09-04 11:28:25,931 - INFO - Completed analysis for MCX: Score=60.9, Recommendation=BUY
2025-09-04 11:28:31,451 - INFO - Comprehensive data extracted for NHPC
2025-09-04 11:28:31,451 - INFO - Fundamental analysis completed for NHPC: 58 fields
2025-09-04 11:28:31,513 - INFO - Comprehensive data extracted for NBCC
2025-09-04 11:28:31,513 - INFO - Fundamental analysis completed for NBCC: 58 fields
2025-09-04 11:28:31,583 - INFO - Enhanced technical analysis completed for NHPC: 52 fields
2025-09-04 11:28:31,674 - INFO - Enhanced technical analysis completed for NBCC: 52 fields
2025-09-04 11:28:31,674 - INFO - Completed analysis for NHPC: Score=46.2, Recommendation=WEAK SELL
2025-09-04 11:28:31,719 - INFO - Completed analysis for NBCC: Score=51.9, Recommendation=HOLD
2025-09-04 11:28:31,884 - INFO - Comprehensive data extracted for NCC
2025-09-04 11:28:31,884 - INFO - Fundamental analysis completed for NCC: 58 fields
2025-09-04 11:28:32,117 - INFO - Enhanced technical analysis completed for NCC: 52 fields
2025-09-04 11:28:32,158 - INFO - Completed analysis for NCC: Score=39.0, Recommendation=SELL
2025-09-04 11:28:32,173 - INFO - Comprehensive data extracted for NLCINDIA
2025-09-04 11:28:32,173 - INFO - Fundamental analysis completed for NLCINDIA: 58 fields
2025-09-04 11:28:32,274 - INFO - Comprehensive data extracted for NMDC
2025-09-04 11:28:32,275 - INFO - Fundamental analysis completed for NMDC: 58 fields
2025-09-04 11:28:32,407 - INFO - Enhanced technical analysis completed for NMDC: 52 fields
2025-09-04 11:28:32,457 - INFO - Enhanced technical analysis completed for NLCINDIA: 52 fields
2025-09-04 11:28:32,485 - INFO - Completed analysis for NMDC: Score=71.5, Recommendation=STRONG BUY (UNDERVALUED)
2025-09-04 11:28:32,522 - INFO - Completed analysis for NLCINDIA: Score=66.8, Recommendation=BUY (VALUE)
2025-09-04 11:28:38,077 - INFO - Comprehensive data extracted for NSLNISP
2025-09-04 11:28:38,083 - INFO - Fundamental analysis completed for NSLNISP: 58 fields
2025-09-04 11:28:38,173 - INFO - Comprehensive data extracted for NTPCGREEN
2025-09-04 11:28:38,173 - INFO - Fundamental analysis completed for NTPCGREEN: 58 fields
2025-09-04 11:28:38,206 - INFO - Enhanced technical analysis completed for NSLNISP: 52 fields
2025-09-04 11:28:38,236 - INFO - Comprehensive data extracted for NTPC
2025-09-04 11:28:38,236 - INFO - Fundamental analysis completed for NTPC: 58 fields
2025-09-04 11:28:38,286 - INFO - Completed analysis for NSLNISP: Score=63.1, Recommendation=BUY (VALUE)
2025-09-04 11:28:38,439 - INFO - Enhanced technical analysis completed for NTPCGREEN: 52 fields
2025-09-04 11:28:38,503 - INFO - Enhanced technical analysis completed for NTPC: 52 fields
2025-09-04 11:28:38,525 - INFO - Completed analysis for NTPCGREEN: Score=38.7, Recommendation=SELL
2025-09-04 11:28:38,559 - INFO - Completed analysis for NTPC: Score=51.0, Recommendation=HOLD
2025-09-04 11:28:38,824 - INFO - Comprehensive data extracted for NH
2025-09-04 11:28:38,832 - INFO - Fundamental analysis completed for NH: 58 fields
2025-09-04 11:28:39,072 - INFO - Enhanced technical analysis completed for NH: 52 fields
2025-09-04 11:28:39,116 - INFO - Completed analysis for NH: Score=33.2, Recommendation=SELL
2025-09-04 11:28:39,157 - INFO - Comprehensive data extracted for NATIONALUM
2025-09-04 11:28:39,157 - INFO - Fundamental analysis completed for NATIONALUM: 58 fields
2025-09-04 11:28:39,332 - INFO - Enhanced technical analysis completed for NATIONALUM: 52 fields
2025-09-04 11:28:39,372 - INFO - Completed analysis for NATIONALUM: Score=73.8, Recommendation=STRONG BUY (UNDERVALUED)
2025-09-04 11:28:44,941 - INFO - Comprehensive data extracted for NAVINFLUOR
2025-09-04 11:28:44,941 - INFO - Fundamental analysis completed for NAVINFLUOR: 58 fields
2025-09-04 11:28:45,053 - INFO - Enhanced technical analysis completed for NAVINFLUOR: 52 fields
2025-09-04 11:28:45,087 - INFO - Comprehensive data extracted for NAVA
2025-09-04 11:28:45,087 - INFO - Fundamental analysis completed for NAVA: 58 fields
2025-09-04 11:28:45,118 - INFO - Comprehensive data extracted for NESTLEIND
2025-09-04 11:28:45,119 - INFO - Fundamental analysis completed for NESTLEIND: 58 fields
2025-09-04 11:28:45,141 - INFO - Completed analysis for NAVINFLUOR: Score=42.3, Recommendation=WEAK SELL
2025-09-04 11:28:45,253 - INFO - Enhanced technical analysis completed for NESTLEIND: 52 fields
2025-09-04 11:28:45,301 - INFO - Completed analysis for NESTLEIND: Score=33.4, Recommendation=SELL
2025-09-04 11:28:45,368 - INFO - Enhanced technical analysis completed for NAVA: 52 fields
2025-09-04 11:28:45,418 - INFO - Completed analysis for NAVA: Score=39.9, Recommendation=SELL
2025-09-04 11:28:45,662 - INFO - Comprehensive data extracted for NETWEB
2025-09-04 11:28:45,662 - INFO - Fundamental analysis completed for NETWEB: 58 fields
2025-09-04 11:28:45,936 - INFO - Comprehensive data extracted for NETWORK18
2025-09-04 11:28:45,937 - INFO - Fundamental analysis completed for NETWORK18: 58 fields
2025-09-04 11:28:46,046 - INFO - Enhanced technical analysis completed for NETWEB: 52 fields
2025-09-04 11:28:46,068 - INFO - Completed analysis for NETWEB: Score=46.1, Recommendation=WEAK SELL
2025-09-04 11:28:46,157 - INFO - Enhanced technical analysis completed for NETWORK18: 52 fields
2025-09-04 11:28:46,201 - INFO - Completed analysis for NETWORK18: Score=37.0, Recommendation=SELL
2025-09-04 11:28:51,871 - INFO - Comprehensive data extracted for NAM-INDIA
2025-09-04 11:28:51,871 - INFO - Fundamental analysis completed for NAM-INDIA: 58 fields
2025-09-04 11:28:51,944 - INFO - Comprehensive data extracted for NEWGEN
2025-09-04 11:28:51,946 - INFO - Fundamental analysis completed for NEWGEN: 58 fields
2025-09-04 11:28:52,085 - INFO - Enhanced technical analysis completed for NAM-INDIA: 52 fields
2025-09-04 11:28:52,106 - INFO - Comprehensive data extracted for NEULANDLAB
2025-09-04 11:28:52,118 - INFO - Fundamental analysis completed for NEULANDLAB: 58 fields
2025-09-04 11:28:52,141 - INFO - Completed analysis for NAM-INDIA: Score=41.6, Recommendation=WEAK SELL
2025-09-04 11:28:52,333 - INFO - Enhanced technical analysis completed for NEWGEN: 52 fields
2025-09-04 11:28:52,389 - INFO - Enhanced technical analysis completed for NEULANDLAB: 52 fields
2025-09-04 11:28:52,434 - INFO - Completed analysis for NEWGEN: Score=34.5, Recommendation=SELL
2025-09-04 11:28:52,461 - INFO - Completed analysis for NEULANDLAB: Score=34.7, Recommendation=SELL
2025-09-04 11:28:52,932 - INFO - Comprehensive data extracted for NIVABUPA
2025-09-04 11:28:52,932 - INFO - Fundamental analysis completed for NIVABUPA: 58 fields
2025-09-04 11:28:53,034 - INFO - Enhanced technical analysis completed for NIVABUPA: 52 fields
2025-09-04 11:28:53,072 - INFO - Completed analysis for NIVABUPA: Score=32.2, Recommendation=SELL
2025-09-04 11:28:53,217 - INFO - Comprehensive data extracted for NUVAMA
2025-09-04 11:28:53,217 - INFO - Fundamental analysis completed for NUVAMA: 58 fields
2025-09-04 11:28:53,434 - INFO - Enhanced technical analysis completed for NUVAMA: 52 fields
2025-09-04 11:28:53,470 - INFO - Completed analysis for NUVAMA: Score=46.5, Recommendation=WEAK SELL
2025-09-04 11:28:59,134 - INFO - Comprehensive data extracted for OBEROIRLTY
2025-09-04 11:28:59,134 - INFO - Fundamental analysis completed for OBEROIRLTY: 58 fields
2025-09-04 11:28:59,159 - INFO - Comprehensive data extracted for OIL
2025-09-04 11:28:59,159 - INFO - Fundamental analysis completed for OIL: 58 fields
2025-09-04 11:28:59,335 - INFO - Enhanced technical analysis completed for OBEROIRLTY: 52 fields
2025-09-04 11:28:59,345 - INFO - Enhanced technical analysis completed for OIL: 52 fields
2025-09-04 11:28:59,384 - INFO - Completed analysis for OBEROIRLTY: Score=35.9, Recommendation=SELL
2025-09-04 11:28:59,407 - INFO - Completed analysis for OIL: Score=57.6, Recommendation=HOLD
2025-09-04 11:28:59,543 - INFO - Comprehensive data extracted for ONGC
2025-09-04 11:28:59,543 - INFO - Fundamental analysis completed for ONGC: 58 fields
2025-09-04 11:28:59,784 - INFO - Enhanced technical analysis completed for ONGC: 52 fields
2025-09-04 11:28:59,826 - INFO - Completed analysis for ONGC: Score=56.3, Recommendation=HOLD
2025-09-04 11:29:00,104 - INFO - Comprehensive data extracted for OLECTRA
2025-09-04 11:29:00,104 - INFO - Fundamental analysis completed for OLECTRA: 58 fields
2025-09-04 11:29:00,124 - INFO - Comprehensive data extracted for OLAELEC
2025-09-04 11:29:00,124 - INFO - Fundamental analysis completed for OLAELEC: 58 fields
2025-09-04 11:29:00,234 - INFO - Enhanced technical analysis completed for OLECTRA: 52 fields
2025-09-04 11:29:00,290 - INFO - Enhanced technical analysis completed for OLAELEC: 52 fields
2025-09-04 11:29:00,318 - INFO - Completed analysis for OLECTRA: Score=39.3, Recommendation=SELL
2025-09-04 11:29:00,344 - INFO - Completed analysis for OLAELEC: Score=27.3, Recommendation=SELL
2025-09-04 11:29:06,042 - INFO - Comprehensive data extracted for PAYTM
2025-09-04 11:29:06,042 - INFO - Fundamental analysis completed for PAYTM: 58 fields
2025-09-04 11:29:06,074 - INFO - Comprehensive data extracted for POLICYBZR
2025-09-04 11:29:06,075 - INFO - Fundamental analysis completed for POLICYBZR: 58 fields
2025-09-04 11:29:06,268 - INFO - Enhanced technical analysis completed for PAYTM: 52 fields
2025-09-04 11:29:06,270 - INFO - Comprehensive data extracted for OFSS
2025-09-04 11:29:06,272 - INFO - Fundamental analysis completed for OFSS: 58 fields
2025-09-04 11:29:06,321 - INFO - Enhanced technical analysis completed for POLICYBZR: 52 fields
2025-09-04 11:29:06,368 - INFO - Completed analysis for PAYTM: Score=32.1, Recommendation=SELL
2025-09-04 11:29:06,368 - INFO - Completed analysis for POLICYBZR: Score=40.5, Recommendation=WEAK SELL
2025-09-04 11:29:06,456 - INFO - Enhanced technical analysis completed for OFSS: 52 fields
2025-09-04 11:29:06,491 - INFO - Completed analysis for OFSS: Score=64.2, Recommendation=BUY
2025-09-04 11:29:07,122 - INFO - Comprehensive data extracted for PCBL
2025-09-04 11:29:07,123 - INFO - Fundamental analysis completed for PCBL: 58 fields
2025-09-04 11:29:07,264 - INFO - Comprehensive data extracted for PGEL
2025-09-04 11:29:07,264 - INFO - Fundamental analysis completed for PGEL: 58 fields
2025-09-04 11:29:07,352 - INFO - Enhanced technical analysis completed for PCBL: 52 fields
2025-09-04 11:29:07,405 - INFO - Enhanced technical analysis completed for PGEL: 52 fields
2025-09-04 11:29:07,467 - INFO - Completed analysis for PCBL: Score=29.4, Recommendation=SELL
2025-09-04 11:29:07,467 - INFO - Completed analysis for PGEL: Score=28.8, Recommendation=SELL
2025-09-04 11:29:13,080 - INFO - Comprehensive data extracted for PNBHOUSING
2025-09-04 11:29:13,080 - INFO - Fundamental analysis completed for PNBHOUSING: 58 fields
2025-09-04 11:29:13,170 - INFO - Comprehensive data extracted for PIIND
2025-09-04 11:29:13,171 - INFO - Fundamental analysis completed for PIIND: 58 fields
2025-09-04 11:29:13,222 - INFO - Enhanced technical analysis completed for PNBHOUSING: 52 fields
2025-09-04 11:29:13,249 - INFO - Comprehensive data extracted for PNCINFRA
2025-09-04 11:29:13,250 - INFO - Fundamental analysis completed for PNCINFRA: 58 fields
2025-09-04 11:29:13,289 - INFO - Completed analysis for PNBHOUSING: Score=68.9, Recommendation=BUY (VALUE)
2025-09-04 11:29:13,389 - INFO - Enhanced technical analysis completed for PIIND: 52 fields
2025-09-04 11:29:13,434 - INFO - Completed analysis for PIIND: Score=24.2, Recommendation=SELL
2025-09-04 11:29:13,638 - INFO - Enhanced technical analysis completed for PNCINFRA: 52 fields
2025-09-04 11:29:13,684 - INFO - Completed analysis for PNCINFRA: Score=52.4, Recommendation=HOLD
2025-09-04 11:29:14,021 - INFO - Comprehensive data extracted for PTCIL
2025-09-04 11:29:14,022 - INFO - Fundamental analysis completed for PTCIL: 58 fields
2025-09-04 11:29:14,213 - INFO - Comprehensive data extracted for PVRINOX
2025-09-04 11:29:14,232 - INFO - Fundamental analysis completed for PVRINOX: 58 fields
2025-09-04 11:29:14,267 - INFO - Enhanced technical analysis completed for PTCIL: 52 fields
2025-09-04 11:29:14,303 - INFO - Completed analysis for PTCIL: Score=30.9, Recommendation=SELL
2025-09-04 11:29:14,440 - INFO - Enhanced technical analysis completed for PVRINOX: 52 fields
2025-09-04 11:29:14,468 - INFO - Completed analysis for PVRINOX: Score=47.9, Recommendation=WEAK SELL
2025-09-04 11:29:19,970 - INFO - Comprehensive data extracted for PAGEIND
2025-09-04 11:29:19,972 - INFO - Fundamental analysis completed for PAGEIND: 58 fields
2025-09-04 11:29:19,990 - INFO - Comprehensive data extracted for PERSISTENT
2025-09-04 11:29:19,993 - INFO - Fundamental analysis completed for PERSISTENT: 58 fields
2025-09-04 11:29:20,201 - INFO - Enhanced technical analysis completed for PERSISTENT: 52 fields
2025-09-04 11:29:20,201 - INFO - Enhanced technical analysis completed for PAGEIND: 52 fields
2025-09-04 11:29:20,235 - INFO - Comprehensive data extracted for PATANJALI
2025-09-04 11:29:20,235 - INFO - Fundamental analysis completed for PATANJALI: 58 fields
2025-09-04 11:29:20,271 - INFO - Completed analysis for PERSISTENT: Score=62.7, Recommendation=BUY
2025-09-04 11:29:20,291 - INFO - Completed analysis for PAGEIND: Score=39.9, Recommendation=SELL
2025-09-04 11:29:20,421 - INFO - Enhanced technical analysis completed for PATANJALI: 52 fields
2025-09-04 11:29:20,475 - INFO - Completed analysis for PATANJALI: Score=39.5, Recommendation=SELL
2025-09-04 11:29:21,007 - INFO - Comprehensive data extracted for PFIZER
2025-09-04 11:29:21,008 - INFO - Fundamental analysis completed for PFIZER: 58 fields
2025-09-04 11:29:21,050 - INFO - Comprehensive data extracted for PETRONET
2025-09-04 11:29:21,051 - INFO - Fundamental analysis completed for PETRONET: 58 fields
2025-09-04 11:29:21,316 - INFO - Enhanced technical analysis completed for PFIZER: 52 fields
2025-09-04 11:29:21,365 - INFO - Enhanced technical analysis completed for PETRONET: 52 fields
2025-09-04 11:29:21,389 - INFO - Completed analysis for PFIZER: Score=44.0, Recommendation=WEAK SELL
2025-09-04 11:29:21,424 - INFO - Completed analysis for PETRONET: Score=47.8, Recommendation=WEAK SELL
2025-09-04 11:29:27,175 - INFO - Comprehensive data extracted for PIDILITIND
2025-09-04 11:29:27,175 - INFO - Fundamental analysis completed for PIDILITIND: 58 fields
2025-09-04 11:29:27,257 - INFO - Comprehensive data extracted for PEL
2025-09-04 11:29:27,258 - INFO - Fundamental analysis completed for PEL: 58 fields
2025-09-04 11:29:27,369 - INFO - Enhanced technical analysis completed for PIDILITIND: 52 fields
2025-09-04 11:29:27,451 - INFO - Comprehensive data extracted for PHOENIXLTD
2025-09-04 11:29:27,457 - INFO - Fundamental analysis completed for PHOENIXLTD: 58 fields
2025-09-04 11:29:27,484 - INFO - Enhanced technical analysis completed for PEL: 52 fields
2025-09-04 11:29:27,517 - INFO - Completed analysis for PIDILITIND: Score=47.4, Recommendation=WEAK SELL
2025-09-04 11:29:27,568 - INFO - Completed analysis for PEL: Score=36.4, Recommendation=SELL
2025-09-04 11:29:27,667 - INFO - Enhanced technical analysis completed for PHOENIXLTD: 52 fields
2025-09-04 11:29:27,765 - INFO - Completed analysis for PHOENIXLTD: Score=33.5, Recommendation=SELL
2025-09-04 11:29:28,148 - INFO - Comprehensive data extracted for POLYMED
2025-09-04 11:29:28,148 - INFO - Fundamental analysis completed for POLYMED: 58 fields
2025-09-04 11:29:28,266 - INFO - Comprehensive data extracted for PPLPHARMA
2025-09-04 11:29:28,266 - INFO - Fundamental analysis completed for PPLPHARMA: 58 fields
2025-09-04 11:29:28,378 - INFO - Enhanced technical analysis completed for POLYMED: 52 fields
2025-09-04 11:29:28,467 - INFO - Enhanced technical analysis completed for PPLPHARMA: 52 fields
2025-09-04 11:29:28,482 - INFO - Completed analysis for POLYMED: Score=32.0, Recommendation=SELL
2025-09-04 11:29:28,541 - INFO - Completed analysis for PPLPHARMA: Score=32.8, Recommendation=SELL
2025-09-04 11:29:34,360 - INFO - Comprehensive data extracted for POLYCAB
2025-09-04 11:29:34,360 - INFO - Fundamental analysis completed for POLYCAB: 58 fields
2025-09-04 11:29:34,386 - INFO - Comprehensive data extracted for PFC
2025-09-04 11:29:34,386 - INFO - Fundamental analysis completed for PFC: 58 fields
2025-09-04 11:29:34,534 - INFO - Comprehensive data extracted for POONAWALLA
2025-09-04 11:29:34,550 - INFO - Fundamental analysis completed for POONAWALLA: 58 fields
2025-09-04 11:29:34,579 - INFO - Enhanced technical analysis completed for POLYCAB: 52 fields
2025-09-04 11:29:34,607 - INFO - Enhanced technical analysis completed for PFC: 52 fields
2025-09-04 11:29:34,673 - INFO - Completed analysis for POLYCAB: Score=60.7, Recommendation=BUY
2025-09-04 11:29:34,701 - INFO - Completed analysis for PFC: Score=72.6, Recommendation=STRONG BUY (UNDERVALUED)
2025-09-04 11:29:34,752 - INFO - Enhanced technical analysis completed for POONAWALLA: 52 fields
2025-09-04 11:29:34,826 - INFO - Completed analysis for POONAWALLA: Score=23.7, Recommendation=SELL
2025-09-04 11:29:35,147 - INFO - Comprehensive data extracted for POWERGRID
2025-09-04 11:29:35,147 - INFO - Fundamental analysis completed for POWERGRID: 58 fields
2025-09-04 11:29:35,302 - INFO - Comprehensive data extracted for PRAJIND
2025-09-04 11:29:35,302 - INFO - Fundamental analysis completed for PRAJIND: 58 fields
2025-09-04 11:29:35,357 - INFO - Enhanced technical analysis completed for POWERGRID: 52 fields
2025-09-04 11:29:35,445 - INFO - Completed analysis for POWERGRID: Score=49.9, Recommendation=WEAK SELL
2025-09-04 11:29:35,523 - INFO - Enhanced technical analysis completed for PRAJIND: 52 fields
2025-09-04 11:29:35,588 - INFO - Completed analysis for PRAJIND: Score=28.3, Recommendation=SELL
2025-09-04 11:29:41,255 - INFO - Comprehensive data extracted for PREMIERENE
2025-09-04 11:29:41,255 - INFO - Fundamental analysis completed for PREMIERENE: 58 fields
2025-09-04 11:29:41,342 - INFO - Comprehensive data extracted for PNB
2025-09-04 11:29:41,343 - INFO - Fundamental analysis completed for PNB: 58 fields
2025-09-04 11:29:41,418 - INFO - Enhanced technical analysis completed for PREMIERENE: 52 fields
2025-09-04 11:29:41,467 - INFO - Completed analysis for PREMIERENE: Score=43.9, Recommendation=WEAK SELL
2025-09-04 11:29:41,550 - INFO - Comprehensive data extracted for PRESTIGE
2025-09-04 11:29:41,565 - INFO - Enhanced technical analysis completed for PNB: 52 fields
2025-09-04 11:29:41,566 - INFO - Fundamental analysis completed for PRESTIGE: 58 fields
2025-09-04 11:29:41,618 - INFO - Completed analysis for PNB: Score=87.9, Recommendation=STRONG BUY (UNDERVALUED)
2025-09-04 11:29:41,867 - INFO - Enhanced technical analysis completed for PRESTIGE: 52 fields
2025-09-04 11:29:41,928 - INFO - Completed analysis for PRESTIGE: Score=41.3, Recommendation=WEAK SELL
2025-09-04 11:29:41,997 - INFO - Comprehensive data extracted for RBLBANK
2025-09-04 11:29:41,999 - INFO - Fundamental analysis completed for RBLBANK: 58 fields
2025-09-04 11:29:42,164 - INFO - Enhanced technical analysis completed for RBLBANK: 52 fields
2025-09-04 11:29:42,217 - INFO - Completed analysis for RBLBANK: Score=52.6, Recommendation=HOLD
2025-09-04 11:29:42,324 - INFO - Comprehensive data extracted for RRKABEL
2025-09-04 11:29:42,325 - INFO - Fundamental analysis completed for RRKABEL: 58 fields
2025-09-04 11:29:42,493 - INFO - Enhanced technical analysis completed for RRKABEL: 52 fields
2025-09-04 11:29:42,566 - INFO - Completed analysis for RRKABEL: Score=38.7, Recommendation=SELL
2025-09-04 11:29:48,143 - INFO - Comprehensive data extracted for RITES
2025-09-04 11:29:48,145 - INFO - Fundamental analysis completed for RITES: 58 fields
2025-09-04 11:29:48,169 - INFO - Comprehensive data extracted for RECLTD
2025-09-04 11:29:48,169 - INFO - Fundamental analysis completed for RECLTD: 58 fields
2025-09-04 11:29:48,322 - INFO - Enhanced technical analysis completed for RITES: 52 fields
2025-09-04 11:29:48,428 - INFO - Enhanced technical analysis completed for RECLTD: 52 fields
2025-09-04 11:29:48,485 - INFO - Completed analysis for RITES: Score=51.8, Recommendation=HOLD
2025-09-04 11:29:48,534 - INFO - Completed analysis for RECLTD: Score=75.4, Recommendation=STRONG BUY (UNDERVALUED)
2025-09-04 11:29:48,571 - INFO - Comprehensive data extracted for RHIM
2025-09-04 11:29:48,571 - INFO - Fundamental analysis completed for RHIM: 58 fields
2025-09-04 11:29:48,748 - INFO - Enhanced technical analysis completed for RHIM: 52 fields
2025-09-04 11:29:48,818 - INFO - Completed analysis for RHIM: Score=32.4, Recommendation=SELL
2025-09-04 11:29:48,971 - INFO - Comprehensive data extracted for RVNL
2025-09-04 11:29:48,971 - INFO - Fundamental analysis completed for RVNL: 58 fields
2025-09-04 11:29:49,025 - INFO - Comprehensive data extracted for RADICO
2025-09-04 11:29:49,025 - INFO - Fundamental analysis completed for RADICO: 58 fields
2025-09-04 11:29:49,128 - INFO - Enhanced technical analysis completed for RVNL: 52 fields
2025-09-04 11:29:49,190 - INFO - Completed analysis for RVNL: Score=29.9, Recommendation=SELL
2025-09-04 11:29:49,970 - INFO - Enhanced technical analysis completed for RADICO: 52 fields
2025-09-04 11:29:50,112 - INFO - Completed analysis for RADICO: Score=40.6, Recommendation=WEAK SELL
2025-09-04 11:29:55,665 - INFO - Comprehensive data extracted for RAILTEL
2025-09-04 11:29:55,665 - INFO - Fundamental analysis completed for RAILTEL: 58 fields
2025-09-04 11:29:55,808 - INFO - Comprehensive data extracted for RAINBOW
2025-09-04 11:29:55,820 - INFO - Fundamental analysis completed for RAINBOW: 58 fields
2025-09-04 11:29:55,866 - INFO - Enhanced technical analysis completed for RAILTEL: 52 fields
2025-09-04 11:29:55,904 - INFO - Comprehensive data extracted for RKFORGE
2025-09-04 11:29:55,906 - INFO - Fundamental analysis completed for RKFORGE: 58 fields
2025-09-04 11:29:55,937 - INFO - Completed analysis for RAILTEL: Score=40.7, Recommendation=WEAK SELL
2025-09-04 11:29:56,016 - INFO - Enhanced technical analysis completed for RAINBOW: 52 fields
2025-09-04 11:29:56,050 - INFO - Completed analysis for RAINBOW: Score=43.2, Recommendation=WEAK SELL
2025-09-04 11:29:56,083 - INFO - Enhanced technical analysis completed for RKFORGE: 52 fields
2025-09-04 11:29:56,124 - INFO - Completed analysis for RKFORGE: Score=30.6, Recommendation=SELL
2025-09-04 11:29:56,511 - INFO - Comprehensive data extracted for RCF
2025-09-04 11:29:56,512 - INFO - Fundamental analysis completed for RCF: 58 fields
2025-09-04 11:29:56,698 - INFO - Enhanced technical analysis completed for RCF: 52 fields
2025-09-04 11:29:56,758 - INFO - Completed analysis for RCF: Score=42.4, Recommendation=WEAK SELL
2025-09-04 11:29:56,836 - INFO - Comprehensive data extracted for RTNINDIA
2025-09-04 11:29:56,837 - INFO - Fundamental analysis completed for RTNINDIA: 58 fields
2025-09-04 11:29:56,990 - INFO - Enhanced technical analysis completed for RTNINDIA: 52 fields
2025-09-04 11:29:57,043 - INFO - Completed analysis for RTNINDIA: Score=19.0, Recommendation=SELL
2025-09-04 11:30:02,614 - INFO - Comprehensive data extracted for REDINGTON
2025-09-04 11:30:02,614 - INFO - Fundamental analysis completed for REDINGTON: 58 fields
2025-09-04 11:30:02,672 - INFO - Comprehensive data extracted for RAYMOND
2025-09-04 11:30:02,682 - INFO - Fundamental analysis completed for RAYMOND: 58 fields
2025-09-04 11:30:02,909 - INFO - Enhanced technical analysis completed for RAYMOND: 52 fields
2025-09-04 11:30:02,909 - INFO - Enhanced technical analysis completed for REDINGTON: 52 fields
2025-09-04 11:30:02,968 - INFO - Completed analysis for RAYMOND: Score=36.7, Recommendation=SELL
2025-09-04 11:30:02,999 - INFO - Completed analysis for REDINGTON: Score=59.1, Recommendation=HOLD
2025-09-04 11:30:03,037 - INFO - Comprehensive data extracted for RAYMONDLSL
2025-09-04 11:30:03,037 - INFO - Fundamental analysis completed for RAYMONDLSL: 58 fields
2025-09-04 11:30:03,192 - INFO - Enhanced technical analysis completed for RAYMONDLSL: 52 fields
2025-09-04 11:30:03,246 - INFO - Completed analysis for RAYMONDLSL: Score=49.1, Recommendation=WEAK SELL
2025-09-04 11:30:03,478 - INFO - Comprehensive data extracted for RPOWER
2025-09-04 11:30:03,479 - INFO - Fundamental analysis completed for RPOWER: 58 fields
2025-09-04 11:30:03,634 - INFO - Enhanced technical analysis completed for RPOWER: 52 fields
2025-09-04 11:30:03,690 - INFO - Completed analysis for RPOWER: Score=57.5, Recommendation=HOLD
2025-09-04 11:30:03,767 - INFO - Comprehensive data extracted for RELIANCE
2025-09-04 11:30:03,767 - INFO - Fundamental analysis completed for RELIANCE: 58 fields
2025-09-04 11:30:03,955 - INFO - Enhanced technical analysis completed for RELIANCE: 52 fields
2025-09-04 11:30:04,017 - INFO - Completed analysis for RELIANCE: Score=51.5, Recommendation=HOLD
2025-09-04 11:30:09,642 - INFO - Comprehensive data extracted for SBFC
2025-09-04 11:30:09,644 - INFO - Fundamental analysis completed for SBFC: 58 fields
2025-09-04 11:30:09,703 - INFO - Comprehensive data extracted for SBICARD
2025-09-04 11:30:09,703 - INFO - Fundamental analysis completed for SBICARD: 58 fields
2025-09-04 11:30:09,784 - INFO - Enhanced technical analysis completed for SBFC: 52 fields
2025-09-04 11:30:09,840 - INFO - Completed analysis for SBFC: Score=60.0, Recommendation=HOLD
2025-09-04 11:30:09,972 - INFO - Enhanced technical analysis completed for SBICARD: 52 fields
2025-09-04 11:30:10,005 - INFO - Comprehensive data extracted for ROUTE
2025-09-04 11:30:10,005 - INFO - Fundamental analysis completed for ROUTE: 58 fields
2025-09-04 11:30:10,058 - INFO - Completed analysis for SBICARD: Score=30.3, Recommendation=SELL
2025-09-04 11:30:10,165 - INFO - Enhanced technical analysis completed for ROUTE: 52 fields
2025-09-04 11:30:10,225 - INFO - Completed analysis for ROUTE: Score=37.4, Recommendation=SELL
2025-09-04 11:30:10,613 - INFO - Comprehensive data extracted for SBILIFE
2025-09-04 11:30:10,613 - INFO - Fundamental analysis completed for SBILIFE: 58 fields
2025-09-04 11:30:10,800 - INFO - Enhanced technical analysis completed for SBILIFE: 52 fields
2025-09-04 11:30:10,825 - INFO - Comprehensive data extracted for SJVN
2025-09-04 11:30:10,825 - INFO - Fundamental analysis completed for SJVN: 58 fields
2025-09-04 11:30:10,860 - INFO - Completed analysis for SBILIFE: Score=56.0, Recommendation=HOLD
2025-09-04 11:30:11,353 - INFO - Enhanced technical analysis completed for SJVN: 52 fields
2025-09-04 11:30:11,448 - INFO - Completed analysis for SJVN: Score=38.2, Recommendation=SELL
2025-09-04 11:30:16,918 - INFO - Comprehensive data extracted for SKFINDIA
2025-09-04 11:30:16,918 - INFO - Fundamental analysis completed for SKFINDIA: 58 fields
2025-09-04 11:30:17,025 - INFO - Comprehensive data extracted for SAGILITY
2025-09-04 11:30:17,026 - INFO - Fundamental analysis completed for SAGILITY: 58 fields
2025-09-04 11:30:17,183 - INFO - Enhanced technical analysis completed for SAGILITY: 52 fields
2025-09-04 11:30:17,237 - INFO - Comprehensive data extracted for SRF
2025-09-04 11:30:17,237 - INFO - Fundamental analysis completed for SRF: 58 fields
2025-09-04 11:30:17,272 - INFO - Enhanced technical analysis completed for SKFINDIA: 52 fields
2025-09-04 11:30:17,305 - INFO - Completed analysis for SAGILITY: Score=38.2, Recommendation=SELL
2025-09-04 11:30:17,350 - INFO - Completed analysis for SKFINDIA: Score=44.3, Recommendation=WEAK SELL
2025-09-04 11:30:17,506 - INFO - Enhanced technical analysis completed for SRF: 52 fields
2025-09-04 11:30:17,564 - INFO - Completed analysis for SRF: Score=42.9, Recommendation=WEAK SELL
2025-09-04 11:30:17,992 - INFO - Comprehensive data extracted for SAILIFE
2025-09-04 11:30:17,992 - INFO - Fundamental analysis completed for SAILIFE: 58 fields
2025-09-04 11:30:18,115 - INFO - Comprehensive data extracted for SAMMAANCAP
2025-09-04 11:30:18,115 - INFO - Fundamental analysis completed for SAMMAANCAP: 58 fields
2025-09-04 11:30:18,172 - INFO - Enhanced technical analysis completed for SAILIFE: 52 fields
2025-09-04 11:30:18,217 - INFO - Completed analysis for SAILIFE: Score=36.0, Recommendation=SELL
2025-09-04 11:30:18,318 - INFO - Enhanced technical analysis completed for SAMMAANCAP: 52 fields
2025-09-04 11:30:18,399 - INFO - Completed analysis for SAMMAANCAP: Score=57.7, Recommendation=HOLD
2025-09-04 11:30:24,097 - INFO - Comprehensive data extracted for MOTHERSON
2025-09-04 11:30:24,097 - INFO - Fundamental analysis completed for MOTHERSON: 58 fields
2025-09-04 11:30:24,332 - INFO - Enhanced technical analysis completed for MOTHERSON: 52 fields
2025-09-04 11:30:24,354 - INFO - Comprehensive data extracted for SAPPHIRE
2025-09-04 11:30:24,354 - INFO - Fundamental analysis completed for SAPPHIRE: 58 fields
2025-09-04 11:30:24,372 - INFO - Comprehensive data extracted for SARDAEN
2025-09-04 11:30:24,372 - INFO - Fundamental analysis completed for SARDAEN: 58 fields
2025-09-04 11:30:24,417 - INFO - Completed analysis for MOTHERSON: Score=36.3, Recommendation=SELL
2025-09-04 11:30:24,571 - INFO - Enhanced technical analysis completed for SARDAEN: 52 fields
2025-09-04 11:30:24,623 - INFO - Enhanced technical analysis completed for SAPPHIRE: 52 fields
2025-09-04 11:30:24,650 - INFO - Completed analysis for SARDAEN: Score=53.2, Recommendation=HOLD
2025-09-04 11:30:24,700 - INFO - Completed analysis for SAPPHIRE: Score=26.6, Recommendation=SELL
2025-09-04 11:30:25,013 - INFO - Comprehensive data extracted for SAREGAMA
2025-09-04 11:30:25,013 - INFO - Fundamental analysis completed for SAREGAMA: 58 fields
2025-09-04 11:30:25,203 - INFO - Enhanced technical analysis completed for SAREGAMA: 52 fields
2025-09-04 11:30:25,263 - INFO - Completed analysis for SAREGAMA: Score=48.8, Recommendation=WEAK SELL
2025-09-04 11:30:25,317 - INFO - Comprehensive data extracted for SCHAEFFLER
2025-09-04 11:30:25,317 - INFO - Fundamental analysis completed for SCHAEFFLER: 58 fields
2025-09-04 11:30:25,500 - INFO - Enhanced technical analysis completed for SCHAEFFLER: 52 fields
2025-09-04 11:30:25,561 - INFO - Completed analysis for SCHAEFFLER: Score=53.5, Recommendation=HOLD
2025-09-04 11:30:31,089 - INFO - Comprehensive data extracted for SCHNEIDER
2025-09-04 11:30:31,089 - INFO - Fundamental analysis completed for SCHNEIDER: 58 fields
2025-09-04 11:30:31,232 - INFO - Enhanced technical analysis completed for SCHNEIDER: 52 fields
2025-09-04 11:30:31,251 - INFO - Comprehensive data extracted for SHREECEM
2025-09-04 11:30:31,251 - INFO - Fundamental analysis completed for SHREECEM: 58 fields
2025-09-04 11:30:31,285 - INFO - Completed analysis for SCHNEIDER: Score=18.1, Recommendation=SELL
2025-09-04 11:30:31,470 - INFO - Enhanced technical analysis completed for SHREECEM: 52 fields
2025-09-04 11:30:31,546 - INFO - Comprehensive data extracted for SCI
2025-09-04 11:30:31,547 - INFO - Fundamental analysis completed for SCI: 58 fields
2025-09-04 11:30:31,579 - INFO - Completed analysis for SHREECEM: Score=34.7, Recommendation=SELL
2025-09-04 11:30:31,750 - INFO - Enhanced technical analysis completed for SCI: 52 fields
2025-09-04 11:30:31,783 - INFO - Comprehensive data extracted for RENUKA
2025-09-04 11:30:31,784 - INFO - Fundamental analysis completed for RENUKA: 58 fields
2025-09-04 11:30:31,823 - INFO - Completed analysis for SCI: Score=58.9, Recommendation=HOLD
2025-09-04 11:30:31,960 - INFO - Enhanced technical analysis completed for RENUKA: 52 fields
2025-09-04 11:30:31,987 - INFO - Comprehensive data extracted for SHRIRAMFIN
2025-09-04 11:30:31,987 - INFO - Fundamental analysis completed for SHRIRAMFIN: 58 fields
2025-09-04 11:30:32,016 - INFO - Completed analysis for RENUKA: Score=62.9, Recommendation=BUY (VALUE)
2025-09-04 11:30:32,283 - INFO - Enhanced technical analysis completed for SHRIRAMFIN: 52 fields
2025-09-04 11:30:32,342 - INFO - Completed analysis for SHRIRAMFIN: Score=69.8, Recommendation=BUY (VALUE)
2025-09-04 11:30:37,961 - INFO - Comprehensive data extracted for SIEMENS
2025-09-04 11:30:37,961 - INFO - Fundamental analysis completed for SIEMENS: 58 fields
2025-09-04 11:30:38,133 - INFO - Enhanced technical analysis completed for SIEMENS: 52 fields
2025-09-04 11:30:38,156 - INFO - Comprehensive data extracted for SHYAMMETL
2025-09-04 11:30:38,156 - INFO - Fundamental analysis completed for SHYAMMETL: 58 fields
2025-09-04 11:30:38,190 - INFO - Completed analysis for SIEMENS: Score=30.4, Recommendation=SELL
2025-09-04 11:30:38,281 - INFO - Comprehensive data extracted for SIGNATURE
2025-09-04 11:30:38,281 - INFO - Fundamental analysis completed for SIGNATURE: 58 fields
2025-09-04 11:30:38,466 - INFO - Enhanced technical analysis completed for SHYAMMETL: 52 fields
2025-09-04 11:30:38,466 - INFO - Enhanced technical analysis completed for SIGNATURE: 52 fields
2025-09-04 11:30:38,532 - INFO - Completed analysis for SIGNATURE: Score=32.0, Recommendation=SELL
2025-09-04 11:30:38,555 - INFO - Completed analysis for SHYAMMETL: Score=47.7, Recommendation=WEAK SELL
2025-09-04 11:30:38,742 - INFO - Comprehensive data extracted for SOBHA
2025-09-04 11:30:38,742 - INFO - Fundamental analysis completed for SOBHA: 58 fields
2025-09-04 11:30:39,034 - INFO - Enhanced technical analysis completed for SOBHA: 52 fields
2025-09-04 11:30:39,054 - INFO - Comprehensive data extracted for SOLARINDS
2025-09-04 11:30:39,054 - INFO - Fundamental analysis completed for SOLARINDS: 58 fields
2025-09-04 11:30:39,100 - INFO - Completed analysis for SOBHA: Score=39.8, Recommendation=SELL
2025-09-04 11:30:39,235 - INFO - Enhanced technical analysis completed for SOLARINDS: 52 fields
2025-09-04 11:30:39,291 - INFO - Completed analysis for SOLARINDS: Score=40.1, Recommendation=WEAK SELL
2025-09-04 11:30:44,771 - INFO - Comprehensive data extracted for STARHEALTH
2025-09-04 11:30:44,772 - INFO - Fundamental analysis completed for STARHEALTH: 58 fields
2025-09-04 11:30:44,912 - INFO - Enhanced technical analysis completed for STARHEALTH: 52 fields
2025-09-04 11:30:44,934 - INFO - Comprehensive data extracted for SONATSOFTW
2025-09-04 11:30:44,936 - INFO - Fundamental analysis completed for SONATSOFTW: 58 fields
2025-09-04 11:30:44,972 - INFO - Completed analysis for STARHEALTH: Score=40.9, Recommendation=WEAK SELL
2025-09-04 11:30:44,989 - INFO - Comprehensive data extracted for SONACOMS
2025-09-04 11:30:44,989 - INFO - Fundamental analysis completed for SONACOMS: 58 fields
2025-09-04 11:30:45,133 - INFO - Enhanced technical analysis completed for SONATSOFTW: 52 fields
2025-09-04 11:30:45,200 - INFO - Completed analysis for SONATSOFTW: Score=44.6, Recommendation=WEAK SELL
2025-09-04 11:30:45,272 - INFO - Enhanced technical analysis completed for SONACOMS: 52 fields
2025-09-04 11:30:45,333 - INFO - Completed analysis for SONACOMS: Score=26.7, Recommendation=SELL
2025-09-04 11:30:47,605 - INFO - Comprehensive data extracted for SAIL
2025-09-04 11:30:47,605 - INFO - Fundamental analysis completed for SAIL: 58 fields
2025-09-04 11:30:47,807 - INFO - Enhanced technical analysis completed for SAIL: 52 fields
2025-09-04 11:30:47,867 - INFO - Completed analysis for SAIL: Score=62.2, Recommendation=BUY (VALUE)
2025-09-04 11:30:48,983 - INFO - Comprehensive data extracted for SBIN
2025-09-04 11:30:48,985 - INFO - Fundamental analysis completed for SBIN: 58 fields
2025-09-04 11:30:49,174 - INFO - Enhanced technical analysis completed for SBIN: 52 fields
2025-09-04 11:30:49,232 - INFO - Completed analysis for SBIN: Score=86.3, Recommendation=STRONG BUY (UNDERVALUED)
2025-09-04 11:30:54,725 - INFO - Comprehensive data extracted for SUNPHARMA
2025-09-04 11:30:54,725 - INFO - Fundamental analysis completed for SUNPHARMA: 58 fields
2025-09-04 11:30:54,892 - INFO - Comprehensive data extracted for SWSOLAR
2025-09-04 11:30:54,917 - INFO - Fundamental analysis completed for SWSOLAR: 58 fields
2025-09-04 11:30:54,917 - INFO - Enhanced technical analysis completed for SUNPHARMA: 52 fields
2025-09-04 11:30:54,954 - INFO - Comprehensive data extracted for SUMICHEM
2025-09-04 11:30:54,955 - INFO - Fundamental analysis completed for SUMICHEM: 58 fields
2025-09-04 11:30:54,983 - INFO - Completed analysis for SUNPHARMA: Score=32.4, Recommendation=SELL
2025-09-04 11:30:55,079 - INFO - Enhanced technical analysis completed for SWSOLAR: 52 fields
2025-09-04 11:30:55,136 - INFO - Enhanced technical analysis completed for SUMICHEM: 52 fields
2025-09-04 11:30:55,160 - INFO - Completed analysis for SWSOLAR: Score=33.9, Recommendation=SELL
2025-09-04 11:30:55,187 - INFO - Completed analysis for SUMICHEM: Score=45.0, Recommendation=WEAK SELL
2025-09-04 11:30:55,636 - INFO - Comprehensive data extracted for SUNDARMFIN
2025-09-04 11:30:55,636 - INFO - Fundamental analysis completed for SUNDARMFIN: 58 fields
2025-09-04 11:30:55,748 - INFO - Comprehensive data extracted for SUNTV
2025-09-04 11:30:55,748 - INFO - Fundamental analysis completed for SUNTV: 58 fields
2025-09-04 11:30:55,825 - INFO - Enhanced technical analysis completed for SUNDARMFIN: 52 fields
2025-09-04 11:30:55,891 - INFO - Completed analysis for SUNDARMFIN: Score=42.0, Recommendation=WEAK SELL
2025-09-04 11:30:55,938 - INFO - Enhanced technical analysis completed for SUNTV: 52 fields
2025-09-04 11:30:55,983 - INFO - Completed analysis for SUNTV: Score=49.0, Recommendation=WEAK SELL
2025-09-04 11:31:01,478 - INFO - Comprehensive data extracted for SUZLON
2025-09-04 11:31:01,478 - INFO - Fundamental analysis completed for SUZLON: 58 fields
2025-09-04 11:31:01,621 - INFO - Enhanced technical analysis completed for SUZLON: 52 fields
2025-09-04 11:31:01,651 - INFO - Comprehensive data extracted for SUNDRMFAST
2025-09-04 11:31:01,651 - INFO - Fundamental analysis completed for SUNDRMFAST: 58 fields
2025-09-04 11:31:01,700 - INFO - Completed analysis for SUZLON: Score=36.7, Recommendation=SELL
2025-09-04 11:31:01,722 - INFO - Comprehensive data extracted for SUPREMEIND
2025-09-04 11:31:01,722 - INFO - Fundamental analysis completed for SUPREMEIND: 58 fields
2025-09-04 11:31:01,839 - INFO - Enhanced technical analysis completed for SUNDRMFAST: 52 fields
2025-09-04 11:31:01,929 - INFO - Completed analysis for SUNDRMFAST: Score=34.2, Recommendation=SELL
2025-09-04 11:31:01,954 - INFO - Enhanced technical analysis completed for SUPREMEIND: 52 fields
2025-09-04 11:31:02,016 - INFO - Completed analysis for SUPREMEIND: Score=28.6, Recommendation=SELL
2025-09-04 11:31:02,166 - INFO - Comprehensive data extracted for SWANENERGY
2025-09-04 11:31:02,167 - INFO - Fundamental analysis completed for SWANENERGY: 58 fields
2025-09-04 11:31:02,320 - INFO - Enhanced technical analysis completed for SWANENERGY: 52 fields
2025-09-04 11:31:02,384 - INFO - Completed analysis for SWANENERGY: Score=52.9, Recommendation=HOLD
2025-09-04 11:31:02,793 - INFO - Comprehensive data extracted for SWIGGY
2025-09-04 11:31:02,793 - INFO - Fundamental analysis completed for SWIGGY: 58 fields
2025-09-04 11:31:02,950 - INFO - Enhanced technical analysis completed for SWIGGY: 52 fields
2025-09-04 11:31:03,005 - INFO - Completed analysis for SWIGGY: Score=32.7, Recommendation=SELL
2025-09-04 11:31:08,574 - INFO - Comprehensive data extracted for SYRMA
2025-09-04 11:31:08,575 - INFO - Fundamental analysis completed for SYRMA: 58 fields
2025-09-04 11:31:08,716 - INFO - Enhanced technical analysis completed for SYRMA: 52 fields
2025-09-04 11:31:08,796 - INFO - Completed analysis for SYRMA: Score=34.7, Recommendation=SELL
2025-09-04 11:31:08,821 - INFO - Comprehensive data extracted for SYNGENE
2025-09-04 11:31:08,821 - INFO - Fundamental analysis completed for SYNGENE: 58 fields
2025-09-04 11:31:08,839 - INFO - Comprehensive data extracted for TBOTEK
2025-09-04 11:31:08,839 - INFO - Fundamental analysis completed for TBOTEK: 58 fields
2025-09-04 11:31:09,036 - INFO - Enhanced technical analysis completed for SYNGENE: 52 fields
2025-09-04 11:31:09,036 - INFO - Enhanced technical analysis completed for TBOTEK: 52 fields
2025-09-04 11:31:09,100 - INFO - Completed analysis for TBOTEK: Score=36.5, Recommendation=SELL
2025-09-04 11:31:09,131 - INFO - Completed analysis for SYNGENE: Score=43.7, Recommendation=WEAK SELL
2025-09-04 11:31:09,564 - INFO - Comprehensive data extracted for TVSMOTOR
2025-09-04 11:31:09,565 - INFO - Fundamental analysis completed for TVSMOTOR: 58 fields
2025-09-04 11:31:09,759 - INFO - Enhanced technical analysis completed for TVSMOTOR: 52 fields
2025-09-04 11:31:09,816 - INFO - Completed analysis for TVSMOTOR: Score=40.1, Recommendation=WEAK SELL
2025-09-04 11:31:09,962 - INFO - Comprehensive data extracted for TANLA
2025-09-04 11:31:09,964 - INFO - Fundamental analysis completed for TANLA: 58 fields
2025-09-04 11:31:10,198 - INFO - Enhanced technical analysis completed for TANLA: 52 fields
2025-09-04 11:31:10,259 - INFO - Completed analysis for TANLA: Score=42.9, Recommendation=WEAK SELL
2025-09-04 11:31:15,652 - INFO - Comprehensive data extracted for TATACHEM
2025-09-04 11:31:15,652 - INFO - Fundamental analysis completed for TATACHEM: 58 fields
2025-09-04 11:31:15,825 - INFO - Enhanced technical analysis completed for TATACHEM: 52 fields
2025-09-04 11:31:15,865 - INFO - Completed analysis for TATACHEM: Score=37.3, Recommendation=SELL
2025-09-04 11:31:15,888 - INFO - Comprehensive data extracted for TATACOMM
2025-09-04 11:31:15,888 - INFO - Fundamental analysis completed for TATACOMM: 58 fields
2025-09-04 11:31:16,014 - INFO - Comprehensive data extracted for TCS
2025-09-04 11:31:16,034 - INFO - Fundamental analysis completed for TCS: 58 fields
2025-09-04 11:31:16,071 - INFO - Enhanced technical analysis completed for TATACOMM: 52 fields
2025-09-04 11:31:16,099 - INFO - Completed analysis for TATACOMM: Score=35.2, Recommendation=SELL
2025-09-04 11:31:16,266 - INFO - Enhanced technical analysis completed for TCS: 52 fields
2025-09-04 11:31:16,310 - INFO - Completed analysis for TCS: Score=60.4, Recommendation=BUY
2025-09-04 11:31:16,467 - INFO - Comprehensive data extracted for TATACONSUM
2025-09-04 11:31:16,468 - INFO - Fundamental analysis completed for TATACONSUM: 58 fields
2025-09-04 11:31:16,615 - INFO - Enhanced technical analysis completed for TATACONSUM: 52 fields
2025-09-04 11:31:16,649 - INFO - Completed analysis for TATACONSUM: Score=38.2, Recommendation=SELL
2025-09-04 11:31:16,827 - INFO - Comprehensive data extracted for TATAELXSI
2025-09-04 11:31:16,827 - INFO - Fundamental analysis completed for TATAELXSI: 58 fields
2025-09-04 11:31:17,098 - INFO - Enhanced technical analysis completed for TATAELXSI: 52 fields
2025-09-04 11:31:17,133 - INFO - Completed analysis for TATAELXSI: Score=25.3, Recommendation=SELL
2025-09-04 11:31:22,577 - INFO - Comprehensive data extracted for TATAPOWER
2025-09-04 11:31:22,577 - INFO - Fundamental analysis completed for TATAPOWER: 58 fields
2025-09-04 11:31:22,617 - INFO - Comprehensive data extracted for TATAINVEST
2025-09-04 11:31:22,617 - INFO - Fundamental analysis completed for TATAINVEST: 58 fields
2025-09-04 11:31:22,717 - INFO - Enhanced technical analysis completed for TATAPOWER: 52 fields
2025-09-04 11:31:22,749 - INFO - Completed analysis for TATAPOWER: Score=36.7, Recommendation=SELL
2025-09-04 11:31:22,867 - INFO - Enhanced technical analysis completed for TATAINVEST: 52 fields
2025-09-04 11:31:22,916 - INFO - Completed analysis for TATAINVEST: Score=54.5, Recommendation=HOLD
2025-09-04 11:31:23,397 - INFO - Comprehensive data extracted for TATAMOTORS
2025-09-04 11:31:23,397 - INFO - Fundamental analysis completed for TATAMOTORS: 58 fields
2025-09-04 11:31:23,492 - INFO - Comprehensive data extracted for TATATECH
2025-09-04 11:31:23,492 - INFO - Fundamental analysis completed for TATATECH: 58 fields
2025-09-04 11:31:23,550 - INFO - Enhanced technical analysis completed for TATAMOTORS: 52 fields
2025-09-04 11:31:23,566 - INFO - Comprehensive data extracted for TATASTEEL
2025-09-04 11:31:23,566 - INFO - Fundamental analysis completed for TATASTEEL: 58 fields
2025-09-04 11:31:23,612 - INFO - Completed analysis for TATAMOTORS: Score=50.0, Recommendation=WEAK SELL
2025-09-04 11:31:23,700 - INFO - Enhanced technical analysis completed for TATATECH: 52 fields
2025-09-04 11:31:23,733 - INFO - Completed analysis for TATATECH: Score=30.1, Recommendation=SELL
2025-09-04 11:31:23,820 - INFO - Enhanced technical analysis completed for TATASTEEL: 52 fields
2025-09-04 11:31:23,850 - INFO - Completed analysis for TATASTEEL: Score=39.9, Recommendation=SELL
2025-09-04 11:31:29,372 - INFO - Comprehensive data extracted for TTML
2025-09-04 11:31:29,372 - INFO - Fundamental analysis completed for TTML: 58 fields
2025-09-04 11:31:29,486 - INFO - Enhanced technical analysis completed for TTML: 52 fields
2025-09-04 11:31:29,537 - INFO - Completed analysis for TTML: Score=61.1, Recommendation=BUY (VALUE)
2025-09-04 11:31:29,648 - INFO - Comprehensive data extracted for TECHM
2025-09-04 11:31:29,648 - INFO - Fundamental analysis completed for TECHM: 58 fields
2025-09-04 11:31:29,764 - INFO - Comprehensive data extracted for TECHNOE
2025-09-04 11:31:29,764 - INFO - Fundamental analysis completed for TECHNOE: 58 fields
2025-09-04 11:31:29,814 - INFO - Enhanced technical analysis completed for TECHM: 52 fields
2025-09-04 11:31:29,850 - INFO - Completed analysis for TECHM: Score=39.3, Recommendation=SELL
2025-09-04 11:31:29,905 - INFO - Enhanced technical analysis completed for TECHNOE: 52 fields
2025-09-04 11:31:29,933 - INFO - Completed analysis for TECHNOE: Score=48.6, Recommendation=WEAK SELL
2025-09-04 11:31:30,245 - INFO - Comprehensive data extracted for TEJASNET
2025-09-04 11:31:30,247 - INFO - Fundamental analysis completed for TEJASNET: 58 fields
2025-09-04 11:31:30,400 - INFO - Comprehensive data extracted for NIACL
2025-09-04 11:31:30,400 - INFO - Fundamental analysis completed for NIACL: 58 fields
2025-09-04 11:31:30,455 - INFO - Enhanced technical analysis completed for TEJASNET: 52 fields
2025-09-04 11:31:30,499 - INFO - Completed analysis for TEJASNET: Score=30.4, Recommendation=SELL
2025-09-04 11:31:30,619 - INFO - Enhanced technical analysis completed for NIACL: 52 fields
2025-09-04 11:31:30,665 - INFO - Completed analysis for NIACL: Score=70.3, Recommendation=STRONG BUY (UNDERVALUED)
2025-09-04 11:31:36,277 - INFO - Comprehensive data extracted for RAMCOCEM
2025-09-04 11:31:36,277 - INFO - Fundamental analysis completed for RAMCOCEM: 58 fields
2025-09-04 11:31:36,415 - INFO - Comprehensive data extracted for THERMAX
2025-09-04 11:31:36,415 - INFO - Fundamental analysis completed for THERMAX: 58 fields
2025-09-04 11:31:36,453 - INFO - Comprehensive data extracted for TIMKEN
2025-09-04 11:31:36,453 - INFO - Fundamental analysis completed for TIMKEN: 58 fields
2025-09-04 11:31:36,537 - INFO - Enhanced technical analysis completed for RAMCOCEM: 52 fields
2025-09-04 11:31:36,567 - INFO - Completed analysis for RAMCOCEM: Score=35.1, Recommendation=SELL
2025-09-04 11:31:36,681 - INFO - Enhanced technical analysis completed for THERMAX: 52 fields
2025-09-04 11:31:36,720 - INFO - Enhanced technical analysis completed for TIMKEN: 52 fields
2025-09-04 11:31:36,791 - INFO - Completed analysis for THERMAX: Score=32.4, Recommendation=SELL
2025-09-04 11:31:36,797 - INFO - Completed analysis for TIMKEN: Score=43.4, Recommendation=WEAK SELL
2025-09-04 11:31:37,374 - INFO - Comprehensive data extracted for TITAN
2025-09-04 11:31:37,378 - INFO - Fundamental analysis completed for TITAN: 58 fields
2025-09-04 11:31:37,392 - INFO - Comprehensive data extracted for TITAGARH
2025-09-04 11:31:37,395 - INFO - Fundamental analysis completed for TITAGARH: 58 fields
2025-09-04 11:31:37,593 - INFO - Enhanced technical analysis completed for TITAN: 52 fields
2025-09-04 11:31:37,605 - INFO - Enhanced technical analysis completed for TITAGARH: 52 fields
2025-09-04 11:31:37,633 - INFO - Completed analysis for TITAGARH: Score=28.9, Recommendation=SELL
2025-09-04 11:31:37,666 - INFO - Completed analysis for TITAN: Score=40.9, Recommendation=WEAK SELL
2025-09-04 11:31:43,206 - INFO - Comprehensive data extracted for TORNTPHARM
2025-09-04 11:31:43,208 - INFO - Fundamental analysis completed for TORNTPHARM: 58 fields
2025-09-04 11:31:43,286 - INFO - Comprehensive data extracted for TARIL
2025-09-04 11:31:43,287 - INFO - Fundamental analysis completed for TARIL: 58 fields
2025-09-04 11:31:43,312 - INFO - Comprehensive data extracted for TORNTPOWER
2025-09-04 11:31:43,313 - INFO - Fundamental analysis completed for TORNTPOWER: 58 fields
2025-09-04 11:31:43,388 - INFO - Enhanced technical analysis completed for TARIL: 52 fields
2025-09-04 11:31:43,473 - INFO - Completed analysis for TARIL: Score=43.6, Recommendation=WEAK SELL
2025-09-04 11:31:43,487 - INFO - Enhanced technical analysis completed for TORNTPHARM: 52 fields
2025-09-04 11:31:43,538 - INFO - Enhanced technical analysis completed for TORNTPOWER: 52 fields
2025-09-04 11:31:43,573 - INFO - Completed analysis for TORNTPHARM: Score=39.8, Recommendation=SELL
2025-09-04 11:31:43,609 - INFO - Completed analysis for TORNTPOWER: Score=37.9, Recommendation=SELL
2025-09-04 11:31:44,057 - INFO - Comprehensive data extracted for TRIDENT
2025-09-04 11:31:44,057 - INFO - Fundamental analysis completed for TRIDENT: 58 fields
2025-09-04 11:31:44,199 - INFO - Enhanced technical analysis completed for TRIDENT: 52 fields
2025-09-04 11:31:44,254 - INFO - Completed analysis for TRIDENT: Score=36.0, Recommendation=SELL
2025-09-04 11:31:44,481 - INFO - Comprehensive data extracted for TRENT
2025-09-04 11:31:44,481 - INFO - Fundamental analysis completed for TRENT: 58 fields
2025-09-04 11:31:44,636 - INFO - Enhanced technical analysis completed for TRENT: 52 fields
2025-09-04 11:31:44,682 - INFO - Completed analysis for TRENT: Score=39.8, Recommendation=SELL
2025-09-04 11:31:50,211 - INFO - Comprehensive data extracted for TIINDIA
2025-09-04 11:31:50,211 - INFO - Fundamental analysis completed for TIINDIA: 58 fields
2025-09-04 11:31:50,256 - INFO - Comprehensive data extracted for TRITURBINE
2025-09-04 11:31:50,256 - INFO - Fundamental analysis completed for TRITURBINE: 58 fields
2025-09-04 11:31:50,354 - INFO - Enhanced technical analysis completed for TIINDIA: 52 fields
2025-09-04 11:31:50,400 - INFO - Completed analysis for TIINDIA: Score=29.9, Recommendation=SELL
2025-09-04 11:31:50,454 - INFO - Enhanced technical analysis completed for TRITURBINE: 52 fields
2025-09-04 11:31:50,500 - INFO - Completed analysis for TRITURBINE: Score=26.0, Recommendation=SELL
2025-09-04 11:31:50,801 - INFO - Comprehensive data extracted for TRIVENI
2025-09-04 11:31:50,801 - INFO - Fundamental analysis completed for TRIVENI: 58 fields
2025-09-04 11:31:51,034 - INFO - Enhanced technical analysis completed for TRIVENI: 52 fields
2025-09-04 11:31:51,072 - INFO - Completed analysis for TRIVENI: Score=36.4, Recommendation=SELL
2025-09-04 11:31:51,245 - INFO - Comprehensive data extracted for UNOMINDA
2025-09-04 11:31:51,245 - INFO - Fundamental analysis completed for UNOMINDA: 58 fields
2025-09-04 11:31:51,398 - INFO - Enhanced technical analysis completed for UNOMINDA: 52 fields
2025-09-04 11:31:51,398 - INFO - Comprehensive data extracted for UCOBANK
2025-09-04 11:31:51,398 - INFO - Fundamental analysis completed for UCOBANK: 58 fields
2025-09-04 11:31:51,435 - INFO - Completed analysis for UNOMINDA: Score=35.5, Recommendation=SELL
2025-09-04 11:31:51,552 - INFO - Enhanced technical analysis completed for UCOBANK: 52 fields
2025-09-04 11:31:51,599 - INFO - Completed analysis for UCOBANK: Score=77.6, Recommendation=STRONG BUY (UNDERVALUED)
2025-09-04 11:31:57,408 - INFO - Comprehensive data extracted for UPL
2025-09-04 11:31:57,430 - INFO - Fundamental analysis completed for UPL: 58 fields
2025-09-04 11:31:57,432 - INFO - Comprehensive data extracted for ULTRACEMCO
2025-09-04 11:31:57,432 - INFO - Fundamental analysis completed for ULTRACEMCO: 58 fields
2025-09-04 11:31:57,552 - INFO - Enhanced technical analysis completed for UPL: 52 fields
2025-09-04 11:31:57,570 - INFO - Comprehensive data extracted for UTIAMC
2025-09-04 11:31:57,570 - INFO - Fundamental analysis completed for UTIAMC: 58 fields
2025-09-04 11:31:57,603 - INFO - Completed analysis for UPL: Score=30.5, Recommendation=SELL
2025-09-04 11:31:57,683 - INFO - Enhanced technical analysis completed for ULTRACEMCO: 52 fields
2025-09-04 11:31:57,735 - INFO - Enhanced technical analysis completed for UTIAMC: 52 fields
2025-09-04 11:31:57,777 - INFO - Completed analysis for ULTRACEMCO: Score=43.0, Recommendation=WEAK SELL
2025-09-04 11:31:57,820 - INFO - Completed analysis for UTIAMC: Score=47.1, Recommendation=WEAK SELL
2025-09-04 11:31:57,947 - INFO - Comprehensive data extracted for UNIONBANK
2025-09-04 11:31:57,947 - INFO - Fundamental analysis completed for UNIONBANK: 58 fields
2025-09-04 11:31:58,183 - INFO - Enhanced technical analysis completed for UNIONBANK: 52 fields
2025-09-04 11:31:58,215 - INFO - Completed analysis for UNIONBANK: Score=86.5, Recommendation=STRONG BUY (UNDERVALUED)
2025-09-04 11:31:58,249 - INFO - Comprehensive data extracted for UBL
2025-09-04 11:31:58,249 - INFO - Fundamental analysis completed for UBL: 58 fields
2025-09-04 11:31:58,399 - INFO - Enhanced technical analysis completed for UBL: 52 fields
2025-09-04 11:31:58,451 - INFO - Completed analysis for UBL: Score=31.0, Recommendation=SELL
2025-09-04 11:32:04,045 - INFO - Comprehensive data extracted for UNITDSPR
2025-09-04 11:32:04,045 - INFO - Fundamental analysis completed for UNITDSPR: 58 fields
2025-09-04 11:32:04,169 - INFO - Enhanced technical analysis completed for UNITDSPR: 52 fields
2025-09-04 11:32:04,197 - INFO - Comprehensive data extracted for USHAMART
2025-09-04 11:32:04,199 - INFO - Fundamental analysis completed for USHAMART: 58 fields
2025-09-04 11:32:04,221 - INFO - Completed analysis for UNITDSPR: Score=33.2, Recommendation=SELL
2025-09-04 11:32:04,266 - INFO - Comprehensive data extracted for VGUARD
2025-09-04 11:32:04,266 - INFO - Fundamental analysis completed for VGUARD: 58 fields
2025-09-04 11:32:04,370 - INFO - Enhanced technical analysis completed for USHAMART: 52 fields
2025-09-04 11:32:04,431 - INFO - Enhanced technical analysis completed for VGUARD: 52 fields
2025-09-04 11:32:04,465 - INFO - Completed analysis for USHAMART: Score=34.4, Recommendation=SELL
2025-09-04 11:32:04,492 - INFO - Completed analysis for VGUARD: Score=32.4, Recommendation=SELL
2025-09-04 11:32:04,844 - INFO - Comprehensive data extracted for DBREALTY
2025-09-04 11:32:04,844 - INFO - Fundamental analysis completed for DBREALTY: 58 fields
2025-09-04 11:32:05,018 - INFO - Enhanced technical analysis completed for DBREALTY: 52 fields
2025-09-04 11:32:05,064 - INFO - Completed analysis for DBREALTY: Score=41.8, Recommendation=WEAK SELL
2025-09-04 11:32:05,274 - INFO - Comprehensive data extracted for VTL
2025-09-04 11:32:05,275 - INFO - Fundamental analysis completed for VTL: 58 fields
2025-09-04 11:32:05,551 - INFO - Enhanced technical analysis completed for VTL: 52 fields
2025-09-04 11:32:05,610 - INFO - Completed analysis for VTL: Score=50.4, Recommendation=HOLD
2025-09-04 11:32:11,011 - INFO - Comprehensive data extracted for VBL
2025-09-04 11:32:11,011 - INFO - Fundamental analysis completed for VBL: 58 fields
2025-09-04 11:32:11,202 - INFO - Comprehensive data extracted for MANYAVAR
2025-09-04 11:32:11,202 - INFO - Fundamental analysis completed for MANYAVAR: 58 fields
2025-09-04 11:32:11,253 - INFO - Enhanced technical analysis completed for VBL: 52 fields
2025-09-04 11:32:11,320 - INFO - Completed analysis for VBL: Score=45.1, Recommendation=WEAK SELL
2025-09-04 11:32:11,453 - INFO - Enhanced technical analysis completed for MANYAVAR: 52 fields
2025-09-04 11:32:11,484 - INFO - Comprehensive data extracted for VEDL
2025-09-04 11:32:11,485 - INFO - Fundamental analysis completed for VEDL: 58 fields
2025-09-04 11:32:11,515 - INFO - Completed analysis for MANYAVAR: Score=41.2, Recommendation=WEAK SELL
2025-09-04 11:32:11,734 - INFO - Enhanced technical analysis completed for VEDL: 52 fields
2025-09-04 11:32:11,805 - INFO - Completed analysis for VEDL: Score=52.9, Recommendation=HOLD
2025-09-04 11:32:11,998 - INFO - Comprehensive data extracted for VIJAYA
2025-09-04 11:32:11,998 - INFO - Fundamental analysis completed for VIJAYA: 58 fields
2025-09-04 11:32:12,049 - INFO - Comprehensive data extracted for VMM
2025-09-04 11:32:12,050 - INFO - Fundamental analysis completed for VMM: 58 fields
2025-09-04 11:32:12,116 - INFO - Enhanced technical analysis completed for VIJAYA: 52 fields
2025-09-04 11:32:12,149 - INFO - Completed analysis for VIJAYA: Score=48.9, Recommendation=WEAK SELL
2025-09-04 11:32:12,249 - INFO - Enhanced technical analysis completed for VMM: 52 fields
2025-09-04 11:32:12,282 - INFO - Completed analysis for VMM: Score=36.8, Recommendation=SELL
2025-09-04 11:32:17,850 - INFO - Comprehensive data extracted for VOLTAS
2025-09-04 11:32:17,851 - INFO - Fundamental analysis completed for VOLTAS: 58 fields
2025-09-04 11:32:17,985 - INFO - Enhanced technical analysis completed for VOLTAS: 52 fields
2025-09-04 11:32:18,034 - INFO - Completed analysis for VOLTAS: Score=27.6, Recommendation=SELL
2025-09-04 11:32:18,051 - INFO - Comprehensive data extracted for WAAREEENER
2025-09-04 11:32:18,053 - INFO - Fundamental analysis completed for WAAREEENER: 58 fields
2025-09-04 11:32:18,073 - INFO - Comprehensive data extracted for IDEA
2025-09-04 11:32:18,075 - INFO - Fundamental analysis completed for IDEA: 58 fields
2025-09-04 11:32:18,186 - INFO - Enhanced technical analysis completed for IDEA: 52 fields
2025-09-04 11:32:18,231 - INFO - Completed analysis for IDEA: Score=60.3, Recommendation=BUY (VALUE)
2025-09-04 11:32:18,308 - INFO - Enhanced technical analysis completed for WAAREEENER: 52 fields
2025-09-04 11:32:18,335 - INFO - Completed analysis for WAAREEENER: Score=35.1, Recommendation=SELL
2025-09-04 11:32:18,641 - INFO - Comprehensive data extracted for WELCORP
2025-09-04 11:32:18,641 - INFO - Fundamental analysis completed for WELCORP: 58 fields
2025-09-04 11:32:18,858 - INFO - Comprehensive data extracted for WELSPUNLIV
2025-09-04 11:32:18,859 - INFO - Fundamental analysis completed for WELSPUNLIV: 58 fields
2025-09-04 11:32:18,903 - INFO - Enhanced technical analysis completed for WELCORP: 52 fields
2025-09-04 11:32:18,943 - INFO - Completed analysis for WELCORP: Score=57.5, Recommendation=HOLD
2025-09-04 11:32:19,016 - INFO - Enhanced technical analysis completed for WELSPUNLIV: 52 fields
2025-09-04 11:32:19,049 - INFO - Completed analysis for WELSPUNLIV: Score=36.9, Recommendation=SELL
2025-09-04 11:32:24,429 - INFO - Comprehensive data extracted for WHIRLPOOL
2025-09-04 11:32:24,429 - INFO - Fundamental analysis completed for WHIRLPOOL: 58 fields
2025-09-04 11:32:24,521 - INFO - Comprehensive data extracted for WIPRO
2025-09-04 11:32:24,522 - INFO - Fundamental analysis completed for WIPRO: 58 fields
2025-09-04 11:32:24,576 - INFO - Enhanced technical analysis completed for WHIRLPOOL: 52 fields
2025-09-04 11:32:24,615 - INFO - Completed analysis for WHIRLPOOL: Score=30.1, Recommendation=SELL
2025-09-04 11:32:24,725 - INFO - Enhanced technical analysis completed for WIPRO: 52 fields
2025-09-04 11:32:24,770 - INFO - Completed analysis for WIPRO: Score=69.2, Recommendation=BUY
2025-09-04 11:32:24,786 - INFO - Comprehensive data extracted for WESTLIFE
2025-09-04 11:32:24,786 - INFO - Fundamental analysis completed for WESTLIFE: 58 fields
2025-09-04 11:32:24,903 - INFO - Enhanced technical analysis completed for WESTLIFE: 52 fields
2025-09-04 11:32:24,948 - INFO - Completed analysis for WESTLIFE: Score=29.3, Recommendation=SELL
2025-09-04 11:32:25,271 - INFO - Comprehensive data extracted for YESBANK
2025-09-04 11:32:25,271 - INFO - Fundamental analysis completed for YESBANK: 58 fields
2025-09-04 11:32:25,390 - INFO - Enhanced technical analysis completed for YESBANK: 52 fields
2025-09-04 11:32:25,415 - INFO - Completed analysis for YESBANK: Score=76.6, Recommendation=STRONG BUY
2025-09-04 11:32:25,601 - INFO - Comprehensive data extracted for WOCKPHARMA
2025-09-04 11:32:25,603 - INFO - Fundamental analysis completed for WOCKPHARMA: 58 fields
2025-09-04 11:32:25,730 - INFO - Enhanced technical analysis completed for WOCKPHARMA: 52 fields
2025-09-04 11:32:25,768 - INFO - Completed analysis for WOCKPHARMA: Score=24.1, Recommendation=SELL
2025-09-04 11:32:31,582 - INFO - Comprehensive data extracted for ZENTEC
2025-09-04 11:32:31,582 - INFO - Fundamental analysis completed for ZENTEC: 58 fields
2025-09-04 11:32:31,654 - INFO - Comprehensive data extracted for ZFCVINDIA
2025-09-04 11:32:31,655 - INFO - Fundamental analysis completed for ZFCVINDIA: 58 fields
2025-09-04 11:32:31,675 - INFO - Comprehensive data extracted for ZEEL
2025-09-04 11:32:31,676 - INFO - Fundamental analysis completed for ZEEL: 58 fields
2025-09-04 11:32:31,720 - INFO - Enhanced technical analysis completed for ZENTEC: 52 fields
2025-09-04 11:32:31,809 - INFO - Completed analysis for ZENTEC: Score=27.0, Recommendation=SELL
2025-09-04 11:32:31,829 - INFO - Enhanced technical analysis completed for ZFCVINDIA: 52 fields
2025-09-04 11:32:31,866 - INFO - Completed analysis for ZFCVINDIA: Score=32.3, Recommendation=SELL
2025-09-04 11:32:31,935 - INFO - Enhanced technical analysis completed for ZEEL: 52 fields
2025-09-04 11:32:31,977 - INFO - Completed analysis for ZEEL: Score=52.0, Recommendation=HOLD
2025-09-04 11:32:32,268 - INFO - Comprehensive data extracted for ZENSARTECH
2025-09-04 11:32:32,269 - INFO - Fundamental analysis completed for ZENSARTECH: 58 fields
2025-09-04 11:32:32,286 - INFO - Comprehensive data extracted for ZYDUSLIFE
2025-09-04 11:32:32,286 - INFO - Fundamental analysis completed for ZYDUSLIFE: 58 fields
2025-09-04 11:32:32,436 - INFO - Enhanced technical analysis completed for ZYDUSLIFE: 52 fields
2025-09-04 11:32:32,482 - INFO - Completed analysis for ZYDUSLIFE: Score=51.4, Recommendation=HOLD
2025-09-04 11:32:32,549 - INFO - Enhanced technical analysis completed for ZENSARTECH: 52 fields
2025-09-04 11:32:32,598 - INFO - Completed analysis for ZENSARTECH: Score=38.6, Recommendation=SELL
2025-09-04 11:32:38,219 - INFO - Comprehensive data extracted for ECLERX
2025-09-04 11:32:38,219 - INFO - Fundamental analysis completed for ECLERX: 58 fields
2025-09-04 11:32:38,349 - INFO - Enhanced technical analysis completed for ECLERX: 52 fields
2025-09-04 11:32:38,382 - INFO - Completed analysis for ECLERX: Score=42.5, Recommendation=WEAK SELL
2025-09-04 11:32:38,382 - INFO - Batch analysis completed: 501 results, 0 failures
2025-09-04 11:32:38,866 - INFO - Calculated sector rankings for 12 sectors
2025-09-04 11:33:03,831 - ERROR - $DUMMYDBRLT.NS: possibly delisted; no price data found  (period=6mo) (Yahoo error = "No data found, symbol may be delisted")
2025-09-04 11:34:04,059 - INFO - Completed risk-return analysis
2025-09-04 11:34:04,080 - INFO - Generated portfolio allocation for 15 stocks
2025-09-04 11:34:10,458 - INFO - Enhanced Excel report generated: reports/Enhanced_Stock_Report_20250904_113404.xlsx, Size: 682725 bytes
