2025-09-19 13:37:59,466 - INFO - Dynamic NSE Stock Analysis Initialized
2025-09-19 13:37:59,472 - INFO - Risk profile set to: moderate
2025-09-19 13:37:59,472 - INFO - Using default stock list from stock_list_template.csv
2025-09-19 13:37:59,472 - INFO - Loading stocks from CSV: stock_list_template.csv
2025-09-19 13:37:59,474 - INFO - Loaded 501 stocks with company names
2025-09-19 13:37:59,483 - INFO - Sample stocks: 360ONE, 3MINDIA, ABB, ACC, ACMESOLAR
2025-09-19 13:37:59,488 - INFO - Starting batch analysis of 501 stocks
2025-09-19 13:38:00,615 - INFO - Comprehensive data extracted for 360ONE
2025-09-19 13:38:00,639 - INFO - Comprehensive data extracted for ABB
2025-09-19 13:38:00,641 - INFO - Fundamental analysis completed for 360ONE: 58 fields
2025-09-19 13:38:00,641 - INFO - Fundamental analysis completed for ABB: 58 fields
2025-09-19 13:38:00,762 - INFO - Comprehensive data extracted for 3MINDIA
2025-09-19 13:38:00,764 - INFO - Fundamental analysis completed for 3MINDIA: 58 fields
2025-09-19 13:38:00,873 - INFO - Enhanced technical analysis completed for 360ONE: 52 fields
2025-09-19 13:38:00,911 - INFO - Enhanced technical analysis completed for ABB: 52 fields
2025-09-19 13:38:00,992 - INFO - Enhanced technical analysis completed for 3MINDIA: 52 fields
2025-09-19 13:38:00,992 - INFO - Completed analysis for 360ONE: Score=36.0, Recommendation=SELL
2025-09-19 13:38:01,026 - INFO - Completed analysis for ABB: Score=53.0, Recommendation=HOLD
2025-09-19 13:38:01,074 - INFO - Completed analysis for 3MINDIA: Score=33.2, Recommendation=SELL
2025-09-19 13:38:01,635 - INFO - Comprehensive data extracted for ACMESOLAR
2025-09-19 13:38:01,654 - INFO - Comprehensive data extracted for AIAENG
2025-09-19 13:38:01,654 - INFO - Fundamental analysis completed for ACMESOLAR: 58 fields
2025-09-19 13:38:01,654 - INFO - Fundamental analysis completed for AIAENG: 58 fields
2025-09-19 13:38:01,698 - INFO - Comprehensive data extracted for ACC
2025-09-19 13:38:01,698 - INFO - Fundamental analysis completed for ACC: 58 fields
2025-09-19 13:38:01,815 - INFO - Enhanced technical analysis completed for ACMESOLAR: 52 fields
2025-09-19 13:38:01,912 - INFO - Enhanced technical analysis completed for ACC: 52 fields
2025-09-19 13:38:01,925 - INFO - Completed analysis for ACMESOLAR: Score=40.5, Recommendation=WEAK SELL
2025-09-19 13:38:02,023 - INFO - Completed analysis for ACC: Score=62.1, Recommendation=BUY (VALUE)
2025-09-19 13:38:02,043 - INFO - Enhanced technical analysis completed for AIAENG: 52 fields
2025-09-19 13:38:02,093 - INFO - Completed analysis for AIAENG: Score=40.9, Recommendation=WEAK SELL
2025-09-19 13:38:02,621 - INFO - Comprehensive data extracted for APLAPOLLO
2025-09-19 13:38:02,624 - INFO - Fundamental analysis completed for APLAPOLLO: 58 fields
2025-09-19 13:38:02,748 - INFO - Comprehensive data extracted for AUBANK
2025-09-19 13:38:02,757 - INFO - Comprehensive data extracted for AWL
2025-09-19 13:38:02,757 - INFO - Fundamental analysis completed for AUBANK: 58 fields
2025-09-19 13:38:02,766 - INFO - Fundamental analysis completed for AWL: 58 fields
2025-09-19 13:38:03,019 - INFO - Enhanced technical analysis completed for AUBANK: 52 fields
2025-09-19 13:38:03,026 - INFO - Enhanced technical analysis completed for APLAPOLLO: 52 fields
2025-09-19 13:38:03,043 - INFO - Enhanced technical analysis completed for AWL: 52 fields
2025-09-19 13:38:03,127 - INFO - Completed analysis for AUBANK: Score=70.2, Recommendation=STRONG BUY
2025-09-19 13:38:03,172 - INFO - Completed analysis for AWL: Score=33.7, Recommendation=SELL
2025-09-19 13:38:03,173 - INFO - Completed analysis for APLAPOLLO: Score=32.1, Recommendation=SELL
2025-09-19 13:38:03,781 - INFO - Comprehensive data extracted for AADHARHFC
2025-09-19 13:38:03,781 - INFO - Fundamental analysis completed for AADHARHFC: 58 fields
2025-09-19 13:38:04,078 - INFO - Enhanced technical analysis completed for AADHARHFC: 52 fields
2025-09-19 13:38:04,155 - INFO - Completed analysis for AADHARHFC: Score=57.2, Recommendation=HOLD
2025-09-19 13:38:10,880 - INFO - Comprehensive data extracted for AARTIIND
2025-09-19 13:38:10,882 - INFO - Fundamental analysis completed for AARTIIND: 58 fields
2025-09-19 13:38:11,210 - INFO - Enhanced technical analysis completed for AARTIIND: 52 fields
2025-09-19 13:38:11,273 - INFO - Completed analysis for AARTIIND: Score=35.3, Recommendation=SELL
2025-09-19 13:38:12,642 - INFO - Comprehensive data extracted for ACE
2025-09-19 13:38:12,642 - INFO - Fundamental analysis completed for ACE: 58 fields
2025-09-19 13:38:12,855 - INFO - Enhanced technical analysis completed for ACE: 52 fields
2025-09-19 13:38:12,912 - INFO - Completed analysis for ACE: Score=36.7, Recommendation=SELL
2025-09-19 13:38:13,036 - INFO - Comprehensive data extracted for ABBOTINDIA
2025-09-19 13:38:13,036 - INFO - Fundamental analysis completed for ABBOTINDIA: 58 fields
2025-09-19 13:38:13,225 - INFO - Enhanced technical analysis completed for ABBOTINDIA: 52 fields
2025-09-19 13:38:13,291 - INFO - Completed analysis for ABBOTINDIA: Score=38.3, Recommendation=SELL
2025-09-19 13:38:13,380 - INFO - Comprehensive data extracted for AAVAS
2025-09-19 13:38:13,382 - INFO - Fundamental analysis completed for AAVAS: 58 fields
2025-09-19 13:38:13,547 - INFO - Enhanced technical analysis completed for AAVAS: 52 fields
2025-09-19 13:38:13,604 - INFO - Completed analysis for AAVAS: Score=51.7, Recommendation=HOLD
2025-09-19 13:38:13,889 - INFO - Comprehensive data extracted for ADANIENT
2025-09-19 13:38:13,890 - INFO - Fundamental analysis completed for ADANIENT: 58 fields
2025-09-19 13:38:14,067 - INFO - Enhanced technical analysis completed for ADANIENT: 52 fields
2025-09-19 13:38:14,129 - INFO - Completed analysis for ADANIENT: Score=28.3, Recommendation=SELL
2025-09-19 13:38:14,191 - INFO - Comprehensive data extracted for ADANIGREEN
2025-09-19 13:38:14,193 - INFO - Fundamental analysis completed for ADANIGREEN: 58 fields
2025-09-19 13:38:14,257 - INFO - Comprehensive data extracted for ADANIENSOL
2025-09-19 13:38:14,257 - INFO - Fundamental analysis completed for ADANIENSOL: 58 fields
2025-09-19 13:38:14,354 - INFO - Enhanced technical analysis completed for ADANIGREEN: 52 fields
2025-09-19 13:38:14,449 - INFO - Completed analysis for ADANIGREEN: Score=38.7, Recommendation=SELL
2025-09-19 13:38:14,457 - INFO - Enhanced technical analysis completed for ADANIENSOL: 52 fields
2025-09-19 13:38:14,526 - INFO - Completed analysis for ADANIENSOL: Score=33.2, Recommendation=SELL
2025-09-19 13:38:15,156 - INFO - Comprehensive data extracted for ADANIPORTS
2025-09-19 13:38:15,156 - INFO - Fundamental analysis completed for ADANIPORTS: 58 fields
2025-09-19 13:38:15,313 - INFO - Comprehensive data extracted for ADANIPOWER
2025-09-19 13:38:15,326 - INFO - Fundamental analysis completed for ADANIPOWER: 58 fields
2025-09-19 13:38:15,363 - INFO - Enhanced technical analysis completed for ADANIPORTS: 52 fields
2025-09-19 13:38:15,437 - INFO - Completed analysis for ADANIPORTS: Score=44.9, Recommendation=WEAK SELL
2025-09-19 13:38:15,642 - INFO - Enhanced technical analysis completed for ADANIPOWER: 52 fields
2025-09-19 13:38:15,689 - INFO - Completed analysis for ADANIPOWER: Score=32.7, Recommendation=SELL
2025-09-19 13:38:17,798 - INFO - Comprehensive data extracted for ATGL
2025-09-19 13:38:17,800 - INFO - Fundamental analysis completed for ATGL: 58 fields
2025-09-19 13:38:18,004 - INFO - Enhanced technical analysis completed for ATGL: 52 fields
2025-09-19 13:38:18,072 - INFO - Completed analysis for ATGL: Score=35.5, Recommendation=SELL
2025-09-19 13:38:23,714 - INFO - Comprehensive data extracted for ABFRL
2025-09-19 13:38:23,716 - INFO - Fundamental analysis completed for ABFRL: 58 fields
2025-09-19 13:38:23,897 - INFO - Enhanced technical analysis completed for ABFRL: 52 fields
2025-09-19 13:38:23,959 - INFO - Completed analysis for ABFRL: Score=31.6, Recommendation=SELL
2025-09-19 13:38:24,389 - INFO - Comprehensive data extracted for ABREL
2025-09-19 13:38:24,389 - INFO - Fundamental analysis completed for ABREL: 58 fields
2025-09-19 13:38:24,510 - INFO - Comprehensive data extracted for ABSLAMC
2025-09-19 13:38:24,510 - INFO - Fundamental analysis completed for ABSLAMC: 58 fields
2025-09-19 13:38:24,649 - INFO - Enhanced technical analysis completed for ABREL: 52 fields
2025-09-19 13:38:24,712 - INFO - Enhanced technical analysis completed for ABSLAMC: 52 fields
2025-09-19 13:38:24,756 - INFO - Completed analysis for ABREL: Score=37.2, Recommendation=SELL
2025-09-19 13:38:24,844 - INFO - Comprehensive data extracted for ABCAPITAL
2025-09-19 13:38:24,844 - INFO - Completed analysis for ABSLAMC: Score=45.5, Recommendation=WEAK SELL
2025-09-19 13:38:24,844 - INFO - Fundamental analysis completed for ABCAPITAL: 58 fields
2025-09-19 13:38:25,017 - INFO - Enhanced technical analysis completed for ABCAPITAL: 52 fields
2025-09-19 13:38:25,065 - INFO - Completed analysis for ABCAPITAL: Score=41.8, Recommendation=WEAK SELL
2025-09-19 13:38:25,793 - INFO - Comprehensive data extracted for AFFLE
2025-09-19 13:38:25,801 - INFO - Fundamental analysis completed for AFFLE: 58 fields
2025-09-19 13:38:25,971 - INFO - Enhanced technical analysis completed for AFFLE: 52 fields
2025-09-19 13:38:26,022 - INFO - Comprehensive data extracted for AFCONS
2025-09-19 13:38:26,022 - INFO - Fundamental analysis completed for AFCONS: 58 fields
2025-09-19 13:38:26,038 - INFO - Completed analysis for AFFLE: Score=37.6, Recommendation=SELL
2025-09-19 13:38:26,207 - INFO - Enhanced technical analysis completed for AFCONS: 52 fields
2025-09-19 13:38:26,267 - INFO - Completed analysis for AFCONS: Score=34.4, Recommendation=SELL
2025-09-19 13:38:26,305 - INFO - Comprehensive data extracted for AEGISLOG
2025-09-19 13:38:26,305 - INFO - Fundamental analysis completed for AEGISLOG: 58 fields
2025-09-19 13:38:26,488 - INFO - Enhanced technical analysis completed for AEGISLOG: 52 fields
2025-09-19 13:38:26,550 - INFO - Completed analysis for AEGISLOG: Score=30.9, Recommendation=SELL
2025-09-19 13:38:27,542 - INFO - Comprehensive data extracted for AKUMS
2025-09-19 13:38:27,542 - INFO - Fundamental analysis completed for AKUMS: 58 fields
2025-09-19 13:38:27,747 - INFO - Enhanced technical analysis completed for AKUMS: 52 fields
2025-09-19 13:38:27,809 - INFO - Completed analysis for AKUMS: Score=38.9, Recommendation=SELL
2025-09-19 13:38:27,914 - INFO - Comprehensive data extracted for APLLTD
2025-09-19 13:38:27,914 - INFO - Fundamental analysis completed for APLLTD: 58 fields
2025-09-19 13:38:28,108 - INFO - Enhanced technical analysis completed for APLLTD: 52 fields
2025-09-19 13:38:28,166 - INFO - Completed analysis for APLLTD: Score=36.6, Recommendation=SELL
2025-09-19 13:38:28,467 - INFO - Comprehensive data extracted for AJANTPHARM
2025-09-19 13:38:28,467 - INFO - Fundamental analysis completed for AJANTPHARM: 58 fields
2025-09-19 13:38:28,882 - INFO - Enhanced technical analysis completed for AJANTPHARM: 52 fields
2025-09-19 13:38:28,943 - INFO - Completed analysis for AJANTPHARM: Score=37.1, Recommendation=SELL
2025-09-19 13:38:34,421 - INFO - Comprehensive data extracted for ALKEM
2025-09-19 13:38:34,421 - INFO - Fundamental analysis completed for ALKEM: 58 fields
2025-09-19 13:38:34,589 - INFO - Comprehensive data extracted for ALIVUS
2025-09-19 13:38:34,589 - INFO - Fundamental analysis completed for ALIVUS: 58 fields
2025-09-19 13:38:34,672 - INFO - Comprehensive data extracted for ALKYLAMINE
2025-09-19 13:38:34,672 - INFO - Fundamental analysis completed for ALKYLAMINE: 58 fields
2025-09-19 13:38:34,807 - INFO - Enhanced technical analysis completed for ALIVUS: 52 fields
2025-09-19 13:38:34,842 - INFO - Enhanced technical analysis completed for ALKEM: 52 fields
2025-09-19 13:38:34,961 - INFO - Enhanced technical analysis completed for ALKYLAMINE: 52 fields
2025-09-19 13:38:34,974 - INFO - Completed analysis for ALIVUS: Score=43.5, Recommendation=WEAK SELL
2025-09-19 13:38:34,977 - INFO - Completed analysis for ALKEM: Score=45.7, Recommendation=WEAK SELL
2025-09-19 13:38:35,036 - INFO - Completed analysis for ALKYLAMINE: Score=43.4, Recommendation=WEAK SELL
2025-09-19 13:38:35,648 - INFO - Comprehensive data extracted for ARE&M
2025-09-19 13:38:35,648 - INFO - Fundamental analysis completed for ARE&M: 58 fields
2025-09-19 13:38:35,736 - INFO - Comprehensive data extracted for AMBER
2025-09-19 13:38:35,739 - INFO - Fundamental analysis completed for AMBER: 58 fields
2025-09-19 13:38:35,850 - INFO - Enhanced technical analysis completed for ARE&M: 52 fields
2025-09-19 13:38:35,871 - INFO - Comprehensive data extracted for ALOKINDS
2025-09-19 13:38:35,872 - INFO - Fundamental analysis completed for ALOKINDS: 58 fields
2025-09-19 13:38:35,925 - INFO - Enhanced technical analysis completed for AMBER: 52 fields
2025-09-19 13:38:35,973 - INFO - Completed analysis for ARE&M: Score=37.8, Recommendation=SELL
2025-09-19 13:38:36,000 - INFO - Completed analysis for AMBER: Score=36.1, Recommendation=SELL
2025-09-19 13:38:36,125 - INFO - Enhanced technical analysis completed for ALOKINDS: 52 fields
2025-09-19 13:38:36,189 - INFO - Completed analysis for ALOKINDS: Score=60.1, Recommendation=BUY (VALUE)
2025-09-19 13:38:36,573 - INFO - Comprehensive data extracted for AMBUJACEM
2025-09-19 13:38:36,578 - INFO - Fundamental analysis completed for AMBUJACEM: 58 fields
2025-09-19 13:38:36,652 - INFO - Comprehensive data extracted for ANANDRATHI
2025-09-19 13:38:36,652 - INFO - Fundamental analysis completed for ANANDRATHI: 58 fields
2025-09-19 13:38:36,792 - INFO - Enhanced technical analysis completed for AMBUJACEM: 52 fields
2025-09-19 13:38:36,874 - INFO - Enhanced technical analysis completed for ANANDRATHI: 52 fields
2025-09-19 13:38:36,904 - INFO - Completed analysis for AMBUJACEM: Score=50.9, Recommendation=HOLD
2025-09-19 13:38:36,978 - INFO - Completed analysis for ANANDRATHI: Score=43.5, Recommendation=WEAK SELL
2025-09-19 13:38:37,304 - INFO - Comprehensive data extracted for ANGELONE
2025-09-19 13:38:37,305 - INFO - Fundamental analysis completed for ANGELONE: 58 fields
2025-09-19 13:38:37,489 - INFO - Enhanced technical analysis completed for ANGELONE: 52 fields
2025-09-19 13:38:37,561 - INFO - Completed analysis for ANGELONE: Score=36.4, Recommendation=SELL
2025-09-19 13:38:38,064 - INFO - Comprehensive data extracted for ANANTRAJ
2025-09-19 13:38:38,066 - INFO - Fundamental analysis completed for ANANTRAJ: 58 fields
2025-09-19 13:38:38,289 - INFO - Enhanced technical analysis completed for ANANTRAJ: 52 fields
2025-09-19 13:38:38,355 - INFO - Completed analysis for ANANTRAJ: Score=48.8, Recommendation=WEAK SELL
2025-09-19 13:38:44,049 - INFO - Comprehensive data extracted for APOLLOHOSP
2025-09-19 13:38:44,051 - INFO - Fundamental analysis completed for APOLLOHOSP: 58 fields
2025-09-19 13:38:44,081 - INFO - Comprehensive data extracted for APOLLOTYRE
2025-09-19 13:38:44,081 - INFO - Fundamental analysis completed for APOLLOTYRE: 58 fields
2025-09-19 13:38:44,125 - INFO - Comprehensive data extracted for APARINDS
2025-09-19 13:38:44,125 - INFO - Fundamental analysis completed for APARINDS: 58 fields
2025-09-19 13:38:44,256 - INFO - Enhanced technical analysis completed for APOLLOHOSP: 52 fields
2025-09-19 13:38:44,339 - INFO - Enhanced technical analysis completed for APOLLOTYRE: 52 fields
2025-09-19 13:38:44,392 - INFO - Enhanced technical analysis completed for APARINDS: 52 fields
2025-09-19 13:38:44,427 - INFO - Completed analysis for APOLLOHOSP: Score=37.6, Recommendation=SELL
2025-09-19 13:38:44,492 - INFO - Completed analysis for APARINDS: Score=39.2, Recommendation=SELL
2025-09-19 13:38:44,492 - INFO - Completed analysis for APOLLOTYRE: Score=27.7, Recommendation=SELL
2025-09-19 13:38:45,021 - INFO - Comprehensive data extracted for ASAHIINDIA
2025-09-19 13:38:45,023 - INFO - Fundamental analysis completed for ASAHIINDIA: 58 fields
2025-09-19 13:38:45,059 - INFO - Comprehensive data extracted for ASHOKLEY
2025-09-19 13:38:45,061 - INFO - Fundamental analysis completed for ASHOKLEY: 58 fields
2025-09-19 13:38:45,134 - INFO - Comprehensive data extracted for APTUS
2025-09-19 13:38:45,135 - INFO - Fundamental analysis completed for APTUS: 58 fields
2025-09-19 13:38:45,346 - INFO - Enhanced technical analysis completed for APTUS: 52 fields
2025-09-19 13:38:45,436 - INFO - Enhanced technical analysis completed for ASAHIINDIA: 52 fields
2025-09-19 13:38:45,504 - INFO - Completed analysis for APTUS: Score=52.2, Recommendation=HOLD
2025-09-19 13:38:45,508 - INFO - Enhanced technical analysis completed for ASHOKLEY: 52 fields
2025-09-19 13:38:45,573 - INFO - Completed analysis for ASAHIINDIA: Score=29.3, Recommendation=SELL
2025-09-19 13:38:45,615 - INFO - Completed analysis for ASHOKLEY: Score=42.5, Recommendation=WEAK SELL
2025-09-19 13:38:46,079 - INFO - Comprehensive data extracted for ASIANPAINT
2025-09-19 13:38:46,080 - INFO - Fundamental analysis completed for ASIANPAINT: 58 fields
2025-09-19 13:38:46,171 - INFO - Comprehensive data extracted for ASTERDM
2025-09-19 13:38:46,171 - INFO - Fundamental analysis completed for ASTERDM: 58 fields
2025-09-19 13:38:46,272 - INFO - Enhanced technical analysis completed for ASIANPAINT: 52 fields
2025-09-19 13:38:46,338 - INFO - Completed analysis for ASIANPAINT: Score=27.3, Recommendation=SELL
2025-09-19 13:38:46,416 - INFO - Enhanced technical analysis completed for ASTERDM: 52 fields
2025-09-19 13:38:46,447 - INFO - Comprehensive data extracted for ASTRAZEN
2025-09-19 13:38:46,447 - INFO - Fundamental analysis completed for ASTRAZEN: 58 fields
2025-09-19 13:38:46,489 - INFO - Completed analysis for ASTERDM: Score=28.0, Recommendation=SELL
2025-09-19 13:38:46,645 - INFO - Enhanced technical analysis completed for ASTRAZEN: 52 fields
2025-09-19 13:38:46,702 - INFO - Completed analysis for ASTRAZEN: Score=36.6, Recommendation=SELL
2025-09-19 13:38:46,954 - INFO - Comprehensive data extracted for ASTRAL
2025-09-19 13:38:46,954 - INFO - Fundamental analysis completed for ASTRAL: 58 fields
2025-09-19 13:38:47,201 - INFO - Enhanced technical analysis completed for ASTRAL: 52 fields
2025-09-19 13:38:47,264 - INFO - Completed analysis for ASTRAL: Score=27.9, Recommendation=SELL
2025-09-19 13:38:52,965 - INFO - Comprehensive data extracted for ATUL
2025-09-19 13:38:52,967 - INFO - Fundamental analysis completed for ATUL: 58 fields
2025-09-19 13:38:53,212 - INFO - Comprehensive data extracted for AUROPHARMA
2025-09-19 13:38:53,214 - INFO - Fundamental analysis completed for AUROPHARMA: 58 fields
2025-09-19 13:38:53,356 - INFO - Enhanced technical analysis completed for ATUL: 52 fields
2025-09-19 13:38:53,428 - INFO - Enhanced technical analysis completed for AUROPHARMA: 52 fields
2025-09-19 13:38:53,462 - INFO - Completed analysis for ATUL: Score=40.9, Recommendation=WEAK SELL
2025-09-19 13:38:53,499 - INFO - Completed analysis for AUROPHARMA: Score=48.3, Recommendation=WEAK SELL
2025-09-19 13:38:53,997 - INFO - Comprehensive data extracted for DMART
2025-09-19 13:38:54,000 - INFO - Fundamental analysis completed for DMART: 58 fields
2025-09-19 13:38:54,022 - INFO - Comprehensive data extracted for AXISBANK
2025-09-19 13:38:54,022 - INFO - Fundamental analysis completed for AXISBANK: 58 fields
2025-09-19 13:38:54,072 - INFO - Comprehensive data extracted for AIIL
2025-09-19 13:38:54,072 - INFO - Fundamental analysis completed for AIIL: 58 fields
2025-09-19 13:38:54,197 - INFO - Enhanced technical analysis completed for DMART: 52 fields
2025-09-19 13:38:54,309 - INFO - Enhanced technical analysis completed for AXISBANK: 52 fields
2025-09-19 13:38:54,397 - INFO - Enhanced technical analysis completed for AIIL: 52 fields
2025-09-19 13:38:54,407 - INFO - Completed analysis for DMART: Score=26.6, Recommendation=SELL
2025-09-19 13:38:54,487 - INFO - Completed analysis for AXISBANK: Score=73.1, Recommendation=STRONG BUY (UNDERVALUED)
2025-09-19 13:38:54,499 - INFO - Completed analysis for AIIL: Score=38.2, Recommendation=SELL
2025-09-19 13:38:54,918 - INFO - Comprehensive data extracted for BASF
2025-09-19 13:38:54,918 - INFO - Fundamental analysis completed for BASF: 58 fields
2025-09-19 13:38:55,004 - INFO - Comprehensive data extracted for BEML
2025-09-19 13:38:55,004 - INFO - Fundamental analysis completed for BEML: 58 fields
2025-09-19 13:38:55,037 - INFO - Comprehensive data extracted for BLS
2025-09-19 13:38:55,038 - INFO - Fundamental analysis completed for BLS: 58 fields
2025-09-19 13:38:55,149 - INFO - Enhanced technical analysis completed for BASF: 52 fields
2025-09-19 13:38:55,236 - INFO - Completed analysis for BASF: Score=29.7, Recommendation=SELL
2025-09-19 13:38:55,276 - INFO - Enhanced technical analysis completed for BLS: 52 fields
2025-09-19 13:38:55,338 - INFO - Enhanced technical analysis completed for BEML: 52 fields
2025-09-19 13:38:55,371 - INFO - Completed analysis for BLS: Score=47.5, Recommendation=WEAK SELL
2025-09-19 13:38:55,410 - INFO - Completed analysis for BEML: Score=29.8, Recommendation=SELL
2025-09-19 13:38:55,920 - INFO - Comprehensive data extracted for BAJAJ-AUTO
2025-09-19 13:38:55,954 - INFO - Fundamental analysis completed for BAJAJ-AUTO: 58 fields
2025-09-19 13:38:55,958 - INFO - Comprehensive data extracted for BSE
2025-09-19 13:38:55,958 - INFO - Fundamental analysis completed for BSE: 58 fields
2025-09-19 13:38:56,159 - INFO - Enhanced technical analysis completed for BAJAJ-AUTO: 52 fields
2025-09-19 13:38:56,224 - INFO - Completed analysis for BAJAJ-AUTO: Score=39.6, Recommendation=SELL
2025-09-19 13:38:56,332 - INFO - Enhanced technical analysis completed for BSE: 52 fields
2025-09-19 13:38:56,394 - INFO - Completed analysis for BSE: Score=58.1, Recommendation=HOLD
2025-09-19 13:39:02,155 - INFO - Comprehensive data extracted for BAJAJFINSV
2025-09-19 13:39:02,171 - INFO - Fundamental analysis completed for BAJAJFINSV: 58 fields
2025-09-19 13:39:02,247 - INFO - Comprehensive data extracted for BAJFINANCE
2025-09-19 13:39:02,250 - INFO - Comprehensive data extracted for BAJAJHLDNG
2025-09-19 13:39:02,254 - INFO - Fundamental analysis completed for BAJFINANCE: 58 fields
2025-09-19 13:39:02,257 - INFO - Fundamental analysis completed for BAJAJHLDNG: 58 fields
2025-09-19 13:39:02,682 - INFO - Enhanced technical analysis completed for BAJAJFINSV: 52 fields
2025-09-19 13:39:02,693 - INFO - Enhanced technical analysis completed for BAJFINANCE: 52 fields
2025-09-19 13:39:02,779 - INFO - Enhanced technical analysis completed for BAJAJHLDNG: 52 fields
2025-09-19 13:39:03,009 - INFO - Completed analysis for BAJAJHLDNG: Score=72.3, Recommendation=STRONG BUY (UNDERVALUED)
2025-09-19 13:39:03,024 - INFO - Completed analysis for BAJAJFINSV: Score=42.8, Recommendation=WEAK SELL
2025-09-19 13:39:03,043 - INFO - Completed analysis for BAJFINANCE: Score=48.9, Recommendation=WEAK SELL
2025-09-19 13:39:03,545 - INFO - Comprehensive data extracted for BAJAJHFL
2025-09-19 13:39:03,545 - INFO - Fundamental analysis completed for BAJAJHFL: 58 fields
2025-09-19 13:39:03,653 - INFO - Comprehensive data extracted for BALRAMCHIN
2025-09-19 13:39:03,653 - INFO - Fundamental analysis completed for BALRAMCHIN: 58 fields
2025-09-19 13:39:03,827 - INFO - Comprehensive data extracted for BALKRISIND
2025-09-19 13:39:03,827 - INFO - Fundamental analysis completed for BALKRISIND: 58 fields
2025-09-19 13:39:03,827 - INFO - Enhanced technical analysis completed for BAJAJHFL: 52 fields
2025-09-19 13:39:03,969 - INFO - Enhanced technical analysis completed for BALRAMCHIN: 52 fields
2025-09-19 13:39:04,029 - INFO - Completed analysis for BAJAJHFL: Score=36.9, Recommendation=SELL
2025-09-19 13:39:04,175 - INFO - Enhanced technical analysis completed for BALKRISIND: 52 fields
2025-09-19 13:39:04,222 - INFO - Completed analysis for BALRAMCHIN: Score=38.8, Recommendation=SELL
2025-09-19 13:39:04,304 - INFO - Completed analysis for BALKRISIND: Score=32.3, Recommendation=SELL
2025-09-19 13:39:04,630 - INFO - Comprehensive data extracted for BANDHANBNK
2025-09-19 13:39:04,630 - INFO - Fundamental analysis completed for BANDHANBNK: 58 fields
2025-09-19 13:39:04,895 - INFO - Enhanced technical analysis completed for BANDHANBNK: 52 fields
2025-09-19 13:39:04,963 - INFO - Comprehensive data extracted for BANKBARODA
2025-09-19 13:39:05,037 - INFO - Fundamental analysis completed for BANKBARODA: 58 fields
2025-09-19 13:39:05,070 - INFO - Comprehensive data extracted for BANKINDIA
2025-09-19 13:39:05,072 - INFO - Fundamental analysis completed for BANKINDIA: 58 fields
2025-09-19 13:39:05,101 - INFO - Completed analysis for BANDHANBNK: Score=68.2, Recommendation=BUY (VALUE)
2025-09-19 13:39:05,306 - INFO - Enhanced technical analysis completed for BANKBARODA: 52 fields
2025-09-19 13:39:05,353 - INFO - Completed analysis for BANKBARODA: Score=79.1, Recommendation=STRONG BUY (UNDERVALUED)
2025-09-19 13:39:05,378 - INFO - Enhanced technical analysis completed for BANKINDIA: 52 fields
2025-09-19 13:39:05,427 - INFO - Completed analysis for BANKINDIA: Score=78.9, Recommendation=STRONG BUY (UNDERVALUED)
2025-09-19 13:39:05,876 - INFO - Comprehensive data extracted for MAHABANK
2025-09-19 13:39:05,876 - INFO - Fundamental analysis completed for MAHABANK: 58 fields
2025-09-19 13:39:15,903 - ERROR - $MAHABANK.NS: possibly delisted; no price data found  (period=6mo)
2025-09-19 13:39:15,907 - WARNING - Enhanced technical analysis failed for MAHABANK
2025-09-19 13:39:16,016 - INFO - Completed analysis for MAHABANK: Score=83.6, Recommendation=STRONG BUY (UNDERVALUED)
2025-09-19 13:39:22,012 - INFO - Comprehensive data extracted for BAYERCROP
2025-09-19 13:39:22,014 - INFO - Fundamental analysis completed for BAYERCROP: 58 fields
2025-09-19 13:39:22,430 - INFO - Comprehensive data extracted for BATAINDIA
2025-09-19 13:39:22,430 - INFO - Fundamental analysis completed for BATAINDIA: 58 fields
2025-09-19 13:39:22,494 - INFO - Enhanced technical analysis completed for BAYERCROP: 52 fields
2025-09-19 13:39:22,548 - INFO - Completed analysis for BAYERCROP: Score=40.2, Recommendation=WEAK SELL
2025-09-19 13:39:22,628 - INFO - Comprehensive data extracted for BERGEPAINT
2025-09-19 13:39:22,628 - INFO - Fundamental analysis completed for BERGEPAINT: 58 fields
2025-09-19 13:39:22,777 - INFO - Enhanced technical analysis completed for BATAINDIA: 52 fields
2025-09-19 13:39:22,877 - INFO - Completed analysis for BATAINDIA: Score=25.2, Recommendation=SELL
2025-09-19 13:39:23,179 - INFO - Enhanced technical analysis completed for BERGEPAINT: 52 fields
2025-09-19 13:39:23,275 - INFO - Completed analysis for BERGEPAINT: Score=27.3, Recommendation=SELL
2025-09-19 13:39:23,868 - INFO - Comprehensive data extracted for BEL
2025-09-19 13:39:23,871 - INFO - Fundamental analysis completed for BEL: 58 fields
2025-09-19 13:39:24,006 - INFO - Comprehensive data extracted for BHARATFORG
2025-09-19 13:39:24,006 - INFO - Fundamental analysis completed for BHARATFORG: 58 fields
2025-09-19 13:39:24,245 - INFO - Comprehensive data extracted for BDL
2025-09-19 13:39:24,245 - INFO - Fundamental analysis completed for BDL: 58 fields
2025-09-19 13:39:24,245 - INFO - Enhanced technical analysis completed for BEL: 52 fields
2025-09-19 13:39:24,361 - INFO - Enhanced technical analysis completed for BHARATFORG: 52 fields
2025-09-19 13:39:24,433 - INFO - Completed analysis for BEL: Score=47.2, Recommendation=WEAK SELL
2025-09-19 13:39:24,503 - INFO - Completed analysis for BHARATFORG: Score=31.8, Recommendation=SELL
2025-09-19 13:39:24,710 - INFO - Enhanced technical analysis completed for BDL: 52 fields
2025-09-19 13:39:24,804 - INFO - Completed analysis for BDL: Score=60.0, Recommendation=HOLD
2025-09-19 13:39:25,538 - INFO - Comprehensive data extracted for BPCL
2025-09-19 13:39:25,548 - INFO - Fundamental analysis completed for BPCL: 58 fields
2025-09-19 13:39:25,820 - INFO - Comprehensive data extracted for BHEL
2025-09-19 13:39:25,820 - INFO - Fundamental analysis completed for BHEL: 58 fields
2025-09-19 13:39:26,026 - INFO - Enhanced technical analysis completed for BPCL: 52 fields
2025-09-19 13:39:26,197 - INFO - Comprehensive data extracted for BHARTIARTL
2025-09-19 13:39:26,227 - INFO - Fundamental analysis completed for BHARTIARTL: 58 fields
2025-09-19 13:39:26,328 - INFO - Enhanced technical analysis completed for BHEL: 52 fields
2025-09-19 13:39:26,352 - INFO - Completed analysis for BPCL: Score=56.6, Recommendation=HOLD
2025-09-19 13:39:26,434 - INFO - Completed analysis for BHEL: Score=34.3, Recommendation=SELL
2025-09-19 13:39:26,679 - INFO - Enhanced technical analysis completed for BHARTIARTL: 52 fields
2025-09-19 13:39:26,779 - INFO - Completed analysis for BHARTIARTL: Score=60.5, Recommendation=BUY
2025-09-19 13:39:27,322 - INFO - Comprehensive data extracted for BHARTIHEXA
2025-09-19 13:39:27,322 - INFO - Fundamental analysis completed for BHARTIHEXA: 58 fields
2025-09-19 13:39:27,788 - INFO - Enhanced technical analysis completed for BHARTIHEXA: 52 fields
2025-09-19 13:39:27,923 - INFO - Completed analysis for BHARTIHEXA: Score=39.3, Recommendation=SELL
2025-09-19 13:39:34,008 - INFO - Comprehensive data extracted for BSOFT
2025-09-19 13:39:34,015 - INFO - Fundamental analysis completed for BSOFT: 58 fields
2025-09-19 13:39:34,182 - INFO - Comprehensive data extracted for BIKAJI
2025-09-19 13:39:34,190 - INFO - Fundamental analysis completed for BIKAJI: 58 fields
2025-09-19 13:39:34,276 - INFO - Enhanced technical analysis completed for BSOFT: 52 fields
2025-09-19 13:39:34,411 - INFO - Enhanced technical analysis completed for BIKAJI: 52 fields
2025-09-19 13:39:34,489 - INFO - Completed analysis for BSOFT: Score=36.8, Recommendation=SELL
2025-09-19 13:39:34,546 - INFO - Completed analysis for BIKAJI: Score=33.7, Recommendation=SELL
2025-09-19 13:39:34,623 - INFO - Comprehensive data extracted for BIOCON
2025-09-19 13:39:34,625 - INFO - Fundamental analysis completed for BIOCON: 58 fields
2025-09-19 13:39:35,090 - INFO - Enhanced technical analysis completed for BIOCON: 52 fields
2025-09-19 13:39:35,145 - INFO - Comprehensive data extracted for BLUEDART
2025-09-19 13:39:35,145 - INFO - Fundamental analysis completed for BLUEDART: 58 fields
2025-09-19 13:39:35,227 - INFO - Completed analysis for BIOCON: Score=33.8, Recommendation=SELL
2025-09-19 13:39:35,797 - INFO - Comprehensive data extracted for BBTC
2025-09-19 13:39:35,800 - INFO - Fundamental analysis completed for BBTC: 58 fields
2025-09-19 13:39:35,907 - INFO - Enhanced technical analysis completed for BLUEDART: 52 fields
2025-09-19 13:39:36,034 - INFO - Completed analysis for BLUEDART: Score=32.1, Recommendation=SELL
2025-09-19 13:39:36,134 - INFO - Enhanced technical analysis completed for BBTC: 52 fields
2025-09-19 13:39:36,212 - INFO - Completed analysis for BBTC: Score=50.5, Recommendation=HOLD
2025-09-19 13:39:36,377 - INFO - Comprehensive data extracted for BLUESTARCO
2025-09-19 13:39:36,394 - INFO - Fundamental analysis completed for BLUESTARCO: 58 fields
2025-09-19 13:39:36,588 - INFO - Enhanced technical analysis completed for BLUESTARCO: 52 fields
2025-09-19 13:39:36,661 - INFO - Completed analysis for BLUESTARCO: Score=34.2, Recommendation=SELL
2025-09-19 13:39:36,750 - INFO - Comprehensive data extracted for FIRSTCRY
2025-09-19 13:39:36,753 - INFO - Fundamental analysis completed for FIRSTCRY: 58 fields
2025-09-19 13:39:36,813 - INFO - Comprehensive data extracted for BOSCHLTD
2025-09-19 13:39:36,813 - INFO - Fundamental analysis completed for BOSCHLTD: 58 fields
2025-09-19 13:39:37,041 - INFO - Enhanced technical analysis completed for BOSCHLTD: 52 fields
2025-09-19 13:39:37,105 - INFO - Completed analysis for BOSCHLTD: Score=41.8, Recommendation=WEAK SELL
2025-09-19 13:39:37,367 - INFO - Comprehensive data extracted for BRIGADE
2025-09-19 13:39:37,367 - INFO - Fundamental analysis completed for BRIGADE: 58 fields
2025-09-19 13:39:37,583 - INFO - Comprehensive data extracted for BRITANNIA
2025-09-19 13:39:37,583 - INFO - Fundamental analysis completed for BRITANNIA: 58 fields
2025-09-19 13:39:37,926 - INFO - Enhanced technical analysis completed for FIRSTCRY: 52 fields
2025-09-19 13:39:38,010 - INFO - Completed analysis for FIRSTCRY: Score=30.3, Recommendation=SELL
2025-09-19 13:39:38,201 - INFO - Enhanced technical analysis completed for BRITANNIA: 52 fields
2025-09-19 13:39:38,262 - INFO - Completed analysis for BRITANNIA: Score=31.5, Recommendation=SELL
2025-09-19 13:39:38,471 - INFO - Enhanced technical analysis completed for BRIGADE: 52 fields
2025-09-19 13:39:38,540 - INFO - Completed analysis for BRIGADE: Score=45.5, Recommendation=WEAK SELL
2025-09-19 13:39:44,319 - INFO - Comprehensive data extracted for MAPMYINDIA
2025-09-19 13:39:44,325 - INFO - Fundamental analysis completed for MAPMYINDIA: 58 fields
2025-09-19 13:39:44,532 - INFO - Enhanced technical analysis completed for MAPMYINDIA: 52 fields
2025-09-19 13:39:44,607 - INFO - Completed analysis for MAPMYINDIA: Score=46.1, Recommendation=WEAK SELL
2025-09-19 13:39:45,045 - INFO - Comprehensive data extracted for CGPOWER
2025-09-19 13:39:45,045 - INFO - Fundamental analysis completed for CGPOWER: 58 fields
2025-09-19 13:39:45,144 - INFO - Comprehensive data extracted for CESC
2025-09-19 13:39:45,147 - INFO - Fundamental analysis completed for CESC: 58 fields
2025-09-19 13:39:45,293 - INFO - Enhanced technical analysis completed for CGPOWER: 52 fields
2025-09-19 13:39:45,457 - INFO - Completed analysis for CGPOWER: Score=35.2, Recommendation=SELL
2025-09-19 13:39:45,457 - INFO - Enhanced technical analysis completed for CESC: 52 fields
2025-09-19 13:39:45,509 - INFO - Comprehensive data extracted for CCL
2025-09-19 13:39:45,509 - INFO - Fundamental analysis completed for CCL: 58 fields
2025-09-19 13:39:45,576 - INFO - Completed analysis for CESC: Score=48.9, Recommendation=WEAK SELL
2025-09-19 13:39:45,838 - INFO - Enhanced technical analysis completed for CCL: 52 fields
2025-09-19 13:39:45,910 - INFO - Completed analysis for CCL: Score=36.1, Recommendation=SELL
2025-09-19 13:39:46,421 - INFO - Comprehensive data extracted for CRISIL
2025-09-19 13:39:46,422 - INFO - Fundamental analysis completed for CRISIL: 58 fields
2025-09-19 13:39:46,684 - INFO - Comprehensive data extracted for CAMPUS
2025-09-19 13:39:46,685 - INFO - Fundamental analysis completed for CAMPUS: 58 fields
2025-09-19 13:39:46,864 - INFO - Enhanced technical analysis completed for CRISIL: 52 fields
2025-09-19 13:39:46,927 - INFO - Completed analysis for CRISIL: Score=57.4, Recommendation=HOLD
2025-09-19 13:39:47,001 - INFO - Comprehensive data extracted for CANFINHOME
2025-09-19 13:39:47,001 - INFO - Fundamental analysis completed for CANFINHOME: 58 fields
2025-09-19 13:39:47,183 - INFO - Enhanced technical analysis completed for CANFINHOME: 52 fields
2025-09-19 13:39:47,268 - INFO - Completed analysis for CANFINHOME: Score=63.1, Recommendation=BUY
2025-09-19 13:39:47,973 - INFO - Comprehensive data extracted for CAPLIPOINT
2025-09-19 13:39:47,973 - INFO - Fundamental analysis completed for CAPLIPOINT: 58 fields
2025-09-19 13:39:48,212 - INFO - Enhanced technical analysis completed for CAPLIPOINT: 52 fields
2025-09-19 13:39:48,237 - INFO - Comprehensive data extracted for CANBK
2025-09-19 13:39:48,237 - INFO - Fundamental analysis completed for CANBK: 58 fields
2025-09-19 13:39:48,310 - INFO - Completed analysis for CAPLIPOINT: Score=55.6, Recommendation=HOLD
2025-09-19 13:39:48,521 - INFO - Enhanced technical analysis completed for CAMPUS: 52 fields
2025-09-19 13:39:48,583 - INFO - Enhanced technical analysis completed for CANBK: 52 fields
2025-09-19 13:39:48,721 - INFO - Completed analysis for CAMPUS: Score=31.3, Recommendation=SELL
2025-09-19 13:39:48,725 - INFO - Completed analysis for CANBK: Score=85.2, Recommendation=STRONG BUY (UNDERVALUED)
2025-09-19 13:39:49,790 - INFO - Comprehensive data extracted for CGCL
2025-09-19 13:39:49,790 - INFO - Fundamental analysis completed for CGCL: 58 fields
2025-09-19 13:39:50,624 - INFO - Enhanced technical analysis completed for CGCL: 52 fields
2025-09-19 13:39:50,711 - INFO - Completed analysis for CGCL: Score=48.9, Recommendation=WEAK SELL
2025-09-19 13:39:56,765 - INFO - Comprehensive data extracted for CASTROLIND
2025-09-19 13:39:56,769 - INFO - Fundamental analysis completed for CASTROLIND: 58 fields
2025-09-19 13:39:57,030 - INFO - Comprehensive data extracted for CEATLTD
2025-09-19 13:39:57,032 - INFO - Fundamental analysis completed for CEATLTD: 58 fields
2025-09-19 13:39:57,336 - INFO - Enhanced technical analysis completed for CASTROLIND: 52 fields
2025-09-19 13:39:57,443 - INFO - Enhanced technical analysis completed for CEATLTD: 52 fields
2025-09-19 13:39:57,505 - INFO - Completed analysis for CASTROLIND: Score=63.7, Recommendation=BUY
2025-09-19 13:39:57,581 - INFO - Completed analysis for CEATLTD: Score=35.8, Recommendation=SELL
2025-09-19 13:39:57,694 - INFO - Comprehensive data extracted for CARBORUNIV
2025-09-19 13:39:57,700 - INFO - Fundamental analysis completed for CARBORUNIV: 58 fields
2025-09-19 13:39:57,914 - INFO - Enhanced technical analysis completed for CARBORUNIV: 52 fields
2025-09-19 13:39:57,998 - INFO - Completed analysis for CARBORUNIV: Score=27.0, Recommendation=SELL
2025-09-19 13:39:58,340 - INFO - Comprehensive data extracted for CDSL
2025-09-19 13:39:58,342 - INFO - Fundamental analysis completed for CDSL: 58 fields
2025-09-19 13:39:58,516 - INFO - Enhanced technical analysis completed for CDSL: 52 fields
2025-09-19 13:39:58,596 - INFO - Completed analysis for CDSL: Score=44.1, Recommendation=WEAK SELL
2025-09-19 13:39:58,888 - INFO - Comprehensive data extracted for CENTRALBK
2025-09-19 13:39:58,888 - INFO - Fundamental analysis completed for CENTRALBK: 58 fields
2025-09-19 13:39:59,172 - INFO - Enhanced technical analysis completed for CENTRALBK: 52 fields
2025-09-19 13:39:59,242 - INFO - Completed analysis for CENTRALBK: Score=86.6, Recommendation=STRONG BUY (UNDERVALUED)
2025-09-19 13:39:59,507 - INFO - Comprehensive data extracted for CENTURYPLY
2025-09-19 13:39:59,507 - INFO - Fundamental analysis completed for CENTURYPLY: 58 fields
2025-09-19 13:39:59,695 - INFO - Enhanced technical analysis completed for CENTURYPLY: 52 fields
2025-09-19 13:39:59,764 - INFO - Completed analysis for CENTURYPLY: Score=37.0, Recommendation=SELL
2025-09-19 13:39:59,882 - INFO - Comprehensive data extracted for CERA
2025-09-19 13:39:59,882 - INFO - Fundamental analysis completed for CERA: 58 fields
2025-09-19 13:40:00,095 - INFO - Comprehensive data extracted for CHALET
2025-09-19 13:40:00,095 - INFO - Fundamental analysis completed for CHALET: 58 fields
2025-09-19 13:40:00,234 - INFO - Enhanced technical analysis completed for CERA: 52 fields
2025-09-19 13:40:00,320 - INFO - Completed analysis for CERA: Score=30.1, Recommendation=SELL
2025-09-19 13:40:01,166 - INFO - Comprehensive data extracted for CHAMBLFERT
2025-09-19 13:40:01,186 - INFO - Fundamental analysis completed for CHAMBLFERT: 58 fields
2025-09-19 13:40:01,294 - INFO - Enhanced technical analysis completed for CHALET: 52 fields
2025-09-19 13:40:01,405 - INFO - Enhanced technical analysis completed for CHAMBLFERT: 52 fields
2025-09-19 13:40:01,454 - INFO - Completed analysis for CHALET: Score=32.1, Recommendation=SELL
2025-09-19 13:40:01,564 - INFO - Comprehensive data extracted for CHENNPETRO
2025-09-19 13:40:01,573 - INFO - Fundamental analysis completed for CHENNPETRO: 58 fields
2025-09-19 13:40:01,580 - INFO - Completed analysis for CHAMBLFERT: Score=63.6, Recommendation=BUY
2025-09-19 13:40:01,901 - INFO - Enhanced technical analysis completed for CHENNPETRO: 52 fields
2025-09-19 13:40:01,996 - INFO - Completed analysis for CHENNPETRO: Score=42.7, Recommendation=WEAK SELL
2025-09-19 13:40:07,476 - INFO - Comprehensive data extracted for CHOLAHLDNG
2025-09-19 13:40:07,476 - INFO - Fundamental analysis completed for CHOLAHLDNG: 58 fields
2025-09-19 13:40:07,744 - INFO - Comprehensive data extracted for CIPLA
2025-09-19 13:40:07,746 - INFO - Fundamental analysis completed for CIPLA: 58 fields
2025-09-19 13:40:07,938 - INFO - Enhanced technical analysis completed for CIPLA: 52 fields
2025-09-19 13:40:08,005 - INFO - Completed analysis for CIPLA: Score=49.1, Recommendation=WEAK SELL
2025-09-19 13:40:08,251 - INFO - Enhanced technical analysis completed for CHOLAHLDNG: 52 fields
2025-09-19 13:40:08,293 - INFO - Comprehensive data extracted for CHOLAFIN
2025-09-19 13:40:08,293 - INFO - Fundamental analysis completed for CHOLAFIN: 58 fields
2025-09-19 13:40:08,354 - INFO - Completed analysis for CHOLAHLDNG: Score=54.1, Recommendation=HOLD
2025-09-19 13:40:09,057 - INFO - Enhanced technical analysis completed for CHOLAFIN: 52 fields
2025-09-19 13:40:09,144 - INFO - Completed analysis for CHOLAFIN: Score=43.3, Recommendation=WEAK SELL
2025-09-19 13:40:09,297 - INFO - Comprehensive data extracted for CLEAN
2025-09-19 13:40:09,299 - INFO - Fundamental analysis completed for CLEAN: 58 fields
2025-09-19 13:40:09,436 - INFO - Comprehensive data extracted for CUB
2025-09-19 13:40:09,436 - INFO - Fundamental analysis completed for CUB: 58 fields
2025-09-19 13:40:09,585 - INFO - Enhanced technical analysis completed for CLEAN: 52 fields
2025-09-19 13:40:09,790 - INFO - Enhanced technical analysis completed for CUB: 52 fields
2025-09-19 13:40:09,796 - INFO - Completed analysis for CLEAN: Score=54.6, Recommendation=HOLD
2025-09-19 13:40:09,889 - INFO - Completed analysis for CUB: Score=84.4, Recommendation=STRONG BUY (UNDERVALUED)
2025-09-19 13:40:10,143 - INFO - Comprehensive data extracted for COCHINSHIP
2025-09-19 13:40:10,143 - INFO - Fundamental analysis completed for COCHINSHIP: 58 fields
2025-09-19 13:40:10,566 - INFO - Enhanced technical analysis completed for COCHINSHIP: 52 fields
2025-09-19 13:40:10,654 - INFO - Completed analysis for COCHINSHIP: Score=40.3, Recommendation=WEAK SELL
2025-09-19 13:40:10,922 - INFO - Comprehensive data extracted for COFORGE
2025-09-19 13:40:10,925 - INFO - Fundamental analysis completed for COFORGE: 58 fields
2025-09-19 13:40:11,366 - INFO - Comprehensive data extracted for COHANCE
2025-09-19 13:40:11,379 - INFO - Fundamental analysis completed for COHANCE: 58 fields
2025-09-19 13:40:11,496 - INFO - Enhanced technical analysis completed for COFORGE: 52 fields
2025-09-19 13:40:11,576 - INFO - Completed analysis for COFORGE: Score=44.1, Recommendation=WEAK SELL
2025-09-19 13:40:11,717 - INFO - Enhanced technical analysis completed for COHANCE: 52 fields
2025-09-19 13:40:11,795 - INFO - Completed analysis for COHANCE: Score=26.7, Recommendation=SELL
2025-09-19 13:40:11,862 - INFO - Comprehensive data extracted for COALINDIA
2025-09-19 13:40:11,862 - INFO - Fundamental analysis completed for COALINDIA: 58 fields
2025-09-19 13:40:12,226 - INFO - Comprehensive data extracted for COLPAL
2025-09-19 13:40:12,226 - INFO - Fundamental analysis completed for COLPAL: 58 fields
2025-09-19 13:40:12,334 - INFO - Enhanced technical analysis completed for COALINDIA: 52 fields
2025-09-19 13:40:12,429 - INFO - Completed analysis for COALINDIA: Score=51.9, Recommendation=HOLD
2025-09-19 13:40:12,592 - INFO - Enhanced technical analysis completed for COLPAL: 52 fields
2025-09-19 13:40:12,655 - INFO - Completed analysis for COLPAL: Score=26.3, Recommendation=SELL
2025-09-19 13:40:18,973 - INFO - Comprehensive data extracted for CONCOR
2025-09-19 13:40:18,973 - INFO - Fundamental analysis completed for CONCOR: 58 fields
2025-09-19 13:40:19,166 - INFO - Comprehensive data extracted for CONCORDBIO
2025-09-19 13:40:19,168 - INFO - Fundamental analysis completed for CONCORDBIO: 58 fields
2025-09-19 13:40:19,369 - INFO - Enhanced technical analysis completed for CONCORDBIO: 52 fields
2025-09-19 13:40:19,458 - INFO - Completed analysis for CONCORDBIO: Score=40.7, Recommendation=WEAK SELL
2025-09-19 13:40:19,783 - INFO - Comprehensive data extracted for CAMS
2025-09-19 13:40:19,783 - INFO - Fundamental analysis completed for CAMS: 58 fields
2025-09-19 13:40:19,967 - INFO - Enhanced technical analysis completed for CAMS: 52 fields
2025-09-19 13:40:20,062 - INFO - Completed analysis for CAMS: Score=38.9, Recommendation=SELL
2025-09-19 13:40:20,379 - INFO - Enhanced technical analysis completed for CONCOR: 52 fields
2025-09-19 13:40:20,476 - INFO - Comprehensive data extracted for CRAFTSMAN
2025-09-19 13:40:20,492 - INFO - Fundamental analysis completed for CRAFTSMAN: 58 fields
2025-09-19 13:40:20,514 - INFO - Completed analysis for CONCOR: Score=34.9, Recommendation=SELL
2025-09-19 13:40:20,778 - INFO - Enhanced technical analysis completed for CRAFTSMAN: 52 fields
2025-09-19 13:40:20,853 - INFO - Completed analysis for CRAFTSMAN: Score=37.8, Recommendation=SELL
2025-09-19 13:40:21,020 - INFO - Comprehensive data extracted for COROMANDEL
2025-09-19 13:40:21,039 - INFO - Fundamental analysis completed for COROMANDEL: 58 fields
2025-09-19 13:40:21,128 - INFO - Comprehensive data extracted for CREDITACC
2025-09-19 13:40:21,128 - INFO - Fundamental analysis completed for CREDITACC: 58 fields
2025-09-19 13:40:21,255 - INFO - Enhanced technical analysis completed for COROMANDEL: 52 fields
2025-09-19 13:40:21,318 - INFO - Completed analysis for COROMANDEL: Score=42.0, Recommendation=WEAK SELL
2025-09-19 13:40:21,441 - INFO - Enhanced technical analysis completed for CREDITACC: 52 fields
2025-09-19 13:40:21,494 - INFO - Completed analysis for CREDITACC: Score=32.1, Recommendation=SELL
2025-09-19 13:40:21,575 - INFO - Comprehensive data extracted for CROMPTON
2025-09-19 13:40:21,575 - INFO - Fundamental analysis completed for CROMPTON: 58 fields
2025-09-19 13:40:21,839 - INFO - Enhanced technical analysis completed for CROMPTON: 52 fields
2025-09-19 13:40:21,900 - INFO - Completed analysis for CROMPTON: Score=26.7, Recommendation=SELL
2025-09-19 13:40:21,966 - INFO - Comprehensive data extracted for CUMMINSIND
2025-09-19 13:40:21,966 - INFO - Fundamental analysis completed for CUMMINSIND: 58 fields
2025-09-19 13:40:22,210 - INFO - Enhanced technical analysis completed for CUMMINSIND: 52 fields
2025-09-19 13:40:22,275 - INFO - Completed analysis for CUMMINSIND: Score=50.4, Recommendation=HOLD
2025-09-19 13:40:22,773 - INFO - Comprehensive data extracted for DCMSHRIRAM
2025-09-19 13:40:22,779 - INFO - Comprehensive data extracted for CYIENT
2025-09-19 13:40:22,779 - INFO - Fundamental analysis completed for DCMSHRIRAM: 58 fields
2025-09-19 13:40:22,781 - INFO - Fundamental analysis completed for CYIENT: 58 fields
2025-09-19 13:40:22,996 - INFO - Enhanced technical analysis completed for CYIENT: 52 fields
2025-09-19 13:40:23,068 - INFO - Completed analysis for CYIENT: Score=45.0, Recommendation=WEAK SELL
2025-09-19 13:40:23,293 - INFO - Enhanced technical analysis completed for DCMSHRIRAM: 52 fields
2025-09-19 13:40:23,358 - INFO - Completed analysis for DCMSHRIRAM: Score=39.0, Recommendation=SELL
2025-09-19 13:40:29,096 - INFO - Comprehensive data extracted for DLF
2025-09-19 13:40:29,099 - INFO - Fundamental analysis completed for DLF: 58 fields
2025-09-19 13:40:29,264 - INFO - Comprehensive data extracted for DABUR
2025-09-19 13:40:29,266 - INFO - Fundamental analysis completed for DABUR: 58 fields
2025-09-19 13:40:29,524 - INFO - Enhanced technical analysis completed for DLF: 52 fields
2025-09-19 13:40:29,609 - INFO - Enhanced technical analysis completed for DABUR: 52 fields
2025-09-19 13:40:29,706 - INFO - Completed analysis for DLF: Score=40.6, Recommendation=WEAK SELL
2025-09-19 13:40:29,729 - INFO - Completed analysis for DABUR: Score=34.5, Recommendation=SELL
2025-09-19 13:40:30,288 - INFO - Comprehensive data extracted for DOMS
2025-09-19 13:40:30,289 - INFO - Fundamental analysis completed for DOMS: 58 fields
2025-09-19 13:40:30,679 - INFO - Enhanced technical analysis completed for DOMS: 52 fields
2025-09-19 13:40:30,694 - INFO - Comprehensive data extracted for DATAPATTNS
2025-09-19 13:40:30,701 - INFO - Fundamental analysis completed for DATAPATTNS: 58 fields
2025-09-19 13:40:30,789 - INFO - Completed analysis for DOMS: Score=35.8, Recommendation=SELL
2025-09-19 13:40:30,996 - INFO - Enhanced technical analysis completed for DATAPATTNS: 52 fields
2025-09-19 13:40:31,110 - INFO - Completed analysis for DATAPATTNS: Score=43.3, Recommendation=WEAK SELL
2025-09-19 13:40:31,220 - INFO - Comprehensive data extracted for DALBHARAT
2025-09-19 13:40:31,221 - INFO - Fundamental analysis completed for DALBHARAT: 58 fields
2025-09-19 13:40:31,393 - INFO - Enhanced technical analysis completed for DALBHARAT: 52 fields
2025-09-19 13:40:31,468 - INFO - Completed analysis for DALBHARAT: Score=40.9, Recommendation=WEAK SELL
2025-09-19 13:40:31,785 - INFO - Comprehensive data extracted for DEEPAKNTR
2025-09-19 13:40:31,785 - INFO - Fundamental analysis completed for DEEPAKNTR: 58 fields
2025-09-19 13:40:32,113 - INFO - Enhanced technical analysis completed for DEEPAKNTR: 52 fields
2025-09-19 13:40:32,185 - INFO - Completed analysis for DEEPAKNTR: Score=33.1, Recommendation=SELL
2025-09-19 13:40:32,577 - INFO - Comprehensive data extracted for DEEPAKFERT
2025-09-19 13:40:32,577 - INFO - Fundamental analysis completed for DEEPAKFERT: 58 fields
2025-09-19 13:40:33,022 - INFO - Comprehensive data extracted for DEVYANI
2025-09-19 13:40:33,022 - INFO - Fundamental analysis completed for DEVYANI: 58 fields
2025-09-19 13:40:33,143 - INFO - Enhanced technical analysis completed for DEEPAKFERT: 52 fields
2025-09-19 13:40:33,217 - INFO - Completed analysis for DEEPAKFERT: Score=56.6, Recommendation=HOLD
2025-09-19 13:40:33,320 - INFO - Enhanced technical analysis completed for DEVYANI: 52 fields
2025-09-19 13:40:33,391 - INFO - Completed analysis for DEVYANI: Score=19.3, Recommendation=SELL
2025-09-19 13:40:33,507 - INFO - Comprehensive data extracted for DELHIVERY
2025-09-19 13:40:33,507 - INFO - Fundamental analysis completed for DELHIVERY: 58 fields
2025-09-19 13:40:34,157 - INFO - Enhanced technical analysis completed for DELHIVERY: 52 fields
2025-09-19 13:40:34,239 - INFO - Completed analysis for DELHIVERY: Score=33.2, Recommendation=SELL
2025-09-19 13:40:34,271 - INFO - Comprehensive data extracted for DIVISLAB
2025-09-19 13:40:34,271 - INFO - Fundamental analysis completed for DIVISLAB: 58 fields
2025-09-19 13:40:34,638 - INFO - Enhanced technical analysis completed for DIVISLAB: 52 fields
2025-09-19 13:40:34,739 - INFO - Completed analysis for DIVISLAB: Score=58.0, Recommendation=HOLD
2025-09-19 13:40:40,532 - INFO - Comprehensive data extracted for DIXON
2025-09-19 13:40:40,532 - INFO - Fundamental analysis completed for DIXON: 58 fields
2025-09-19 13:40:41,136 - INFO - Comprehensive data extracted for LALPATHLAB
2025-09-19 13:40:41,138 - INFO - Fundamental analysis completed for LALPATHLAB: 58 fields
2025-09-19 13:40:41,343 - INFO - Enhanced technical analysis completed for DIXON: 52 fields
2025-09-19 13:40:41,392 - INFO - Enhanced technical analysis completed for LALPATHLAB: 52 fields
2025-09-19 13:40:41,501 - INFO - Comprehensive data extracted for DRREDDY
2025-09-19 13:40:41,504 - INFO - Fundamental analysis completed for DRREDDY: 58 fields
2025-09-19 13:40:41,562 - INFO - Completed analysis for DIXON: Score=36.9, Recommendation=SELL
2025-09-19 13:40:41,598 - INFO - Completed analysis for LALPATHLAB: Score=43.0, Recommendation=WEAK SELL
2025-09-19 13:40:42,377 - ERROR - HTTP Error 404: 
2025-09-19 13:40:43,174 - INFO - Comprehensive data extracted for EIDPARRY
2025-09-19 13:40:43,176 - INFO - Fundamental analysis completed for EIDPARRY: 58 fields
2025-09-19 13:40:43,430 - INFO - Enhanced technical analysis completed for EIDPARRY: 52 fields
2025-09-19 13:40:43,542 - INFO - Enhanced technical analysis completed for DRREDDY: 52 fields
2025-09-19 13:40:43,594 - INFO - Completed analysis for EIDPARRY: Score=56.8, Recommendation=HOLD
2025-09-19 13:40:43,681 - INFO - Completed analysis for DRREDDY: Score=69.8, Recommendation=BUY
2025-09-19 13:40:44,696 - ERROR - $DUMMYDBRLT.NS: possibly delisted; no price data found  (period=1y) (Yahoo error = "No data found, symbol may be delisted")
2025-09-19 13:40:44,700 - INFO - Comprehensive data extracted for DUMMYDBRLT
2025-09-19 13:40:44,700 - INFO - Fundamental analysis completed for DUMMYDBRLT: 53 fields
2025-09-19 13:40:45,027 - INFO - Comprehensive data extracted for EICHERMOT
2025-09-19 13:40:45,035 - INFO - Fundamental analysis completed for EICHERMOT: 58 fields
2025-09-19 13:40:45,352 - INFO - Comprehensive data extracted for EIHOTEL
2025-09-19 13:40:45,354 - INFO - Fundamental analysis completed for EIHOTEL: 58 fields
2025-09-19 13:40:45,524 - ERROR - HTTP Error 404: 
2025-09-19 13:40:45,911 - INFO - Enhanced technical analysis completed for EIHOTEL: 52 fields
2025-09-19 13:40:45,911 - INFO - Enhanced technical analysis completed for EICHERMOT: 52 fields
2025-09-19 13:40:46,347 - INFO - Completed analysis for EIHOTEL: Score=28.2, Recommendation=SELL
2025-09-19 13:40:46,379 - INFO - Completed analysis for EICHERMOT: Score=36.7, Recommendation=SELL
2025-09-19 13:40:47,190 - INFO - Comprehensive data extracted for ELECON
2025-09-19 13:40:47,190 - INFO - Fundamental analysis completed for ELECON: 58 fields
2025-09-19 13:40:47,290 - ERROR - $DUMMYDBRLT.NS: possibly delisted; no price data found  (period=6mo) (Yahoo error = "No data found, symbol may be delisted")
2025-09-19 13:40:47,290 - WARNING - Enhanced technical analysis failed for DUMMYDBRLT
2025-09-19 13:40:47,542 - INFO - Enhanced technical analysis completed for ELECON: 52 fields
2025-09-19 13:40:47,610 - INFO - Completed analysis for ELECON: Score=51.3, Recommendation=HOLD
2025-09-19 13:40:48,062 - ERROR - $DUMMYDBRLT.NS: possibly delisted; no price data found  (period=1y) (Yahoo error = "No data found, symbol may be delisted")
2025-09-19 13:40:48,064 - INFO - Completed analysis for DUMMYDBRLT: Score=61.0, Recommendation=BUY (VALUE)
2025-09-19 13:40:48,235 - INFO - Comprehensive data extracted for ELGIEQUIP
2025-09-19 13:40:48,237 - INFO - Fundamental analysis completed for ELGIEQUIP: 58 fields
2025-09-19 13:40:48,506 - INFO - Comprehensive data extracted for EMAMILTD
2025-09-19 13:40:48,511 - INFO - Fundamental analysis completed for EMAMILTD: 58 fields
2025-09-19 13:40:48,595 - INFO - Enhanced technical analysis completed for ELGIEQUIP: 52 fields
2025-09-19 13:40:48,948 - INFO - Enhanced technical analysis completed for EMAMILTD: 52 fields
2025-09-19 13:40:48,955 - INFO - Completed analysis for ELGIEQUIP: Score=39.2, Recommendation=SELL
2025-09-19 13:40:49,255 - INFO - Completed analysis for EMAMILTD: Score=28.1, Recommendation=SELL
2025-09-19 13:40:55,112 - INFO - Comprehensive data extracted for ENDURANCE
2025-09-19 13:40:55,114 - INFO - Fundamental analysis completed for ENDURANCE: 58 fields
2025-09-19 13:40:55,220 - INFO - Comprehensive data extracted for ENGINERSIN
2025-09-19 13:40:55,220 - INFO - Fundamental analysis completed for ENGINERSIN: 58 fields
2025-09-19 13:40:55,388 - INFO - Enhanced technical analysis completed for ENDURANCE: 52 fields
2025-09-19 13:40:55,446 - INFO - Completed analysis for ENDURANCE: Score=36.4, Recommendation=SELL
2025-09-19 13:40:55,736 - INFO - Comprehensive data extracted for ERIS
2025-09-19 13:40:55,738 - INFO - Fundamental analysis completed for ERIS: 58 fields
2025-09-19 13:40:55,890 - INFO - Enhanced technical analysis completed for ERIS: 52 fields
2025-09-19 13:40:55,970 - INFO - Completed analysis for ERIS: Score=41.0, Recommendation=WEAK SELL
2025-09-19 13:40:56,057 - INFO - Comprehensive data extracted for EMCURE
2025-09-19 13:40:56,062 - INFO - Fundamental analysis completed for EMCURE: 58 fields
2025-09-19 13:40:56,227 - INFO - Enhanced technical analysis completed for EMCURE: 52 fields
2025-09-19 13:40:56,296 - INFO - Completed analysis for EMCURE: Score=34.6, Recommendation=SELL
2025-09-19 13:40:57,512 - INFO - Enhanced technical analysis completed for ENGINERSIN: 52 fields
2025-09-19 13:40:57,598 - INFO - Completed analysis for ENGINERSIN: Score=52.2, Recommendation=HOLD
2025-09-19 13:40:58,062 - INFO - Comprehensive data extracted for ETERNAL
2025-09-19 13:40:58,062 - INFO - Comprehensive data extracted for ESCORTS
2025-09-19 13:40:58,065 - INFO - Fundamental analysis completed for ETERNAL: 58 fields
2025-09-19 13:40:58,067 - INFO - Fundamental analysis completed for ESCORTS: 58 fields
2025-09-19 13:40:58,339 - INFO - Enhanced technical analysis completed for ETERNAL: 52 fields
2025-09-19 13:40:58,413 - INFO - Completed analysis for ETERNAL: Score=33.8, Recommendation=SELL
2025-09-19 13:40:58,520 - INFO - Enhanced technical analysis completed for ESCORTS: 52 fields
2025-09-19 13:40:58,585 - INFO - Completed analysis for ESCORTS: Score=44.4, Recommendation=WEAK SELL
2025-09-19 13:40:58,697 - INFO - Comprehensive data extracted for EXIDEIND
2025-09-19 13:40:58,697 - INFO - Fundamental analysis completed for EXIDEIND: 58 fields
2025-09-19 13:40:59,139 - INFO - Enhanced technical analysis completed for EXIDEIND: 52 fields
2025-09-19 13:40:59,208 - INFO - Completed analysis for EXIDEIND: Score=40.4, Recommendation=WEAK SELL
2025-09-19 13:40:59,526 - INFO - Comprehensive data extracted for NYKAA
2025-09-19 13:40:59,528 - INFO - Fundamental analysis completed for NYKAA: 58 fields
2025-09-19 13:40:59,867 - INFO - Comprehensive data extracted for FACT
2025-09-19 13:40:59,869 - INFO - Fundamental analysis completed for FACT: 58 fields
2025-09-19 13:41:00,192 - INFO - Enhanced technical analysis completed for NYKAA: 52 fields
2025-09-19 13:41:00,192 - INFO - Enhanced technical analysis completed for FACT: 52 fields
2025-09-19 13:41:00,330 - INFO - Completed analysis for FACT: Score=38.9, Recommendation=SELL
2025-09-19 13:41:00,338 - INFO - Completed analysis for NYKAA: Score=37.4, Recommendation=SELL
2025-09-19 13:41:01,118 - INFO - Comprehensive data extracted for FEDERALBNK
2025-09-19 13:41:01,118 - INFO - Fundamental analysis completed for FEDERALBNK: 58 fields
2025-09-19 13:41:01,575 - INFO - Enhanced technical analysis completed for FEDERALBNK: 52 fields
2025-09-19 13:41:01,646 - INFO - Completed analysis for FEDERALBNK: Score=75.1, Recommendation=STRONG BUY (UNDERVALUED)
2025-09-19 13:41:07,759 - INFO - Comprehensive data extracted for FSL
2025-09-19 13:41:07,760 - INFO - Fundamental analysis completed for FSL: 58 fields
2025-09-19 13:41:07,800 - INFO - Comprehensive data extracted for FINCABLES
2025-09-19 13:41:07,801 - INFO - Fundamental analysis completed for FINCABLES: 58 fields
2025-09-19 13:41:08,008 - INFO - Enhanced technical analysis completed for FSL: 52 fields
2025-09-19 13:41:08,050 - INFO - Comprehensive data extracted for FINPIPE
2025-09-19 13:41:08,052 - INFO - Fundamental analysis completed for FINPIPE: 58 fields
2025-09-19 13:41:08,112 - INFO - Enhanced technical analysis completed for FINCABLES: 52 fields
2025-09-19 13:41:08,232 - INFO - Completed analysis for FSL: Score=46.2, Recommendation=WEAK SELL
2025-09-19 13:41:08,245 - INFO - Completed analysis for FINCABLES: Score=53.4, Recommendation=HOLD
2025-09-19 13:41:08,413 - INFO - Enhanced technical analysis completed for FINPIPE: 52 fields
2025-09-19 13:41:08,486 - INFO - Completed analysis for FINPIPE: Score=29.8, Recommendation=SELL
2025-09-19 13:41:09,336 - INFO - Comprehensive data extracted for FIVESTAR
2025-09-19 13:41:09,337 - INFO - Fundamental analysis completed for FIVESTAR: 58 fields
2025-09-19 13:41:09,416 - INFO - Comprehensive data extracted for FORTIS
2025-09-19 13:41:09,422 - INFO - Fundamental analysis completed for FORTIS: 58 fields
2025-09-19 13:41:09,491 - INFO - Comprehensive data extracted for GAIL
2025-09-19 13:41:09,491 - INFO - Fundamental analysis completed for GAIL: 58 fields
2025-09-19 13:41:09,631 - INFO - Enhanced technical analysis completed for FIVESTAR: 52 fields
2025-09-19 13:41:09,717 - INFO - Completed analysis for FIVESTAR: Score=55.9, Recommendation=HOLD
2025-09-19 13:41:10,558 - INFO - Enhanced technical analysis completed for GAIL: 52 fields
2025-09-19 13:41:10,628 - INFO - Completed analysis for GAIL: Score=55.9, Recommendation=HOLD
2025-09-19 13:41:11,002 - INFO - Enhanced technical analysis completed for FORTIS: 52 fields
2025-09-19 13:41:11,072 - INFO - Completed analysis for FORTIS: Score=39.5, Recommendation=SELL
2025-09-19 13:41:11,315 - INFO - Comprehensive data extracted for GVT&D
2025-09-19 13:41:11,317 - INFO - Fundamental analysis completed for GVT&D: 58 fields
2025-09-19 13:41:11,516 - INFO - Enhanced technical analysis completed for GVT&D: 52 fields
2025-09-19 13:41:11,614 - INFO - Comprehensive data extracted for GMRAIRPORT
2025-09-19 13:41:11,619 - INFO - Fundamental analysis completed for GMRAIRPORT: 58 fields
2025-09-19 13:41:11,632 - INFO - Completed analysis for GVT&D: Score=45.4, Recommendation=WEAK SELL
2025-09-19 13:41:11,789 - INFO - Enhanced technical analysis completed for GMRAIRPORT: 52 fields
2025-09-19 13:41:11,856 - INFO - Completed analysis for GMRAIRPORT: Score=50.0, Recommendation=WEAK SELL
2025-09-19 13:41:12,280 - INFO - Comprehensive data extracted for GRSE
2025-09-19 13:41:12,291 - INFO - Fundamental analysis completed for GRSE: 58 fields
2025-09-19 13:41:12,389 - INFO - Comprehensive data extracted for GICRE
2025-09-19 13:41:12,389 - INFO - Fundamental analysis completed for GICRE: 58 fields
2025-09-19 13:41:12,765 - INFO - Enhanced technical analysis completed for GRSE: 52 fields
2025-09-19 13:41:12,863 - INFO - Enhanced technical analysis completed for GICRE: 52 fields
2025-09-19 13:41:12,994 - INFO - Completed analysis for GRSE: Score=57.7, Recommendation=HOLD
2025-09-19 13:41:13,002 - INFO - Completed analysis for GICRE: Score=77.8, Recommendation=STRONG BUY (UNDERVALUED)
2025-09-19 13:41:18,665 - INFO - Comprehensive data extracted for GLAND
2025-09-19 13:41:18,672 - INFO - Fundamental analysis completed for GLAND: 58 fields
2025-09-19 13:41:18,832 - INFO - Enhanced technical analysis completed for GLAND: 52 fields
2025-09-19 13:41:18,905 - INFO - Completed analysis for GLAND: Score=42.5, Recommendation=WEAK SELL
2025-09-19 13:41:19,411 - INFO - Comprehensive data extracted for GLENMARK
2025-09-19 13:41:19,422 - INFO - Comprehensive data extracted for GLAXO
2025-09-19 13:41:19,422 - INFO - Fundamental analysis completed for GLENMARK: 58 fields
2025-09-19 13:41:19,422 - INFO - Fundamental analysis completed for GLAXO: 58 fields
2025-09-19 13:41:19,544 - INFO - Comprehensive data extracted for GILLETTE
2025-09-19 13:41:19,544 - INFO - Fundamental analysis completed for GILLETTE: 58 fields
2025-09-19 13:41:19,732 - INFO - Enhanced technical analysis completed for GILLETTE: 52 fields
2025-09-19 13:41:19,806 - INFO - Completed analysis for GILLETTE: Score=53.0, Recommendation=HOLD
2025-09-19 13:41:19,978 - INFO - Enhanced technical analysis completed for GLAXO: 52 fields
2025-09-19 13:41:20,056 - INFO - Completed analysis for GLAXO: Score=43.4, Recommendation=WEAK SELL
2025-09-19 13:41:20,470 - INFO - Comprehensive data extracted for GODIGIT
2025-09-19 13:41:20,470 - INFO - Fundamental analysis completed for GODIGIT: 58 fields
2025-09-19 13:41:20,762 - INFO - Enhanced technical analysis completed for GLENMARK: 52 fields
2025-09-19 13:41:20,762 - INFO - Enhanced technical analysis completed for GODIGIT: 52 fields
2025-09-19 13:41:20,877 - INFO - Completed analysis for GLENMARK: Score=27.1, Recommendation=SELL
2025-09-19 13:41:20,890 - INFO - Completed analysis for GODIGIT: Score=23.5, Recommendation=SELL
2025-09-19 13:41:21,469 - INFO - Comprehensive data extracted for MEDANTA
2025-09-19 13:41:21,469 - INFO - Fundamental analysis completed for MEDANTA: 58 fields
2025-09-19 13:41:21,880 - INFO - Enhanced technical analysis completed for MEDANTA: 52 fields
2025-09-19 13:41:21,942 - INFO - Completed analysis for MEDANTA: Score=40.8, Recommendation=WEAK SELL
2025-09-19 13:41:22,238 - INFO - Comprehensive data extracted for GODFRYPHLP
2025-09-19 13:41:22,238 - INFO - Fundamental analysis completed for GODFRYPHLP: 58 fields
2025-09-19 13:41:22,606 - INFO - Enhanced technical analysis completed for GODFRYPHLP: 52 fields
2025-09-19 13:41:22,679 - INFO - Completed analysis for GODFRYPHLP: Score=41.9, Recommendation=WEAK SELL
2025-09-19 13:41:23,234 - INFO - Comprehensive data extracted for GPIL
2025-09-19 13:41:23,234 - INFO - Comprehensive data extracted for GODREJCP
2025-09-19 13:41:23,234 - INFO - Fundamental analysis completed for GPIL: 58 fields
2025-09-19 13:41:23,234 - INFO - Fundamental analysis completed for GODREJCP: 58 fields
2025-09-19 13:41:23,457 - INFO - Enhanced technical analysis completed for GODREJCP: 52 fields
2025-09-19 13:41:23,613 - INFO - Completed analysis for GODREJCP: Score=29.8, Recommendation=SELL
2025-09-19 13:41:23,613 - INFO - Enhanced technical analysis completed for GPIL: 52 fields
2025-09-19 13:41:23,694 - INFO - Completed analysis for GPIL: Score=40.5, Recommendation=WEAK SELL
2025-09-19 13:41:23,804 - INFO - Comprehensive data extracted for GODREJAGRO
2025-09-19 13:41:23,804 - INFO - Fundamental analysis completed for GODREJAGRO: 58 fields
2025-09-19 13:41:23,988 - INFO - Enhanced technical analysis completed for GODREJAGRO: 52 fields
2025-09-19 13:41:24,053 - INFO - Completed analysis for GODREJAGRO: Score=30.0, Recommendation=SELL
2025-09-19 13:41:29,736 - INFO - Comprehensive data extracted for GODREJPROP
2025-09-19 13:41:29,736 - INFO - Fundamental analysis completed for GODREJPROP: 58 fields
2025-09-19 13:41:29,847 - INFO - Comprehensive data extracted for GRANULES
2025-09-19 13:41:29,870 - INFO - Fundamental analysis completed for GRANULES: 58 fields
2025-09-19 13:41:29,908 - INFO - Comprehensive data extracted for GODREJIND
2025-09-19 13:41:29,942 - INFO - Fundamental analysis completed for GODREJIND: 58 fields
2025-09-19 13:41:30,027 - INFO - Enhanced technical analysis completed for GODREJPROP: 52 fields
2025-09-19 13:41:30,166 - INFO - Completed analysis for GODREJPROP: Score=31.0, Recommendation=SELL
2025-09-19 13:41:30,265 - INFO - Enhanced technical analysis completed for GRANULES: 52 fields
2025-09-19 13:41:30,331 - INFO - Enhanced technical analysis completed for GODREJIND: 52 fields
2025-09-19 13:41:30,410 - INFO - Completed analysis for GRANULES: Score=32.9, Recommendation=SELL
2025-09-19 13:41:30,500 - INFO - Completed analysis for GODREJIND: Score=22.6, Recommendation=SELL
2025-09-19 13:41:31,011 - INFO - Comprehensive data extracted for GRASIM
2025-09-19 13:41:31,019 - INFO - Fundamental analysis completed for GRASIM: 58 fields
2025-09-19 13:41:31,072 - INFO - Comprehensive data extracted for GRAPHITE
2025-09-19 13:41:31,076 - INFO - Fundamental analysis completed for GRAPHITE: 58 fields
2025-09-19 13:41:31,445 - INFO - Enhanced technical analysis completed for GRAPHITE: 52 fields
2025-09-19 13:41:31,485 - INFO - Comprehensive data extracted for GRAVITA
2025-09-19 13:41:31,508 - INFO - Fundamental analysis completed for GRAVITA: 58 fields
2025-09-19 13:41:31,530 - INFO - Enhanced technical analysis completed for GRASIM: 52 fields
2025-09-19 13:41:31,660 - INFO - Completed analysis for GRAPHITE: Score=35.1, Recommendation=SELL
2025-09-19 13:41:31,669 - INFO - Completed analysis for GRASIM: Score=45.5, Recommendation=WEAK SELL
2025-09-19 13:41:31,775 - INFO - Enhanced technical analysis completed for GRAVITA: 52 fields
2025-09-19 13:41:31,852 - INFO - Completed analysis for GRAVITA: Score=36.6, Recommendation=SELL
2025-09-19 13:41:32,198 - INFO - Comprehensive data extracted for GESHIP
2025-09-19 13:41:32,203 - INFO - Fundamental analysis completed for GESHIP: 58 fields
2025-09-19 13:41:32,500 - INFO - Comprehensive data extracted for FLUOROCHEM
2025-09-19 13:41:32,502 - INFO - Enhanced technical analysis completed for GESHIP: 52 fields
2025-09-19 13:41:32,502 - INFO - Fundamental analysis completed for FLUOROCHEM: 58 fields
2025-09-19 13:41:32,589 - INFO - Completed analysis for GESHIP: Score=55.9, Recommendation=HOLD
2025-09-19 13:41:32,766 - INFO - Comprehensive data extracted for GUJGASLTD
2025-09-19 13:41:32,772 - INFO - Enhanced technical analysis completed for FLUOROCHEM: 52 fields
2025-09-19 13:41:32,772 - INFO - Fundamental analysis completed for GUJGASLTD: 58 fields
2025-09-19 13:41:32,856 - INFO - Completed analysis for FLUOROCHEM: Score=39.5, Recommendation=SELL
2025-09-19 13:41:33,006 - INFO - Enhanced technical analysis completed for GUJGASLTD: 52 fields
2025-09-19 13:41:33,090 - INFO - Completed analysis for GUJGASLTD: Score=29.5, Recommendation=SELL
2025-09-19 13:41:33,199 - INFO - Comprehensive data extracted for GMDCLTD
2025-09-19 13:41:33,200 - INFO - Fundamental analysis completed for GMDCLTD: 58 fields
2025-09-19 13:41:33,556 - INFO - Enhanced technical analysis completed for GMDCLTD: 52 fields
2025-09-19 13:41:33,650 - INFO - Completed analysis for GMDCLTD: Score=35.2, Recommendation=SELL
2025-09-19 13:41:39,397 - INFO - Comprehensive data extracted for GPPL
2025-09-19 13:41:39,397 - INFO - Fundamental analysis completed for GPPL: 58 fields
2025-09-19 13:41:39,449 - INFO - Comprehensive data extracted for GSPL
2025-09-19 13:41:39,449 - INFO - Fundamental analysis completed for GSPL: 58 fields
2025-09-19 13:41:39,658 - INFO - Comprehensive data extracted for GNFC
2025-09-19 13:41:39,706 - INFO - Fundamental analysis completed for GNFC: 58 fields
2025-09-19 13:41:39,739 - INFO - Enhanced technical analysis completed for GPPL: 52 fields
2025-09-19 13:41:39,844 - INFO - Enhanced technical analysis completed for GSPL: 52 fields
2025-09-19 13:41:39,906 - INFO - Completed analysis for GPPL: Score=42.1, Recommendation=WEAK SELL
2025-09-19 13:41:40,072 - INFO - Enhanced technical analysis completed for GNFC: 52 fields
2025-09-19 13:41:40,088 - INFO - Completed analysis for GSPL: Score=47.3, Recommendation=WEAK SELL
2025-09-19 13:41:40,180 - INFO - Completed analysis for GNFC: Score=55.3, Recommendation=HOLD
2025-09-19 13:41:40,780 - INFO - Comprehensive data extracted for HCLTECH
2025-09-19 13:41:40,801 - INFO - Fundamental analysis completed for HCLTECH: 58 fields
2025-09-19 13:41:40,808 - INFO - Comprehensive data extracted for HEG
2025-09-19 13:41:40,812 - INFO - Fundamental analysis completed for HEG: 58 fields
2025-09-19 13:41:40,928 - INFO - Comprehensive data extracted for HBLENGINE
2025-09-19 13:41:40,928 - INFO - Fundamental analysis completed for HBLENGINE: 58 fields
2025-09-19 13:41:41,061 - INFO - Enhanced technical analysis completed for HEG: 52 fields
2025-09-19 13:41:41,172 - INFO - Enhanced technical analysis completed for HBLENGINE: 52 fields
2025-09-19 13:41:41,276 - INFO - Completed analysis for HEG: Score=41.4, Recommendation=WEAK SELL
2025-09-19 13:41:41,357 - INFO - Enhanced technical analysis completed for HCLTECH: 52 fields
2025-09-19 13:41:41,374 - INFO - Completed analysis for HBLENGINE: Score=40.5, Recommendation=WEAK SELL
2025-09-19 13:41:41,456 - INFO - Completed analysis for HCLTECH: Score=60.1, Recommendation=BUY
2025-09-19 13:41:41,951 - INFO - Comprehensive data extracted for HDFCBANK
2025-09-19 13:41:41,951 - INFO - Fundamental analysis completed for HDFCBANK: 58 fields
2025-09-19 13:41:42,028 - INFO - Comprehensive data extracted for HDFCLIFE
2025-09-19 13:41:42,028 - INFO - Fundamental analysis completed for HDFCLIFE: 58 fields
2025-09-19 13:41:42,162 - INFO - Comprehensive data extracted for HDFCAMC
2025-09-19 13:41:42,164 - INFO - Fundamental analysis completed for HDFCAMC: 58 fields
2025-09-19 13:41:42,271 - INFO - Enhanced technical analysis completed for HDFCLIFE: 52 fields
2025-09-19 13:41:42,466 - INFO - Enhanced technical analysis completed for HDFCBANK: 52 fields
2025-09-19 13:41:42,555 - INFO - Enhanced technical analysis completed for HDFCAMC: 52 fields
2025-09-19 13:41:42,602 - INFO - Completed analysis for HDFCLIFE: Score=44.8, Recommendation=WEAK SELL
2025-09-19 13:41:42,629 - INFO - Completed analysis for HDFCBANK: Score=65.1, Recommendation=BUY
2025-09-19 13:41:42,705 - INFO - Completed analysis for HDFCAMC: Score=47.1, Recommendation=WEAK SELL
2025-09-19 13:41:43,147 - INFO - Comprehensive data extracted for HFCL
2025-09-19 13:41:43,148 - INFO - Fundamental analysis completed for HFCL: 58 fields
2025-09-19 13:41:43,392 - INFO - Enhanced technical analysis completed for HFCL: 52 fields
2025-09-19 13:41:43,472 - INFO - Completed analysis for HFCL: Score=34.7, Recommendation=SELL
2025-09-19 13:41:49,191 - INFO - Comprehensive data extracted for HAPPSTMNDS
2025-09-19 13:41:49,215 - INFO - Fundamental analysis completed for HAPPSTMNDS: 58 fields
2025-09-19 13:41:49,243 - INFO - Comprehensive data extracted for HEROMOTOCO
2025-09-19 13:41:49,266 - INFO - Fundamental analysis completed for HEROMOTOCO: 58 fields
2025-09-19 13:41:49,348 - INFO - Comprehensive data extracted for HAVELLS
2025-09-19 13:41:49,350 - INFO - Fundamental analysis completed for HAVELLS: 58 fields
2025-09-19 13:41:49,465 - INFO - Enhanced technical analysis completed for HAPPSTMNDS: 52 fields
2025-09-19 13:41:49,555 - INFO - Completed analysis for HAPPSTMNDS: Score=46.9, Recommendation=WEAK SELL
2025-09-19 13:41:49,710 - INFO - Enhanced technical analysis completed for HAVELLS: 52 fields
2025-09-19 13:41:49,773 - INFO - Enhanced technical analysis completed for HEROMOTOCO: 52 fields
2025-09-19 13:41:49,870 - INFO - Completed analysis for HAVELLS: Score=27.2, Recommendation=SELL
2025-09-19 13:41:49,918 - INFO - Completed analysis for HEROMOTOCO: Score=45.9, Recommendation=WEAK SELL
2025-09-19 13:41:50,225 - INFO - Comprehensive data extracted for HSCL
2025-09-19 13:41:50,232 - INFO - Fundamental analysis completed for HSCL: 58 fields
2025-09-19 13:41:50,529 - INFO - Enhanced technical analysis completed for HSCL: 52 fields
2025-09-19 13:41:50,547 - INFO - Comprehensive data extracted for HINDALCO
2025-09-19 13:41:50,554 - INFO - Comprehensive data extracted for HAL
2025-09-19 13:41:50,554 - INFO - Fundamental analysis completed for HINDALCO: 58 fields
2025-09-19 13:41:50,564 - INFO - Fundamental analysis completed for HAL: 58 fields
2025-09-19 13:41:50,687 - INFO - Completed analysis for HSCL: Score=33.6, Recommendation=SELL
2025-09-19 13:41:50,895 - INFO - Enhanced technical analysis completed for HINDALCO: 52 fields
2025-09-19 13:41:50,919 - INFO - Enhanced technical analysis completed for HAL: 52 fields
2025-09-19 13:41:51,057 - INFO - Completed analysis for HINDALCO: Score=71.3, Recommendation=STRONG BUY (UNDERVALUED)
2025-09-19 13:41:51,067 - INFO - Completed analysis for HAL: Score=49.1, Recommendation=WEAK SELL
2025-09-19 13:41:51,253 - INFO - Comprehensive data extracted for HINDCOPPER
2025-09-19 13:41:51,253 - INFO - Fundamental analysis completed for HINDCOPPER: 58 fields
2025-09-19 13:41:51,506 - INFO - Enhanced technical analysis completed for HINDCOPPER: 52 fields
2025-09-19 13:41:51,622 - INFO - Completed analysis for HINDCOPPER: Score=34.0, Recommendation=SELL
2025-09-19 13:41:51,678 - INFO - Comprehensive data extracted for HINDUNILVR
2025-09-19 13:41:51,678 - INFO - Fundamental analysis completed for HINDUNILVR: 58 fields
2025-09-19 13:41:51,784 - INFO - Comprehensive data extracted for HINDPETRO
2025-09-19 13:41:51,784 - INFO - Fundamental analysis completed for HINDPETRO: 58 fields
2025-09-19 13:41:51,927 - INFO - Enhanced technical analysis completed for HINDUNILVR: 52 fields
2025-09-19 13:41:52,089 - INFO - Enhanced technical analysis completed for HINDPETRO: 52 fields
2025-09-19 13:41:52,107 - INFO - Completed analysis for HINDUNILVR: Score=31.8, Recommendation=SELL
2025-09-19 13:41:52,196 - INFO - Completed analysis for HINDPETRO: Score=56.1, Recommendation=HOLD
2025-09-19 13:41:52,301 - INFO - Comprehensive data extracted for HINDZINC
2025-09-19 13:41:52,306 - INFO - Fundamental analysis completed for HINDZINC: 58 fields
2025-09-19 13:41:52,571 - INFO - Enhanced technical analysis completed for HINDZINC: 52 fields
2025-09-19 13:41:52,655 - INFO - Completed analysis for HINDZINC: Score=52.0, Recommendation=HOLD
2025-09-19 13:41:58,355 - INFO - Comprehensive data extracted for HONASA
2025-09-19 13:41:58,365 - INFO - Fundamental analysis completed for HONASA: 58 fields
2025-09-19 13:41:58,413 - INFO - Comprehensive data extracted for POWERINDIA
2025-09-19 13:41:58,413 - INFO - Fundamental analysis completed for POWERINDIA: 58 fields
2025-09-19 13:41:58,506 - INFO - Comprehensive data extracted for HOMEFIRST
2025-09-19 13:41:58,513 - INFO - Fundamental analysis completed for HOMEFIRST: 58 fields
2025-09-19 13:41:58,625 - INFO - Enhanced technical analysis completed for HONASA: 52 fields
2025-09-19 13:41:58,894 - INFO - Enhanced technical analysis completed for HOMEFIRST: 52 fields
2025-09-19 13:41:58,894 - INFO - Enhanced technical analysis completed for POWERINDIA: 52 fields
2025-09-19 13:41:58,894 - INFO - Completed analysis for HONASA: Score=29.6, Recommendation=SELL
2025-09-19 13:41:59,026 - INFO - Completed analysis for HOMEFIRST: Score=45.8, Recommendation=WEAK SELL
2025-09-19 13:41:59,066 - INFO - Completed analysis for POWERINDIA: Score=36.3, Recommendation=SELL
2025-09-19 13:41:59,589 - INFO - Comprehensive data extracted for HONAUT
2025-09-19 13:41:59,596 - INFO - Fundamental analysis completed for HONAUT: 58 fields
2025-09-19 13:41:59,720 - INFO - Comprehensive data extracted for HYUNDAI
2025-09-19 13:41:59,721 - INFO - Fundamental analysis completed for HYUNDAI: 58 fields
2025-09-19 13:41:59,864 - INFO - Enhanced technical analysis completed for HONAUT: 52 fields
2025-09-19 13:42:00,026 - INFO - Comprehensive data extracted for HUDCO
2025-09-19 13:42:00,042 - INFO - Fundamental analysis completed for HUDCO: 58 fields
2025-09-19 13:42:00,043 - INFO - Enhanced technical analysis completed for HYUNDAI: 52 fields
2025-09-19 13:42:00,122 - INFO - Completed analysis for HONAUT: Score=35.7, Recommendation=SELL
2025-09-19 13:42:00,196 - INFO - Completed analysis for HYUNDAI: Score=30.2, Recommendation=SELL
2025-09-19 13:42:00,333 - INFO - Enhanced technical analysis completed for HUDCO: 52 fields
2025-09-19 13:42:00,422 - INFO - Completed analysis for HUDCO: Score=61.0, Recommendation=BUY
2025-09-19 13:42:00,941 - INFO - Comprehensive data extracted for ICICIBANK
2025-09-19 13:42:00,945 - INFO - Comprehensive data extracted for ICICIGI
2025-09-19 13:42:00,969 - INFO - Fundamental analysis completed for ICICIBANK: 58 fields
2025-09-19 13:42:00,998 - INFO - Fundamental analysis completed for ICICIGI: 58 fields
2025-09-19 13:42:01,035 - INFO - Comprehensive data extracted for ICICIPRULI
2025-09-19 13:42:01,035 - INFO - Fundamental analysis completed for ICICIPRULI: 58 fields
2025-09-19 13:42:01,344 - INFO - Enhanced technical analysis completed for ICICIGI: 52 fields
2025-09-19 13:42:01,443 - INFO - Enhanced technical analysis completed for ICICIPRULI: 52 fields
2025-09-19 13:42:01,587 - INFO - Enhanced technical analysis completed for ICICIBANK: 52 fields
2025-09-19 13:42:01,605 - INFO - Completed analysis for ICICIGI: Score=58.1, Recommendation=HOLD
2025-09-19 13:42:01,700 - INFO - Completed analysis for ICICIPRULI: Score=45.1, Recommendation=WEAK SELL
2025-09-19 13:42:01,727 - INFO - Completed analysis for ICICIBANK: Score=74.3, Recommendation=STRONG BUY
2025-09-19 13:42:02,220 - INFO - Comprehensive data extracted for IDBI
2025-09-19 13:42:02,222 - INFO - Fundamental analysis completed for IDBI: 58 fields
2025-09-19 13:42:02,514 - INFO - Enhanced technical analysis completed for IDBI: 52 fields
2025-09-19 13:42:02,603 - INFO - Completed analysis for IDBI: Score=80.8, Recommendation=STRONG BUY (UNDERVALUED)
2025-09-19 13:42:08,320 - INFO - Comprehensive data extracted for IDFCFIRSTB
2025-09-19 13:42:08,320 - INFO - Fundamental analysis completed for IDFCFIRSTB: 58 fields
2025-09-19 13:42:08,390 - INFO - Comprehensive data extracted for IIFL
2025-09-19 13:42:08,396 - INFO - Fundamental analysis completed for IIFL: 58 fields
2025-09-19 13:42:08,422 - INFO - Comprehensive data extracted for IFCI
2025-09-19 13:42:08,426 - INFO - Fundamental analysis completed for IFCI: 58 fields
2025-09-19 13:42:08,976 - INFO - Enhanced technical analysis completed for IFCI: 52 fields
2025-09-19 13:42:09,063 - INFO - Enhanced technical analysis completed for IDFCFIRSTB: 52 fields
2025-09-19 13:42:09,170 - INFO - Completed analysis for IFCI: Score=43.3, Recommendation=WEAK SELL
2025-09-19 13:42:09,211 - INFO - Enhanced technical analysis completed for IIFL: 52 fields
2025-09-19 13:42:09,240 - INFO - Completed analysis for IDFCFIRSTB: Score=47.3, Recommendation=WEAK SELL
2025-09-19 13:42:09,306 - INFO - Completed analysis for IIFL: Score=30.7, Recommendation=SELL
2025-09-19 13:42:09,742 - INFO - Comprehensive data extracted for INOXINDIA
2025-09-19 13:42:09,758 - INFO - Fundamental analysis completed for INOXINDIA: 58 fields
2025-09-19 13:42:09,829 - INFO - Comprehensive data extracted for IRB
2025-09-19 13:42:09,830 - INFO - Fundamental analysis completed for IRB: 58 fields
2025-09-19 13:42:10,124 - INFO - Comprehensive data extracted for IRCON
2025-09-19 13:42:10,132 - INFO - Fundamental analysis completed for IRCON: 58 fields
2025-09-19 13:42:10,230 - INFO - Enhanced technical analysis completed for IRB: 52 fields
2025-09-19 13:42:10,284 - INFO - Enhanced technical analysis completed for INOXINDIA: 52 fields
2025-09-19 13:42:10,464 - INFO - Completed analysis for INOXINDIA: Score=45.2, Recommendation=WEAK SELL
2025-09-19 13:42:10,535 - INFO - Completed analysis for IRB: Score=67.4, Recommendation=BUY (VALUE)
2025-09-19 13:42:10,552 - INFO - Enhanced technical analysis completed for IRCON: 52 fields
2025-09-19 13:42:10,645 - INFO - Completed analysis for IRCON: Score=31.1, Recommendation=SELL
2025-09-19 13:42:11,077 - INFO - Comprehensive data extracted for ITI
2025-09-19 13:42:11,088 - INFO - Comprehensive data extracted for ITC
2025-09-19 13:42:11,088 - INFO - Fundamental analysis completed for ITI: 58 fields
2025-09-19 13:42:11,088 - INFO - Fundamental analysis completed for ITC: 58 fields
2025-09-19 13:42:11,329 - INFO - Enhanced technical analysis completed for ITI: 52 fields
2025-09-19 13:42:11,399 - INFO - Comprehensive data extracted for INDGN
2025-09-19 13:42:11,411 - INFO - Fundamental analysis completed for INDGN: 58 fields
2025-09-19 13:42:11,505 - INFO - Enhanced technical analysis completed for ITC: 52 fields
2025-09-19 13:42:11,530 - INFO - Completed analysis for ITI: Score=20.6, Recommendation=SELL
2025-09-19 13:42:11,704 - INFO - Completed analysis for ITC: Score=51.5, Recommendation=HOLD
2025-09-19 13:42:11,709 - INFO - Enhanced technical analysis completed for INDGN: 52 fields
2025-09-19 13:42:11,805 - INFO - Completed analysis for INDGN: Score=39.6, Recommendation=SELL
2025-09-19 13:42:12,223 - INFO - Comprehensive data extracted for INDIACEM
2025-09-19 13:42:12,225 - INFO - Fundamental analysis completed for INDIACEM: 58 fields
2025-09-19 13:42:12,616 - INFO - Enhanced technical analysis completed for INDIACEM: 52 fields
2025-09-19 13:42:12,687 - INFO - Completed analysis for INDIACEM: Score=29.7, Recommendation=SELL
2025-09-19 13:42:18,390 - INFO - Comprehensive data extracted for IEX
2025-09-19 13:42:18,392 - INFO - Fundamental analysis completed for IEX: 58 fields
2025-09-19 13:42:18,479 - INFO - Comprehensive data extracted for INDIAMART
2025-09-19 13:42:18,479 - INFO - Fundamental analysis completed for INDIAMART: 58 fields
2025-09-19 13:42:18,587 - INFO - Comprehensive data extracted for INDIANB
2025-09-19 13:42:18,600 - INFO - Fundamental analysis completed for INDIANB: 58 fields
2025-09-19 13:42:18,668 - INFO - Enhanced technical analysis completed for IEX: 52 fields
2025-09-19 13:42:18,757 - INFO - Completed analysis for IEX: Score=55.4, Recommendation=HOLD
2025-09-19 13:42:18,919 - INFO - Enhanced technical analysis completed for INDIAMART: 52 fields
2025-09-19 13:42:18,973 - INFO - Enhanced technical analysis completed for INDIANB: 52 fields
2025-09-19 13:42:19,093 - INFO - Completed analysis for INDIAMART: Score=61.1, Recommendation=BUY
2025-09-19 13:42:19,110 - INFO - Completed analysis for INDIANB: Score=83.4, Recommendation=STRONG BUY (UNDERVALUED)
2025-09-19 13:42:19,546 - INFO - Comprehensive data extracted for INDHOTEL
2025-09-19 13:42:19,548 - INFO - Fundamental analysis completed for INDHOTEL: 58 fields
2025-09-19 13:42:19,804 - INFO - Enhanced technical analysis completed for INDHOTEL: 52 fields
2025-09-19 13:42:19,861 - INFO - Comprehensive data extracted for IOB
2025-09-19 13:42:19,873 - INFO - Fundamental analysis completed for IOB: 58 fields
2025-09-19 13:42:19,880 - INFO - Comprehensive data extracted for IOC
2025-09-19 13:42:19,886 - INFO - Fundamental analysis completed for IOC: 58 fields
2025-09-19 13:42:19,988 - INFO - Completed analysis for INDHOTEL: Score=49.6, Recommendation=WEAK SELL
2025-09-19 13:42:20,114 - INFO - Enhanced technical analysis completed for IOB: 52 fields
2025-09-19 13:42:20,261 - INFO - Completed analysis for IOB: Score=75.8, Recommendation=STRONG BUY
2025-09-19 13:42:20,261 - INFO - Enhanced technical analysis completed for IOC: 52 fields
2025-09-19 13:42:20,355 - INFO - Completed analysis for IOC: Score=55.4, Recommendation=HOLD
2025-09-19 13:42:20,545 - INFO - Comprehensive data extracted for IRCTC
2025-09-19 13:42:20,545 - INFO - Fundamental analysis completed for IRCTC: 58 fields
2025-09-19 13:42:20,855 - INFO - Comprehensive data extracted for IRFC
2025-09-19 13:42:20,855 - INFO - Fundamental analysis completed for IRFC: 58 fields
2025-09-19 13:42:20,863 - INFO - Enhanced technical analysis completed for IRCTC: 52 fields
2025-09-19 13:42:20,907 - INFO - Comprehensive data extracted for IREDA
2025-09-19 13:42:20,953 - INFO - Fundamental analysis completed for IREDA: 58 fields
2025-09-19 13:42:20,977 - INFO - Completed analysis for IRCTC: Score=36.1, Recommendation=SELL
2025-09-19 13:42:21,091 - INFO - Enhanced technical analysis completed for IRFC: 52 fields
2025-09-19 13:42:21,208 - INFO - Enhanced technical analysis completed for IREDA: 52 fields
2025-09-19 13:42:21,291 - INFO - Completed analysis for IRFC: Score=62.3, Recommendation=BUY
2025-09-19 13:42:21,314 - INFO - Completed analysis for IREDA: Score=53.2, Recommendation=HOLD
2025-09-19 13:42:21,619 - INFO - Comprehensive data extracted for IGL
2025-09-19 13:42:21,621 - INFO - Fundamental analysis completed for IGL: 58 fields
2025-09-19 13:42:21,998 - INFO - Enhanced technical analysis completed for IGL: 52 fields
2025-09-19 13:42:22,074 - INFO - Completed analysis for IGL: Score=58.5, Recommendation=HOLD
2025-09-19 13:42:27,748 - INFO - Comprehensive data extracted for INDUSINDBK
2025-09-19 13:42:27,777 - INFO - Comprehensive data extracted for INDUSTOWER
2025-09-19 13:42:27,779 - INFO - Fundamental analysis completed for INDUSINDBK: 58 fields
2025-09-19 13:42:27,779 - INFO - Fundamental analysis completed for INDUSTOWER: 58 fields
2025-09-19 13:42:28,085 - INFO - Enhanced technical analysis completed for INDUSINDBK: 52 fields
2025-09-19 13:42:28,122 - INFO - Enhanced technical analysis completed for INDUSTOWER: 52 fields
2025-09-19 13:42:28,179 - INFO - Comprehensive data extracted for NAUKRI
2025-09-19 13:42:28,188 - INFO - Fundamental analysis completed for NAUKRI: 58 fields
2025-09-19 13:42:28,243 - INFO - Completed analysis for INDUSINDBK: Score=48.5, Recommendation=WEAK SELL
2025-09-19 13:42:28,293 - INFO - Completed analysis for INDUSTOWER: Score=68.3, Recommendation=BUY (VALUE)
2025-09-19 13:42:28,446 - INFO - Enhanced technical analysis completed for NAUKRI: 52 fields
2025-09-19 13:42:28,535 - INFO - Completed analysis for NAUKRI: Score=56.2, Recommendation=HOLD
2025-09-19 13:42:28,823 - INFO - Comprehensive data extracted for INOXWIND
2025-09-19 13:42:28,846 - INFO - Fundamental analysis completed for INOXWIND: 58 fields
2025-09-19 13:42:28,907 - INFO - Comprehensive data extracted for INFY
2025-09-19 13:42:28,907 - INFO - Fundamental analysis completed for INFY: 58 fields
2025-09-19 13:42:29,149 - INFO - Enhanced technical analysis completed for INOXWIND: 52 fields
2025-09-19 13:42:29,312 - INFO - Enhanced technical analysis completed for INFY: 52 fields
2025-09-19 13:42:29,329 - INFO - Comprehensive data extracted for INTELLECT
2025-09-19 13:42:29,335 - INFO - Fundamental analysis completed for INTELLECT: 58 fields
2025-09-19 13:42:29,363 - INFO - Completed analysis for INOXWIND: Score=37.6, Recommendation=SELL
2025-09-19 13:42:29,426 - INFO - Completed analysis for INFY: Score=64.8, Recommendation=BUY
2025-09-19 13:42:29,564 - INFO - Enhanced technical analysis completed for INTELLECT: 52 fields
2025-09-19 13:42:29,638 - INFO - Completed analysis for INTELLECT: Score=46.2, Recommendation=WEAK SELL
2025-09-19 13:42:30,103 - INFO - Comprehensive data extracted for INDIGO
2025-09-19 13:42:30,112 - INFO - Comprehensive data extracted for IGIL
2025-09-19 13:42:30,112 - INFO - Fundamental analysis completed for INDIGO: 58 fields
2025-09-19 13:42:30,112 - INFO - Fundamental analysis completed for IGIL: 58 fields
2025-09-19 13:42:30,181 - INFO - Comprehensive data extracted for IKS
2025-09-19 13:42:30,183 - INFO - Fundamental analysis completed for IKS: 58 fields
2025-09-19 13:42:30,437 - INFO - Enhanced technical analysis completed for IGIL: 52 fields
2025-09-19 13:42:30,533 - INFO - Enhanced technical analysis completed for INDIGO: 52 fields
2025-09-19 13:42:30,547 - INFO - Enhanced technical analysis completed for IKS: 52 fields
2025-09-19 13:42:30,640 - INFO - Completed analysis for IGIL: Score=53.4, Recommendation=HOLD
2025-09-19 13:42:30,738 - INFO - Completed analysis for INDIGO: Score=26.2, Recommendation=SELL
2025-09-19 13:42:30,742 - INFO - Completed analysis for IKS: Score=31.0, Recommendation=SELL
2025-09-19 13:42:31,335 - INFO - Comprehensive data extracted for IPCALAB
2025-09-19 13:42:31,337 - INFO - Fundamental analysis completed for IPCALAB: 58 fields
2025-09-19 13:42:31,603 - INFO - Enhanced technical analysis completed for IPCALAB: 52 fields
2025-09-19 13:42:31,688 - INFO - Completed analysis for IPCALAB: Score=43.0, Recommendation=WEAK SELL
2025-09-19 13:42:37,340 - INFO - Comprehensive data extracted for JBCHEPHARM
2025-09-19 13:42:37,340 - INFO - Fundamental analysis completed for JBCHEPHARM: 58 fields
2025-09-19 13:42:37,540 - INFO - Comprehensive data extracted for JBMA
2025-09-19 13:42:37,547 - INFO - Comprehensive data extracted for JKCEMENT
2025-09-19 13:42:37,547 - INFO - Fundamental analysis completed for JBMA: 58 fields
2025-09-19 13:42:37,547 - INFO - Fundamental analysis completed for JKCEMENT: 58 fields
2025-09-19 13:42:37,673 - INFO - Enhanced technical analysis completed for JBCHEPHARM: 52 fields
2025-09-19 13:42:37,811 - INFO - Completed analysis for JBCHEPHARM: Score=45.4, Recommendation=WEAK SELL
2025-09-19 13:42:37,888 - INFO - Enhanced technical analysis completed for JKCEMENT: 52 fields
2025-09-19 13:42:37,990 - INFO - Enhanced technical analysis completed for JBMA: 52 fields
2025-09-19 13:42:38,101 - INFO - Completed analysis for JKCEMENT: Score=44.0, Recommendation=WEAK SELL
2025-09-19 13:42:38,135 - INFO - Completed analysis for JBMA: Score=34.3, Recommendation=SELL
2025-09-19 13:42:38,431 - INFO - Comprehensive data extracted for JKTYRE
2025-09-19 13:42:38,432 - INFO - Fundamental analysis completed for JKTYRE: 58 fields
2025-09-19 13:42:38,683 - INFO - Enhanced technical analysis completed for JKTYRE: 52 fields
2025-09-19 13:42:38,743 - INFO - Comprehensive data extracted for JMFINANCIL
2025-09-19 13:42:38,747 - INFO - Fundamental analysis completed for JMFINANCIL: 58 fields
2025-09-19 13:42:38,807 - INFO - Completed analysis for JKTYRE: Score=42.1, Recommendation=WEAK SELL
2025-09-19 13:42:38,924 - INFO - Comprehensive data extracted for JSWENERGY
2025-09-19 13:42:38,926 - INFO - Fundamental analysis completed for JSWENERGY: 58 fields
2025-09-19 13:42:39,030 - INFO - Enhanced technical analysis completed for JMFINANCIL: 52 fields
2025-09-19 13:42:39,168 - INFO - Completed analysis for JMFINANCIL: Score=61.8, Recommendation=BUY (VALUE)
2025-09-19 13:42:39,229 - INFO - Enhanced technical analysis completed for JSWENERGY: 52 fields
2025-09-19 13:42:39,312 - INFO - Completed analysis for JSWENERGY: Score=46.1, Recommendation=WEAK SELL
2025-09-19 13:42:39,637 - INFO - Comprehensive data extracted for JSWHL
2025-09-19 13:42:39,637 - INFO - Fundamental analysis completed for JSWHL: 58 fields
2025-09-19 13:42:39,831 - INFO - Enhanced technical analysis completed for JSWHL: 52 fields
2025-09-19 13:42:39,891 - INFO - Comprehensive data extracted for JSWINFRA
2025-09-19 13:42:39,896 - INFO - Fundamental analysis completed for JSWINFRA: 58 fields
2025-09-19 13:42:39,950 - INFO - Completed analysis for JSWHL: Score=57.0, Recommendation=HOLD
2025-09-19 13:42:40,053 - INFO - Comprehensive data extracted for JSWSTEEL
2025-09-19 13:42:40,055 - INFO - Fundamental analysis completed for JSWSTEEL: 58 fields
2025-09-19 13:42:40,215 - INFO - Enhanced technical analysis completed for JSWINFRA: 52 fields
2025-09-19 13:42:40,312 - INFO - Completed analysis for JSWINFRA: Score=46.6, Recommendation=WEAK SELL
2025-09-19 13:42:40,427 - INFO - Enhanced technical analysis completed for JSWSTEEL: 52 fields
2025-09-19 13:42:40,509 - INFO - Completed analysis for JSWSTEEL: Score=38.5, Recommendation=SELL
2025-09-19 13:42:40,802 - INFO - Comprehensive data extracted for JPPOWER
2025-09-19 13:42:40,809 - INFO - Fundamental analysis completed for JPPOWER: 58 fields
2025-09-19 13:42:41,116 - INFO - Enhanced technical analysis completed for JPPOWER: 52 fields
2025-09-19 13:42:41,191 - INFO - Completed analysis for JPPOWER: Score=36.3, Recommendation=SELL
2025-09-19 13:42:47,199 - INFO - Comprehensive data extracted for J&KBANK
2025-09-19 13:42:47,204 - INFO - Comprehensive data extracted for JSL
2025-09-19 13:42:47,207 - INFO - Fundamental analysis completed for J&KBANK: 58 fields
2025-09-19 13:42:47,213 - INFO - Fundamental analysis completed for JSL: 58 fields
2025-09-19 13:42:47,291 - INFO - Comprehensive data extracted for JINDALSAW
2025-09-19 13:42:47,291 - INFO - Fundamental analysis completed for JINDALSAW: 58 fields
2025-09-19 13:42:47,604 - INFO - Enhanced technical analysis completed for JINDALSAW: 52 fields
2025-09-19 13:42:47,721 - INFO - Enhanced technical analysis completed for JSL: 52 fields
2025-09-19 13:42:47,729 - INFO - Enhanced technical analysis completed for J&KBANK: 52 fields
2025-09-19 13:42:47,846 - INFO - Completed analysis for JINDALSAW: Score=53.1, Recommendation=HOLD
2025-09-19 13:42:47,965 - INFO - Completed analysis for JSL: Score=46.9, Recommendation=WEAK SELL
2025-09-19 13:42:47,984 - INFO - Completed analysis for J&KBANK: Score=85.7, Recommendation=STRONG BUY (UNDERVALUED)
2025-09-19 13:42:48,591 - INFO - Comprehensive data extracted for JINDALSTEL
2025-09-19 13:42:48,609 - INFO - Fundamental analysis completed for JINDALSTEL: 58 fields
2025-09-19 13:42:48,693 - INFO - Comprehensive data extracted for JIOFIN
2025-09-19 13:42:48,706 - INFO - Fundamental analysis completed for JIOFIN: 58 fields
2025-09-19 13:42:48,739 - INFO - Comprehensive data extracted for JUBLFOOD
2025-09-19 13:42:48,747 - INFO - Fundamental analysis completed for JUBLFOOD: 58 fields
2025-09-19 13:42:48,946 - INFO - Enhanced technical analysis completed for JINDALSTEL: 52 fields
2025-09-19 13:42:49,074 - INFO - Enhanced technical analysis completed for JIOFIN: 52 fields
2025-09-19 13:42:49,153 - INFO - Enhanced technical analysis completed for JUBLFOOD: 52 fields
2025-09-19 13:42:49,225 - INFO - Completed analysis for JINDALSTEL: Score=29.3, Recommendation=SELL
2025-09-19 13:42:49,253 - INFO - Completed analysis for JIOFIN: Score=49.1, Recommendation=WEAK SELL
2025-09-19 13:42:49,311 - INFO - Completed analysis for JUBLFOOD: Score=36.0, Recommendation=SELL
2025-09-19 13:42:49,767 - INFO - Comprehensive data extracted for JUBLINGREA
2025-09-19 13:42:49,779 - INFO - Fundamental analysis completed for JUBLINGREA: 58 fields
2025-09-19 13:42:50,020 - INFO - Comprehensive data extracted for JUBLPHARMA
2025-09-19 13:42:50,042 - INFO - Fundamental analysis completed for JUBLPHARMA: 58 fields
2025-09-19 13:42:50,065 - INFO - Comprehensive data extracted for JWL
2025-09-19 13:42:50,123 - INFO - Fundamental analysis completed for JWL: 58 fields
2025-09-19 13:42:50,136 - INFO - Enhanced technical analysis completed for JUBLINGREA: 52 fields
2025-09-19 13:42:50,238 - INFO - Completed analysis for JUBLINGREA: Score=32.2, Recommendation=SELL
2025-09-19 13:42:50,399 - INFO - Enhanced technical analysis completed for JUBLPHARMA: 52 fields
2025-09-19 13:42:50,506 - INFO - Enhanced technical analysis completed for JWL: 52 fields
2025-09-19 13:42:50,560 - INFO - Completed analysis for JUBLPHARMA: Score=29.5, Recommendation=SELL
2025-09-19 13:42:50,614 - INFO - Completed analysis for JWL: Score=28.1, Recommendation=SELL
2025-09-19 13:42:50,997 - INFO - Comprehensive data extracted for JUSTDIAL
2025-09-19 13:42:50,997 - INFO - Fundamental analysis completed for JUSTDIAL: 58 fields
2025-09-19 13:42:51,240 - INFO - Enhanced technical analysis completed for JUSTDIAL: 52 fields
2025-09-19 13:42:51,312 - INFO - Completed analysis for JUSTDIAL: Score=54.3, Recommendation=HOLD
2025-09-19 13:42:56,993 - INFO - Comprehensive data extracted for JYOTHYLAB
2025-09-19 13:42:57,015 - INFO - Comprehensive data extracted for JYOTICNC
2025-09-19 13:42:57,015 - INFO - Fundamental analysis completed for JYOTHYLAB: 58 fields
2025-09-19 13:42:57,015 - INFO - Fundamental analysis completed for JYOTICNC: 58 fields
2025-09-19 13:42:57,102 - INFO - Comprehensive data extracted for KPRMILL
2025-09-19 13:42:57,107 - INFO - Fundamental analysis completed for KPRMILL: 58 fields
2025-09-19 13:42:57,446 - INFO - Enhanced technical analysis completed for JYOTICNC: 52 fields
2025-09-19 13:42:57,546 - INFO - Enhanced technical analysis completed for JYOTHYLAB: 52 fields
2025-09-19 13:42:57,554 - INFO - Enhanced technical analysis completed for KPRMILL: 52 fields
2025-09-19 13:42:57,710 - INFO - Completed analysis for JYOTICNC: Score=37.7, Recommendation=SELL
2025-09-19 13:42:57,731 - INFO - Completed analysis for JYOTHYLAB: Score=29.1, Recommendation=SELL
2025-09-19 13:42:57,745 - INFO - Completed analysis for KPRMILL: Score=36.4, Recommendation=SELL
2025-09-19 13:42:58,316 - INFO - Comprehensive data extracted for KNRCON
2025-09-19 13:42:58,316 - INFO - Fundamental analysis completed for KNRCON: 58 fields
2025-09-19 13:42:58,547 - INFO - Comprehensive data extracted for KEI
2025-09-19 13:42:58,561 - INFO - Comprehensive data extracted for KPITTECH
2025-09-19 13:42:58,577 - INFO - Fundamental analysis completed for KEI: 58 fields
2025-09-19 13:42:58,596 - INFO - Fundamental analysis completed for KPITTECH: 58 fields
2025-09-19 13:42:58,698 - INFO - Enhanced technical analysis completed for KNRCON: 52 fields
2025-09-19 13:42:58,869 - INFO - Completed analysis for KNRCON: Score=59.7, Recommendation=HOLD
2025-09-19 13:42:58,953 - INFO - Enhanced technical analysis completed for KEI: 52 fields
2025-09-19 13:42:59,076 - INFO - Enhanced technical analysis completed for KPITTECH: 52 fields
2025-09-19 13:42:59,117 - INFO - Completed analysis for KEI: Score=38.8, Recommendation=SELL
2025-09-19 13:42:59,208 - INFO - Completed analysis for KPITTECH: Score=37.7, Recommendation=SELL
2025-09-19 13:42:59,525 - INFO - Comprehensive data extracted for KAJARIACER
2025-09-19 13:42:59,527 - INFO - Fundamental analysis completed for KAJARIACER: 58 fields
2025-09-19 13:42:59,805 - INFO - Enhanced technical analysis completed for KAJARIACER: 52 fields
2025-09-19 13:42:59,835 - INFO - Comprehensive data extracted for KALYANKJIL
2025-09-19 13:42:59,843 - INFO - Fundamental analysis completed for KALYANKJIL: 58 fields
2025-09-19 13:42:59,892 - INFO - Comprehensive data extracted for KPIL
2025-09-19 13:42:59,895 - INFO - Fundamental analysis completed for KPIL: 58 fields
2025-09-19 13:42:59,957 - INFO - Completed analysis for KAJARIACER: Score=27.6, Recommendation=SELL
2025-09-19 13:43:00,228 - INFO - Enhanced technical analysis completed for KPIL: 52 fields
2025-09-19 13:43:00,228 - INFO - Enhanced technical analysis completed for KALYANKJIL: 52 fields
2025-09-19 13:43:00,342 - INFO - Completed analysis for KPIL: Score=41.7, Recommendation=WEAK SELL
2025-09-19 13:43:00,392 - INFO - Completed analysis for KALYANKJIL: Score=41.0, Recommendation=WEAK SELL
2025-09-19 13:43:00,813 - INFO - Comprehensive data extracted for KANSAINER
2025-09-19 13:43:00,813 - INFO - Fundamental analysis completed for KANSAINER: 58 fields
2025-09-19 13:43:01,059 - INFO - Enhanced technical analysis completed for KANSAINER: 52 fields
2025-09-19 13:43:01,193 - INFO - Completed analysis for KANSAINER: Score=45.2, Recommendation=WEAK SELL
2025-09-19 13:43:07,002 - INFO - Comprehensive data extracted for KAYNES
2025-09-19 13:43:07,029 - INFO - Fundamental analysis completed for KAYNES: 58 fields
2025-09-19 13:43:07,046 - INFO - Comprehensive data extracted for KEC
2025-09-19 13:43:07,054 - INFO - Fundamental analysis completed for KEC: 58 fields
2025-09-19 13:43:07,132 - INFO - Comprehensive data extracted for KARURVYSYA
2025-09-19 13:43:07,134 - INFO - Fundamental analysis completed for KARURVYSYA: 58 fields
2025-09-19 13:43:07,277 - INFO - Enhanced technical analysis completed for KAYNES: 52 fields
2025-09-19 13:43:07,441 - INFO - Enhanced technical analysis completed for KEC: 52 fields
2025-09-19 13:43:07,463 - INFO - Completed analysis for KAYNES: Score=29.2, Recommendation=SELL
2025-09-19 13:43:07,584 - INFO - Enhanced technical analysis completed for KARURVYSYA: 52 fields
2025-09-19 13:43:07,640 - INFO - Completed analysis for KEC: Score=40.1, Recommendation=WEAK SELL
2025-09-19 13:43:07,713 - INFO - Completed analysis for KARURVYSYA: Score=79.0, Recommendation=STRONG BUY (UNDERVALUED)
2025-09-19 13:43:08,033 - INFO - Comprehensive data extracted for KFINTECH
2025-09-19 13:43:08,043 - INFO - Fundamental analysis completed for KFINTECH: 58 fields
2025-09-19 13:43:08,228 - INFO - Comprehensive data extracted for KIRLOSBROS
2025-09-19 13:43:08,228 - INFO - Fundamental analysis completed for KIRLOSBROS: 58 fields
2025-09-19 13:43:08,307 - INFO - Comprehensive data extracted for KIRLOSENG
2025-09-19 13:43:08,330 - INFO - Fundamental analysis completed for KIRLOSENG: 58 fields
2025-09-19 13:43:08,583 - INFO - Enhanced technical analysis completed for KFINTECH: 52 fields
2025-09-19 13:43:08,583 - INFO - Enhanced technical analysis completed for KIRLOSBROS: 52 fields
2025-09-19 13:43:08,831 - INFO - Enhanced technical analysis completed for KIRLOSENG: 52 fields
2025-09-19 13:43:08,850 - INFO - Completed analysis for KIRLOSBROS: Score=32.1, Recommendation=SELL
2025-09-19 13:43:09,020 - INFO - Completed analysis for KIRLOSENG: Score=36.6, Recommendation=SELL
2025-09-19 13:43:09,024 - INFO - Completed analysis for KFINTECH: Score=43.6, Recommendation=WEAK SELL
2025-09-19 13:43:09,523 - INFO - Comprehensive data extracted for KOTAKBANK
2025-09-19 13:43:09,523 - INFO - Fundamental analysis completed for KOTAKBANK: 58 fields
2025-09-19 13:43:09,594 - INFO - Comprehensive data extracted for LTF
2025-09-19 13:43:09,594 - INFO - Fundamental analysis completed for LTF: 58 fields
2025-09-19 13:43:09,629 - INFO - Comprehensive data extracted for KIMS
2025-09-19 13:43:09,629 - INFO - Fundamental analysis completed for KIMS: 58 fields
2025-09-19 13:43:09,828 - INFO - Enhanced technical analysis completed for KOTAKBANK: 52 fields
2025-09-19 13:43:09,928 - INFO - Enhanced technical analysis completed for LTF: 52 fields
2025-09-19 13:43:10,007 - INFO - Enhanced technical analysis completed for KIMS: 52 fields
2025-09-19 13:43:10,059 - INFO - Completed analysis for KOTAKBANK: Score=67.8, Recommendation=BUY
2025-09-19 13:43:10,171 - INFO - Completed analysis for KIMS: Score=26.4, Recommendation=SELL
2025-09-19 13:43:10,173 - INFO - Completed analysis for LTF: Score=57.2, Recommendation=HOLD
2025-09-19 13:43:10,905 - INFO - Comprehensive data extracted for LTTS
2025-09-19 13:43:10,905 - INFO - Fundamental analysis completed for LTTS: 58 fields
2025-09-19 13:43:11,116 - INFO - Enhanced technical analysis completed for LTTS: 52 fields
2025-09-19 13:43:11,203 - INFO - Completed analysis for LTTS: Score=39.8, Recommendation=SELL
2025-09-19 13:43:16,880 - INFO - Comprehensive data extracted for LTFOODS
2025-09-19 13:43:16,897 - INFO - Comprehensive data extracted for LTIM
2025-09-19 13:43:16,897 - INFO - Fundamental analysis completed for LTFOODS: 58 fields
2025-09-19 13:43:16,897 - INFO - Fundamental analysis completed for LTIM: 58 fields
2025-09-19 13:43:17,107 - INFO - Comprehensive data extracted for LICHSGFIN
2025-09-19 13:43:17,191 - INFO - Fundamental analysis completed for LICHSGFIN: 58 fields
2025-09-19 13:43:17,207 - INFO - Enhanced technical analysis completed for LTFOODS: 52 fields
2025-09-19 13:43:17,340 - INFO - Enhanced technical analysis completed for LTIM: 52 fields
2025-09-19 13:43:17,347 - INFO - Completed analysis for LTFOODS: Score=39.3, Recommendation=SELL
2025-09-19 13:43:17,444 - INFO - Enhanced technical analysis completed for LICHSGFIN: 52 fields
2025-09-19 13:43:17,444 - INFO - Completed analysis for LTIM: Score=57.3, Recommendation=HOLD
2025-09-19 13:43:17,507 - INFO - Completed analysis for LICHSGFIN: Score=69.0, Recommendation=BUY (VALUE)
2025-09-19 13:43:17,841 - INFO - Comprehensive data extracted for LT
2025-09-19 13:43:17,841 - INFO - Fundamental analysis completed for LT: 58 fields
2025-09-19 13:43:18,003 - INFO - Comprehensive data extracted for LATENTVIEW
2025-09-19 13:43:18,006 - INFO - Fundamental analysis completed for LATENTVIEW: 58 fields
2025-09-19 13:43:18,079 - INFO - Enhanced technical analysis completed for LT: 52 fields
2025-09-19 13:43:18,162 - INFO - Completed analysis for LT: Score=44.3, Recommendation=WEAK SELL
2025-09-19 13:43:18,190 - INFO - Comprehensive data extracted for LAURUSLABS
2025-09-19 13:43:18,193 - INFO - Fundamental analysis completed for LAURUSLABS: 58 fields
2025-09-19 13:43:18,261 - INFO - Enhanced technical analysis completed for LATENTVIEW: 52 fields
2025-09-19 13:43:18,324 - INFO - Completed analysis for LATENTVIEW: Score=43.9, Recommendation=WEAK SELL
2025-09-19 13:43:18,396 - INFO - Enhanced technical analysis completed for LAURUSLABS: 52 fields
2025-09-19 13:43:18,463 - INFO - Completed analysis for LAURUSLABS: Score=42.4, Recommendation=WEAK SELL
2025-09-19 13:43:18,883 - INFO - Comprehensive data extracted for LEMONTREE
2025-09-19 13:43:18,883 - INFO - Fundamental analysis completed for LEMONTREE: 58 fields
2025-09-19 13:43:19,062 - INFO - Enhanced technical analysis completed for LEMONTREE: 52 fields
2025-09-19 13:43:19,114 - INFO - Comprehensive data extracted for LINDEINDIA
2025-09-19 13:43:19,141 - INFO - Completed analysis for LEMONTREE: Score=38.1, Recommendation=SELL
2025-09-19 13:43:19,141 - INFO - Fundamental analysis completed for LINDEINDIA: 58 fields
2025-09-19 13:43:19,224 - INFO - Comprehensive data extracted for LICI
2025-09-19 13:43:19,224 - INFO - Fundamental analysis completed for LICI: 58 fields
2025-09-19 13:43:19,428 - INFO - Enhanced technical analysis completed for LICI: 52 fields
2025-09-19 13:43:19,554 - INFO - Enhanced technical analysis completed for LINDEINDIA: 52 fields
2025-09-19 13:43:19,558 - INFO - Completed analysis for LICI: Score=65.8, Recommendation=BUY (VALUE)
2025-09-19 13:43:19,620 - INFO - Completed analysis for LINDEINDIA: Score=26.8, Recommendation=SELL
2025-09-19 13:43:19,690 - INFO - Comprehensive data extracted for LLOYDSME
2025-09-19 13:43:19,690 - INFO - Fundamental analysis completed for LLOYDSME: 58 fields
2025-09-19 13:43:19,862 - INFO - Enhanced technical analysis completed for LLOYDSME: 52 fields
2025-09-19 13:43:19,957 - INFO - Completed analysis for LLOYDSME: Score=29.6, Recommendation=SELL
2025-09-19 13:43:25,974 - INFO - Comprehensive data extracted for LODHA
2025-09-19 13:43:25,975 - INFO - Fundamental analysis completed for LODHA: 58 fields
2025-09-19 13:43:26,050 - INFO - Comprehensive data extracted for LUPIN
2025-09-19 13:43:26,050 - INFO - Fundamental analysis completed for LUPIN: 58 fields
2025-09-19 13:43:26,165 - INFO - Enhanced technical analysis completed for LODHA: 52 fields
2025-09-19 13:43:26,254 - INFO - Completed analysis for LODHA: Score=58.3, Recommendation=HOLD
2025-09-19 13:43:26,259 - INFO - Comprehensive data extracted for MMTC
2025-09-19 13:43:26,266 - INFO - Fundamental analysis completed for MMTC: 58 fields
2025-09-19 13:43:26,363 - INFO - Enhanced technical analysis completed for LUPIN: 52 fields
2025-09-19 13:43:26,415 - INFO - Completed analysis for LUPIN: Score=48.8, Recommendation=WEAK SELL
2025-09-19 13:43:27,085 - INFO - Enhanced technical analysis completed for MMTC: 52 fields
2025-09-19 13:43:27,124 - INFO - Completed analysis for MMTC: Score=55.7, Recommendation=HOLD
2025-09-19 13:43:27,303 - INFO - Comprehensive data extracted for MRF
2025-09-19 13:43:27,303 - INFO - Fundamental analysis completed for MRF: 58 fields
2025-09-19 13:43:27,776 - INFO - Enhanced technical analysis completed for MRF: 52 fields
2025-09-19 13:43:27,853 - INFO - Comprehensive data extracted for MGL
2025-09-19 13:43:27,854 - INFO - Completed analysis for MRF: Score=34.3, Recommendation=SELL
2025-09-19 13:43:27,854 - INFO - Fundamental analysis completed for MGL: 58 fields
2025-09-19 13:43:27,964 - INFO - Comprehensive data extracted for MAHSEAMLES
2025-09-19 13:43:27,965 - INFO - Fundamental analysis completed for MAHSEAMLES: 58 fields
2025-09-19 13:43:28,242 - INFO - Enhanced technical analysis completed for MAHSEAMLES: 52 fields
2025-09-19 13:43:28,261 - INFO - Enhanced technical analysis completed for MGL: 52 fields
2025-09-19 13:43:28,392 - INFO - Completed analysis for MAHSEAMLES: Score=75.7, Recommendation=STRONG BUY (UNDERVALUED)
2025-09-19 13:43:28,419 - INFO - Completed analysis for MGL: Score=58.8, Recommendation=HOLD
2025-09-19 13:43:28,465 - INFO - Comprehensive data extracted for M&MFIN
2025-09-19 13:43:28,465 - INFO - Fundamental analysis completed for M&MFIN: 58 fields
2025-09-19 13:43:28,864 - INFO - Enhanced technical analysis completed for M&MFIN: 52 fields
2025-09-19 13:43:28,945 - INFO - Completed analysis for M&MFIN: Score=65.3, Recommendation=BUY
2025-09-19 13:43:29,030 - INFO - Comprehensive data extracted for M&M
2025-09-19 13:43:29,033 - INFO - Fundamental analysis completed for M&M: 58 fields
2025-09-19 13:43:29,458 - INFO - Enhanced technical analysis completed for M&M: 52 fields
2025-09-19 13:43:29,527 - INFO - Completed analysis for M&M: Score=43.5, Recommendation=WEAK SELL
2025-09-19 13:43:29,925 - INFO - Comprehensive data extracted for MRPL
2025-09-19 13:43:29,926 - INFO - Fundamental analysis completed for MRPL: 58 fields
2025-09-19 13:43:30,102 - INFO - Enhanced technical analysis completed for MRPL: 52 fields
2025-09-19 13:43:30,159 - INFO - Completed analysis for MRPL: Score=56.0, Recommendation=HOLD
2025-09-19 13:43:30,452 - INFO - Comprehensive data extracted for MANAPPURAM
2025-09-19 13:43:30,459 - INFO - Fundamental analysis completed for MANAPPURAM: 58 fields
2025-09-19 13:43:30,915 - INFO - Enhanced technical analysis completed for MANAPPURAM: 52 fields
2025-09-19 13:43:31,013 - INFO - Completed analysis for MANAPPURAM: Score=33.4, Recommendation=SELL
2025-09-19 13:43:37,511 - INFO - Comprehensive data extracted for MARICO
2025-09-19 13:43:37,513 - INFO - Fundamental analysis completed for MARICO: 58 fields
2025-09-19 13:43:37,697 - INFO - Comprehensive data extracted for MARUTI
2025-09-19 13:43:37,710 - INFO - Fundamental analysis completed for MARUTI: 58 fields
2025-09-19 13:43:37,797 - INFO - Enhanced technical analysis completed for MARICO: 52 fields
2025-09-19 13:43:37,981 - INFO - Comprehensive data extracted for MANKIND
2025-09-19 13:43:38,005 - INFO - Fundamental analysis completed for MANKIND: 58 fields
2025-09-19 13:43:38,030 - INFO - Enhanced technical analysis completed for MARUTI: 52 fields
2025-09-19 13:43:38,041 - INFO - Completed analysis for MARICO: Score=34.0, Recommendation=SELL
2025-09-19 13:43:38,107 - INFO - Completed analysis for MARUTI: Score=49.4, Recommendation=WEAK SELL
2025-09-19 13:43:38,566 - INFO - Enhanced technical analysis completed for MANKIND: 52 fields
2025-09-19 13:43:38,677 - INFO - Comprehensive data extracted for MASTEK
2025-09-19 13:43:38,677 - INFO - Fundamental analysis completed for MASTEK: 58 fields
2025-09-19 13:43:38,686 - INFO - Completed analysis for MANKIND: Score=35.3, Recommendation=SELL
2025-09-19 13:43:38,896 - INFO - Enhanced technical analysis completed for MASTEK: 52 fields
2025-09-19 13:43:38,962 - INFO - Completed analysis for MASTEK: Score=50.1, Recommendation=HOLD
2025-09-19 13:43:39,247 - INFO - Comprehensive data extracted for MFSL
2025-09-19 13:43:39,249 - INFO - Fundamental analysis completed for MFSL: 58 fields
2025-09-19 13:43:39,435 - INFO - Comprehensive data extracted for MAXHEALTH
2025-09-19 13:43:39,442 - INFO - Fundamental analysis completed for MAXHEALTH: 58 fields
2025-09-19 13:43:39,636 - INFO - Enhanced technical analysis completed for MFSL: 52 fields
2025-09-19 13:43:39,698 - INFO - Comprehensive data extracted for MAZDOCK
2025-09-19 13:43:39,711 - INFO - Fundamental analysis completed for MAZDOCK: 58 fields
2025-09-19 13:43:39,871 - INFO - Completed analysis for MFSL: Score=21.2, Recommendation=SELL
2025-09-19 13:43:39,893 - INFO - Enhanced technical analysis completed for MAXHEALTH: 52 fields
2025-09-19 13:43:39,985 - INFO - Completed analysis for MAXHEALTH: Score=42.6, Recommendation=WEAK SELL
2025-09-19 13:43:40,113 - INFO - Enhanced technical analysis completed for MAZDOCK: 52 fields
2025-09-19 13:43:40,196 - INFO - Completed analysis for MAZDOCK: Score=48.7, Recommendation=WEAK SELL
2025-09-19 13:43:40,687 - INFO - Comprehensive data extracted for MSUMI
2025-09-19 13:43:40,693 - INFO - Fundamental analysis completed for MSUMI: 58 fields
2025-09-19 13:43:40,797 - INFO - Comprehensive data extracted for MINDACORP
2025-09-19 13:43:40,797 - INFO - Fundamental analysis completed for MINDACORP: 58 fields
2025-09-19 13:43:41,034 - INFO - Enhanced technical analysis completed for MSUMI: 52 fields
2025-09-19 13:43:41,099 - INFO - Completed analysis for MSUMI: Score=22.4, Recommendation=SELL
2025-09-19 13:43:41,401 - INFO - Enhanced technical analysis completed for MINDACORP: 52 fields
2025-09-19 13:43:41,508 - INFO - Comprehensive data extracted for METROPOLIS
2025-09-19 13:43:41,508 - INFO - Fundamental analysis completed for METROPOLIS: 58 fields
2025-09-19 13:43:41,531 - INFO - Completed analysis for MINDACORP: Score=33.8, Recommendation=SELL
2025-09-19 13:43:41,698 - INFO - Enhanced technical analysis completed for METROPOLIS: 52 fields
2025-09-19 13:43:41,766 - INFO - Completed analysis for METROPOLIS: Score=35.4, Recommendation=SELL
2025-09-19 13:43:47,520 - INFO - Comprehensive data extracted for MPHASIS
2025-09-19 13:43:47,521 - INFO - Fundamental analysis completed for MPHASIS: 58 fields
2025-09-19 13:43:47,663 - INFO - Comprehensive data extracted for MOTILALOFS
2025-09-19 13:43:47,671 - INFO - Fundamental analysis completed for MOTILALOFS: 58 fields
2025-09-19 13:43:47,727 - INFO - Comprehensive data extracted for MCX
2025-09-19 13:43:47,727 - INFO - Fundamental analysis completed for MCX: 58 fields
2025-09-19 13:43:47,946 - INFO - Enhanced technical analysis completed for MPHASIS: 52 fields
2025-09-19 13:43:48,041 - INFO - Enhanced technical analysis completed for MOTILALOFS: 52 fields
2025-09-19 13:43:48,110 - INFO - Enhanced technical analysis completed for MCX: 52 fields
2025-09-19 13:43:48,292 - INFO - Completed analysis for MPHASIS: Score=52.4, Recommendation=HOLD
2025-09-19 13:43:48,314 - INFO - Completed analysis for MOTILALOFS: Score=55.9, Recommendation=HOLD
2025-09-19 13:43:48,333 - INFO - Completed analysis for MCX: Score=62.1, Recommendation=BUY
2025-09-19 13:43:49,065 - INFO - Comprehensive data extracted for MUTHOOTFIN
2025-09-19 13:43:49,065 - INFO - Fundamental analysis completed for MUTHOOTFIN: 58 fields
2025-09-19 13:43:49,314 - INFO - Comprehensive data extracted for NATCOPHARM
2025-09-19 13:43:49,317 - INFO - Fundamental analysis completed for NATCOPHARM: 58 fields
2025-09-19 13:43:49,648 - INFO - Enhanced technical analysis completed for MUTHOOTFIN: 52 fields
2025-09-19 13:43:49,702 - INFO - Enhanced technical analysis completed for NATCOPHARM: 52 fields
2025-09-19 13:43:49,831 - INFO - Completed analysis for MUTHOOTFIN: Score=72.7, Recommendation=STRONG BUY
2025-09-19 13:43:49,831 - INFO - Completed analysis for NATCOPHARM: Score=51.0, Recommendation=HOLD
2025-09-19 13:43:50,066 - INFO - Comprehensive data extracted for NBCC
2025-09-19 13:43:50,070 - INFO - Fundamental analysis completed for NBCC: 58 fields
2025-09-19 13:43:50,218 - INFO - Enhanced technical analysis completed for NBCC: 52 fields
2025-09-19 13:43:50,280 - INFO - Completed analysis for NBCC: Score=50.9, Recommendation=HOLD
2025-09-19 13:43:50,731 - INFO - Comprehensive data extracted for NHPC
2025-09-19 13:43:50,731 - INFO - Fundamental analysis completed for NHPC: 58 fields
2025-09-19 13:43:50,795 - INFO - Comprehensive data extracted for NCC
2025-09-19 13:43:50,795 - INFO - Fundamental analysis completed for NCC: 58 fields
2025-09-19 13:43:51,182 - INFO - Enhanced technical analysis completed for NHPC: 52 fields
2025-09-19 13:43:51,229 - INFO - Completed analysis for NHPC: Score=46.3, Recommendation=WEAK SELL
2025-09-19 13:43:51,301 - INFO - Enhanced technical analysis completed for NCC: 52 fields
2025-09-19 13:43:51,345 - INFO - Completed analysis for NCC: Score=43.5, Recommendation=WEAK SELL
2025-09-19 13:43:51,705 - INFO - Comprehensive data extracted for NLCINDIA
2025-09-19 13:43:51,712 - INFO - Fundamental analysis completed for NLCINDIA: 58 fields
2025-09-19 13:43:52,608 - INFO - Comprehensive data extracted for NMDC
2025-09-19 13:43:52,608 - INFO - Fundamental analysis completed for NMDC: 58 fields
2025-09-19 13:43:53,029 - INFO - Enhanced technical analysis completed for NMDC: 52 fields
2025-09-19 13:43:53,080 - INFO - Completed analysis for NMDC: Score=73.5, Recommendation=STRONG BUY (UNDERVALUED)
2025-09-19 13:43:53,368 - INFO - Enhanced technical analysis completed for NLCINDIA: 52 fields
2025-09-19 13:43:53,434 - INFO - Completed analysis for NLCINDIA: Score=67.2, Recommendation=BUY (VALUE)
2025-09-19 13:43:58,991 - INFO - Comprehensive data extracted for NTPC
2025-09-19 13:43:58,993 - INFO - Fundamental analysis completed for NTPC: 58 fields
2025-09-19 13:43:59,015 - INFO - Comprehensive data extracted for NSLNISP
2025-09-19 13:43:59,020 - INFO - Fundamental analysis completed for NSLNISP: 58 fields
2025-09-19 13:43:59,522 - INFO - Enhanced technical analysis completed for NTPC: 52 fields
2025-09-19 13:43:59,564 - INFO - Enhanced technical analysis completed for NSLNISP: 52 fields
2025-09-19 13:43:59,630 - INFO - Completed analysis for NSLNISP: Score=49.8, Recommendation=WEAK SELL
2025-09-19 13:43:59,638 - INFO - Completed analysis for NTPC: Score=54.9, Recommendation=HOLD
2025-09-19 13:44:00,169 - INFO - Comprehensive data extracted for NH
2025-09-19 13:44:00,172 - INFO - Fundamental analysis completed for NH: 58 fields
2025-09-19 13:44:00,826 - INFO - Comprehensive data extracted for NTPCGREEN
2025-09-19 13:44:00,842 - INFO - Fundamental analysis completed for NTPCGREEN: 58 fields
2025-09-19 13:44:00,906 - INFO - Enhanced technical analysis completed for NH: 52 fields
2025-09-19 13:44:00,948 - INFO - Completed analysis for NH: Score=32.5, Recommendation=SELL
2025-09-19 13:44:01,101 - INFO - Comprehensive data extracted for NATIONALUM
2025-09-19 13:44:01,103 - INFO - Fundamental analysis completed for NATIONALUM: 58 fields
2025-09-19 13:44:01,255 - INFO - Enhanced technical analysis completed for NATIONALUM: 52 fields
2025-09-19 13:44:01,305 - INFO - Completed analysis for NATIONALUM: Score=65.5, Recommendation=BUY (VALUE)
2025-09-19 13:44:01,354 - INFO - Enhanced technical analysis completed for NTPCGREEN: 52 fields
2025-09-19 13:44:01,405 - INFO - Completed analysis for NTPCGREEN: Score=36.9, Recommendation=SELL
2025-09-19 13:44:02,002 - INFO - Comprehensive data extracted for NAVA
2025-09-19 13:44:02,014 - INFO - Fundamental analysis completed for NAVA: 58 fields
2025-09-19 13:44:02,216 - INFO - Comprehensive data extracted for NESTLEIND
2025-09-19 13:44:02,224 - INFO - Fundamental analysis completed for NESTLEIND: 58 fields
2025-09-19 13:44:02,427 - INFO - Enhanced technical analysis completed for NESTLEIND: 52 fields
2025-09-19 13:44:02,513 - INFO - Completed analysis for NESTLEIND: Score=28.1, Recommendation=SELL
2025-09-19 13:44:02,580 - INFO - Comprehensive data extracted for NAVINFLUOR
2025-09-19 13:44:02,580 - INFO - Fundamental analysis completed for NAVINFLUOR: 58 fields
2025-09-19 13:44:02,741 - INFO - Enhanced technical analysis completed for NAVA: 52 fields
2025-09-19 13:44:02,855 - INFO - Enhanced technical analysis completed for NAVINFLUOR: 52 fields
2025-09-19 13:44:02,942 - INFO - Completed analysis for NAVA: Score=49.2, Recommendation=WEAK SELL
2025-09-19 13:44:02,994 - INFO - Completed analysis for NAVINFLUOR: Score=42.2, Recommendation=WEAK SELL
2025-09-19 13:44:03,233 - INFO - Comprehensive data extracted for NETWEB
2025-09-19 13:44:03,233 - INFO - Fundamental analysis completed for NETWEB: 58 fields
2025-09-19 13:44:04,149 - INFO - Enhanced technical analysis completed for NETWEB: 52 fields
2025-09-19 13:44:04,241 - INFO - Completed analysis for NETWEB: Score=40.9, Recommendation=WEAK SELL
2025-09-19 13:44:05,368 - INFO - Comprehensive data extracted for NETWORK18
2025-09-19 13:44:05,370 - INFO - Fundamental analysis completed for NETWORK18: 58 fields
2025-09-19 13:44:05,776 - INFO - Enhanced technical analysis completed for NETWORK18: 52 fields
2025-09-19 13:44:05,869 - INFO - Completed analysis for NETWORK18: Score=37.0, Recommendation=SELL
2025-09-19 13:44:11,450 - INFO - Comprehensive data extracted for NEWGEN
2025-09-19 13:44:11,450 - INFO - Fundamental analysis completed for NEWGEN: 58 fields
2025-09-19 13:44:11,505 - INFO - Comprehensive data extracted for NEULANDLAB
2025-09-19 13:44:11,505 - INFO - Fundamental analysis completed for NEULANDLAB: 58 fields
2025-09-19 13:44:11,594 - INFO - Comprehensive data extracted for NAM-INDIA
2025-09-19 13:44:11,680 - INFO - Fundamental analysis completed for NAM-INDIA: 58 fields
2025-09-19 13:44:11,850 - INFO - Enhanced technical analysis completed for NEWGEN: 52 fields
2025-09-19 13:44:11,895 - INFO - Enhanced technical analysis completed for NEULANDLAB: 52 fields
2025-09-19 13:44:12,042 - INFO - Completed analysis for NEWGEN: Score=36.9, Recommendation=SELL
2025-09-19 13:44:12,059 - INFO - Completed analysis for NEULANDLAB: Score=23.5, Recommendation=SELL
2025-09-19 13:44:12,127 - INFO - Enhanced technical analysis completed for NAM-INDIA: 52 fields
2025-09-19 13:44:12,197 - INFO - Completed analysis for NAM-INDIA: Score=41.5, Recommendation=WEAK SELL
2025-09-19 13:44:12,554 - INFO - Comprehensive data extracted for NIVABUPA
2025-09-19 13:44:12,558 - INFO - Fundamental analysis completed for NIVABUPA: 58 fields
2025-09-19 13:44:12,707 - INFO - Comprehensive data extracted for OBEROIRLTY
2025-09-19 13:44:12,711 - INFO - Fundamental analysis completed for OBEROIRLTY: 58 fields
2025-09-19 13:44:12,937 - INFO - Enhanced technical analysis completed for OBEROIRLTY: 52 fields
2025-09-19 13:44:13,079 - INFO - Enhanced technical analysis completed for NIVABUPA: 52 fields
2025-09-19 13:44:13,098 - INFO - Completed analysis for OBEROIRLTY: Score=35.3, Recommendation=SELL
2025-09-19 13:44:13,197 - INFO - Completed analysis for NIVABUPA: Score=31.2, Recommendation=SELL
2025-09-19 13:44:13,539 - INFO - Comprehensive data extracted for ONGC
2025-09-19 13:44:13,544 - INFO - Fundamental analysis completed for ONGC: 58 fields
2025-09-19 13:44:13,794 - INFO - Enhanced technical analysis completed for ONGC: 52 fields
2025-09-19 13:44:13,931 - INFO - Completed analysis for ONGC: Score=55.7, Recommendation=HOLD
2025-09-19 13:44:13,931 - INFO - Comprehensive data extracted for NUVAMA
2025-09-19 13:44:13,940 - INFO - Fundamental analysis completed for NUVAMA: 58 fields
2025-09-19 13:44:14,203 - INFO - Comprehensive data extracted for OIL
2025-09-19 13:44:14,205 - INFO - Fundamental analysis completed for OIL: 58 fields
2025-09-19 13:44:14,395 - INFO - Comprehensive data extracted for OLAELEC
2025-09-19 13:44:14,419 - INFO - Fundamental analysis completed for OLAELEC: 58 fields
2025-09-19 13:44:14,449 - INFO - Enhanced technical analysis completed for OIL: 52 fields
2025-09-19 13:44:14,552 - INFO - Completed analysis for OIL: Score=58.1, Recommendation=HOLD
2025-09-19 13:44:14,811 - INFO - Enhanced technical analysis completed for NUVAMA: 52 fields
2025-09-19 13:44:14,965 - INFO - Enhanced technical analysis completed for OLAELEC: 52 fields
2025-09-19 13:44:15,013 - INFO - Completed analysis for NUVAMA: Score=51.0, Recommendation=HOLD
2025-09-19 13:44:15,063 - INFO - Completed analysis for OLAELEC: Score=24.5, Recommendation=SELL
2025-09-19 13:44:15,829 - INFO - Comprehensive data extracted for OLECTRA
2025-09-19 13:44:15,829 - INFO - Fundamental analysis completed for OLECTRA: 58 fields
2025-09-19 13:44:16,426 - INFO - Enhanced technical analysis completed for OLECTRA: 52 fields
2025-09-19 13:44:16,513 - INFO - Completed analysis for OLECTRA: Score=38.0, Recommendation=SELL
2025-09-19 13:44:22,089 - INFO - Comprehensive data extracted for POLICYBZR
2025-09-19 13:44:22,091 - INFO - Fundamental analysis completed for POLICYBZR: 58 fields
2025-09-19 13:44:22,172 - INFO - Comprehensive data extracted for PAYTM
2025-09-19 13:44:22,183 - INFO - Comprehensive data extracted for OFSS
2025-09-19 13:44:22,183 - INFO - Fundamental analysis completed for PAYTM: 58 fields
2025-09-19 13:44:22,188 - INFO - Fundamental analysis completed for OFSS: 58 fields
2025-09-19 13:44:22,405 - INFO - Enhanced technical analysis completed for OFSS: 52 fields
2025-09-19 13:44:22,573 - INFO - Enhanced technical analysis completed for POLICYBZR: 52 fields
2025-09-19 13:44:22,598 - INFO - Completed analysis for OFSS: Score=67.8, Recommendation=BUY
2025-09-19 13:44:22,775 - INFO - Completed analysis for POLICYBZR: Score=30.2, Recommendation=SELL
2025-09-19 13:44:22,791 - INFO - Enhanced technical analysis completed for PAYTM: 52 fields
2025-09-19 13:44:22,863 - INFO - Completed analysis for PAYTM: Score=28.3, Recommendation=SELL
2025-09-19 13:44:23,281 - INFO - Comprehensive data extracted for PGEL
2025-09-19 13:44:23,281 - INFO - Fundamental analysis completed for PGEL: 58 fields
2025-09-19 13:44:23,345 - INFO - Comprehensive data extracted for PCBL
2025-09-19 13:44:23,347 - INFO - Fundamental analysis completed for PCBL: 58 fields
2025-09-19 13:44:23,899 - INFO - Enhanced technical analysis completed for PCBL: 52 fields
2025-09-19 13:44:24,037 - INFO - Completed analysis for PCBL: Score=31.6, Recommendation=SELL
2025-09-19 13:44:24,161 - INFO - Comprehensive data extracted for PIIND
2025-09-19 13:44:24,163 - INFO - Fundamental analysis completed for PIIND: 58 fields
2025-09-19 13:44:24,241 - INFO - Enhanced technical analysis completed for PGEL: 52 fields
2025-09-19 13:44:24,368 - INFO - Completed analysis for PGEL: Score=28.8, Recommendation=SELL
2025-09-19 13:44:24,436 - INFO - Enhanced technical analysis completed for PIIND: 52 fields
2025-09-19 13:44:24,528 - INFO - Completed analysis for PIIND: Score=29.1, Recommendation=SELL
2025-09-19 13:44:24,834 - INFO - Comprehensive data extracted for PNBHOUSING
2025-09-19 13:44:24,834 - INFO - Fundamental analysis completed for PNBHOUSING: 58 fields
2025-09-19 13:44:25,095 - INFO - Enhanced technical analysis completed for PNBHOUSING: 52 fields
2025-09-19 13:44:25,177 - INFO - Completed analysis for PNBHOUSING: Score=70.7, Recommendation=STRONG BUY (UNDERVALUED)
2025-09-19 13:44:26,080 - INFO - Comprehensive data extracted for PVRINOX
2025-09-19 13:44:26,080 - INFO - Fundamental analysis completed for PVRINOX: 58 fields
2025-09-19 13:44:26,516 - INFO - Enhanced technical analysis completed for PVRINOX: 52 fields
2025-09-19 13:44:26,583 - INFO - Completed analysis for PVRINOX: Score=45.7, Recommendation=WEAK SELL
2025-09-19 13:44:26,788 - INFO - Comprehensive data extracted for PTCIL
2025-09-19 13:44:26,792 - INFO - Fundamental analysis completed for PTCIL: 58 fields
2025-09-19 13:44:27,904 - INFO - Enhanced technical analysis completed for PTCIL: 52 fields
2025-09-19 13:44:27,972 - INFO - Completed analysis for PTCIL: Score=37.8, Recommendation=SELL
2025-09-19 13:44:28,351 - INFO - Comprehensive data extracted for PNCINFRA
2025-09-19 13:44:28,351 - INFO - Fundamental analysis completed for PNCINFRA: 58 fields
2025-09-19 13:44:28,522 - INFO - Enhanced technical analysis completed for PNCINFRA: 52 fields
2025-09-19 13:44:28,602 - INFO - Completed analysis for PNCINFRA: Score=52.1, Recommendation=HOLD
2025-09-19 13:44:34,429 - INFO - Comprehensive data extracted for PAGEIND
2025-09-19 13:44:34,429 - INFO - Fundamental analysis completed for PAGEIND: 58 fields
2025-09-19 13:44:34,587 - INFO - Comprehensive data extracted for PATANJALI
2025-09-19 13:44:34,589 - INFO - Fundamental analysis completed for PATANJALI: 58 fields
2025-09-19 13:44:34,831 - INFO - Enhanced technical analysis completed for PATANJALI: 52 fields
2025-09-19 13:44:34,938 - INFO - Completed analysis for PATANJALI: Score=35.6, Recommendation=SELL
2025-09-19 13:44:35,098 - INFO - Comprehensive data extracted for PERSISTENT
2025-09-19 13:44:35,100 - INFO - Fundamental analysis completed for PERSISTENT: 58 fields
2025-09-19 13:44:35,165 - INFO - Enhanced technical analysis completed for PAGEIND: 52 fields
2025-09-19 13:44:35,234 - INFO - Completed analysis for PAGEIND: Score=39.3, Recommendation=SELL
2025-09-19 13:44:35,448 - INFO - Enhanced technical analysis completed for PERSISTENT: 52 fields
2025-09-19 13:44:35,530 - INFO - Completed analysis for PERSISTENT: Score=66.7, Recommendation=BUY
2025-09-19 13:44:35,742 - INFO - Comprehensive data extracted for PFIZER
2025-09-19 13:44:35,742 - INFO - Fundamental analysis completed for PFIZER: 58 fields
2025-09-19 13:44:35,834 - INFO - Comprehensive data extracted for PETRONET
2025-09-19 13:44:35,834 - INFO - Fundamental analysis completed for PETRONET: 58 fields
2025-09-19 13:44:36,058 - INFO - Enhanced technical analysis completed for PFIZER: 52 fields
2025-09-19 13:44:36,092 - INFO - Enhanced technical analysis completed for PETRONET: 52 fields
2025-09-19 13:44:36,209 - INFO - Completed analysis for PFIZER: Score=41.6, Recommendation=WEAK SELL
2025-09-19 13:44:36,226 - INFO - Completed analysis for PETRONET: Score=48.7, Recommendation=WEAK SELL
2025-09-19 13:44:36,713 - INFO - Comprehensive data extracted for PHOENIXLTD
2025-09-19 13:44:36,713 - INFO - Fundamental analysis completed for PHOENIXLTD: 58 fields
2025-09-19 13:44:37,063 - INFO - Comprehensive data extracted for PIDILITIND
2025-09-19 13:44:37,063 - INFO - Fundamental analysis completed for PIDILITIND: 58 fields
2025-09-19 13:44:37,288 - INFO - Enhanced technical analysis completed for PIDILITIND: 52 fields
2025-09-19 13:44:37,332 - INFO - Comprehensive data extracted for PEL
2025-09-19 13:44:37,348 - INFO - Fundamental analysis completed for PEL: 58 fields
2025-09-19 13:44:37,427 - INFO - Completed analysis for PIDILITIND: Score=36.8, Recommendation=SELL
2025-09-19 13:44:37,632 - INFO - Enhanced technical analysis completed for PEL: 52 fields
2025-09-19 13:44:37,771 - INFO - Completed analysis for PEL: Score=41.9, Recommendation=WEAK SELL
2025-09-19 13:44:37,845 - INFO - Enhanced technical analysis completed for PHOENIXLTD: 52 fields
2025-09-19 13:44:37,928 - INFO - Completed analysis for PHOENIXLTD: Score=36.1, Recommendation=SELL
2025-09-19 13:44:38,039 - INFO - Comprehensive data extracted for PPLPHARMA
2025-09-19 13:44:38,041 - INFO - Fundamental analysis completed for PPLPHARMA: 58 fields
2025-09-19 13:44:38,307 - INFO - Comprehensive data extracted for POLYMED
2025-09-19 13:44:38,311 - INFO - Fundamental analysis completed for POLYMED: 58 fields
2025-09-19 13:44:38,585 - INFO - Enhanced technical analysis completed for POLYMED: 52 fields
2025-09-19 13:44:38,655 - INFO - Enhanced technical analysis completed for PPLPHARMA: 52 fields
2025-09-19 13:44:38,780 - INFO - Completed analysis for POLYMED: Score=38.6, Recommendation=SELL
2025-09-19 13:44:38,792 - INFO - Completed analysis for PPLPHARMA: Score=30.2, Recommendation=SELL
2025-09-19 13:44:44,362 - INFO - Comprehensive data extracted for POONAWALLA
2025-09-19 13:44:44,364 - INFO - Fundamental analysis completed for POONAWALLA: 58 fields
2025-09-19 13:44:44,563 - INFO - Enhanced technical analysis completed for POONAWALLA: 52 fields
2025-09-19 13:44:44,663 - INFO - Completed analysis for POONAWALLA: Score=28.7, Recommendation=SELL
2025-09-19 13:44:45,790 - INFO - Comprehensive data extracted for POWERGRID
2025-09-19 13:44:45,792 - INFO - Fundamental analysis completed for POWERGRID: 58 fields
2025-09-19 13:44:45,880 - INFO - Comprehensive data extracted for PFC
2025-09-19 13:44:45,882 - INFO - Fundamental analysis completed for PFC: 58 fields
2025-09-19 13:44:46,039 - INFO - Enhanced technical analysis completed for POWERGRID: 52 fields
2025-09-19 13:44:46,120 - INFO - Completed analysis for POWERGRID: Score=46.0, Recommendation=WEAK SELL
2025-09-19 13:44:46,939 - INFO - Enhanced technical analysis completed for PFC: 52 fields
2025-09-19 13:44:47,026 - INFO - Completed analysis for PFC: Score=74.3, Recommendation=STRONG BUY (UNDERVALUED)
2025-09-19 13:44:47,082 - INFO - Comprehensive data extracted for PRAJIND
2025-09-19 13:44:47,083 - INFO - Fundamental analysis completed for PRAJIND: 58 fields
2025-09-19 13:44:47,378 - INFO - Enhanced technical analysis completed for PRAJIND: 52 fields
2025-09-19 13:44:47,466 - INFO - Completed analysis for PRAJIND: Score=23.2, Recommendation=SELL
2025-09-19 13:44:47,567 - INFO - Comprehensive data extracted for POLYCAB
2025-09-19 13:44:47,567 - INFO - Fundamental analysis completed for POLYCAB: 58 fields
2025-09-19 13:44:47,746 - INFO - Enhanced technical analysis completed for POLYCAB: 52 fields
2025-09-19 13:44:47,811 - INFO - Completed analysis for POLYCAB: Score=63.3, Recommendation=BUY
2025-09-19 13:44:47,985 - INFO - Comprehensive data extracted for PREMIERENE
2025-09-19 13:44:47,993 - INFO - Fundamental analysis completed for PREMIERENE: 58 fields
2025-09-19 13:44:48,164 - INFO - Enhanced technical analysis completed for PREMIERENE: 52 fields
2025-09-19 13:44:48,235 - INFO - Completed analysis for PREMIERENE: Score=41.9, Recommendation=WEAK SELL
2025-09-19 13:44:48,295 - INFO - Comprehensive data extracted for PNB
2025-09-19 13:44:48,308 - INFO - Fundamental analysis completed for PNB: 58 fields
2025-09-19 13:44:48,330 - INFO - Comprehensive data extracted for PRESTIGE
2025-09-19 13:44:48,332 - INFO - Fundamental analysis completed for PRESTIGE: 58 fields
2025-09-19 13:44:48,571 - INFO - Enhanced technical analysis completed for PNB: 52 fields
2025-09-19 13:44:48,653 - INFO - Completed analysis for PNB: Score=85.8, Recommendation=STRONG BUY (UNDERVALUED)
2025-09-19 13:44:48,799 - INFO - Enhanced technical analysis completed for PRESTIGE: 52 fields
2025-09-19 13:44:48,939 - INFO - Completed analysis for PRESTIGE: Score=44.5, Recommendation=WEAK SELL
2025-09-19 13:44:48,941 - INFO - Comprehensive data extracted for RRKABEL
2025-09-19 13:44:48,949 - INFO - Fundamental analysis completed for RRKABEL: 58 fields
2025-09-19 13:44:49,169 - INFO - Comprehensive data extracted for RBLBANK
2025-09-19 13:44:49,251 - INFO - Fundamental analysis completed for RBLBANK: 58 fields
2025-09-19 13:44:49,396 - INFO - Enhanced technical analysis completed for RRKABEL: 52 fields
2025-09-19 13:44:49,513 - INFO - Completed analysis for RRKABEL: Score=37.5, Recommendation=SELL
2025-09-19 13:44:49,577 - INFO - Enhanced technical analysis completed for RBLBANK: 52 fields
2025-09-19 13:44:49,630 - INFO - Completed analysis for RBLBANK: Score=52.8, Recommendation=HOLD
2025-09-19 13:44:55,339 - INFO - Comprehensive data extracted for RHIM
2025-09-19 13:44:55,346 - INFO - Fundamental analysis completed for RHIM: 58 fields
2025-09-19 13:44:55,636 - INFO - Comprehensive data extracted for RITES
2025-09-19 13:44:55,640 - INFO - Fundamental analysis completed for RITES: 58 fields
2025-09-19 13:44:55,783 - INFO - Comprehensive data extracted for RECLTD
2025-09-19 13:44:55,783 - INFO - Fundamental analysis completed for RECLTD: 58 fields
2025-09-19 13:44:56,263 - INFO - Enhanced technical analysis completed for RECLTD: 52 fields
2025-09-19 13:44:56,353 - INFO - Enhanced technical analysis completed for RITES: 52 fields
2025-09-19 13:44:56,507 - INFO - Completed analysis for RECLTD: Score=75.7, Recommendation=STRONG BUY (UNDERVALUED)
2025-09-19 13:44:56,682 - INFO - Completed analysis for RITES: Score=47.3, Recommendation=WEAK SELL
2025-09-19 13:44:56,696 - INFO - Enhanced technical analysis completed for RHIM: 52 fields
2025-09-19 13:44:56,812 - INFO - Completed analysis for RHIM: Score=33.3, Recommendation=SELL
2025-09-19 13:44:57,102 - INFO - Comprehensive data extracted for RADICO
2025-09-19 13:44:57,104 - INFO - Fundamental analysis completed for RADICO: 58 fields
2025-09-19 13:44:57,323 - INFO - Enhanced technical analysis completed for RADICO: 52 fields
2025-09-19 13:44:57,389 - INFO - Comprehensive data extracted for RAILTEL
2025-09-19 13:44:57,389 - INFO - Fundamental analysis completed for RAILTEL: 58 fields
2025-09-19 13:44:57,568 - INFO - Completed analysis for RADICO: Score=47.0, Recommendation=WEAK SELL
2025-09-19 13:44:57,654 - INFO - Enhanced technical analysis completed for RAILTEL: 52 fields
2025-09-19 13:44:57,744 - INFO - Completed analysis for RAILTEL: Score=39.1, Recommendation=SELL
2025-09-19 13:44:57,832 - INFO - Comprehensive data extracted for RVNL
2025-09-19 13:44:57,832 - INFO - Fundamental analysis completed for RVNL: 58 fields
2025-09-19 13:44:58,186 - INFO - Comprehensive data extracted for RAINBOW
2025-09-19 13:44:58,189 - INFO - Fundamental analysis completed for RAINBOW: 58 fields
2025-09-19 13:44:58,428 - INFO - Enhanced technical analysis completed for RAINBOW: 52 fields
2025-09-19 13:44:58,510 - INFO - Completed analysis for RAINBOW: Score=38.7, Recommendation=SELL
2025-09-19 13:44:58,839 - INFO - Enhanced technical analysis completed for RVNL: 52 fields
2025-09-19 13:44:58,866 - INFO - Comprehensive data extracted for RKFORGE
2025-09-19 13:44:58,866 - INFO - Fundamental analysis completed for RKFORGE: 58 fields
2025-09-19 13:44:58,957 - INFO - Completed analysis for RVNL: Score=32.5, Recommendation=SELL
2025-09-19 13:44:59,346 - INFO - Enhanced technical analysis completed for RKFORGE: 52 fields
2025-09-19 13:44:59,457 - INFO - Completed analysis for RKFORGE: Score=26.9, Recommendation=SELL
2025-09-19 13:44:59,687 - INFO - Comprehensive data extracted for RCF
2025-09-19 13:44:59,688 - INFO - Fundamental analysis completed for RCF: 58 fields
2025-09-19 13:45:00,136 - INFO - Enhanced technical analysis completed for RCF: 52 fields
2025-09-19 13:45:00,217 - INFO - Completed analysis for RCF: Score=39.1, Recommendation=SELL
2025-09-19 13:45:00,333 - INFO - Comprehensive data extracted for RTNINDIA
2025-09-19 13:45:00,333 - INFO - Fundamental analysis completed for RTNINDIA: 58 fields
2025-09-19 13:45:00,598 - INFO - Enhanced technical analysis completed for RTNINDIA: 52 fields
2025-09-19 13:45:00,683 - INFO - Completed analysis for RTNINDIA: Score=24.7, Recommendation=SELL
2025-09-19 13:45:06,565 - INFO - Comprehensive data extracted for RAYMOND
2025-09-19 13:45:06,565 - INFO - Fundamental analysis completed for RAYMOND: 58 fields
2025-09-19 13:45:06,665 - INFO - Comprehensive data extracted for REDINGTON
2025-09-19 13:45:06,665 - INFO - Fundamental analysis completed for REDINGTON: 58 fields
2025-09-19 13:45:06,814 - INFO - Comprehensive data extracted for RAYMONDLSL
2025-09-19 13:45:06,830 - INFO - Fundamental analysis completed for RAYMONDLSL: 58 fields
2025-09-19 13:45:06,845 - INFO - Enhanced technical analysis completed for RAYMOND: 52 fields
2025-09-19 13:45:06,918 - INFO - Completed analysis for RAYMOND: Score=37.1, Recommendation=SELL
2025-09-19 13:45:07,051 - INFO - Enhanced technical analysis completed for REDINGTON: 52 fields
2025-09-19 13:45:07,102 - INFO - Completed analysis for REDINGTON: Score=61.7, Recommendation=BUY
2025-09-19 13:45:07,342 - INFO - Comprehensive data extracted for RELIANCE
2025-09-19 13:45:07,342 - INFO - Fundamental analysis completed for RELIANCE: 58 fields
2025-09-19 13:45:07,501 - INFO - Enhanced technical analysis completed for RELIANCE: 52 fields
2025-09-19 13:45:07,525 - INFO - Comprehensive data extracted for RPOWER
2025-09-19 13:45:07,525 - INFO - Fundamental analysis completed for RPOWER: 58 fields
2025-09-19 13:45:07,579 - INFO - Completed analysis for RELIANCE: Score=51.6, Recommendation=HOLD
2025-09-19 13:45:07,659 - INFO - Enhanced technical analysis completed for RPOWER: 52 fields
2025-09-19 13:45:07,704 - INFO - Completed analysis for RPOWER: Score=60.7, Recommendation=BUY (VALUE)
2025-09-19 13:45:08,581 - INFO - Comprehensive data extracted for ROUTE
2025-09-19 13:45:08,581 - INFO - Fundamental analysis completed for ROUTE: 58 fields
2025-09-19 13:45:08,646 - INFO - Enhanced technical analysis completed for RAYMONDLSL: 52 fields
2025-09-19 13:45:08,661 - INFO - Comprehensive data extracted for SBFC
2025-09-19 13:45:08,671 - INFO - Fundamental analysis completed for SBFC: 58 fields
2025-09-19 13:45:08,775 - INFO - Enhanced technical analysis completed for ROUTE: 52 fields
2025-09-19 13:45:08,785 - INFO - Completed analysis for RAYMONDLSL: Score=38.1, Recommendation=SELL
2025-09-19 13:45:08,831 - INFO - Completed analysis for ROUTE: Score=37.9, Recommendation=SELL
2025-09-19 13:45:08,944 - INFO - Enhanced technical analysis completed for SBFC: 52 fields
2025-09-19 13:45:08,992 - INFO - Completed analysis for SBFC: Score=59.0, Recommendation=HOLD
2025-09-19 13:45:09,345 - INFO - Comprehensive data extracted for SBICARD
2025-09-19 13:45:09,347 - INFO - Fundamental analysis completed for SBICARD: 58 fields
2025-09-19 13:45:09,434 - INFO - Comprehensive data extracted for SBILIFE
2025-09-19 13:45:09,438 - INFO - Fundamental analysis completed for SBILIFE: 58 fields
2025-09-19 13:45:09,467 - INFO - Comprehensive data extracted for SJVN
2025-09-19 13:45:09,467 - INFO - Fundamental analysis completed for SJVN: 58 fields
2025-09-19 13:45:09,581 - INFO - Enhanced technical analysis completed for SBICARD: 52 fields
2025-09-19 13:45:09,698 - INFO - Enhanced technical analysis completed for SJVN: 52 fields
2025-09-19 13:45:09,705 - INFO - Completed analysis for SBICARD: Score=31.9, Recommendation=SELL
2025-09-19 13:45:09,750 - INFO - Completed analysis for SJVN: Score=40.7, Recommendation=WEAK SELL
2025-09-19 13:45:10,615 - INFO - Enhanced technical analysis completed for SBILIFE: 52 fields
2025-09-19 13:45:10,686 - INFO - Completed analysis for SBILIFE: Score=59.8, Recommendation=HOLD
2025-09-19 13:45:16,282 - INFO - Comprehensive data extracted for SKFINDIA
2025-09-19 13:45:16,282 - INFO - Fundamental analysis completed for SKFINDIA: 58 fields
2025-09-19 13:45:16,674 - INFO - Enhanced technical analysis completed for SKFINDIA: 52 fields
2025-09-19 13:45:16,725 - INFO - Completed analysis for SKFINDIA: Score=37.4, Recommendation=SELL
2025-09-19 13:45:17,265 - INFO - Comprehensive data extracted for SRF
2025-09-19 13:45:17,287 - INFO - Fundamental analysis completed for SRF: 58 fields
2025-09-19 13:45:17,509 - INFO - Comprehensive data extracted for SAGILITY
2025-09-19 13:45:17,509 - INFO - Fundamental analysis completed for SAGILITY: 58 fields
2025-09-19 13:45:17,531 - INFO - Comprehensive data extracted for SAILIFE
2025-09-19 13:45:17,531 - INFO - Fundamental analysis completed for SAILIFE: 58 fields
2025-09-19 13:45:17,897 - INFO - Enhanced technical analysis completed for SAILIFE: 52 fields
2025-09-19 13:45:17,944 - INFO - Completed analysis for SAILIFE: Score=32.7, Recommendation=SELL
2025-09-19 13:45:18,517 - INFO - Enhanced technical analysis completed for SAGILITY: 52 fields
2025-09-19 13:45:18,594 - INFO - Comprehensive data extracted for SAMMAANCAP
2025-09-19 13:45:18,594 - INFO - Completed analysis for SAGILITY: Score=45.8, Recommendation=WEAK SELL
2025-09-19 13:45:18,594 - INFO - Fundamental analysis completed for SAMMAANCAP: 58 fields
2025-09-19 13:45:18,878 - INFO - Enhanced technical analysis completed for SAMMAANCAP: 52 fields
2025-09-19 13:45:18,925 - INFO - Completed analysis for SAMMAANCAP: Score=53.5, Recommendation=HOLD
2025-09-19 13:45:19,680 - INFO - Comprehensive data extracted for SAPPHIRE
2025-09-19 13:45:19,680 - INFO - Fundamental analysis completed for SAPPHIRE: 58 fields
2025-09-19 13:45:19,773 - INFO - Enhanced technical analysis completed for SRF: 52 fields
2025-09-19 13:45:19,846 - INFO - Enhanced technical analysis completed for SAPPHIRE: 52 fields
2025-09-19 13:45:19,916 - INFO - Completed analysis for SAPPHIRE: Score=20.0, Recommendation=SELL
2025-09-19 13:45:19,916 - INFO - Completed analysis for SRF: Score=39.2, Recommendation=SELL
2025-09-19 13:45:20,341 - INFO - Comprehensive data extracted for SAREGAMA
2025-09-19 13:45:20,341 - INFO - Fundamental analysis completed for SAREGAMA: 58 fields
2025-09-19 13:45:20,416 - INFO - Comprehensive data extracted for SARDAEN
2025-09-19 13:45:20,418 - INFO - Fundamental analysis completed for SARDAEN: 58 fields
2025-09-19 13:45:20,531 - INFO - Enhanced technical analysis completed for SAREGAMA: 52 fields
2025-09-19 13:45:20,650 - INFO - Enhanced technical analysis completed for SARDAEN: 52 fields
2025-09-19 13:45:20,650 - INFO - Completed analysis for SAREGAMA: Score=38.7, Recommendation=SELL
2025-09-19 13:45:20,692 - INFO - Completed analysis for SARDAEN: Score=54.3, Recommendation=HOLD
2025-09-19 13:45:20,985 - INFO - Comprehensive data extracted for MOTHERSON
2025-09-19 13:45:20,991 - INFO - Fundamental analysis completed for MOTHERSON: 58 fields
2025-09-19 13:45:21,130 - INFO - Enhanced technical analysis completed for MOTHERSON: 52 fields
2025-09-19 13:45:21,186 - INFO - Completed analysis for MOTHERSON: Score=30.0, Recommendation=SELL
2025-09-19 13:45:21,737 - INFO - Comprehensive data extracted for SCHAEFFLER
2025-09-19 13:45:21,737 - INFO - Fundamental analysis completed for SCHAEFFLER: 58 fields
2025-09-19 13:45:22,363 - INFO - Enhanced technical analysis completed for SCHAEFFLER: 52 fields
2025-09-19 13:45:22,406 - INFO - Completed analysis for SCHAEFFLER: Score=57.5, Recommendation=HOLD
2025-09-19 13:45:28,231 - INFO - Comprehensive data extracted for SHREECEM
2025-09-19 13:45:28,235 - INFO - Fundamental analysis completed for SHREECEM: 58 fields
2025-09-19 13:45:28,360 - INFO - Comprehensive data extracted for SCI
2025-09-19 13:45:28,363 - INFO - Fundamental analysis completed for SCI: 58 fields
2025-09-19 13:45:28,509 - INFO - Enhanced technical analysis completed for SCI: 52 fields
2025-09-19 13:45:28,648 - INFO - Enhanced technical analysis completed for SHREECEM: 52 fields
2025-09-19 13:45:28,656 - INFO - Completed analysis for SCI: Score=64.1, Recommendation=BUY (VALUE)
2025-09-19 13:45:28,699 - INFO - Completed analysis for SHREECEM: Score=34.7, Recommendation=SELL
2025-09-19 13:45:29,215 - INFO - Comprehensive data extracted for RENUKA
2025-09-19 13:45:29,219 - INFO - Comprehensive data extracted for SHRIRAMFIN
2025-09-19 13:45:29,219 - INFO - Fundamental analysis completed for RENUKA: 58 fields
2025-09-19 13:45:29,219 - INFO - Fundamental analysis completed for SHRIRAMFIN: 58 fields
2025-09-19 13:45:29,451 - INFO - Enhanced technical analysis completed for RENUKA: 52 fields
2025-09-19 13:45:29,453 - INFO - Enhanced technical analysis completed for SHRIRAMFIN: 52 fields
2025-09-19 13:45:29,479 - INFO - Comprehensive data extracted for SCHNEIDER
2025-09-19 13:45:29,485 - INFO - Fundamental analysis completed for SCHNEIDER: 58 fields
2025-09-19 13:45:29,551 - INFO - Completed analysis for RENUKA: Score=63.8, Recommendation=BUY (VALUE)
2025-09-19 13:45:29,560 - INFO - Completed analysis for SHRIRAMFIN: Score=67.5, Recommendation=BUY (VALUE)
2025-09-19 13:45:29,662 - INFO - Enhanced technical analysis completed for SCHNEIDER: 52 fields
2025-09-19 13:45:29,694 - INFO - Completed analysis for SCHNEIDER: Score=22.7, Recommendation=SELL
2025-09-19 13:45:30,882 - INFO - Comprehensive data extracted for SIEMENS
2025-09-19 13:45:30,882 - INFO - Fundamental analysis completed for SIEMENS: 58 fields
2025-09-19 13:45:30,946 - INFO - Comprehensive data extracted for SIGNATURE
2025-09-19 13:45:30,946 - INFO - Fundamental analysis completed for SIGNATURE: 58 fields
2025-09-19 13:45:31,104 - INFO - Comprehensive data extracted for SHYAMMETL
2025-09-19 13:45:31,107 - INFO - Fundamental analysis completed for SHYAMMETL: 58 fields
2025-09-19 13:45:31,312 - INFO - Enhanced technical analysis completed for SIGNATURE: 52 fields
2025-09-19 13:45:31,367 - INFO - Completed analysis for SIGNATURE: Score=33.3, Recommendation=SELL
2025-09-19 13:45:31,508 - INFO - Enhanced technical analysis completed for SHYAMMETL: 52 fields
2025-09-19 13:45:31,556 - INFO - Completed analysis for SHYAMMETL: Score=42.3, Recommendation=WEAK SELL
2025-09-19 13:45:31,756 - INFO - Enhanced technical analysis completed for SIEMENS: 52 fields
2025-09-19 13:45:31,807 - INFO - Completed analysis for SIEMENS: Score=33.0, Recommendation=SELL
2025-09-19 13:45:31,989 - INFO - Comprehensive data extracted for SOLARINDS
2025-09-19 13:45:31,989 - INFO - Fundamental analysis completed for SOLARINDS: 58 fields
2025-09-19 13:45:32,198 - INFO - Enhanced technical analysis completed for SOLARINDS: 52 fields
2025-09-19 13:45:32,255 - INFO - Completed analysis for SOLARINDS: Score=45.6, Recommendation=WEAK SELL
2025-09-19 13:45:33,412 - INFO - Comprehensive data extracted for SOBHA
2025-09-19 13:45:33,412 - INFO - Fundamental analysis completed for SOBHA: 58 fields
2025-09-19 13:45:33,583 - INFO - Enhanced technical analysis completed for SOBHA: 52 fields
2025-09-19 13:45:33,664 - INFO - Completed analysis for SOBHA: Score=40.1, Recommendation=WEAK SELL
2025-09-19 13:45:39,549 - INFO - Comprehensive data extracted for STARHEALTH
2025-09-19 13:45:39,549 - INFO - Fundamental analysis completed for STARHEALTH: 58 fields
2025-09-19 13:45:39,706 - INFO - Enhanced technical analysis completed for STARHEALTH: 52 fields
2025-09-19 13:45:39,778 - INFO - Completed analysis for STARHEALTH: Score=41.1, Recommendation=WEAK SELL
2025-09-19 13:45:40,094 - INFO - Comprehensive data extracted for SONATSOFTW
2025-09-19 13:45:40,102 - INFO - Comprehensive data extracted for SONACOMS
2025-09-19 13:45:40,102 - INFO - Fundamental analysis completed for SONACOMS: 58 fields
2025-09-19 13:45:40,102 - INFO - Fundamental analysis completed for SONATSOFTW: 58 fields
2025-09-19 13:45:40,395 - INFO - Comprehensive data extracted for SBIN
2025-09-19 13:45:40,416 - INFO - Enhanced technical analysis completed for SONACOMS: 52 fields
2025-09-19 13:45:40,456 - INFO - Fundamental analysis completed for SBIN: 58 fields
2025-09-19 13:45:40,475 - INFO - Enhanced technical analysis completed for SONATSOFTW: 52 fields
2025-09-19 13:45:40,609 - INFO - Completed analysis for SONATSOFTW: Score=36.5, Recommendation=SELL
2025-09-19 13:45:40,664 - INFO - Completed analysis for SONACOMS: Score=29.9, Recommendation=SELL
2025-09-19 13:45:40,761 - INFO - Enhanced technical analysis completed for SBIN: 52 fields
2025-09-19 13:45:40,839 - INFO - Completed analysis for SBIN: Score=86.7, Recommendation=STRONG BUY (UNDERVALUED)
2025-09-19 13:45:41,664 - INFO - Comprehensive data extracted for SUMICHEM
2025-09-19 13:45:41,666 - INFO - Fundamental analysis completed for SUMICHEM: 58 fields
2025-09-19 13:45:42,430 - INFO - Enhanced technical analysis completed for SUMICHEM: 52 fields
2025-09-19 13:45:42,511 - INFO - Completed analysis for SUMICHEM: Score=43.2, Recommendation=WEAK SELL
2025-09-19 13:45:43,217 - INFO - Comprehensive data extracted for SUNPHARMA
2025-09-19 13:45:43,217 - INFO - Fundamental analysis completed for SUNPHARMA: 58 fields
2025-09-19 13:45:43,980 - INFO - Comprehensive data extracted for SWSOLAR
2025-09-19 13:45:43,983 - INFO - Fundamental analysis completed for SWSOLAR: 58 fields
2025-09-19 13:45:44,338 - INFO - Enhanced technical analysis completed for SUNPHARMA: 52 fields
2025-09-19 13:45:44,423 - INFO - Completed analysis for SUNPHARMA: Score=33.0, Recommendation=SELL
2025-09-19 13:45:45,005 - INFO - Enhanced technical analysis completed for SWSOLAR: 52 fields
2025-09-19 13:45:45,060 - INFO - Completed analysis for SWSOLAR: Score=33.9, Recommendation=SELL
2025-09-19 13:45:45,160 - INFO - Comprehensive data extracted for SAIL
2025-09-19 13:45:45,160 - INFO - Fundamental analysis completed for SAIL: 58 fields
2025-09-19 13:45:45,213 - INFO - Comprehensive data extracted for SUNTV
2025-09-19 13:45:45,215 - INFO - Fundamental analysis completed for SUNTV: 58 fields
2025-09-19 13:45:45,360 - INFO - Enhanced technical analysis completed for SAIL: 52 fields
2025-09-19 13:45:45,439 - INFO - Completed analysis for SAIL: Score=61.5, Recommendation=BUY (VALUE)
2025-09-19 13:45:45,718 - INFO - Comprehensive data extracted for SUNDARMFIN
2025-09-19 13:45:45,722 - INFO - Fundamental analysis completed for SUNDARMFIN: 58 fields
2025-09-19 13:45:46,105 - INFO - Enhanced technical analysis completed for SUNTV: 52 fields
2025-09-19 13:45:46,190 - INFO - Completed analysis for SUNTV: Score=54.8, Recommendation=HOLD
2025-09-19 13:45:46,440 - INFO - Enhanced technical analysis completed for SUNDARMFIN: 52 fields
2025-09-19 13:45:46,515 - INFO - Completed analysis for SUNDARMFIN: Score=44.3, Recommendation=WEAK SELL
2025-09-19 13:45:52,461 - INFO - Comprehensive data extracted for SUPREMEIND
2025-09-19 13:45:52,461 - INFO - Fundamental analysis completed for SUPREMEIND: 58 fields
2025-09-19 13:45:52,721 - INFO - Enhanced technical analysis completed for SUPREMEIND: 52 fields
2025-09-19 13:45:52,812 - INFO - Completed analysis for SUPREMEIND: Score=25.9, Recommendation=SELL
2025-09-19 13:45:52,933 - INFO - Comprehensive data extracted for SUZLON
2025-09-19 13:45:52,935 - INFO - Fundamental analysis completed for SUZLON: 58 fields
2025-09-19 13:45:53,005 - INFO - Comprehensive data extracted for SUNDRMFAST
2025-09-19 13:45:53,005 - INFO - Fundamental analysis completed for SUNDRMFAST: 58 fields
2025-09-19 13:45:53,134 - INFO - Enhanced technical analysis completed for SUZLON: 52 fields
2025-09-19 13:45:53,209 - INFO - Completed analysis for SUZLON: Score=39.4, Recommendation=SELL
2025-09-19 13:45:53,379 - INFO - Enhanced technical analysis completed for SUNDRMFAST: 52 fields
2025-09-19 13:45:53,456 - INFO - Completed analysis for SUNDRMFAST: Score=32.3, Recommendation=SELL
2025-09-19 13:45:54,005 - INFO - Comprehensive data extracted for SWANCORP
2025-09-19 13:45:54,005 - INFO - Fundamental analysis completed for SWANCORP: 58 fields
2025-09-19 13:45:54,431 - INFO - Enhanced technical analysis completed for SWANCORP: 52 fields
2025-09-19 13:45:54,493 - INFO - Completed analysis for SWANCORP: Score=52.5, Recommendation=HOLD
2025-09-19 13:45:54,911 - INFO - Comprehensive data extracted for SYRMA
2025-09-19 13:45:54,914 - INFO - Fundamental analysis completed for SYRMA: 58 fields
2025-09-19 13:45:55,344 - INFO - Comprehensive data extracted for SYNGENE
2025-09-19 13:45:55,344 - INFO - Fundamental analysis completed for SYNGENE: 58 fields
2025-09-19 13:45:55,974 - INFO - Enhanced technical analysis completed for SYNGENE: 52 fields
2025-09-19 13:45:55,999 - INFO - Enhanced technical analysis completed for SYRMA: 52 fields
2025-09-19 13:45:56,123 - INFO - Completed analysis for SYNGENE: Score=40.4, Recommendation=WEAK SELL
2025-09-19 13:45:56,137 - INFO - Completed analysis for SYRMA: Score=31.3, Recommendation=SELL
2025-09-19 13:45:56,284 - INFO - Comprehensive data extracted for SWIGGY
2025-09-19 13:45:56,300 - INFO - Fundamental analysis completed for SWIGGY: 58 fields
2025-09-19 13:45:56,600 - INFO - Enhanced technical analysis completed for SWIGGY: 52 fields
2025-09-19 13:45:56,682 - INFO - Completed analysis for SWIGGY: Score=38.6, Recommendation=SELL
2025-09-19 13:45:56,727 - INFO - Comprehensive data extracted for TBOTEK
2025-09-19 13:45:56,731 - INFO - Fundamental analysis completed for TBOTEK: 58 fields
2025-09-19 13:45:56,860 - INFO - Comprehensive data extracted for TVSMOTOR
2025-09-19 13:45:56,860 - INFO - Fundamental analysis completed for TVSMOTOR: 58 fields
2025-09-19 13:45:57,083 - INFO - Enhanced technical analysis completed for TVSMOTOR: 52 fields
2025-09-19 13:45:57,136 - INFO - Enhanced technical analysis completed for TBOTEK: 52 fields
2025-09-19 13:45:57,211 - INFO - Completed analysis for TBOTEK: Score=34.8, Recommendation=SELL
2025-09-19 13:45:57,271 - INFO - Completed analysis for TVSMOTOR: Score=39.3, Recommendation=SELL
2025-09-19 13:45:57,332 - INFO - Comprehensive data extracted for TANLA
2025-09-19 13:45:57,332 - INFO - Fundamental analysis completed for TANLA: 58 fields
2025-09-19 13:45:57,790 - INFO - Enhanced technical analysis completed for TANLA: 52 fields
2025-09-19 13:45:57,929 - INFO - Completed analysis for TANLA: Score=42.2, Recommendation=WEAK SELL
2025-09-19 13:46:03,943 - INFO - Comprehensive data extracted for TATACOMM
2025-09-19 13:46:03,950 - INFO - Fundamental analysis completed for TATACOMM: 58 fields
2025-09-19 13:46:04,042 - INFO - Comprehensive data extracted for TCS
2025-09-19 13:46:04,043 - INFO - Fundamental analysis completed for TCS: 58 fields
2025-09-19 13:46:04,299 - INFO - Enhanced technical analysis completed for TATACOMM: 52 fields
2025-09-19 13:46:04,305 - INFO - Comprehensive data extracted for TATACHEM
2025-09-19 13:46:04,332 - INFO - Fundamental analysis completed for TATACHEM: 58 fields
2025-09-19 13:46:04,424 - INFO - Enhanced technical analysis completed for TCS: 52 fields
2025-09-19 13:46:04,502 - INFO - Completed analysis for TATACOMM: Score=24.3, Recommendation=SELL
2025-09-19 13:46:04,586 - INFO - Completed analysis for TCS: Score=66.0, Recommendation=BUY
2025-09-19 13:46:04,767 - INFO - Enhanced technical analysis completed for TATACHEM: 52 fields
2025-09-19 13:46:04,843 - INFO - Completed analysis for TATACHEM: Score=35.7, Recommendation=SELL
2025-09-19 13:46:05,146 - INFO - Comprehensive data extracted for TATAELXSI
2025-09-19 13:46:05,146 - INFO - Fundamental analysis completed for TATAELXSI: 58 fields
2025-09-19 13:46:05,351 - INFO - Enhanced technical analysis completed for TATAELXSI: 52 fields
2025-09-19 13:46:05,427 - INFO - Completed analysis for TATAELXSI: Score=27.6, Recommendation=SELL
2025-09-19 13:46:05,483 - INFO - Comprehensive data extracted for TATAINVEST
2025-09-19 13:46:05,483 - INFO - Fundamental analysis completed for TATAINVEST: 58 fields
2025-09-19 13:46:05,684 - INFO - Enhanced technical analysis completed for TATAINVEST: 52 fields
2025-09-19 13:46:05,749 - INFO - Completed analysis for TATAINVEST: Score=60.4, Recommendation=BUY (VALUE)
2025-09-19 13:46:06,181 - INFO - Comprehensive data extracted for TATAMOTORS
2025-09-19 13:46:06,212 - INFO - Fundamental analysis completed for TATAMOTORS: 58 fields
2025-09-19 13:46:06,212 - INFO - Comprehensive data extracted for TATACONSUM
2025-09-19 13:46:06,214 - INFO - Fundamental analysis completed for TATACONSUM: 58 fields
2025-09-19 13:46:06,455 - INFO - Enhanced technical analysis completed for TATAMOTORS: 52 fields
2025-09-19 13:46:06,522 - INFO - Completed analysis for TATAMOTORS: Score=46.1, Recommendation=WEAK SELL
2025-09-19 13:46:06,716 - INFO - Comprehensive data extracted for TATAPOWER
2025-09-19 13:46:06,716 - INFO - Fundamental analysis completed for TATAPOWER: 58 fields
2025-09-19 13:46:07,031 - INFO - Enhanced technical analysis completed for TATACONSUM: 52 fields
2025-09-19 13:46:07,107 - INFO - Completed analysis for TATACONSUM: Score=39.1, Recommendation=SELL
2025-09-19 13:46:07,485 - INFO - Enhanced technical analysis completed for TATAPOWER: 52 fields
2025-09-19 13:46:07,628 - INFO - Comprehensive data extracted for TATASTEEL
2025-09-19 13:46:07,633 - INFO - Fundamental analysis completed for TATASTEEL: 58 fields
2025-09-19 13:46:07,658 - INFO - Completed analysis for TATAPOWER: Score=37.1, Recommendation=SELL
2025-09-19 13:46:07,956 - INFO - Enhanced technical analysis completed for TATASTEEL: 52 fields
2025-09-19 13:46:08,034 - INFO - Comprehensive data extracted for TATATECH
2025-09-19 13:46:08,071 - INFO - Fundamental analysis completed for TATATECH: 58 fields
2025-09-19 13:46:08,099 - INFO - Completed analysis for TATASTEEL: Score=36.3, Recommendation=SELL
2025-09-19 13:46:08,272 - INFO - Enhanced technical analysis completed for TATATECH: 52 fields
2025-09-19 13:46:08,337 - INFO - Completed analysis for TATATECH: Score=31.5, Recommendation=SELL
2025-09-19 13:46:14,144 - INFO - Comprehensive data extracted for TECHM
2025-09-19 13:46:14,144 - INFO - Fundamental analysis completed for TECHM: 58 fields
2025-09-19 13:46:14,460 - INFO - Comprehensive data extracted for TTML
2025-09-19 13:46:14,460 - INFO - Fundamental analysis completed for TTML: 58 fields
2025-09-19 13:46:14,589 - INFO - Enhanced technical analysis completed for TECHM: 52 fields
2025-09-19 13:46:14,742 - INFO - Completed analysis for TECHM: Score=38.0, Recommendation=SELL
2025-09-19 13:46:14,795 - INFO - Enhanced technical analysis completed for TTML: 52 fields
2025-09-19 13:46:14,869 - INFO - Completed analysis for TTML: Score=61.0, Recommendation=BUY (VALUE)
2025-09-19 13:46:15,398 - INFO - Comprehensive data extracted for TEJASNET
2025-09-19 13:46:15,401 - INFO - Fundamental analysis completed for TEJASNET: 58 fields
2025-09-19 13:46:15,441 - INFO - Comprehensive data extracted for NIACL
2025-09-19 13:46:15,451 - INFO - Fundamental analysis completed for NIACL: 58 fields
2025-09-19 13:46:15,813 - INFO - Enhanced technical analysis completed for NIACL: 52 fields
2025-09-19 13:46:15,881 - INFO - Enhanced technical analysis completed for TEJASNET: 52 fields
2025-09-19 13:46:15,932 - INFO - Completed analysis for NIACL: Score=69.2, Recommendation=BUY (VALUE)
2025-09-19 13:46:16,000 - INFO - Completed analysis for TEJASNET: Score=36.1, Recommendation=SELL
2025-09-19 13:46:16,448 - INFO - Comprehensive data extracted for RAMCOCEM
2025-09-19 13:46:16,455 - INFO - Fundamental analysis completed for RAMCOCEM: 58 fields
2025-09-19 13:46:16,714 - INFO - Enhanced technical analysis completed for RAMCOCEM: 52 fields
2025-09-19 13:46:16,817 - INFO - Completed analysis for RAMCOCEM: Score=32.3, Recommendation=SELL
2025-09-19 13:46:16,865 - INFO - Comprehensive data extracted for TECHNOE
2025-09-19 13:46:16,865 - INFO - Fundamental analysis completed for TECHNOE: 58 fields
2025-09-19 13:46:17,174 - INFO - Comprehensive data extracted for THERMAX
2025-09-19 13:46:17,189 - INFO - Enhanced technical analysis completed for TECHNOE: 52 fields
2025-09-19 13:46:17,189 - INFO - Fundamental analysis completed for THERMAX: 58 fields
2025-09-19 13:46:17,272 - INFO - Completed analysis for TECHNOE: Score=40.9, Recommendation=WEAK SELL
2025-09-19 13:46:17,349 - INFO - Comprehensive data extracted for TIMKEN
2025-09-19 13:46:17,351 - INFO - Fundamental analysis completed for TIMKEN: 58 fields
2025-09-19 13:46:17,842 - INFO - Enhanced technical analysis completed for TIMKEN: 52 fields
2025-09-19 13:46:17,852 - INFO - Enhanced technical analysis completed for THERMAX: 52 fields
2025-09-19 13:46:17,946 - INFO - Completed analysis for TIMKEN: Score=41.6, Recommendation=WEAK SELL
2025-09-19 13:46:18,006 - INFO - Completed analysis for THERMAX: Score=30.2, Recommendation=SELL
2025-09-19 13:46:18,058 - INFO - Comprehensive data extracted for TITAGARH
2025-09-19 13:46:18,059 - INFO - Fundamental analysis completed for TITAGARH: 58 fields
2025-09-19 13:46:18,350 - INFO - Enhanced technical analysis completed for TITAGARH: 52 fields
2025-09-19 13:46:18,439 - INFO - Completed analysis for TITAGARH: Score=28.6, Recommendation=SELL
2025-09-19 13:46:18,528 - INFO - Comprehensive data extracted for TITAN
2025-09-19 13:46:18,528 - INFO - Fundamental analysis completed for TITAN: 58 fields
2025-09-19 13:46:18,753 - INFO - Enhanced technical analysis completed for TITAN: 52 fields
2025-09-19 13:46:18,851 - INFO - Completed analysis for TITAN: Score=38.6, Recommendation=SELL
2025-09-19 13:46:24,448 - INFO - Comprehensive data extracted for TORNTPOWER
2025-09-19 13:46:24,448 - INFO - Fundamental analysis completed for TORNTPOWER: 58 fields
2025-09-19 13:46:24,669 - INFO - Comprehensive data extracted for TORNTPHARM
2025-09-19 13:46:24,679 - INFO - Fundamental analysis completed for TORNTPHARM: 58 fields
2025-09-19 13:46:25,033 - INFO - Enhanced technical analysis completed for TORNTPHARM: 52 fields
2025-09-19 13:46:25,087 - INFO - Enhanced technical analysis completed for TORNTPOWER: 52 fields
2025-09-19 13:46:25,150 - INFO - Comprehensive data extracted for TARIL
2025-09-19 13:46:25,161 - INFO - Fundamental analysis completed for TARIL: 58 fields
2025-09-19 13:46:25,275 - INFO - Completed analysis for TORNTPHARM: Score=42.3, Recommendation=WEAK SELL
2025-09-19 13:46:25,287 - INFO - Completed analysis for TORNTPOWER: Score=34.1, Recommendation=SELL
2025-09-19 13:46:25,460 - INFO - Enhanced technical analysis completed for TARIL: 52 fields
2025-09-19 13:46:25,560 - INFO - Completed analysis for TARIL: Score=47.5, Recommendation=WEAK SELL
2025-09-19 13:46:26,015 - INFO - Comprehensive data extracted for TRENT
2025-09-19 13:46:26,022 - INFO - Comprehensive data extracted for TRIDENT
2025-09-19 13:46:26,022 - INFO - Fundamental analysis completed for TRENT: 58 fields
2025-09-19 13:46:26,025 - INFO - Fundamental analysis completed for TRIDENT: 58 fields
2025-09-19 13:46:26,390 - INFO - Enhanced technical analysis completed for TRENT: 52 fields
2025-09-19 13:46:26,425 - INFO - Comprehensive data extracted for TRIVENI
2025-09-19 13:46:26,427 - INFO - Enhanced technical analysis completed for TRIDENT: 52 fields
2025-09-19 13:46:26,431 - INFO - Fundamental analysis completed for TRIVENI: 58 fields
2025-09-19 13:46:26,558 - INFO - Completed analysis for TRENT: Score=33.0, Recommendation=SELL
2025-09-19 13:46:26,568 - INFO - Completed analysis for TRIDENT: Score=33.3, Recommendation=SELL
2025-09-19 13:46:26,734 - INFO - Enhanced technical analysis completed for TRIVENI: 52 fields
2025-09-19 13:46:26,821 - INFO - Completed analysis for TRIVENI: Score=37.9, Recommendation=SELL
2025-09-19 13:46:27,413 - INFO - Comprehensive data extracted for TRITURBINE
2025-09-19 13:46:27,415 - INFO - Fundamental analysis completed for TRITURBINE: 58 fields
2025-09-19 13:46:27,486 - INFO - Comprehensive data extracted for TIINDIA
2025-09-19 13:46:27,511 - INFO - Fundamental analysis completed for TIINDIA: 58 fields
2025-09-19 13:46:27,545 - INFO - Comprehensive data extracted for UCOBANK
2025-09-19 13:46:27,551 - INFO - Fundamental analysis completed for UCOBANK: 58 fields
2025-09-19 13:46:27,865 - INFO - Enhanced technical analysis completed for UCOBANK: 52 fields
2025-09-19 13:46:27,924 - INFO - Enhanced technical analysis completed for TRITURBINE: 52 fields
2025-09-19 13:46:28,097 - INFO - Completed analysis for UCOBANK: Score=74.1, Recommendation=STRONG BUY (UNDERVALUED)
2025-09-19 13:46:28,183 - INFO - Completed analysis for TRITURBINE: Score=27.9, Recommendation=SELL
2025-09-19 13:46:28,183 - INFO - Enhanced technical analysis completed for TIINDIA: 52 fields
2025-09-19 13:46:28,285 - INFO - Completed analysis for TIINDIA: Score=28.6, Recommendation=SELL
2025-09-19 13:46:28,705 - INFO - Comprehensive data extracted for UNOMINDA
2025-09-19 13:46:28,705 - INFO - Fundamental analysis completed for UNOMINDA: 58 fields
2025-09-19 13:46:29,113 - INFO - Enhanced technical analysis completed for UNOMINDA: 52 fields
2025-09-19 13:46:29,201 - INFO - Completed analysis for UNOMINDA: Score=41.4, Recommendation=WEAK SELL
2025-09-19 13:46:34,985 - INFO - Comprehensive data extracted for ULTRACEMCO
2025-09-19 13:46:34,985 - INFO - Fundamental analysis completed for ULTRACEMCO: 58 fields
2025-09-19 13:46:35,102 - INFO - Comprehensive data extracted for UTIAMC
2025-09-19 13:46:35,102 - INFO - Fundamental analysis completed for UTIAMC: 58 fields
2025-09-19 13:46:35,366 - INFO - Enhanced technical analysis completed for ULTRACEMCO: 52 fields
2025-09-19 13:46:35,467 - INFO - Comprehensive data extracted for UPL
2025-09-19 13:46:35,473 - INFO - Fundamental analysis completed for UPL: 58 fields
2025-09-19 13:46:35,567 - INFO - Enhanced technical analysis completed for UTIAMC: 52 fields
2025-09-19 13:46:35,597 - INFO - Completed analysis for ULTRACEMCO: Score=38.7, Recommendation=SELL
2025-09-19 13:46:35,677 - INFO - Completed analysis for UTIAMC: Score=40.7, Recommendation=WEAK SELL
2025-09-19 13:46:35,824 - INFO - Enhanced technical analysis completed for UPL: 52 fields
2025-09-19 13:46:35,918 - INFO - Completed analysis for UPL: Score=30.9, Recommendation=SELL
2025-09-19 13:46:36,177 - INFO - Comprehensive data extracted for UBL
2025-09-19 13:46:36,177 - INFO - Fundamental analysis completed for UBL: 58 fields
2025-09-19 13:46:36,417 - INFO - Comprehensive data extracted for UNITDSPR
2025-09-19 13:46:36,417 - INFO - Fundamental analysis completed for UNITDSPR: 58 fields
2025-09-19 13:46:36,521 - INFO - Comprehensive data extracted for UNIONBANK
2025-09-19 13:46:36,521 - INFO - Fundamental analysis completed for UNIONBANK: 58 fields
2025-09-19 13:46:36,799 - INFO - Enhanced technical analysis completed for UNITDSPR: 52 fields
2025-09-19 13:46:36,807 - INFO - Enhanced technical analysis completed for UBL: 52 fields
2025-09-19 13:46:37,010 - INFO - Enhanced technical analysis completed for UNIONBANK: 52 fields
2025-09-19 13:46:37,070 - INFO - Completed analysis for UNITDSPR: Score=31.8, Recommendation=SELL
2025-09-19 13:46:37,073 - INFO - Completed analysis for UBL: Score=31.1, Recommendation=SELL
2025-09-19 13:46:37,131 - INFO - Completed analysis for UNIONBANK: Score=86.0, Recommendation=STRONG BUY (UNDERVALUED)
2025-09-19 13:46:37,647 - INFO - Comprehensive data extracted for USHAMART
2025-09-19 13:46:37,649 - INFO - Fundamental analysis completed for USHAMART: 58 fields
2025-09-19 13:46:37,721 - INFO - Comprehensive data extracted for DBREALTY
2025-09-19 13:46:37,721 - INFO - Fundamental analysis completed for DBREALTY: 58 fields
2025-09-19 13:46:37,984 - INFO - Enhanced technical analysis completed for USHAMART: 52 fields
2025-09-19 13:46:38,066 - INFO - Comprehensive data extracted for VGUARD
2025-09-19 13:46:38,074 - INFO - Enhanced technical analysis completed for DBREALTY: 52 fields
2025-09-19 13:46:38,074 - INFO - Fundamental analysis completed for VGUARD: 58 fields
2025-09-19 13:46:38,197 - INFO - Completed analysis for DBREALTY: Score=40.9, Recommendation=WEAK SELL
2025-09-19 13:46:38,206 - INFO - Completed analysis for USHAMART: Score=35.9, Recommendation=SELL
2025-09-19 13:46:38,320 - INFO - Enhanced technical analysis completed for VGUARD: 52 fields
2025-09-19 13:46:38,410 - INFO - Completed analysis for VGUARD: Score=29.0, Recommendation=SELL
2025-09-19 13:46:39,708 - INFO - Comprehensive data extracted for VTL
2025-09-19 13:46:39,716 - INFO - Fundamental analysis completed for VTL: 58 fields
2025-09-19 13:46:39,961 - INFO - Enhanced technical analysis completed for VTL: 52 fields
2025-09-19 13:46:40,058 - INFO - Completed analysis for VTL: Score=52.9, Recommendation=HOLD
2025-09-19 13:46:45,610 - INFO - Comprehensive data extracted for VBL
2025-09-19 13:46:45,612 - INFO - Fundamental analysis completed for VBL: 58 fields
2025-09-19 13:46:45,847 - INFO - Enhanced technical analysis completed for VBL: 52 fields
2025-09-19 13:46:45,939 - INFO - Completed analysis for VBL: Score=44.4, Recommendation=WEAK SELL
2025-09-19 13:46:45,998 - INFO - Comprehensive data extracted for MANYAVAR
2025-09-19 13:46:46,002 - INFO - Fundamental analysis completed for MANYAVAR: 58 fields
2025-09-19 13:46:46,083 - INFO - Comprehensive data extracted for VEDL
2025-09-19 13:46:46,085 - INFO - Fundamental analysis completed for VEDL: 58 fields
2025-09-19 13:46:46,250 - INFO - Enhanced technical analysis completed for MANYAVAR: 52 fields
2025-09-19 13:46:46,386 - INFO - Enhanced technical analysis completed for VEDL: 52 fields
2025-09-19 13:46:46,441 - INFO - Completed analysis for MANYAVAR: Score=41.9, Recommendation=WEAK SELL
2025-09-19 13:46:46,516 - INFO - Completed analysis for VEDL: Score=48.1, Recommendation=WEAK SELL
2025-09-19 13:46:46,591 - INFO - Comprehensive data extracted for VIJAYA
2025-09-19 13:46:46,594 - INFO - Fundamental analysis completed for VIJAYA: 58 fields
2025-09-19 13:46:46,933 - INFO - Enhanced technical analysis completed for VIJAYA: 52 fields
2025-09-19 13:46:47,045 - INFO - Completed analysis for VIJAYA: Score=42.2, Recommendation=WEAK SELL
2025-09-19 13:46:47,109 - INFO - Comprehensive data extracted for VMM
2025-09-19 13:46:47,113 - INFO - Fundamental analysis completed for VMM: 58 fields
2025-09-19 13:46:47,425 - INFO - Enhanced technical analysis completed for VMM: 52 fields
2025-09-19 13:46:47,494 - INFO - Completed analysis for VMM: Score=35.1, Recommendation=SELL
2025-09-19 13:46:47,875 - INFO - Comprehensive data extracted for VOLTAS
2025-09-19 13:46:47,875 - INFO - Fundamental analysis completed for VOLTAS: 58 fields
2025-09-19 13:46:47,935 - INFO - Comprehensive data extracted for WAAREEENER
2025-09-19 13:46:47,935 - INFO - Fundamental analysis completed for WAAREEENER: 58 fields
2025-09-19 13:46:48,143 - INFO - Enhanced technical analysis completed for WAAREEENER: 52 fields
2025-09-19 13:46:48,190 - INFO - Comprehensive data extracted for IDEA
2025-09-19 13:46:48,190 - INFO - Fundamental analysis completed for IDEA: 58 fields
2025-09-19 13:46:48,335 - INFO - Enhanced technical analysis completed for VOLTAS: 52 fields
2025-09-19 13:46:48,353 - INFO - Completed analysis for WAAREEENER: Score=37.9, Recommendation=SELL
2025-09-19 13:46:48,587 - INFO - Enhanced technical analysis completed for IDEA: 52 fields
2025-09-19 13:46:48,612 - INFO - Completed analysis for VOLTAS: Score=29.5, Recommendation=SELL
2025-09-19 13:46:48,693 - INFO - Completed analysis for IDEA: Score=64.4, Recommendation=BUY (VALUE)
2025-09-19 13:46:49,007 - INFO - Comprehensive data extracted for WELCORP
2025-09-19 13:46:49,007 - INFO - Fundamental analysis completed for WELCORP: 58 fields
2025-09-19 13:46:49,095 - INFO - Comprehensive data extracted for WELSPUNLIV
2025-09-19 13:46:49,103 - INFO - Fundamental analysis completed for WELSPUNLIV: 58 fields
2025-09-19 13:46:49,365 - INFO - Enhanced technical analysis completed for WELSPUNLIV: 52 fields
2025-09-19 13:46:49,473 - INFO - Enhanced technical analysis completed for WELCORP: 52 fields
2025-09-19 13:46:49,533 - INFO - Completed analysis for WELSPUNLIV: Score=35.1, Recommendation=SELL
2025-09-19 13:46:49,600 - INFO - Completed analysis for WELCORP: Score=57.6, Recommendation=HOLD
2025-09-19 13:46:55,180 - INFO - Comprehensive data extracted for WHIRLPOOL
2025-09-19 13:46:55,207 - INFO - Fundamental analysis completed for WHIRLPOOL: 58 fields
2025-09-19 13:46:55,278 - INFO - Comprehensive data extracted for WIPRO
2025-09-19 13:46:55,295 - INFO - Comprehensive data extracted for WESTLIFE
2025-09-19 13:46:55,295 - INFO - Fundamental analysis completed for WIPRO: 58 fields
2025-09-19 13:46:55,295 - INFO - Fundamental analysis completed for WESTLIFE: 58 fields
2025-09-19 13:46:55,480 - INFO - Enhanced technical analysis completed for WHIRLPOOL: 52 fields
2025-09-19 13:46:55,715 - INFO - Enhanced technical analysis completed for WESTLIFE: 52 fields
2025-09-19 13:46:55,731 - INFO - Enhanced technical analysis completed for WIPRO: 52 fields
2025-09-19 13:46:55,780 - INFO - Completed analysis for WHIRLPOOL: Score=22.3, Recommendation=SELL
2025-09-19 13:46:55,896 - INFO - Completed analysis for WIPRO: Score=71.7, Recommendation=STRONG BUY
2025-09-19 13:46:55,923 - INFO - Completed analysis for WESTLIFE: Score=23.9, Recommendation=SELL
2025-09-19 13:46:56,350 - INFO - Comprehensive data extracted for WOCKPHARMA
2025-09-19 13:46:56,350 - INFO - Fundamental analysis completed for WOCKPHARMA: 58 fields
2025-09-19 13:46:56,648 - INFO - Enhanced technical analysis completed for WOCKPHARMA: 52 fields
2025-09-19 13:46:56,655 - INFO - Comprehensive data extracted for ZFCVINDIA
2025-09-19 13:46:56,658 - INFO - Fundamental analysis completed for ZFCVINDIA: 58 fields
2025-09-19 13:46:56,722 - INFO - Comprehensive data extracted for YESBANK
2025-09-19 13:46:56,727 - INFO - Fundamental analysis completed for YESBANK: 58 fields
2025-09-19 13:46:56,783 - INFO - Completed analysis for WOCKPHARMA: Score=22.7, Recommendation=SELL
2025-09-19 13:46:56,993 - INFO - Enhanced technical analysis completed for YESBANK: 52 fields
2025-09-19 13:46:57,109 - INFO - Enhanced technical analysis completed for ZFCVINDIA: 52 fields
2025-09-19 13:46:57,168 - INFO - Completed analysis for YESBANK: Score=75.9, Recommendation=STRONG BUY
2025-09-19 13:46:57,244 - INFO - Completed analysis for ZFCVINDIA: Score=32.9, Recommendation=SELL
2025-09-19 13:46:57,369 - INFO - Comprehensive data extracted for ZEEL
2025-09-19 13:46:57,376 - INFO - Fundamental analysis completed for ZEEL: 58 fields
2025-09-19 13:46:57,677 - INFO - Enhanced technical analysis completed for ZEEL: 52 fields
2025-09-19 13:46:57,777 - INFO - Completed analysis for ZEEL: Score=59.4, Recommendation=HOLD
2025-09-19 13:46:58,028 - INFO - Comprehensive data extracted for ZENTEC
2025-09-19 13:46:58,043 - INFO - Fundamental analysis completed for ZENTEC: 58 fields
2025-09-19 13:46:58,186 - INFO - Comprehensive data extracted for ZENSARTECH
2025-09-19 13:46:58,192 - INFO - Fundamental analysis completed for ZENSARTECH: 58 fields
2025-09-19 13:46:58,294 - INFO - Enhanced technical analysis completed for ZENTEC: 52 fields
2025-09-19 13:46:58,386 - INFO - Completed analysis for ZENTEC: Score=33.8, Recommendation=SELL
2025-09-19 13:46:58,498 - INFO - Enhanced technical analysis completed for ZENSARTECH: 52 fields
2025-09-19 13:46:58,579 - INFO - Completed analysis for ZENSARTECH: Score=42.7, Recommendation=WEAK SELL
2025-09-19 13:46:59,354 - INFO - Comprehensive data extracted for ZYDUSLIFE
2025-09-19 13:46:59,356 - INFO - Fundamental analysis completed for ZYDUSLIFE: 58 fields
2025-09-19 13:46:59,594 - INFO - Enhanced technical analysis completed for ZYDUSLIFE: 52 fields
2025-09-19 13:46:59,694 - INFO - Completed analysis for ZYDUSLIFE: Score=45.0, Recommendation=WEAK SELL
2025-09-19 13:47:05,963 - INFO - Comprehensive data extracted for ECLERX
2025-09-19 13:47:05,965 - INFO - Fundamental analysis completed for ECLERX: 58 fields
2025-09-19 13:47:06,594 - INFO - Enhanced technical analysis completed for ECLERX: 52 fields
2025-09-19 13:47:06,669 - INFO - Completed analysis for ECLERX: Score=40.0, Recommendation=WEAK SELL
2025-09-19 13:47:06,675 - INFO - Batch analysis completed: 501 results, 0 failures
2025-09-19 13:47:07,761 - INFO - Calculated sector rankings for 12 sectors
2025-09-19 13:48:00,272 - ERROR - $DUMMYDBRLT.NS: possibly delisted; no price data found  (period=6mo) (Yahoo error = "No data found, symbol may be delisted")
2025-09-19 13:50:01,865 - INFO - Completed risk-return analysis
2025-09-19 13:50:01,986 - INFO - Generated complete portfolio allocation: 39 total stocks (Current: 34, New: 5)
2025-09-19 13:50:08,832 - INFO - Enhanced Excel report generated: reports/Enhanced_Stock_Report_20250919_135001.xlsx, Size: 691977 bytes
2025-09-19 13:50:09,475 - INFO - Loaded report: Enhanced_Stock_Report_20250919_132849.xlsx
2025-09-19 13:50:09,475 - INFO - Available sheets: ['Top Picks', 'Trading Plans', 'Undervalued', 'Sector Analysis', 'Risk Analysis', 'Portfolio Allocation', 'Portfolio Summary', 'Complete Data']
2025-09-19 13:50:10,502 - INFO - Loaded report: Enhanced_Stock_Report_20250919_135001.xlsx
2025-09-19 13:50:10,502 - INFO - Available sheets: ['Top Picks', 'Trading Plans', 'Undervalued', 'Sector Analysis', 'Risk Analysis', 'Portfolio Allocation', 'Portfolio Summary', 'Complete Data']
