2025-08-22 23:52:32,057 INFO:Starting analysis of NSE stocks...
2025-08-22 23:52:32,057 INFO:Starting to fetch stock data...
2025-08-22 23:52:32,743 INFO:Successfully fetched data for INFY
2025-08-22 23:52:32,758 INFO:Successfully fetched data for TCS
2025-08-22 23:52:32,760 INFO:Successfully fetched data for ITC
2025-08-22 23:52:32,788 INFO:Successfully fetched data for RELIANCE
2025-08-22 23:52:32,849 INFO:Successfully fetched data for SBIN
2025-08-22 23:52:32,851 INFO:Successfully fetched data for HDFC
2025-08-22 23:52:32,852 INFO:Successfully fetched data for HINDUNILVR
2025-08-22 23:52:32,853 INFO:Successfully fetched data for BHARTIARTL
2025-08-22 23:52:32,859 INFO:Successfully fetched data for ICICIBANK
2025-08-22 23:52:33,015 INFO:Successfully fetched data for AXISBANK
2025-08-22 23:52:33,017 INFO:Successfully fetched data for HDFCBANK
2025-08-22 23:52:33,042 INFO:Successfully fetched data for BAJFINANCE
2025-08-22 23:52:33,076 INFO:Successfully fetched data for KOTAKBANK
2025-08-22 23:52:33,101 INFO:Successfully fetched data for SUNPHARMA
2025-08-22 23:52:33,102 INFO:Successfully fetched data for LT
2025-08-22 23:52:33,103 INFO:Successfully fetched data for ULTRACEMCO
2025-08-22 23:52:33,188 INFO:Successfully fetched data for HCLTECH
2025-08-22 23:52:33,188 INFO:Successfully fetched data for ASIANPAINT
2025-08-22 23:52:33,199 INFO:Successfully fetched data for MARUTI
2025-08-22 23:52:33,264 INFO:Successfully fetched data for WIPRO
2025-08-22 23:52:33,280 INFO:Successfully fetched data for NESTLEIND
2025-08-22 23:52:33,347 INFO:Successfully fetched data for BAJAJFINSV
2025-08-22 23:52:33,349 INFO:Successfully fetched data for TITAN
2025-08-22 23:52:33,408 INFO:Successfully fetched data for TECHM
2025-08-22 23:52:33,435 INFO:Successfully fetched data for HDFCLIFE
2025-08-22 23:52:33,462 INFO:Successfully fetched data for POWERGRID
2025-08-22 23:52:33,462 INFO:Successfully fetched data for M&M
2025-08-22 23:52:33,521 INFO:Successfully fetched data for NTPC
2025-08-22 23:52:33,543 INFO:Successfully fetched data for DIVISLAB
2025-08-22 23:52:33,586 INFO:Successfully fetched data for ADANIENT
2025-08-22 23:52:33,666 INFO:Successfully fetched data for ADANITRANS
2025-08-22 23:52:33,679 INFO:Successfully fetched data for ADANIPORTS
2025-08-22 23:52:33,684 INFO:Successfully fetched data for ADANIGREEN
2025-08-22 23:52:33,686 INFO:Successfully fetched data for AMBUJACEM
2025-08-22 23:52:33,727 INFO:Successfully fetched data for TATACONSUM
2025-08-22 23:52:33,805 INFO:Successfully fetched data for AUROPHARMA
2025-08-22 23:52:33,810 INFO:Successfully fetched data for APOLLOHOSP
2025-08-22 23:52:33,857 INFO:Successfully fetched data for BAJAJ-AUTO
2025-08-22 23:52:33,903 INFO:Successfully fetched data for BERGEPAINT
2025-08-22 23:52:33,905 INFO:Successfully fetched data for BANDHANBNK
2025-08-22 23:52:33,928 INFO:Successfully fetched data for BOSCHLTD
2025-08-22 23:52:33,931 INFO:Successfully fetched data for BANKBARODA
2025-08-22 23:52:34,020 INFO:Successfully fetched data for BIOCON
2025-08-22 23:52:34,054 INFO:Successfully fetched data for CHOLAFIN
2025-08-22 23:52:34,079 INFO:Successfully fetched data for BRITANNIA
2025-08-22 23:52:34,149 INFO:Successfully fetched data for COLPAL
2025-08-22 23:52:34,150 INFO:Successfully fetched data for DLF
2025-08-22 23:52:34,160 INFO:Successfully fetched data for DABUR
2025-08-22 23:52:34,175 INFO:Successfully fetched data for CIPLA
2025-08-22 23:52:34,189 INFO:Successfully fetched data for BPCL
2025-08-22 23:52:34,261 INFO:Successfully fetched data for DMART
2025-08-22 23:52:34,354 INFO:Successfully fetched data for COALINDIA
2025-08-22 23:52:34,357 INFO:Successfully fetched data for DRREDDY
2025-08-22 23:52:34,399 INFO:Successfully fetched data for EICHERMOT
2025-08-22 23:52:34,400 INFO:Successfully fetched data for GRASIM
2025-08-22 23:52:34,423 INFO:Successfully fetched data for GAIL
2025-08-22 23:52:34,440 INFO:Successfully fetched data for HDFCAMC
2025-08-22 23:52:34,493 INFO:Successfully fetched data for GLAND
2025-08-22 23:52:34,504 INFO:Successfully fetched data for GODREJCP
2025-08-22 23:52:34,505 INFO:Successfully fetched data for INDIGO
2025-08-22 23:52:34,536 INFO:Successfully fetched data for HAVELLS
2025-08-22 23:52:34,641 INFO:Successfully fetched data for LICI
2025-08-22 23:52:34,690 INFO:Successfully fetched data for JINDALSTEL
2025-08-22 23:52:34,697 INFO:Successfully fetched data for HAL
2025-08-22 23:52:34,743 INFO:Successfully fetched data for JUBLFOOD
2025-08-22 23:52:34,756 INFO:Successfully fetched data for NAUKRI
2025-08-22 23:52:34,775 INFO:Successfully fetched data for LUPIN
2025-08-22 23:52:34,780 INFO:Successfully fetched data for ONGC
2025-08-22 23:52:34,803 INFO:Successfully fetched data for MCDOWELL-N
2025-08-22 23:52:34,835 INFO:Successfully fetched data for MUTHOOTFIN
2025-08-22 23:52:34,845 INFO:Successfully fetched data for NMDC
2025-08-22 23:52:34,884 INFO:Successfully fetched data for PIDILITIND
2025-08-22 23:52:34,989 INFO:Successfully fetched data for SBILIFE
2025-08-22 23:52:35,021 INFO:Successfully fetched data for TATAPOWER
2025-08-22 23:52:35,028 INFO:Successfully fetched data for SAIL
2025-08-22 23:52:35,031 INFO:Successfully fetched data for TATACHEM
2025-08-22 23:52:35,056 INFO:Successfully fetched data for SBICARD
2025-08-22 23:52:35,124 INFO:Successfully fetched data for IDFCFIRSTB
2025-08-22 23:52:35,146 INFO:Successfully fetched data for TORNTPHARM
2025-08-22 23:52:35,179 INFO:Successfully fetched data for FEDERALBNK
2025-08-22 23:52:35,222 INFO:Successfully fetched data for SIEMENS
2025-08-22 23:52:35,238 INFO:Successfully fetched data for INDUSINDBK
2025-08-22 23:52:35,265 INFO:Successfully fetched data for CANBK
2025-08-22 23:52:35,272 INFO:Successfully fetched data for INDIANB
2025-08-22 23:52:35,296 INFO:Successfully fetched data for RBLBANK
2025-08-22 23:52:35,305 INFO:Successfully fetched data for UPL
2025-08-22 23:52:35,378 INFO:Successfully fetched data for UNIONBANK
2025-08-22 23:52:35,456 INFO:Successfully fetched data for PFC
2025-08-22 23:52:35,479 INFO:Successfully fetched data for RECLTD
2025-08-22 23:52:35,510 INFO:Successfully fetched data for MFSL
2025-08-22 23:52:35,961 INFO:Successfully fetched data for PERSISTENT
2025-08-22 23:52:35,962 INFO:Successfully fetched data for OFSS
2025-08-22 23:52:35,966 INFO:Successfully fetched data for MINDTREE
2025-08-22 23:52:35,967 INFO:Successfully fetched data for MPHASIS
2025-08-22 23:52:35,967 INFO:Successfully fetched data for LTTS
2025-08-22 23:52:36,018 ERROR:HTTP Error 404: 
2025-08-22 23:52:36,071 INFO:Successfully fetched data for COFORGE
2025-08-22 23:52:36,106 INFO:Successfully fetched data for CYIENT
2025-08-22 23:52:36,208 INFO:Successfully fetched data for RAMCOCEM
2025-08-22 23:52:36,211 INFO:Successfully fetched data for ABBOTINDIA
2025-08-22 23:52:36,215 INFO:Successfully fetched data for L&TI
2025-08-22 23:52:36,216 INFO:Successfully fetched data for SONATSOFTW
2025-08-22 23:52:36,227 INFO:Successfully fetched data for TORNTPHARM
2025-08-22 23:52:36,303 INFO:Successfully fetched data for DIVISLAB
2025-08-22 23:52:36,304 INFO:Successfully fetched data for ALKEM
2025-08-22 23:52:36,322 INFO:Successfully fetched data for GLAXO
2025-08-22 23:52:36,413 INFO:Successfully fetched data for IPCALAB
2025-08-22 23:52:36,446 INFO:Successfully fetched data for NATCOPHARM
2025-08-22 23:52:36,447 INFO:Successfully fetched data for PFIZER
2025-08-22 23:52:36,457 INFO:Successfully fetched data for SANOFI
2025-08-22 23:52:36,462 INFO:Successfully fetched data for ASTRAZEN
2025-08-22 23:52:36,554 INFO:Successfully fetched data for ASHOKLEY
2025-08-22 23:52:36,555 INFO:Successfully fetched data for ABB
2025-08-22 23:52:36,568 INFO:Successfully fetched data for ABFRL
2025-08-22 23:52:36,661 INFO:Successfully fetched data for ADANIPOWER
2025-08-22 23:52:36,672 INFO:Successfully fetched data for AUBANK
2025-08-22 23:52:36,689 INFO:Successfully fetched data for BATAINDIA
2025-08-22 23:52:36,698 INFO:Successfully fetched data for CUMMINSIND
2025-08-22 23:52:36,745 INFO:Successfully fetched data for BHEL
2025-08-22 23:52:36,758 INFO:Successfully fetched data for BALKRISIND
2025-08-22 23:52:36,822 INFO:Successfully fetched data for GODREJPROP
2025-08-22 23:52:36,829 INFO:Successfully fetched data for EMAMILTD
2025-08-22 23:52:36,871 INFO:Successfully fetched data for ESCORTS
2025-08-22 23:52:36,904 INFO:Successfully fetched data for FORTIS
2025-08-22 23:52:36,919 INFO:Successfully fetched data for IPCALAB
2025-08-22 23:52:36,931 INFO:Successfully fetched data for JINDALSTEL
2025-08-22 23:52:37,005 INFO:Successfully fetched data for HINDALCO
2025-08-22 23:52:37,010 INFO:Successfully fetched data for MFSL
2025-08-22 23:52:37,031 INFO:Successfully fetched data for JSWSTEEL
2025-08-22 23:52:37,075 INFO:Successfully fetched data for NHPC
2025-08-22 23:52:37,085 INFO:Successfully fetched data for LICHSGFIN
2025-08-22 23:52:37,119 INFO:Successfully fetched data for NLCINDIA
2025-08-22 23:52:37,169 INFO:Successfully fetched data for MRF
2025-08-22 23:52:37,175 INFO:Successfully fetched data for ONGC
2025-08-22 23:52:37,176 INFO:Successfully fetched data for PETRONET
2025-08-22 23:52:37,181 INFO:Successfully fetched data for POWERGRID
2025-08-22 23:52:37,251 INFO:Successfully fetched data for RECLTD
2025-08-22 23:52:37,336 INFO:Successfully fetched data for TATAPOWER
2025-08-22 23:52:37,498 ERROR:HTTP Error 404: 
2025-08-22 23:52:37,539 INFO:Successfully fetched data for NMDC
2025-08-22 23:52:37,540 INFO:Successfully fetched data for SJVN
2025-08-22 23:52:37,540 INFO:Successfully fetched data for THERMAX
2025-08-22 23:52:37,692 INFO:Successfully fetched data for ZOMATO
2025-08-22 23:52:37,692 INFO:Successfully fetched data for NAZARA
2025-08-22 23:52:37,695 INFO:Successfully fetched data for NYKAA
2025-08-22 23:52:37,779 INFO:Successfully fetched data for POLICYBZR
2025-08-22 23:52:37,782 INFO:Successfully fetched data for JUSTDIAL
2025-08-22 23:52:37,783 INFO:Successfully fetched data for CARTRADE
2025-08-22 23:52:37,787 INFO:Successfully fetched data for INDIAMART
2025-08-22 23:52:37,789 INFO:Successfully fetched data for IRCTC
2025-08-22 23:52:37,795 INFO:Successfully fetched data for PAYTM
2025-08-22 23:52:37,879 INFO:Successfully fetched data for EASEMYTRIP
2025-08-22 23:52:37,880 INFO:Successfully fetched data for 150 stocks
2025-08-22 23:52:37,880 INFO:Found 150 stocks to analyze
2025-08-22 23:52:37,880 WARNING:Could not convert longBusinessSummary: could not convert string to float: 'Infosys Limited, together with its subsidiaries, provides consulting, technology, outsourcing, and digital services in North America, Europe, India, and internationally. It provides digital marketing and digital workplace, digital commerce, digital experience and interactions, and metaverse; data analytics and AI, applied AI, generative AI, and sustainability; blockchain, engineering, and Internet of Things; enterprise agile DevOps, API economy and microservices, application modernization, cloud, digital process automation, digital supply chain, Microsoft business application and cloud business, service experience transformation, energy transition, Network Transformation Services, Infrastructure Services cyber security, and quality engineering solutions; Oracle, SAP, and Saleforce solutions; Topaz, an AI-first set of services, solutions, and platforms using generative AI technologies; and Aster, a set of AI-amplified marketing services, solutions, and platforms. The company also offers Finacle, a core banking solution; Edge suite of products; Panaya platform, Infosys Equinox, Infosys Live Enterprise Suite, Infosys Wingspan, Infosys Helix, Infosys Meridian, Infosys Polycloud, Infosys Cortex, and Stater digital platforms; and Infosys McCamish, an insurance platform. It serves aerospace and defense, agriculture, automotive, chemical manufacturing, communication, consumer packaged goods, education, engineering procurement and construction, financial, healthcare, high technology, industrial manufacturing, information services and publishing, insurance, life science, logistics and distribution, media, entertainment, mining, oil and gas, private equity, professional, public, retail, semiconductor, travel, hospitality, utilities, and waste management industries. The company was formerly known as Infosys Technologies Limited and changed its name to Infosys Limited in June 2011. Infosys Limited was incorporated in 1981 and is headquartered in Bengaluru, India.'
2025-08-22 23:52:37,880 WARNING:Could not convert sector: could not convert string to float: 'Technology'
2025-08-22 23:52:37,880 WARNING:Could not convert industry: could not convert string to float: 'Information Technology Services'
2025-08-22 23:52:37,880 WARNING:Could not convert website: could not convert string to float: 'https://www.infosys.com'
2025-08-22 23:52:38,048 WARNING:Could not convert longBusinessSummary: could not convert string to float: 'Tata Consultancy Services Limited provides information technology (IT) and IT enabled services in the Americas, Europe, India, and internationally. The company provides TCS ADD, a suite of AI powered life sciences platforms; TCS BaNCS, a financial services platform; TCS BFSI Platforms, a cloud-native, as-a-service digital ecosystem for insurers and financial firms; TCS Chroma, a cloud-based human resource management system platform; TCS Customer Intelligence & Insights, an AI-driven customer analytics and real-time CDP solution; TCS ERP on Cloud, an SAP platform as a service; ignio, a cognitive automation software product; TCS iON, a learning ecosystem; and TCS HOBS, a cloud-native, catalog-centric platform for personalization of products and processes. It also offers TCS Intelligent Urban Exchange for enterprises and smart cities; TCS OmniStore, a retail commerce platform; TCS Optumera, a retail-connected strategic intelligence platform; TCS Tap, a platform for intelligent procurement; Quartz, a distributed ledger technology; TCS TwinX, an enterprise digital twin platform; TCS MasterCraft, an AI-driven cognitive automation product; Jile, an enterprise agile planning and delivery tool; and TCS DigiBOLT, an end-to-end, organization-wide enterprise platform. In addition, the company provides cloud, cognitive business, consulting, cybersecurity, data and analytics, enterprise solutions, IoT and digital engineering, TCS interactive, artificial intelligence, network solutions, and sustainability services. It serves banking; capital markets; consumer packaged goods and distribution; communications, media, and information services; education; energy, resources, and utilities; healthcare; high tech; insurance; life sciences; manufacturing; public services; retail; and travel and logistics industries. The company was founded in 1968 and is based in Mumbai, India. Tata Consultancy Services Limited is a subsidiary of Tata Sons Private Limited.'
2025-08-22 23:52:38,049 WARNING:Could not convert sector: could not convert string to float: 'Technology'
2025-08-22 23:52:38,049 WARNING:Could not convert industry: could not convert string to float: 'Information Technology Services'
2025-08-22 23:52:38,049 WARNING:Could not convert website: could not convert string to float: 'https://www.tcs.com'
2025-08-22 23:52:38,169 WARNING:Could not convert longBusinessSummary: could not convert string to float: 'ITC Limited engages in the fast-moving consumer goods, paperboards, paper and packaging, and agri businesses in India and internationally. The company offers cigarettes and cigars; foods, including staples, spices, biscuits, confectionery and gums, snacks, noodles and pasta, beverages, dairy products, ready-to-eat meals, chocolates, coffee, and frozen foods; personal care products; education and stationery, such as balls, gels and roller pens, mechanical pencils, geometry boxes, erasers, sharpeners and rulers, wax crayons, plastic crayons, and sketch pens and oil pastels; safety matches; and agarbattis and dhoops under various brands, as well as operates a hotel under the ITC Grand Central name in Mumbai. It also provides virgin, recycled, coated barrier, cupstock base, liner, liquid packaging, antifungal, solid, and graphic boards, as well as specialty papers; surfacing, print base, barrier, overlay, and liner papers; plastic substitution products; and packaging products, including cartons, flexible, tobacco, and green packaging products. In addition, the company exports feed ingredients, food grains, marine products, processed fruits, coffee products, leaf tobacco products, and spices; and offers information technology services for the banking and financial services, healthcare, manufacturing, consumer goods, travel, and hospitality industries, as well as produces and commercializes seed potato technology products. Further, it provides property infrastructure maintenance; engineering, procurement and construction management and project management consultancy services; business consulting; and agro-forestry and other related services, as well as engages in the fabrication and assembly of machinery for tube filling, cartoning, wrapping, and conveyor solutions and engineering activities. ITC Limited was incorporated in 1910 and is headquartered in Kolkata, India.'
2025-08-22 23:52:38,169 WARNING:Could not convert sector: could not convert string to float: 'Consumer Defensive'
2025-08-22 23:52:38,169 WARNING:Could not convert industry: could not convert string to float: 'Tobacco'
2025-08-22 23:52:38,169 WARNING:Could not convert website: could not convert string to float: 'https://www.itcportal.com'
2025-08-22 23:52:38,169 ERROR:Error processing ITC: '>' not supported between instances of 'NoneType' and 'float'
2025-08-22 23:52:38,170 WARNING:Could not convert longBusinessSummary: could not convert string to float: 'Reliance Industries Limited engages in hydrocarbon exploration and production, oil and chemicals, textile, retail, digital, material and composites, renewables, and financial services businesses worldwide. It operates through Oil to Chemicals, Oil and Gas, Retail, Digital Services, and Others segments. The company produces and markets petroleum products, such as liquefied petroleum gas, propylene, naphtha, gasoline, jet/aviation turbine fuel, kerosene oil, diesel, sulphur, and petroleum coke. It also provides petrochemicals, including high-density and low-density polyethylene (PE), linear low-density PE, polyester fibers and yarns, polypropylene, polyvinyl chloride, purified terephthalic acid, ethylene glycols and oxide, paraxylene, ortho xylene, benzene, linear alkyl benzene and paraffin, poly butadiene rubber, styrene butadiene rubber, butyl rubber, and polyethylene terephthalate. In addition, the company manufactures and markets yarns, fabrics, apparel, and auto furnishings; explores, develops, and produces crude oil and natural gas; and operates various stores comprising neighborhood, supermarket, hypermarket, wholesale cash and carry, specialty, online stores, as well as stores that offer apparel, beauty and cosmetics, accessories, footwear, consumer electronics, connectivity products, and others. Further, the company provides range of digital television, gaming, broadband, and telecommunication services under the Jio brand name; and non-banking financial and insurance broking services. Additionally, it operates news and entertainment platforms, and Network18 and television channels; publishes magazines; and offers highway hospitality and fleet management services. The company was founded in 1957 and is based in Mumbai, India.'
2025-08-22 23:52:38,170 WARNING:Could not convert sector: could not convert string to float: 'Energy'
2025-08-22 23:52:38,170 WARNING:Could not convert industry: could not convert string to float: 'Oil & Gas Refining & Marketing'
2025-08-22 23:52:38,170 WARNING:Could not convert website: could not convert string to float: 'https://www.ril.com'
2025-08-22 23:52:38,170 ERROR:Error processing RELIANCE: '>' not supported between instances of 'NoneType' and 'float'
2025-08-22 23:52:38,170 WARNING:Could not convert longBusinessSummary: could not convert string to float: "State Bank of India provides banking products and services in India and internationally. It operates through the Treasury, Corporate/Wholesale Banking, Retail Banking, and Other Banking Business segments. The company offers personal banking products and services, including current, savings, salary, and deposit accounts; home, personal, pension, auto, education, and gold loans, as well as loans against insurance policies, property, and securities; debit, business debit, prepaid, and green remit cards; overdrafts; mutual funds, insurance, equity trading, portfolio investment schemes, remittance services; digital lending; and mobile, internet, and digital banking services. It also provides corporate banking products and services comprising corporate accounts, working capital and project finance, deferred payment guarantees, corporate term loans, structured finance, dealer and channel financing, equipment leasing, loan syndication, construction equipment loans, financing Indian firms' overseas subsidiaries or JVs, and cash management, as well as trade and service products. In addition, the company offers NRI services, including accounts, investments, loans, and remittances; agricultural banking services; and international banking services. Further, it provides life and general insurance; estate planning services; merchant banking and advisory; securities broking; trusteeship service; factoring; payment solution; asset management; portfolio and investment management; credit cards; and custody and fund accounting services. State Bank of India was founded in 1806 and is headquartered in Mumbai, India."
2025-08-22 23:52:38,170 WARNING:Could not convert sector: could not convert string to float: 'Financial Services'
2025-08-22 23:52:38,170 WARNING:Could not convert industry: could not convert string to float: 'Banks - Regional'
2025-08-22 23:52:38,170 WARNING:Could not convert website: could not convert string to float: 'https://www.sbi.co.in'
2025-08-22 23:52:38,170 ERROR:Error processing SBIN: '>' not supported between instances of 'NoneType' and 'int'
2025-08-22 23:52:38,170 ERROR:Error processing HDFC: '>' not supported between instances of 'NoneType' and 'float'
2025-08-22 23:52:38,170 WARNING:Could not convert longBusinessSummary: could not convert string to float: 'Hindustan Unilever Limited, a consumer good company, manufactures and sells food, home care, personal care, and refreshment products in India and internationally. It operates through the Home Care, Beauty and Wellbeing, Personal Care, Foods, and Other segments. The Home Care segment offers detergent bars, detergent powders, detergent liquids, and scourers. Its Beauty and Wellbeing segment provides skin care and hair care products. The Personal Care segment offers skin cleansing, oral care, and deodorants. Its Food segment provides culinary products, such as tomato based products, fruit based products, soups, etc., as well as tea, coffee, lifestyle nutrition, ice-cream, and frozen desserts. The Other segment engages in export and consignment activities. The company is also involved in beauty salons, job work, real estate, and discharge trust business. Hindustan Unilever Limited was founded in 1888 and is headquartered in Mumbai, India.'
2025-08-22 23:52:38,171 WARNING:Could not convert sector: could not convert string to float: 'Consumer Defensive'
2025-08-22 23:52:38,171 WARNING:Could not convert industry: could not convert string to float: 'Household & Personal Products'
2025-08-22 23:52:38,171 WARNING:Could not convert website: could not convert string to float: 'https://www.hul.co.in'
2025-08-22 23:52:38,171 ERROR:Error processing HINDUNILVR: '>' not supported between instances of 'NoneType' and 'float'
2025-08-22 23:52:38,171 WARNING:Could not convert longBusinessSummary: could not convert string to float: 'Bharti Airtel Limited operates as a telecommunications company in India and internationally. It operates through the Mobile Services India, Mobile Services Africa, Mobile Services South Asia, Airtel Business, Passive Tower Infrastructure Services, Homes Services, Digital TV Services, and Others segments. The company provides voice and data telecom services through wireless technology including 2G/3G/4G/5G services; passive infrastructure service, including the setup, operation, and maintenance of wireless communication towers; home services covering voice and data communications through fixed-line network, wireless network, and broadband technology for homes; and digital TV services comprising digital broadcasting services under the DTH platform and IPTV services. It also engages in the airtel business that includes network integration, managed services, CPaaS, PaaS, cloud, cybersecurity, IoT, and data center services, as well as enterprise mobility applications. In addition, the company offers post-paid, prepaid, roaming, internet, and various value-added services, as well as mobile TV, video calls, live-streaming videos, gaming, video streaming, and other services. The company was formerly known as Bharti Tele-Ventures Limited and changed its name to Bharti Airtel Limited in April 2006. Bharti Airtel Limited was incorporated in 1995 and is headquartered in New Delhi, India.'
2025-08-22 23:52:38,171 WARNING:Could not convert sector: could not convert string to float: 'Communication Services'
2025-08-22 23:52:38,171 WARNING:Could not convert industry: could not convert string to float: 'Telecom Services'
2025-08-22 23:52:38,171 WARNING:Could not convert website: could not convert string to float: 'https://www.airtel.in'
2025-08-22 23:52:38,360 WARNING:Could not convert longBusinessSummary: could not convert string to float: 'ICICI Bank Limited, together with its subsidiaries, engages in the provision of various banking and financial services to retail and corporate customers in India and internationally. The company operates through Retail Banking, Wholesale Banking, Treasury, Other Banking, Life Insurance, General Insurance, and Others segments. It offers savings, salary, pension, current, trade, escrow, foreign currency, and vostro accounts, as well as time, fixed, recurring, and security deposits. The company also provides home, car, two-wheeler, personal, education, gold, and commercial business loans, as well as loans against securities, shares, mutual funds, and property; working capital finance, term loans, collateral free loans, loans without financials, finance for importers and exporters, and overdraft facilities, as well as loans for new entities and card swipes; and credit, debit, prepaid, travel, forex, and corporate cards. In addition, it offers pockets wallet; fixed income products; investment products, such as mutual funds, gold monetization schemes, initial public offerings, and other online investment services; and agri and rural business, farmer finance, tractor loans, and micro banking services. Further, the company provides portfolio management, trade, foreign exchange, locker, private and NRI banking, and cash management services; family wealth and demat accounts; commercial and investment banking, capital market, custodial, and institutional banking services; general, life health, personal accident, fire, travel, and motor insurance products; and internet, mobile, and phone banking services. Additionally, it offers securities investment, broking, trading, and underwriting services; and merchant banking, trusteeship, housing finance, pension fund management, asset management, investment advisory, points of presence, and private equity/venture capital fund management services. The company was founded in 1955 and is headquartered in Mumbai, India.'
2025-08-22 23:52:38,360 WARNING:Could not convert sector: could not convert string to float: 'Financial Services'
2025-08-22 23:52:38,360 WARNING:Could not convert industry: could not convert string to float: 'Banks - Regional'
2025-08-22 23:52:38,360 WARNING:Could not convert website: could not convert string to float: 'https://www.icicibank.com'
2025-08-22 23:52:38,360 ERROR:Error processing ICICIBANK: '>' not supported between instances of 'NoneType' and 'int'
2025-08-22 23:52:38,360 WARNING:Could not convert longBusinessSummary: could not convert string to float: 'Axis Bank Limited provides various financial products and services in India and internationally. The company operates through four segments: Treasury, Retail Banking, Corporate/Wholesale Banking, and Other Banking Business. It provides fixed, recurring, and safe deposits; and saving, salary, current, safe custody, pension disbursement, and demat and trading accounts. The company also offers home, personal, business, car, two-wheeler, commercial vehicle construction equipment, education, gold, trade, and supply chain loans, as well as loans against securities, fixed deposits, properties, and credit cards; and overdrafts. In addition, it provides credit and debit cards; mutual and debt funds; governmental investment products, such as public provident fund, floating rate saving bonds, and national pension system; digital gold and sovereign gold bonds; digital rupee; insurance services, such as life, general, and health insurance; and various forex products and services. Further, the company offers phone, digital, and mobile banking services, as well as ATM services. Additionally, it provides equity, derivative trading, central funding unit, financial and corporate advisory, NRI, para banking, placements and syndication, project appraisal, capital market, and cash management services. The company was formerly known as UTI Bank Limited and changed its name to Axis Bank Limited in July 2007. Axis Bank Limited was incorporated in 1993 and is headquartered in Mumbai, India.'
2025-08-22 23:52:38,360 WARNING:Could not convert sector: could not convert string to float: 'Financial Services'
2025-08-22 23:52:38,360 WARNING:Could not convert industry: could not convert string to float: 'Banks - Regional'
2025-08-22 23:52:38,360 WARNING:Could not convert website: could not convert string to float: 'https://www.axisbank.com'
2025-08-22 23:52:38,360 ERROR:Error processing AXISBANK: '>' not supported between instances of 'NoneType' and 'int'
2025-08-22 23:52:38,361 WARNING:Could not convert longBusinessSummary: could not convert string to float: 'HDFC Bank Limited provides banking and financial products and services to individuals and businesses in India, Bahrain, Hong Kong, Singapore, and Dubai. The company operates through Treasury, Retail Banking, Wholesale Banking, Other Banking Business, Insurance Business, and Other segments. It offers savings, salary, current, rural, public provident fund, pension, and demat accounts; fixed and recurring deposits; and safe deposit lockers, as well as offshore accounts and deposits, and overdrafts against fixed deposits. The company also provides personal, home, car, two-wheeler, business, doctor, educational, gold, consumer, and rural loans; loans against properties, securities, mutual funds, rental receivables, and assets; loans for professionals; government sponsored programs; and loans on credit card, as well as working capital and commercial/construction equipment finance, healthcare/medical equipment, commercial vehicle finance, dealer finance, and term loans. In addition, it offers credit, debit, prepaid, forex, and kisan gold cards; payment and collection, export, import, remittance, bank guarantee, letter of credit, trade, hedging, and merchant and cash management services; and insurance and investment products. Further, the company provides short term finance, bill discounting, structured finance, export credit, loan repayment, custodial, and documents collection services; online, mobile, and phone banking services; unified payment interface, immediate payment, national electronic funds transfer, and real time gross settlement services; channel financing, vendor financing, reimbursement account, money market, derivatives, employee trusts, cash surplus corporates, tax payment, and bankers to rights/public issue services; and financial solutions for supply chain partners and agricultural customers. It operates branches and automated teller machines in various cities/towns. The company was incorporated in 1994 and is headquartered in Mumbai, India.'
2025-08-22 23:52:38,361 WARNING:Could not convert sector: could not convert string to float: 'Financial Services'
2025-08-22 23:52:38,361 WARNING:Could not convert industry: could not convert string to float: 'Banks - Regional'
2025-08-22 23:52:38,361 WARNING:Could not convert website: could not convert string to float: 'https://www.hdfcbank.com'
2025-08-22 23:52:38,361 ERROR:Error processing HDFCBANK: '>' not supported between instances of 'NoneType' and 'int'
2025-08-22 23:52:38,361 WARNING:Could not convert longBusinessSummary: could not convert string to float: 'Bajaj Finance Limited operates as a deposit-taking non-banking financial company in India. The company offers financing for various products, such as consumer electronics, furniture, digital products, e-commerce purchases, retail spends, and two and three-wheelers; and personal, unsecured, home, and secured, gold, and car loans. It also provides secured and unsecured loans to micro, small, and medium enterprises (MSMEs), SMEs, and professionals; loans against property, mutual funds, insurance policies, and shares; developer finance and lease rental discounting services; and new and used car financing, and tractor financing. In addition, the company also offers commercial and rural lending; public and corporate deposits; loans against securities; micro-finance and auto financing lending; and broking and margin trade financing services. Further, it distributes life, health, and general insurance products. The company was formerly known as Bajaj Auto Finance Limited and changed its name to Bajaj Finance Limited in September 2010. The company was incorporated in 1987 and is based in Pune, India. Bajaj Finance Limited is a subsidiary of Bajaj Finserv Ltd.'
2025-08-22 23:52:38,361 WARNING:Could not convert sector: could not convert string to float: 'Financial Services'
2025-08-22 23:52:38,361 WARNING:Could not convert industry: could not convert string to float: 'Credit Services'
2025-08-22 23:52:38,361 WARNING:Could not convert website: could not convert string to float: 'https://www.aboutbajajfinserv.com/finance-about-us'
2025-08-22 23:52:38,576 WARNING:Could not convert longBusinessSummary: could not convert string to float: 'Kotak Mahindra Bank Limited provides a range of banking and financial services to corporate and individual customers in India. It operates through Treasury, BMU, and Corporate Centre; Retail Banking; Corporate / Wholesale Banking; Digital Banking; Other Retail Banking; Vehicle Financing; Other Lending Activities; Broking; Advisory and Transactional Services; Asset Management; and Insurance segments. The company offers savings, current, and salary accounts; fixed, recurring, tax saving fixed, senior citizen, and fixed deposit products; home, personal, business, payday, gold, education, commercial vehicle, car, and crop loans, as well as loan against securities and properties; construction equipment, tractor and farm equipment, healthcare, trade and supply chain, and working capital finance solutions; and prepaid, credit, and debit cards. It also provides Investment products; life, term, health, car, and two wheeler insurance; payment services; trade services; business management and marketing, enterprise resource planning, supply chain and logistics, human resource, business travel, workspace management, taxation and legal, and healthcare/medical equipment services; cash management services, such as digital payments, physical collections, digital collections, and payment gateways; private banking services; net banking; and NRI services. In addition, the company offers term deposits, consumer finance, business banking, rural housing, FASTags, project finance, foreign exchange, custody services, debt capital markets; structured financing, discretionary, investment advisory solutions; estate planning, research services, margin trading facility, and index, overseas funds. Kotak Mahindra Bank Limited was incorporated in 1985 and is headquartered in Mumbai, India.'
2025-08-22 23:52:38,576 WARNING:Could not convert sector: could not convert string to float: 'Financial Services'
2025-08-22 23:52:38,576 WARNING:Could not convert industry: could not convert string to float: 'Banks - Regional'
2025-08-22 23:52:38,576 WARNING:Could not convert website: could not convert string to float: 'https://www.kotak.com'
2025-08-22 23:52:38,576 ERROR:Error processing KOTAKBANK: '>' not supported between instances of 'NoneType' and 'int'
2025-08-22 23:52:38,576 WARNING:Could not convert longBusinessSummary: could not convert string to float: 'Sun Pharmaceutical Industries Limited, a generic pharmaceutical company, develops, manufactures, and markets branded and generic formulations, and active pharmaceutical ingredients (APIs) in India, the United States, and internationally. The company offers formulations in various therapeutic areas, including neuropsychiatry, cardiology, diabetes, gastroenterology, pain/analgesics, gynecology, ophthalmology, urology, dermatology, respiratory, anti-infectives, oncology, psychiatry, neurology, orthopaedic, nephrology, urology, dermatology, respiratory, dental, and nutritionals. It also provides generic medications, such as tablets, capsules, injectables, inhalers, ointments, creams, and liquids; speciality medications; antiretrovirals medications; and over-the-counter products, such as vitamins, analgesics, digestives, and lifestyle. In addition, the company offers APIs for anti-cancers, peptides, steroids, sex hormones, immunosuppressant drugs, and controlled substances. It exports its products to approximately 90 countries across Asia, North America, Europe, Africa, South America, and Australia. Sun Pharmaceutical Industries Limited was founded in 1983 and is headquartered in Mumbai, India.'
2025-08-22 23:52:38,576 WARNING:Could not convert sector: could not convert string to float: 'Healthcare'
2025-08-22 23:52:38,577 WARNING:Could not convert industry: could not convert string to float: 'Drug Manufacturers - Specialty & Generic'
2025-08-22 23:52:38,577 WARNING:Could not convert website: could not convert string to float: 'https://sunpharma.com'
2025-08-22 23:52:38,577 ERROR:Error processing SUNPHARMA: '>' not supported between instances of 'NoneType' and 'float'
2025-08-22 23:52:38,577 WARNING:Could not convert longBusinessSummary: could not convert string to float: 'Larsen & Toubro Limited engages in engineering, procurement, and construction projects (EPC) in India and internationally. The Infrastructure Projects segment is involved in the engineering and construction of building and factories, transportation infrastructure, heavy civil infrastructure, power transmission and distribution, water and effluent treatment, and minerals and metals. The Energy Projects segment provides EPC solutions in oil & gas, refineries, petrochemicals & offshore wind energy sectors, from front-end design through detailed engineering, modular fabrication, procurement, project management, construction, installation and commissioning; CarbonLite solutions for power generation plants including power generation equipment with associated systems; and carbon capture utilization and utility packages. The Hi-Tech Manufacturing segment designs, manufactures/constructs, supplies, and revamps/retrofits custom designed engineered critical equipment and systems for the process plants, nuclear energy, and green hydrogen sectors; marine and land platforms, related equipment and systems, and aerospace products and systems; precision and electronics products and systems for defense, security, space, and industrial sectors; and electrolysers. The IT & Technology Services segment offers information technology and integrated engineering services, e-commerce/digital platforms and data centers, and semiconductor chip design solutions. The Financial Services segment provides retail finance. The Development Projects segment develops, operates, and maintains metro project comprising transit-oriented development, toll roads, power generation and development, thermal power, and green energy. The Others segment engages in realty, manufacture and sale of industrial valves; marketing and servicing of construction equipment, mining machinery and parts, and processing machinery. Larsen & Toubro Limited was founded in 1938 and is headquartered in Mumbai, India.'
2025-08-22 23:52:38,577 WARNING:Could not convert sector: could not convert string to float: 'Industrials'
2025-08-22 23:52:38,577 WARNING:Could not convert industry: could not convert string to float: 'Engineering & Construction'
2025-08-22 23:52:38,577 WARNING:Could not convert website: could not convert string to float: 'https://www.larsentoubro.com'
2025-08-22 23:52:38,577 ERROR:Error processing LT: '>' not supported between instances of 'NoneType' and 'float'
2025-08-22 23:52:38,577 WARNING:Could not convert longBusinessSummary: could not convert string to float: 'UltraTech Cement Limited, together with its subsidiaries, engages in the manufacture and sale of clinker, cement, ready mix concrete, and related products in India, the United Arab Emirates, Bahrain, and Sri Lanka. The company offers ordinary Portland, Portland pozzolana, composite, Weather Plus, and Portland slag; white cement, wall care putty, and value-added products; ready-mix concrete; dry mix mortars, such as tile and marble binders, plasters and mortars, industrial and precision grouts, repair and rehabilitation, and flooring screed; and waterproofing products, including liquid and cement waterproofing products. It also provides masonry products; and TMT steel bars, paints, waterproofing solutions and treatments, switchboards and fittings, plywood, shuttering ply, power and hand tools, PVC pipes, sanitary ware, roofing sheets, and water storage tanks, as well as flooring materials, such as marble, granite, and semi-precious stones through its retail stores under UltraTech Home Expert Store brand name. In addition, the company operates mobile concrete labs that offers on-ground technical assessment of construction materials; and provides Vaastu, pest control, and water testing services, as well as home loans. It offers its products under UltraTech Décor, DuraFacad, Pervious, MaxSheen, AquaSeal, ThermoCon+, FreeFlow+, FireSafe, DuraPlus, CorroProtect, Litecon, iFloors, Rapid, and ZIP brands. The company was incorporated in 2000 and is based in Mumbai, India. UltraTech Cement Limited operates as a subsidiary of Grasim Industries Limited.'
2025-08-22 23:52:38,577 WARNING:Could not convert sector: could not convert string to float: 'Basic Materials'
2025-08-22 23:52:38,577 WARNING:Could not convert industry: could not convert string to float: 'Building Materials'
2025-08-22 23:52:38,577 WARNING:Could not convert website: could not convert string to float: 'https://www.ultratechcement.com'
2025-08-22 23:52:38,578 ERROR:Error processing ULTRACEMCO: '>' not supported between instances of 'NoneType' and 'float'
2025-08-22 23:52:38,578 WARNING:Could not convert longBusinessSummary: could not convert string to float: 'HCL Technologies Limited provides IT and business services, engineering and research and development services, and modernized software products and IP-led offerings. It operates through IT and Business Services; Engineering and R&D Services; and HCL Software segments. The company provides application development, management, modernization, and testing, as well as commercial applications; automation services, including digital integration, business process management, robotic process automation for intelligent automation, and low and no code services; digital process operations, such as customer experience management, hyper intelligent automation, supply chain management, finance and accounting, marketing operations and content, and human resource services; and data and AI services consisting of strategy and advisory, modernize data, simplify insights, and scale AI. It also offers commercial applications for sales, accounting, finance, HR, inventory, and manufacturing operations; cybersecurity services; systems engineering, simulation process and data management, manufacturing engineering, supplier collaboration, and digital thread and twin, as well as application, service, and product lifecycle management; and HCLTech Career Shaper, a learning and assessment platform. In addition, the company provides cloud engineering, digital platform engineering, digital commerce and manufacturing, silicon platform solutions, 5G engineering, SemiCloud, and AITech services; and IT enablement and service desk, unified communication and collaboration, workplace assessment and automation, mobility services, and cloud office. Further, it offers intelligent operations, internet of things, marketing services, operational technology, product engineering, supply chain, and unified service management, as well as enterprise network solutions. The company was founded in 1976 and is headquartered in Noida, India.'
2025-08-22 23:52:38,578 WARNING:Could not convert sector: could not convert string to float: 'Technology'
2025-08-22 23:52:38,578 WARNING:Could not convert industry: could not convert string to float: 'Information Technology Services'
2025-08-22 23:52:38,578 WARNING:Could not convert website: could not convert string to float: 'https://www.hcltech.com'
2025-08-22 23:52:38,790 WARNING:Could not convert longBusinessSummary: could not convert string to float: 'Asian Paints Limited, together with its subsidiaries, engages in the manufacture, distribution, and sale of paints, coatings, and products related to home decoration and bath fittings in India, Asia, the Middle East, Africa, and the South Pacific region. The company offers wall coverings; waterproofing products; adhesives; and bath fittings and sanitaryware, modular kitchens and wardrobes, fabric, furnishings and rugs, decorative lightings, unplasticized polyvinyl chloride windows and door systems, textures and painting aids, and mechanized tools, as well as personalized interior design, homes painting, color consultancy projects, and homes services; and wood solutions. It also provides interior and exterior wall finishes, enamels, tools, undercoats, thinners, and varnishers. The company offers its products under the Asian Paints, SCIB Paints, Apco Coatings, Asian Paints Berger, Taubmans, Asian Paints Causeway, and Kadisco Asian Paints brand names through a network of dealers and retail stores, as well as operates asianpaints.com, an online shop. Asian Paints Limited was founded in 1942 and is headquartered in Mumbai, India.'
2025-08-22 23:52:38,790 WARNING:Could not convert sector: could not convert string to float: 'Basic Materials'
2025-08-22 23:52:38,790 WARNING:Could not convert industry: could not convert string to float: 'Specialty Chemicals'
2025-08-22 23:52:38,790 WARNING:Could not convert website: could not convert string to float: 'https://www.asianpaints.com'
2025-08-22 23:52:38,790 ERROR:Error processing ASIANPAINT: '>' not supported between instances of 'NoneType' and 'float'
2025-08-22 23:52:38,790 WARNING:Could not convert longBusinessSummary: could not convert string to float: 'Maruti Suzuki India Limited manufactures, purchases, and sells motor vehicles, components, and spare parts in India. The company offers passenger vehicles, utility vehicles, and multi-purpose vehicles. It is also involved in the facilitation of pre-owned car sales, fleet management, and car financing activities. In addition, the company offers driving school, insurance, accessories, and financing products and services. It also exports its products to South Africa, Saudi Arabia, Chile, Japan, Mexico, and internationally. The company was formerly known as Maruti Udyog Limited and changed its name to Maruti Suzuki India Limited in September 2007. Maruti Suzuki India Limited was incorporated in 1981 and is headquartered in New Delhi, India. Maruti Suzuki India Limited is a subsidiary of Suzuki Motor Corporation.'
2025-08-22 23:52:38,790 WARNING:Could not convert sector: could not convert string to float: 'Consumer Cyclical'
2025-08-22 23:52:38,790 WARNING:Could not convert industry: could not convert string to float: 'Auto Manufacturers'
2025-08-22 23:52:38,791 WARNING:Could not convert website: could not convert string to float: 'https://www.marutisuzuki.com'
2025-08-22 23:52:38,791 ERROR:Error processing MARUTI: '>' not supported between instances of 'NoneType' and 'float'
2025-08-22 23:52:38,791 WARNING:Could not convert longBusinessSummary: could not convert string to float: 'Wipro Limited operates as an information technology (IT), consulting, and business process services company worldwide. It operates through IT Services and IT Products segments. The IT Services segment offers AI-powered IT and IT-enabled services, including digital strategy advisory, customer-centric design, technology and IT consulting, custom application design, development, re-engineering and maintenance, systems integration, package implementation, cloud and infrastructure, business process, cloud, mobility and analytics, research and development, and hardware and software design services to enterprises. It serves customers in various industry sectors, such as communications, media and information services, software and gaming, new age technology, consumer goods, healthcare, medical devices and life sciences, and technology products and services, as well as banking and financial services, energy, manufacturing and resources, capital markets and insurance, and hi-tech. The IT Products segment provides a range of third-party IT products comprising enterprise platforms, networking solutions, software and data storage products, contact center infrastructure, enterprise security, IT optimization technologies, video solutions, and end-user computing solutions. It serves enterprises in various industries primarily in the India market, which comprise the government, defense, IT and IT-enabled services, telecommunications, manufacturing, utilities, education, and financial services sectors. The company was incorporated in 1945 and is based in Bengaluru, India.'
2025-08-22 23:52:38,791 WARNING:Could not convert sector: could not convert string to float: 'Technology'
2025-08-22 23:52:38,791 WARNING:Could not convert industry: could not convert string to float: 'Information Technology Services'
2025-08-22 23:52:38,791 WARNING:Could not convert website: could not convert string to float: 'https://www.wipro.com'
2025-08-22 23:52:38,985 WARNING:Could not convert longBusinessSummary: could not convert string to float: 'Nestlé India Limited engages in the manufacture and sale of food products in India and internationally. The company provides milk products and nutrition, including dairy whitener, condensed milk, UHT milk, yogurt, maternal and infant formula, baby foods, health care nutrition; prepared dishes and cooking aids, such as noodles, sauces, seasonings, pasta, cereals, and pet foods; powdered and liquid beverages comprising instant coffee and tea, as well as ready to drink beverages; and confectionery products consisting of bar countlines, tablets, and sugar confectionery products. The company was incorporated in 1959 and is headquartered in Gurugram, India.'
2025-08-22 23:52:38,985 WARNING:Could not convert sector: could not convert string to float: 'Consumer Defensive'
2025-08-22 23:52:38,985 WARNING:Could not convert industry: could not convert string to float: 'Packaged Foods'
2025-08-22 23:52:38,985 WARNING:Could not convert website: could not convert string to float: 'https://www.nestle.in'
2025-08-22 23:52:38,986 ERROR:Error processing NESTLEIND: '>' not supported between instances of 'NoneType' and 'float'
2025-08-22 23:52:38,986 WARNING:Could not convert longBusinessSummary: could not convert string to float: 'Bajaj Finserv Ltd., through its subsidiaries, provides financial services in India. The company operates through Life Insurance, General Insurance, Windmill, Retail Financing, and Investments and Others segments. It offers personal, business, home, home renovation, commercial, car, and gold loans; two- and three-wheeler loans; mortgages; education loans; unsecured and secured loans to small and medium-sized enterprises and professionals, as well as micro, small and medium enterprises; loans against properties, securities, car, mutual funds, bonds, and insurance policy; financing for products, such as consumer electronics, digital, lifecare, furniture, etc.; developer financing; and lease rental discounting products. The company also provides investment products, including fixed deposits, systematic deposit plans, and mutual funds; savings products; life, health, motor, fire, engineering, liabilities, marine, crop, car, two-wheeler, pet, home, travel, and personal accident insurance products; wealth management and retirement planning services; healthcare services comprising wellness, outpatient, and inpatient services; and wallets and credit cards. In addition, it offers pocket subscription plans; bill and recharge services; digital technology services; and trading and demat account, stock broking, margin trading, and HNI and retail broking services, as well as gold loans. Further, the company owns and operates 138 windmills with total installed capacity of 65.2 megawatts. Bajaj Finserv Ltd. was incorporated in 2007 and is based in Pune, India.'
2025-08-22 23:52:38,986 WARNING:Could not convert sector: could not convert string to float: 'Financial Services'
2025-08-22 23:52:38,986 WARNING:Could not convert industry: could not convert string to float: 'Financial Conglomerates'
2025-08-22 23:52:38,986 WARNING:Could not convert website: could not convert string to float: 'https://www.bajajfinserv.in'
2025-08-22 23:52:39,196 WARNING:Could not convert longBusinessSummary: could not convert string to float: 'Titan Company Limited, together with its subsidiaries, manufactures and sells watches, jewelry, eyewear, and other accessories and products in India and internationally. It operates through four segments: Watches and Wearables, Jewellery, Eyecare, and Others. The company designs, manufactures, and retails watches and wearables under the Nebula, Titan, Titan Clocks, Zoop, Titan Octane, Raga, Xylys, Edge, Fastrack, Sonata, Titan Smart, Fastrack smart, SF, Titan World, and Helios brands; jewellery products under the Mia, CaratLane, Tanishq, and Zoya brands; and eyecare products under the Titan Glares, Titan Eye+ and Fastrack Eyecare brands. It also offers sarees, dress materials, and ready-to-wear kurtas under the Taneira brand; perfumes under the SKINN brand; belts and wallets under the TITAN brand; and bags under the Fastrack and IRTH brands. In addition, the company provides manufacturing services and automation solutions for aerospace, defense, transportation, electrical and electronics, and medical sectors. It offers its products through owned and franchised retail stores, as well as online. The company was formerly known as Titan Industries Limited and changed its name to Titan Company Limited in August 2013. Titan Company Limited was incorporated in 1984 and is based in Bengaluru, India.'
2025-08-22 23:52:39,196 WARNING:Could not convert sector: could not convert string to float: 'Consumer Cyclical'
2025-08-22 23:52:39,196 WARNING:Could not convert industry: could not convert string to float: 'Luxury Goods'
2025-08-22 23:52:39,196 WARNING:Could not convert website: could not convert string to float: 'https://www.titancompany.in'
2025-08-22 23:52:39,196 ERROR:Error processing TITAN: '>' not supported between instances of 'NoneType' and 'float'
2025-08-22 23:52:39,196 WARNING:Could not convert longBusinessSummary: could not convert string to float: 'Tech Mahindra Limited provides information technology services and solutions in the Americas, Europe, India, and internationally. The company operates through Information technology (IT) Business and Business Process Services (BPS) segments. It offers Application Development Maintenance, intelligent automation, testing, and performance engineering; cloud consulting; engineering and network services; data analytics; and artificial intelligence services. The company also provides business process services, including Consulting NXT.NOW, growth accelerators, business-process-as-a-service; and service desk, technical assistance center, supply chain management, finance and accounting, GIS, analytics, trust and safety, customer experience, and transformation through technology; customer experience and design services; and cyber security, blockchain, and metaverse. In addition, it offers ESG consulting, energy, resource management, ESG talent pool, supply chain, data management and reporting, and environment, health, and safety; and digital enterprise applications. Further, the company provides Yantr.ai, a field service management software; Kornea, a cloud-native AI-powered workforce management solution; Populii, and enterprise gig platform; AceFin, an AI-based BPaaS solution; AftEAZE, a digital aftermarket platform; netOps.ai, a cloud platform for telco networks; MobiLytix marketing studio; Epselon automation platform; Entellio, a chatbot platform; Blue Marble solution; and InfoWise for enterprise metadata. It serves banking and financial services; communication; energy and utilities; healthcare and life sciences; hi-tech; insurance; manufacturing; media and entertainment; private equity; oil and gas; professional service; retail and consumer goods; and travel, transportation, hospitality, and logistic sectors. The company was incorporated in 1986 and is based in Pune, India.'
2025-08-22 23:52:39,197 WARNING:Could not convert sector: could not convert string to float: 'Technology'
2025-08-22 23:52:39,197 WARNING:Could not convert industry: could not convert string to float: 'Information Technology Services'
2025-08-22 23:52:39,197 WARNING:Could not convert website: could not convert string to float: 'https://www.techmahindra.com'
2025-08-22 23:52:39,197 ERROR:Error processing TECHM: '>' not supported between instances of 'NoneType' and 'float'
2025-08-22 23:52:39,197 WARNING:Could not convert longBusinessSummary: could not convert string to float: 'HDFC Life Insurance Company Limited provides individual and group insurance solutions in India. It offers insurance and investment products, such as protection, pension, savings, investment, annuity, and health, as well as term, investment, and life insurance plans. The company was formerly known as HDFC Standard Life Insurance Company Limited changed its name to HDFC Life Insurance Company Limited in January 2019. HDFC Life Insurance Company Limited was incorporated in 2000 and is headquartered in Mumbai, India. HDFC Life Insurance Company Limited operates as a subsidiary of HDFC Bank Limited.'
2025-08-22 23:52:39,197 WARNING:Could not convert sector: could not convert string to float: 'Financial Services'
2025-08-22 23:52:39,197 WARNING:Could not convert industry: could not convert string to float: 'Insurance - Life'
2025-08-22 23:52:39,197 WARNING:Could not convert website: could not convert string to float: 'https://www.hdfclife.com'
2025-08-22 23:52:39,370 WARNING:Could not convert longBusinessSummary: could not convert string to float: "Power Grid Corporation of India Limited, an electric power transmission utility, engages in the power transmission business in India and internationally. It operates in three segments: Transmission Services, Telecom Services, and Consultancy Services. As of 31 March 2025, the company owned and operated 180,195 circuit kilometers of transmission lines, and 282 substations with an aggregate transformation capacity of 551,961 mega volt amperes. It also provides telecom services that offer overhead optic fiber network services using optical ground wire on power transmission lines under the POWERTEL brand name, as well as lease lines, MPLS-VPN, data, infrastructure, and international long-distance services. In addition, it provides consultancy services to the transmission, distribution, and telecom sectors on system planning and feasibility studies; environmental and social studies; design and engineering; contract/procurement services; project management and construction supervision; capacity building; operation and maintenance; asset management; owners' and lenders' engineer services to utilities and funding institutions; preparation of grid code, tariff mechanisms, and market analysis; legal and technical advisory in power transmission; power system studies/DPR preparation; smart grid and EV charging; load despatch and communication; sub-transmission/distribution/rural electrification services; testing and quality assurance and inspection; energy efficiency; and preventive vigilance, as well as human resource development. Further, it operates electric vehicle charging stations; and engages in solar power generation, green hydrogen production, smart metering, and data centers. The company was formerly known as National Power Transmission Corporation Limited and changed its name to Power Grid Corporation of India Limited in October 1992. Power Grid Corporation of India Limited was incorporated in 1989 and is based in Gurugram, India."
2025-08-22 23:52:39,370 WARNING:Could not convert sector: could not convert string to float: 'Utilities'
2025-08-22 23:52:39,370 WARNING:Could not convert industry: could not convert string to float: 'Utilities - Regulated Electric'
2025-08-22 23:52:39,370 WARNING:Could not convert website: could not convert string to float: 'https://www.powergrid.in'
2025-08-22 23:52:39,371 ERROR:Error processing POWERGRID: '>' not supported between instances of 'NoneType' and 'float'
2025-08-22 23:52:39,371 WARNING:Could not convert longBusinessSummary: could not convert string to float: 'Mahindra & Mahindra Limited provides mobility products and farm solutions in India and internationally. It operates through five segments: Automotive; Farm Equipment; Auto Investments; Farm Investments; and Investments in Industrial Businesses and Consumer Services. The company offers commercial vehicles, trucks, buses, vans, passenger cars, utility vehicles, and electric vehicles (EV), as well as motorcycles; aero and defense products; offers construction equipment, such as rotaries, tillers, loaders, and backhoes under the Mahindra EarthMaster brand; and road construction equipment comprising motor graders under the Mahindra RoadMaster brand. It is also involved in the provision of farm equipment, including tractors under the Mahindra, Swaraj, and Trakstar brands, as well as farm mechanization solutions, such as rotavators, cultivators, harvesters, rice transplanters, balers, sprayers, and implements and attachments; and renewable energy business comprising installation of EV chargers and provision of Li-ion batteries. In addition, the company offers financial services, such as fixed deposits, retail and other loans, leasing, SME finance, housing finance, mutual funds, and life and non-life insurance broking services, as well as vehicle and equipment financing; provides logistics services; power backup solutions, including diesel and gas generators; and technology services comprising business process, integrated engineering, infrastructure and cloud, network, application development and maintenance, supply chain digital transformation, and design services. Further, it engages in the sale of timeshare and vacation ownership through its resorts; develops and sells residential properties, and engages in the development, management, and operation of commercial complexes; and processing and trading of steel for automotive, non-automotive, and power industries. The company was incorporated in 1945 and is headquartered in Mumbai, India.'
2025-08-22 23:52:39,371 WARNING:Could not convert sector: could not convert string to float: 'Consumer Cyclical'
2025-08-22 23:52:39,371 WARNING:Could not convert industry: could not convert string to float: 'Auto Manufacturers'
2025-08-22 23:52:39,371 WARNING:Could not convert website: could not convert string to float: 'https://www.mahindra.com'
2025-08-22 23:52:39,371 ERROR:Error processing M&M: '>' not supported between instances of 'NoneType' and 'float'
2025-08-22 23:52:39,371 WARNING:Could not convert longBusinessSummary: could not convert string to float: 'NTPC Limited operates as an integrated power company in India. It operates through two segments: Generation and Others. The company generates power from fossil fuels, hydro, solar, wind, nuclear, and renewable energy sources. It also engages in the coal mining and energy trading business. NTPC Limited was incorporated in 1975 and is based in New Delhi, India.'
2025-08-22 23:52:39,371 WARNING:Could not convert sector: could not convert string to float: 'Utilities'
2025-08-22 23:52:39,371 WARNING:Could not convert industry: could not convert string to float: 'Utilities - Regulated Electric'
2025-08-22 23:52:39,371 WARNING:Could not convert website: could not convert string to float: 'https://www.ntpc.co.in'
2025-08-22 23:52:39,372 ERROR:Error processing NTPC: '>' not supported between instances of 'NoneType' and 'float'
2025-08-22 23:52:39,372 WARNING:Could not convert longBusinessSummary: could not convert string to float: "Divi's Laboratories Limited engages in the manufacture and sale of generic active pharmaceutical ingredients (APIs), intermediates, and nutraceuticals in India, North America, Asia, Europe, and internationally. The company also undertakes custom synthesis contract manufacturing services of APIs and intermediates; and supplies a range of carotenoids, such as beta carotene, astaxanthin, lycopene, and canthaxanthin, as well as lutein and vitamins used in the food, beverage, dietary supplement, pet food, and feed industries. It also exports its products. The company was formerly known as Divi's Research Center and changed its name to Divi's Laboratories Limited in 1994. Divi's Laboratories Limited was incorporated in 1990 and is based in Hyderabad, India."
2025-08-22 23:52:39,372 WARNING:Could not convert sector: could not convert string to float: 'Healthcare'
2025-08-22 23:52:39,372 WARNING:Could not convert industry: could not convert string to float: 'Drug Manufacturers - Specialty & Generic'
2025-08-22 23:52:39,372 WARNING:Could not convert website: could not convert string to float: 'https://www.divislabs.com'
2025-08-22 23:52:39,372 ERROR:Error processing DIVISLAB: '>' not supported between instances of 'NoneType' and 'float'
2025-08-22 23:52:39,372 WARNING:Could not convert longBusinessSummary: could not convert string to float: 'Adani Enterprises Limited, together with its subsidiaries, operates in the new energy ecosystem, data center, airports, roads, copper, digital space, and other sectors in India and internationally. It operates through the Integrated Resources Management (IRM), Mining Services, Commercial Mining, New Energy Ecosystem, Airport, Road, and Others segments. The company engages in the integrated ecosystem for manufacturing green hydrogen, including solar cells, modules, and wind manufacturing; construction, operation, and maintenance of airports and road assets; commercial mining activities; supply of bunker to fuels to shipping vessels; manufacture and supply of defense equipment; and copper smelting and refinery, as well metals manufacturing. It also provides airport-focused services, including duty-free shopping, food and beverages, car parking, meet-and-greet, flight tracking, and airport maps services; and procurement and logistics services for minerals, as well as mining services. In addition, the company is involved in the sourcing, storage, and marketing of apples, grapes, pomegranates, and frozen peas; wastewater treatment, recycling, and reuse projects; a operation of a news network. Further, it holds a portfolio of small arms, ammunition, unmanned aerial vehicles, counter-drone systems, missiles, and aircraft services. The company was founded in 1988 and is headquartered in Ahmedabad, India. Adani Enterprises Limited operates as a subsidiary of S.B. Adani Family Trust.'
2025-08-22 23:52:39,372 WARNING:Could not convert sector: could not convert string to float: 'Energy'
2025-08-22 23:52:39,372 WARNING:Could not convert industry: could not convert string to float: 'Thermal Coal'
2025-08-22 23:52:39,373 WARNING:Could not convert website: could not convert string to float: 'https://www.adanienterprises.com'
2025-08-22 23:52:39,468 ERROR:Error processing ADANITRANS: '>' not supported between instances of 'NoneType' and 'float'
2025-08-22 23:52:39,468 WARNING:Could not convert longBusinessSummary: could not convert string to float: 'Adani Ports and Special Economic Zone Limited, together with its subsidiaries, develops, operates, and maintains port infrastructure in India. The company is involved in the operation of ports and terminals, including bulk and break bulk, container, liquid, LPG, LNG, and crude cargo; ports related infrastructure development activities; and development of infrastructure at contiguous Special Economic Zone at Mundra. It also offers logistic services, which include logistic parks, container rail and bulk cargo logistic solutions, and warehousing, as well as auto, road, and agriculture logistic services. In addition, the company operates a fleet of dredging and reclamation service equipment comprising cutter suction, trailing suction hopper, grab, inland cutter suction, water injection, and specialized dredgers; split hopper, flat top, and jack up barges; and multi utility craft, survey vessels, floating crane, drag flow unit, and floating booster, as well as dozers, excavotors, loaders, and other equipment. Further, it provides non-scheduled passenger airline services; hospital and related services; and marine services, such as pilotage, laying, mooring of vessels at berth and mid-stream, and maintenance of buoys. Additionally, the company engages in the development, construction, operation, and maintenance of railway corridors; land development activities; integrated textile park and container freight station businesses; owns and operates harbour tugs, barges, other port crafts, ocean towage and offshore support vessels; and provision of cargo storage-cum logistics services. The company was incorporated in 1998 and is headquartered in Ahmedabad, India.'
2025-08-22 23:52:39,468 WARNING:Could not convert sector: could not convert string to float: 'Industrials'
2025-08-22 23:52:39,468 WARNING:Could not convert industry: could not convert string to float: 'Marine Shipping'
2025-08-22 23:52:39,468 WARNING:Could not convert website: could not convert string to float: 'https://www.adaniports.com'
2025-08-22 23:52:39,468 ERROR:Error processing ADANIPORTS: '>' not supported between instances of 'NoneType' and 'float'
2025-08-22 23:52:39,469 WARNING:Could not convert longBusinessSummary: could not convert string to float: 'Adani Green Energy Limited generates and supplies renewable energy to central and state government entities and government backed corporations in India. The company develops, builds, owns, operates, and maintains power plants through renewable sources, such as solar, wind, and hybrid. It operates solar power plants with an operational capacity of 10,103 megawatts (MW); wind power plants with an operational capacity of 2,000 MW; and hybrid power plants with an operational capacity of 2,140 MW. Adani Green Energy Limited was incorporated in 2015 and is headquartered in Ahmedabad, India.'
2025-08-22 23:52:39,469 WARNING:Could not convert sector: could not convert string to float: 'Utilities'
2025-08-22 23:52:39,469 WARNING:Could not convert industry: could not convert string to float: 'Utilities - Renewable'
2025-08-22 23:52:39,469 WARNING:Could not convert website: could not convert string to float: 'https://www.adanigreenenergy.com'
2025-08-22 23:52:39,469 ERROR:Error processing ADANIGREEN: '>' not supported between instances of 'NoneType' and 'float'
2025-08-22 23:52:39,469 WARNING:Could not convert longBusinessSummary: could not convert string to float: 'Ambuja Cements Limited, together with its subsidiaries, manufactures, markets, and sells cement and related products to individual homebuilders, developers, infrastructure projects, masons and contractors, professionals, and architects and engineers in India. It offers Portland pozzolana cement and ordinary Portland cement, as well as temperature resistant concrete blocks, Blaine Portland cement, and micro materials. The company was formerly known as Gujarat Ambuja Cements Limited and changed its name to Ambuja Cements Limited in April 2007. The company was incorporated in 1981 and is based in Ahmedabad, India. Ambuja Cements Limited operates as a subsidiary of Holderind Investments Ltd.'
2025-08-22 23:52:39,469 WARNING:Could not convert sector: could not convert string to float: 'Basic Materials'
2025-08-22 23:52:39,469 WARNING:Could not convert industry: could not convert string to float: 'Building Materials'
2025-08-22 23:52:39,469 WARNING:Could not convert website: could not convert string to float: 'https://www.ambujacement.com'
2025-08-22 23:52:39,469 ERROR:Error processing AMBUJACEM: '>' not supported between instances of 'NoneType' and 'float'
2025-08-22 23:52:39,469 WARNING:Could not convert longBusinessSummary: could not convert string to float: "Tata Consumer Products Limited, together with its subsidiaries, produces, distributes, and trades in food products in India, the United States, the United Kingdom, and internationally. It operates through Branded Business and Non Branded Business segments. The company provides tea, coffee products, salt, mineral water, food ingredients, sweeteners, ready to cook and ready to eat options, breakfast cereals, snacks, mini meals, pulses, spices, instant noodles, blended masalas, Chinese sauces, pizza and pasta sauces, pasta sauce masala, ginger garlic paste, and dry fruits. It also offers health supplement; glucose drinks; juices; ready-to-drink beverages; food products; honey and preserves; muesli; and momo chutney, easy cook kabuli chana, roll cook ragi atta, corn flakes, oats, rusk, and juices. The company provides its products primarily under the Tata Tea, Tetley, 1868 by Tata Tea, Tata Coffee Grand, Tata Coffee Gold, Tata Coffee Quick Filter, Sonnets by Tata Coffee, Tata Salt, Tata Sampann, Smith & Jones, Tata Soulfull, Himalayan honey and preserves, Ching's Secret, Tata Simply Better, Himalayan water, Tata Copper+, Tata Gluco+, Tata Fruski, Good Earth, Teapigs, Eight O'Clock, Tata Raasa, Vitax, Laager, Joyfull, Tea4Kidz, Society Coffee, Tata Tea Vita Care, Tata Tea Chakra Gold, Tata Salt Rock Salt, Spice Mix, Tata Tea Gold, Tata Tea Premium, Kanan Devan, Chakra Gold, Agni, 1868 collection, and Say Never brands. The company was formerly known as Tata Global Beverages Limited and changed its name to Tata Consumer Products Limited in February 2020. Tata Consumer Products Limited was incorporated in 1962 and is based in Mumbai, India."
2025-08-22 23:52:39,469 WARNING:Could not convert sector: could not convert string to float: 'Consumer Defensive'
2025-08-22 23:52:39,469 WARNING:Could not convert industry: could not convert string to float: 'Packaged Foods'
2025-08-22 23:52:39,470 WARNING:Could not convert website: could not convert string to float: 'https://www.tataconsumer.com'
2025-08-22 23:52:39,470 ERROR:Error processing TATACONSUM: '>' not supported between instances of 'NoneType' and 'float'
2025-08-22 23:52:39,470 WARNING:Could not convert longBusinessSummary: could not convert string to float: "Aurobindo Pharma Limited, a biopharmaceutical company, develops, manufactures, commercializes, and sells generic pharmaceuticals, active pharmaceutical ingredients (APIs), and injectables. The company offers formulation in form of oral solids, liquids, injectables, vaccines, and metered dose inhalers; and APIs, biosimilars, and peptides targeting therapeutic areas, such as central nervous system, cardiovascular, respiratory, antibiotics, anti-retroviral, anti-diabetics, gastroenterology, oncology, and dermatology. It also provides antiretroviral drugs for the people and children living with HIV; and API space for sterile and non-sterile penicillin's, cephalosporins, penems, and non-beta lactams. The company has operations in India, the United States, Europe, Puerto Rico, and internationally. The company was incorporated in 1986 and is headquartered in Hyderabad, India."
2025-08-22 23:52:39,470 WARNING:Could not convert sector: could not convert string to float: 'Healthcare'
2025-08-22 23:52:39,470 WARNING:Could not convert industry: could not convert string to float: 'Drug Manufacturers - Specialty & Generic'
2025-08-22 23:52:39,470 WARNING:Could not convert website: could not convert string to float: 'https://www.aurobindo.com'
2025-08-22 23:52:39,470 ERROR:Error processing AUROPHARMA: '>' not supported between instances of 'NoneType' and 'float'
2025-08-22 23:52:39,470 WARNING:Could not convert longBusinessSummary: could not convert string to float: "Apollo Hospitals Enterprise Limited, together with its subsidiaries, provides healthcare services in India. It operates through Healthcare Services, Retail Health & Diagnostics, Digital Health & Pharmacy Distribution, and Others segments. The company's healthcare facilities comprise primary, secondary, and tertiary care, as well as specialty facilities. It offers services in cardiac sciences, oncology, neurosciences, gastroenterology, orthopedics, urology, organ transplantation, pulmonology, obstetrics and gynecology, internal medicine, vascular surgery, pediatrics, cosmetology, emergency medicine, bariatric surgery, general surgery, colorectal surgery, dentistry, nephrology, dermatology, endocrinology, preventive medicine, interventional radiology, ophthalmology, and integrative medicine, as well as robotic surgery and genomics. The company also provides project consultancy, medical educational institutes, Medvarsity for e-learning, and research services, as well as acts as an agent for life, general, and health insurance. In addition, it operates hospitals, pharmacies, primary care clinics, and diagnostic centers; short stay facilities, boutique birthing centers, multi-specialty clinics, dental and dialysis facilities, and preventive care; day surgery, diabetes management, and cradle and fertility centers; and Apollo 24/7, a digital health mobile platform that provides teleconsultations, online pharmacy deliveries, home diagnostics, and insurance services. Further, the company engages in the business of bio-banking of tissues. It serves patients, corporate clients, and the government and public sectors. Apollo Hospitals Enterprise Limited was incorporated in 1979 and is based in Chennai, India."
2025-08-22 23:52:39,470 WARNING:Could not convert sector: could not convert string to float: 'Healthcare'
2025-08-22 23:52:39,470 WARNING:Could not convert industry: could not convert string to float: 'Medical Care Facilities'
2025-08-22 23:52:39,470 WARNING:Could not convert website: could not convert string to float: 'https://www.apollohospitals.com'
2025-08-22 23:52:39,470 ERROR:Error processing APOLLOHOSP: '>' not supported between instances of 'NoneType' and 'float'
2025-08-22 23:52:39,470 WARNING:Could not convert longBusinessSummary: could not convert string to float: 'Bajaj Auto Limited, together with its subsidiaries, engages in the development, manufacture, and distribution of automobiles in India and internationally. The company offers motorcycles, bikes, commercial vehicles, electric two-wheelers, and three-wheeler, as well as related parts and accessories. It also exports its products. The company was founded in 1945 and is based in Pune, India.'
2025-08-22 23:52:39,471 WARNING:Could not convert sector: could not convert string to float: 'Consumer Cyclical'
2025-08-22 23:52:39,471 WARNING:Could not convert industry: could not convert string to float: 'Auto Manufacturers'
2025-08-22 23:52:39,471 WARNING:Could not convert website: could not convert string to float: 'https://www.bajajauto.com'
2025-08-22 23:52:39,471 ERROR:Error processing BAJAJ-AUTO: '>' not supported between instances of 'NoneType' and 'float'
2025-08-22 23:52:39,471 WARNING:Could not convert longBusinessSummary: could not convert string to float: 'Berger Paints India Limited manufactures and sells paints for home, professional, and industrial users in India and internationally. The company offers interior wall coatings, including designer finishes, interior emulsions, and ceiling paints; exterior wall coatings comprising exterior emulsions and textures, and roof and floor coatings; specialty industrial coatings; putty and cement paints; solvent, interior, exterior, metal, and wood primers; waterproofing solutions; wood finishes; enamels; aerosol spray paints, and DIY kits and stickers. It also provides automotive, fireproof, protective, floor, and powder coatings; road markings; construction chemicals, flooring compounds, bitumen and coal tar-based products, sealants and adhesives, and anti-corrosive coatings; lacquers; and various sanitization products. In addition, the company offers acrylic, silicate, and mineral plasters; thermal insulation adhesives; mortars; ready to use coat, wood effect, ribbed effect, concrete effect, and 3D effect; gel adhesives; and coil coating solutions. The company was formerly known as British Paints (India) Limited and changed its name to Berger Paints India Limited in December 1983. The company was incorporated in 1923 and is based in Kolkata, India. Berger Paints India Limited is a subsidiary of U. K. Paints India Private Limited.'
2025-08-22 23:52:39,471 WARNING:Could not convert sector: could not convert string to float: 'Basic Materials'
2025-08-22 23:52:39,471 WARNING:Could not convert industry: could not convert string to float: 'Specialty Chemicals'
2025-08-22 23:52:39,471 WARNING:Could not convert website: could not convert string to float: 'https://www.bergerpaints.com'
2025-08-22 23:52:39,471 ERROR:Error processing BERGEPAINT: '>' not supported between instances of 'NoneType' and 'float'
2025-08-22 23:52:39,471 WARNING:Could not convert longBusinessSummary: could not convert string to float: 'Bandhan Bank Limited provides banking and financial services for personal and business customers in India. The company operates through Treasury, Retail Banking, Corporate/Wholesale Banking, and Other Banking Business segments. It accepts term, fixed, and recurring deposits; and offers savings and current accounts. The company also provides home, gold, personal, two-wheeler, and car loans; loans against property; loan/overdraft against term deposits; and loans for small, medium, and large businesses. In addition, it invests in sovereign securities; offers liability products, card services, internet and mobile banking, ATM, trading, and non-resident Indian services; distributes third party products; and engages in demat and trading activities. Further, the company provides mutual fund, money transfer, bill payment and recharge, merchant payment, debit and credit card, internet and mobile banking, doorstep banking, safe deposit locker, remittance, transaction banking, trade finance, and cash management services, as well as health, life, home, travel, property, and car insurance products. The company was founded in 2001 and is headquartered in Kolkata, India.'
2025-08-22 23:52:39,471 WARNING:Could not convert sector: could not convert string to float: 'Financial Services'
2025-08-22 23:52:39,471 WARNING:Could not convert industry: could not convert string to float: 'Banks - Regional'
2025-08-22 23:52:39,471 WARNING:Could not convert website: could not convert string to float: 'https://www.bandhanbank.com'
2025-08-22 23:52:39,471 ERROR:Error processing BANDHANBNK: '>' not supported between instances of 'NoneType' and 'float'
2025-08-22 23:52:39,471 WARNING:Could not convert longBusinessSummary: could not convert string to float: 'Bosch Limited engages in the manufacture and trading of automotive products in India and internationally. The company offers products, such as spark and glow plugs; nozzle holder, components, and fuel rail assembly; LAG, SAG, rotary drill, hammer, and marble cutter; impact drilling machine; fuel injection pump and components; blower; and machines and components. It also provides diesel and gasoline fuel injection systems; automotive aftermarket products; industrial equipment; electrical power tools; security systems; and industrial and consumer energy products and solutions. In addition, the company offers internal combustion engines, thermal management systems, filters, batteries, lubricants, wiper blades, and diagnostic equipment and software; engages in hydrogen business; and operates authorized workshops and service centers. Further, it supplies power tools and related accessories, garden tools, and measuring technology. Additionally, the company provides video surveillance, intrusion detection, fire detection and voice evacuation systems, as well as access control and management systems; intercom systems, and professional audio and conference systems for communication of voice, sound, and music. The company was incorporated in 1951 and is headquartered in Bengaluru, India. Bosch Limited operates as a subsidiary of Robert Bosch Internationale Beteiligungen AG.'
2025-08-22 23:52:39,472 WARNING:Could not convert sector: could not convert string to float: 'Consumer Cyclical'
2025-08-22 23:52:39,472 WARNING:Could not convert industry: could not convert string to float: 'Auto Parts'
2025-08-22 23:52:39,472 WARNING:Could not convert website: could not convert string to float: 'https://www.bosch.in'
2025-08-22 23:52:39,472 ERROR:Error processing BOSCHLTD: '>' not supported between instances of 'NoneType' and 'float'
2025-08-22 23:52:39,472 WARNING:Could not convert longBusinessSummary: could not convert string to float: 'Bank of Baroda Limited provides various banking products and services to individuals, government departments, and corporate customers in India and internationally. It operates through Treasury, Corporate/Wholesale Banking, Retail Banking, and Other Banking Operations segments. The company offers savings, salary, and current accounts; and fixed and recurring deposits. It also provides loans, including home, vehicle, personal, education, gold, mortgage, and other loans, as well as Baroda Yoddha loans for defense personnel and fintech credit; loans and advances for corporate, agriculture, and micro, small, and medium enterprises; export finance, foreign currency credits, foreign currency non-resident loans, external commercial borrowing, and import finance; and supply chain finance. In addition, the company offers life insurance, general insurance, and health insurance products; digital payment, instant banking, and merchant payment solutions; debit, credit, and prepaid cards; investment products; treasury; trade, FX, and remittances; and other services. Bank of Baroda Limited was incorporated in 1908 and is headquartered in Vadodara, India.'
2025-08-22 23:52:39,472 WARNING:Could not convert sector: could not convert string to float: 'Financial Services'
2025-08-22 23:52:39,472 WARNING:Could not convert industry: could not convert string to float: 'Banks - Regional'
2025-08-22 23:52:39,472 WARNING:Could not convert website: could not convert string to float: 'https://www.bankofbaroda.in'
2025-08-22 23:52:39,472 ERROR:Error processing BANKBARODA: '>' not supported between instances of 'NoneType' and 'int'
2025-08-22 23:52:39,472 WARNING:Could not convert longBusinessSummary: could not convert string to float: 'Biocon Limited, together with its subsidiaries, manufactures and sells biotechnology products and research services in India, the United States, Ireland, rest of the European Union, and internationally. It operates through Generics, Biosimilars, and Research segments. The company offers generic formulations and API products, including cardiovascular, anti-diabetics, obesity, multiple sclerosis, anti-fungal, anti-cancer, immunosuppressants, and specialty molecules; and biosimilars products consisting of pegfilgrastim, trastuzumab, bevacizumab, adalimumab, etanercept, ustekinumab, glargine, aspart, insulins, and aflibercept. It also provides integrated discovery, development, and manufacturing services to pharmaceutical, biotechnology, animal healthcare, consumer goods, and agrochemical companies. In addition, the company offers enzyme, biopharmaceutical, and medicinal goods; contract research and manufacturing services, and other research and development in the fields of pharmaceuticals, drug discovery, biotechnology pharmaceuticals, and medicinal sciences, etc.; clinical research; and business support and development, and marketing services. Biocon Limited was incorporated in 1978 and is headquartered in Bengaluru, India.'
2025-08-22 23:52:39,472 WARNING:Could not convert sector: could not convert string to float: 'Healthcare'
2025-08-22 23:52:39,472 WARNING:Could not convert industry: could not convert string to float: 'Biotechnology'
2025-08-22 23:52:39,472 WARNING:Could not convert website: could not convert string to float: 'https://www.biocon.com'
2025-08-22 23:52:39,472 ERROR:Error processing BIOCON: '>' not supported between instances of 'NoneType' and 'float'
2025-08-22 23:52:39,473 WARNING:Could not convert longBusinessSummary: could not convert string to float: 'Cholamandalam Investment and Finance Company Limited, operates as a non-banking finance company in India. The company operates through Vehicle Finance, Loan Against Property, Home Loans, and Other Loans segments. It offers loans for commercial vehicles, passenger vehicles, two- and three- wheelers, and tractors, as well as construction equipment. The company also provides secured loans against property, and home and SME loans, as well as consumer and small enterprise loans, including personal loans, professional loans, and business loans to salaried, self-employed professional and non-professional customers, and micro and small businesses. In addition, it offers gold loans, consumer durable loans, corporate insurance agencies, stockbroking and depository participants, offline payment aggregator, home extension, balance transfer of existing loans, supply chain finance, and secured term loans. Further, the company provides dealer portal services under the Gaadi Bazaar brand, which act as a hub for dealers in listing vehicles, generating leads, and applying for loans and trade advances. Additionally, it operates Payswiff, an omnichannel payment transaction solution that lets business owners accept payments from their customers in-store, at-home deliveries, online and on-the-go using mPOS, and POS solutions. The company was incorporated in 1978 and is headquartered in Chennai, India.'
2025-08-22 23:52:39,473 WARNING:Could not convert sector: could not convert string to float: 'Financial Services'
2025-08-22 23:52:39,473 WARNING:Could not convert industry: could not convert string to float: 'Credit Services'
2025-08-22 23:52:39,473 WARNING:Could not convert website: could not convert string to float: 'https://www.cholamandalam.com'
2025-08-22 23:52:39,473 ERROR:Error processing CHOLAFIN: '>' not supported between instances of 'NoneType' and 'float'
2025-08-22 23:52:39,473 WARNING:Could not convert longBusinessSummary: could not convert string to float: "Britannia Industries Limited manufactures and sells various food products in India and internationally. The company offers biscuits under the Good Day, Marie Gold, NutriChoice, Milk Bikis, Tiger, 50-50, Jim Jam, Britannia Bourbon, Little Hearts, Treat, Pure Magic, Nice Time, and Biscafe brand names; cakes under the Muffills, Fudge It, Gobbles, Layerz, Tiffin Fun, Rollyo, and Nut & Raisin Romance Cake brand names; rusks under the Toastea brand; center filled croissants under the Treat Croissant brand; wafers under Treat Creme Wafers brand; and Snacks under Time Pass brand name. It also offers dairy products, such as cheese and dairy whitener, as well as gourmet, wheat flour, and white breads under Britannia brand; milkshakes, lassi, and flavored milk under Winkin' Cow brand; paneer and dahi under Come Alive brand; and nutritious bars under Be You Protein Bars brand name. The company exports its products to approximately 80 countries worldwide. Britannia Industries Limited was founded in 1892 and is based in Bengaluru, India."
2025-08-22 23:52:39,473 WARNING:Could not convert sector: could not convert string to float: 'Consumer Defensive'
2025-08-22 23:52:39,473 WARNING:Could not convert industry: could not convert string to float: 'Packaged Foods'
2025-08-22 23:52:39,473 WARNING:Could not convert website: could not convert string to float: 'https://britannia.co.in'
2025-08-22 23:52:39,473 ERROR:Error processing BRITANNIA: '>' not supported between instances of 'NoneType' and 'float'
2025-08-22 23:52:39,473 WARNING:Could not convert longBusinessSummary: could not convert string to float: 'Colgate-Palmolive (India) Limited manufactures and trades in personal and oral care products in India. The company offers toothpastes, toothpowder, toothbrushes, mouth wash, rinses, hand washes, and shower gels under the Colgate brand name. It also offers soaps, cosmetics, and toilet preparations. In addition, the company exports its products. The company was incorporated in 1937 and is headquartered in Mumbai, India.'
2025-08-22 23:52:39,473 WARNING:Could not convert sector: could not convert string to float: 'Consumer Defensive'
2025-08-22 23:52:39,473 WARNING:Could not convert industry: could not convert string to float: 'Household & Personal Products'
2025-08-22 23:52:39,473 WARNING:Could not convert website: could not convert string to float: 'https://www.colgatepalmolive.co.in'
2025-08-22 23:52:39,474 ERROR:Error processing COLPAL: '>' not supported between instances of 'NoneType' and 'float'
2025-08-22 23:52:39,474 WARNING:Could not convert longBusinessSummary: could not convert string to float: 'DLF Limited, together with its subsidiaries, engages in the business of colonization and real estate development in India. The company offers real estate development services, including identification and acquisition of land; and planning, execution, construction, and marketing of projects. The company also develops and sells residential housing projects; and operates and maintains commercial office spaces, including under-construction projects, as well as retail properties, such as malls, shopping complexes, and hospitality projects. In addition, it owns and operates The Lodhi Hotel located in New Delhi; and owns the Hilton Garden Inn located in New Delhi. Further, the company engages in leasing, maintenance, power generation, and recreational activities. DLF Limited was founded in 1946 and is headquartered in Gurugram, India. DLF Limited operates as a subsidiary of Rajdhani Investments and Agencies Private Limited.'
2025-08-22 23:52:39,474 WARNING:Could not convert sector: could not convert string to float: 'Real Estate'
2025-08-22 23:52:39,474 WARNING:Could not convert industry: could not convert string to float: 'Real Estate - Development'
2025-08-22 23:52:39,474 WARNING:Could not convert website: could not convert string to float: 'https://www.dlf.in'
2025-08-22 23:52:39,474 ERROR:Error processing DLF: '>' not supported between instances of 'NoneType' and 'float'
2025-08-22 23:52:39,474 WARNING:Could not convert longBusinessSummary: could not convert string to float: "Dabur India Limited operates as a fast moving consumer goods company worldwide. It operates through Consumer Care Business, Foods Business, Retail Business, and Other segments. The company provides health supplements under the Dabur Chyawanprash, Dabur Honey, and Dabur Glucose brand name; digestive products under the Hajmola and Pudin Hara; cough and cold products under the Honitus brands name; rejuvenators under the Shilajit brand name; health juices; nutraceuticals under the Siens brand name; and baby care products under the Dabur Lal Tail, Janma Ghunti, Gripe Water, and Dabur Baby brand names, as well as Ayurvedic Ethicals. It also offers hair care products under the Dabur Amla Hair Oil, Vatika, and Cool King brands; oral care products under the Dabur Red Toothpaste, Dabur Meswak, and Dabur Herb'l Toothpaste brand names; skin care products, including rose water, moisturising creams and lotions, soaps, body wash, toners, facial bleaches, and depilatory creams under the Dabur Gulabari and Fem & OxyLife brand names; and home care products, such as air fresheners under Odonil name, mosquito repellents under the Odomos brand, and surface cleaners under the Sanifresh brand name. In addition, the company provides beverages under the Réal and Réal Activ brand names; foods under the Dabur and Hommade brands; and spices under the Badshah brand, as well as edible oils and ghee which includes Dabur Cold Pressed Mustard Oil, Dabur Cold Pressed Sesame Oil, Dabur Cold Pressed Groundnut Oil, Dabur Virgin Coconut Oil and Dabur 100% Cow Ghee. It also operates specialized beauty retail stores that offer a range of cosmetics, fragrances, skin care, and personal care products, as well as beauty and fashion accessories under the NewU brand name. Dabur India Limited was founded in 1884 and is based in Ghaziabad, India."
2025-08-22 23:52:39,474 WARNING:Could not convert sector: could not convert string to float: 'Consumer Defensive'
2025-08-22 23:52:39,474 WARNING:Could not convert industry: could not convert string to float: 'Household & Personal Products'
2025-08-22 23:52:39,474 WARNING:Could not convert website: could not convert string to float: 'https://www.dabur.com'
2025-08-22 23:52:39,474 ERROR:Error processing DABUR: '>' not supported between instances of 'NoneType' and 'float'
2025-08-22 23:52:39,474 WARNING:Could not convert longBusinessSummary: could not convert string to float: "Cipla Limited, together with its subsidiaries, manufactures, develops, sells, and distributes pharmaceutical products in India, the United States, South Africa, and internationally. The company operates through Pharmaceuticals and New Ventures segments. It offers generic and branded generic medicines, vaccines, active pharmaceutical ingredients, and formulations for various therapeutic areas, such as MI, angina, heart disease, pulmonary disease, kidney failure, Alzheimer's disease, hypertension, arrhythmia, lipid abnormalities and diabetes, obesity, central nervous system, HIV/AIDS, respiratory, asthma, urology, oncology, cardio-metabolism, child health, infectious diseases and critical care, hepatitis, women's health, ophthalmology, and neuro psychiatry. The company is also involved in the consumer healthcare, biosimilars, and specialty businesses. Cipla Limited was incorporated in 1935 and is based in Mumbai, India."
2025-08-22 23:52:39,474 WARNING:Could not convert sector: could not convert string to float: 'Healthcare'
2025-08-22 23:52:39,474 WARNING:Could not convert industry: could not convert string to float: 'Drug Manufacturers - Specialty & Generic'
2025-08-22 23:52:39,474 WARNING:Could not convert website: could not convert string to float: 'https://www.cipla.com'
2025-08-22 23:52:39,475 ERROR:Error processing CIPLA: '>' not supported between instances of 'NoneType' and 'float'
2025-08-22 23:52:39,475 WARNING:Could not convert longBusinessSummary: could not convert string to float: "Bharat Petroleum Corporation Limited engages in refining crude oil and marketing petroleum products in India and internationally. It operates through two segments, Downstream Petroleum; and Exploration and Production of Hydrocarbons. The company operates fuel stations that sell motor spirits, high-speed diesel, blended fuels, compressed and liquefied natural gas, automotive liquefied petroleum gas (LPG), and lubricants; operate convenience stores, restaurants, and electric vehicle charging facilities; and offer ATM, money transfer, insurance, and vehicle care services. It also provides LPG for domestic, commercial, and metal cutting applications under the Bharatgas brand name; automobile lubricants, such as automotive engine and gear oils, greases, and specialties, as well as industrial lubricants under the MAK brand; jet fuel; and aviation services, including transportation, storage, and intoplane services. In addition, the company offers industrial fuels products, white oils, bitumen and specialty bitumen, petcoke, sulphur, solvents, petrochemicals, bunkering, and petrochemical feedstock products; and operates pipelines to transport petroleum products. Further, it exports naphtha and fuel oils; and engages in city gas distribution activities. The company's marketing infrastructure includes a network of installations, depots, retail outlets, aviation fueling stations, and LPG distributors. The company was formerly known as Bharat Refineries Limited and changed its name to Bharat Petroleum Corporation Limited in August 1977. Bharat Petroleum Corporation Limited was incorporated in 1952 and is based in Mumbai, India."
2025-08-22 23:52:39,475 WARNING:Could not convert sector: could not convert string to float: 'Energy'
2025-08-22 23:52:39,475 WARNING:Could not convert industry: could not convert string to float: 'Oil & Gas Refining & Marketing'
2025-08-22 23:52:39,475 WARNING:Could not convert website: could not convert string to float: 'https://www.bharatpetroleum.in'
2025-08-22 23:52:39,475 ERROR:Error processing BPCL: '>' not supported between instances of 'NoneType' and 'float'
2025-08-22 23:52:39,475 WARNING:Could not convert longBusinessSummary: could not convert string to float: 'Avenue Supermarts Limited engages in the business of organized retail and operating supermarkets under the D-Mart brand name in India. The company offers food products, such as groceries, staples, processed food products, dairy, frozen products, beverages and confectionery products, and fruits and vegetables; non-food products, including home care and personal care products, toiletries, and other over the counter products; and general merchandise and apparel products comprising bed and bath products, toys and games, crockery, plastic goods, garments, footwear, utensils, and home appliances. It is also involved in the online and multi-channel retail of grocery and household products under the DMart Ready brand name. The company was incorporated in 2000 and is based in Mumbai, India.'
2025-08-22 23:52:39,475 WARNING:Could not convert sector: could not convert string to float: 'Consumer Defensive'
2025-08-22 23:52:39,475 WARNING:Could not convert industry: could not convert string to float: 'Discount Stores'
2025-08-22 23:52:39,475 WARNING:Could not convert website: could not convert string to float: 'https://www.dmartindia.com'
2025-08-22 23:52:39,475 ERROR:Error processing DMART: '>' not supported between instances of 'NoneType' and 'float'
2025-08-22 23:52:39,475 WARNING:Could not convert longBusinessSummary: could not convert string to float: 'Coal India Limited, together with its subsidiaries, produces and sells coal and coal products in India. The company offers coking coal for steel making and metallurgical industries, as well as for hard coke manufacturing; semi coking coal for blend-able coal in steel making, merchant coke manufacturing, and other metallurgical industries; and non-coking coal for thermal grade coal for cement, fertilizer, glass, ceramic, paper, chemical, and brick manufacturing, as well as power generation and other heating purposes. It also provides washed and beneficiated coal for manufacturing of hard coke for steel making and power generation, as well as for cement, sponge iron, and other industrial plants; middling products for power generation, domestic fuel plants, brick manufacturing units, cement plants, and industrial plants, etc.; and rejects products for fluidized bed combustion boilers for power generation, road repairs, briquette making, and land filling, etc. In addition, the company offers CIL/LTC coke for use in furnaces and kilns of industrial units, as well as domestic fuel by halwais, and hotels, etc.; coal/coke fines for use in industrial furnaces and domestic purposes; and tar, heavy and light oil, and soft pitch for use in furnaces and boilers of industrial plants, power houses, oil, dye, and pharmaceutical industries, etc. Further, it engages in coal mining and gasification; consultancy support in coal and mineral exploration; and renewable and solar energy. The company was formerly known as Coal Mines Authority Limited and changed its name to Coal India Limited in January 1975. Coal India Limited was incorporated in 1973 and is headquartered in Kolkata, India.'
2025-08-22 23:52:39,475 WARNING:Could not convert sector: could not convert string to float: 'Energy'
2025-08-22 23:52:39,476 WARNING:Could not convert industry: could not convert string to float: 'Thermal Coal'
2025-08-22 23:52:39,476 WARNING:Could not convert website: could not convert string to float: 'https://www.coalindia.in'
2025-08-22 23:52:39,476 ERROR:Error processing COALINDIA: '>' not supported between instances of 'NoneType' and 'float'
2025-08-22 23:52:39,476 WARNING:Could not convert longBusinessSummary: could not convert string to float: "Dr. Reddy's Laboratories Limited, together with its subsidiaries, operates as an integrated pharmaceutical company North America, Europe, India, Russia, and internationally. It operates through Global Generics, Pharmaceutical Services and Active Ingredients (PSAI), and Others segment. The Global Generics segment manufactures and markets prescription and over-the-counter finished pharmaceutical products that are marketed under a brand name or as a generic finished dosages with therapeutic equivalence to branded formulations, as well as engages in the biologics business. The PSAI segment manufactures and markets active pharmaceutical ingredients and intermediates, which are principal ingredients for finished pharmaceutical products. This segment also provides contract research services; and manufactures and sells active pharmaceutical ingredients and steroids with the customer requirements. The Others segment engages in developing therapies in the fields of oncology and inflammation; and research and development of differentiated formulations. The company offers its products for various therapeutic categories, including gastro-intestinal, cardiovascular, anti-diabetic, dermatology, oncology, respiratory, stomatology, urology, and nephrology, vaccines and pain management. Dr. Reddy's Laboratories Limited was incorporated in 1984 and is headquartered in Hyderabad, India."
2025-08-22 23:52:39,476 WARNING:Could not convert sector: could not convert string to float: 'Healthcare'
2025-08-22 23:52:39,476 WARNING:Could not convert industry: could not convert string to float: 'Drug Manufacturers - Specialty & Generic'
2025-08-22 23:52:39,476 WARNING:Could not convert website: could not convert string to float: 'https://www.drreddys.com'
2025-08-22 23:52:39,576 WARNING:Could not convert longBusinessSummary: could not convert string to float: 'Eicher Motors Limited, an automobile company, engages in the manufacture and sale of motorcycles and commercial vehicles in India and internationally. The company designs, develops, manufactures, assembles, and sells two-wheelers, as well as related parts and accessories; motorcycle accessories; protective and performance gears, and riding apparel products for men and women; and lifestyle apparel products and accessories. It also owns the Royal Enfield motorcycle brand that offers Classic 350, Bullet 350, Meteor 350, Hunter 350, Himalayan 450, Scram 440 ADV Crossover, Interceptor 650, Bear 650, Guerrilla 450 modern roadster, Continental GT 650, Super Meteor 650, and Shotgun 650 models. The company was founded in 1901 and is headquartered in Chennai, India.'
2025-08-22 23:52:39,576 WARNING:Could not convert sector: could not convert string to float: 'Consumer Cyclical'
2025-08-22 23:52:39,576 WARNING:Could not convert industry: could not convert string to float: 'Auto Manufacturers'
2025-08-22 23:52:39,576 WARNING:Could not convert website: could not convert string to float: 'https://eicher.in'
2025-08-22 23:52:39,576 ERROR:Error processing EICHERMOT: '>' not supported between instances of 'NoneType' and 'float'
2025-08-22 23:52:39,576 WARNING:Could not convert longBusinessSummary: could not convert string to float: 'Grasim Industries Limited, together with its subsidiaries, primarily produces cellulosic fibres, diversified chemicals, fashion yarns, and fabrics in india and internationally. The company operates through Cellulosic Fibres, Chemicals, Building Materials, Financial Services, and Others segments. It offers cellulosic staple fibre; and cellulosic fashion yarn; chlor-alkali comprising caustic soda; chlorine derivatives, and specialty chemicals, that include epoxy polymers and curing agents. The company also provides grey cement, white cement-based putty, and ready-mix concrete; and decorative paints comprising interior and exterior water- based paints, enamel paints, wood finishes, waterproofing solutions, and wallpapers under the Birla Opus brand name. In addition, it operates Birla Pivot, a business-to-business e-commerce platform for building and construction materials; and offers non-banking financial services, housing finance, asset management, and health and life insurance, protection, investments, advisory, and value-added services. Further, the company provides textile products, such as linen fabrics, wool tops and worsted yarn, and cotton fabrics under Linen Club, Cavallo, Soktas, and Giza House brands; manufactures and sells ceramic and composite insulators for transmission and distribution lines, sub-stations, power equipment, and railway electrification industries; and engages in generating clean energy using solar, wind, hybrid, and floating solar systems. The company was incorporated in 1947 and is based in Mumbai, India.'
2025-08-22 23:52:39,576 WARNING:Could not convert sector: could not convert string to float: 'Basic Materials'
2025-08-22 23:52:39,576 WARNING:Could not convert industry: could not convert string to float: 'Building Materials'
2025-08-22 23:52:39,577 WARNING:Could not convert website: could not convert string to float: 'https://www.grasim.com'
2025-08-22 23:52:39,577 ERROR:Error processing GRASIM: '>' not supported between instances of 'NoneType' and 'float'
2025-08-22 23:52:39,577 WARNING:Could not convert longBusinessSummary: could not convert string to float: 'GAIL (India) Limited operates as a natural gas processing and distribution company in India and internationally. It operates through Transmission Services, Natural Gas Marketing, Petrochemicals, LPG and Other Liquid Hydrocarbons, and Other segments. The company is involved in the transmission and marketing of natural gas through pipelines to the power, fertilizer, industrial, automotive, petrochemical, domestic, and commercial sectors; exploration and production activities; and marketing of compressed biogas, city gas, and biofuels. It also produces and markets liquefied petroleum gas (LPG), propane, pentane, naphtha, mixed fuel oil, ethylene, propylene, and polypropylene; and manufactures petrochemicals, such as high-density and linear low-density polyethylene under the G-Lex and G-Lene brands. In addition, the company generates wind and solar power. GAIL (India) Limited was incorporated in 1984 and is based in New Delhi, India.'
2025-08-22 23:52:39,577 WARNING:Could not convert sector: could not convert string to float: 'Utilities'
2025-08-22 23:52:39,577 WARNING:Could not convert industry: could not convert string to float: 'Utilities - Regulated Gas'
2025-08-22 23:52:39,577 WARNING:Could not convert website: could not convert string to float: 'https://www.gailonline.com'
2025-08-22 23:52:39,577 ERROR:Error processing GAIL: '>' not supported between instances of 'NoneType' and 'float'
2025-08-22 23:52:39,577 WARNING:Could not convert longBusinessSummary: could not convert string to float: 'HDFC Asset Management Company Limited is a publically owned investment manager. The firm launches and manages equity, fixed income, and balanced mutual funds for its clients. It manages equity, fixed income, balanced, and real estate portfolios. The firm invests in public equity and fixed income markets. The firm employs fundamental analysis to make its investments. HDFC Asset Management Company Limited was founded on December 10, 1999 and is based in Mumbai, Maharashtra. HDFC Asset Management Company Limited operates as a subsidiary of HDFC Bank Limited.'
2025-08-22 23:52:39,577 WARNING:Could not convert sector: could not convert string to float: 'Financial Services'
2025-08-22 23:52:39,577 WARNING:Could not convert industry: could not convert string to float: 'Asset Management'
2025-08-22 23:52:39,577 WARNING:Could not convert website: could not convert string to float: 'https://www.hdfcfund.com'
2025-08-22 23:52:39,577 ERROR:Error processing HDFCAMC: '>' not supported between instances of 'NoneType' and 'float'
2025-08-22 23:52:39,578 WARNING:Could not convert longBusinessSummary: could not convert string to float: 'Gland Pharma Limited engages in manufacturing and sale of injectable formulations in India, the United States, Europe, Canada, Australia, New Zealand, and internationally. It engages in research and development of pharmaceutical active pharmaceutical ingredient products, including synthesis of complex drug molecules, such as low molecular weight heparins, corticosteroids, peptides, and cytotoxic molecules. The company also offers its products for various therapeutic categories, such as anti- diabetic, anti-malarial, anti-infectives, anti-neoplastic, blood related, cardiac, gastro-intestinal, gynaecological, hormones, neuro/Cns, ophthal/otological, and other areas, as well as pain/analgesics, respiratory and pulmonology, and vitamins, minerals, and nutrients. In addition, it provides contract development, dossier compilation, technology transfer services. The company was incorporated in 1978 and is based in Hyderabad, India. Gland Pharma Limited operates as a subsidiary of Fosun Pharma Industrial Pte. Ltd.'
2025-08-22 23:52:39,578 WARNING:Could not convert sector: could not convert string to float: 'Healthcare'
2025-08-22 23:52:39,578 WARNING:Could not convert industry: could not convert string to float: 'Drug Manufacturers - Specialty & Generic'
2025-08-22 23:52:39,578 WARNING:Could not convert website: could not convert string to float: 'https://www.glandpharma.com'
2025-08-22 23:52:39,578 ERROR:Error processing GLAND: '>' not supported between instances of 'NoneType' and 'float'
2025-08-22 23:52:39,578 WARNING:Could not convert longBusinessSummary: could not convert string to float: 'Godrej Consumer Products Limited, a fast-moving consumer goods company, manufactures and sells personal care and home care products in India, Africa, Indonesia, the Middle East, the United States, and internationally. The company offers household insecticides, home hygiene, and air and fabric care products; and personal wash and hygiene, hair color, beauty and professional products, and deodorants and fragrances. It provides its products under the Godrej Aer-O, Goodknight Agarbatti, Godrej Ninja, Good knight, Godrej Expert, Darling, Saniter, HIT, MegaGrowth, Godrej Ezee, Godrej No.1, CINTHOL, Ilicit, ISSUE, INECTO, Godrej magic, Godrej nupur, Godrej Professional, tcb Naturals, renew, Just for me, ROBY, Pamelagrant Beauty, Villeneuve, Millefiori, African Pride, Stella, Mitu, NYU, Purest, Godrej Genteel, Park Avenune, and KamaSutra brands. The company was founded in 1897 and is headquartered in Mumbai, India.'
2025-08-22 23:52:39,578 WARNING:Could not convert sector: could not convert string to float: 'Consumer Defensive'
2025-08-22 23:52:39,578 WARNING:Could not convert industry: could not convert string to float: 'Household & Personal Products'
2025-08-22 23:52:39,578 WARNING:Could not convert website: could not convert string to float: 'https://www.godrejcp.com'
2025-08-22 23:52:39,578 ERROR:Error processing GODREJCP: '>' not supported between instances of 'NoneType' and 'float'
2025-08-22 23:52:39,578 WARNING:Could not convert longBusinessSummary: could not convert string to float: 'InterGlobe Aviation Limited, together with its subsidiaries, provides air transportation services under the IndiGo brand in India and internationally. The company offers pre-flight and post-flight ground handling operations; passenger and cargo services; and related allied services, such as in-flight sales, and other allied services at the airports. It also engages in aircraft and aircraft engine leasing, as well as related financial services. In addition, the company provides cargo transport; charter flights; hotel booking services through its website and mobile app; and cadet pilot program for pilot training. As of March 31, 2025, its fleet consisted of 434 aircraft. The company serves businesses, leisure travelers, students, and families. InterGlobe Aviation Limited was incorporated in 2004 and is based in Gurugram, India.'
2025-08-22 23:52:39,579 WARNING:Could not convert sector: could not convert string to float: 'Industrials'
2025-08-22 23:52:39,579 WARNING:Could not convert industry: could not convert string to float: 'Airlines'
2025-08-22 23:52:39,579 WARNING:Could not convert website: could not convert string to float: 'https://www.goindigo.in'
2025-08-22 23:52:39,579 ERROR:Error processing INDIGO: '>' not supported between instances of 'NoneType' and 'float'
2025-08-22 23:52:39,579 WARNING:Could not convert longBusinessSummary: could not convert string to float: 'Havells India Limited, a fast-moving electrical goods company, manufactures, trades in, and sells various consumer electrical and electronic products in India and internationally. The company operates through six segments: Switchgears, Cables, Lighting and Fixtures, Electrical Consumer Durables, Lloyd Consumer, and Others. It offers switches; switchgears, such as circuit breakers, energy savers, human safety equipment, distribution boards, surge protection devices, and control and monitoring devices, as well as magnetic contractor, thermal overload relays, switchgear, circuit breakers, and starters; lighting products; and home appliances, including air conditioners, LED televisions, washing machines, refrigerators, air coolers and purifiers, appliances, personal grooming products, water heaters and purifiers, and geysers. The company also provides flexible, power, control, and fire survival cables; fans comprising ceiling, table, pedestal, wall, ceiling mounting, personal, and domestic exhaust fans; centrifugal, mono block, submersible, borewell and sewage submersible, pressure, and shallow well jet pumps; dishwashers; air circulators; and heavy-duty exhaust fans. In addition, it offers crane duty, smoke, brake, inverter duty, and energy motors; solar rooftop on grid, solar off grid, and solar on grid inverter solutions; and power solutions, including power capacitors, IOT enabled IPFC relays, HD harmonic detuned reactors, IOT enabled APFC panels, and high PIV thyristor switches. The company offers its products under the Havells, Lloyd, Havells Crabtree, REO, and Havells Studio brands. Havells India Limited was founded in 1958 and is based in Noida, India.'
2025-08-22 23:52:39,579 WARNING:Could not convert sector: could not convert string to float: 'Industrials'
2025-08-22 23:52:39,579 WARNING:Could not convert industry: could not convert string to float: 'Electrical Equipment & Parts'
2025-08-22 23:52:39,579 WARNING:Could not convert website: could not convert string to float: 'https://www.havells.com'
2025-08-22 23:52:39,579 ERROR:Error processing HAVELLS: '>' not supported between instances of 'NoneType' and 'float'
2025-08-22 23:52:39,579 WARNING:Could not convert longBusinessSummary: could not convert string to float: 'Life Insurance Corporation of India provides life insurance products in India, Fiji, Mauritius, and the United Kingdom. It offers insurance plans, including endowment, whole life, term insurance plans, money back, and term assurance plans, as well as riders comprising accidental death and disability benefit, critical illness benefit, and premium waiver benefit riders. The company also provides pension, unit linked, micro insurance, withdrawal, and health plans, as well as various group schemes. Life Insurance Corporation of India was incorporated in 1956 and is based in Mumbai, India.'
2025-08-22 23:52:39,579 WARNING:Could not convert sector: could not convert string to float: 'Financial Services'
2025-08-22 23:52:39,579 WARNING:Could not convert industry: could not convert string to float: 'Insurance - Life'
2025-08-22 23:52:39,579 WARNING:Could not convert website: could not convert string to float: 'https://www.licindia.in'
2025-08-22 23:52:39,579 ERROR:Error processing LICI: '>' not supported between instances of 'NoneType' and 'float'
2025-08-22 23:52:39,580 WARNING:Could not convert longBusinessSummary: could not convert string to float: 'Jindal Steel Limited operates in the steel, mining, and infrastructure sectors in India and internationally. It offers rails; medium and heavy hot-rolled parallel flange beams and column sections; plates and coils; angles and channels; cold heading quality, electrode quality, and high carbon wire rods; round bars; fabricated sections; Jindal Speedfloor concrete flooring solutions; Jindal Panther TMT rebars; semi-finished products, including slabs, billets, blooms, beam blank, and rounds; and Jindal Panther cement comprising Portland slag cement, Portland composite cement, and ground-granulated blast-furnace slag, as well as rockhard plates, cathode bards, and track shoes. The company also operates and maintains a total captive power plant capacity of 1,634 megawatts. In addition, it operates coal and iron ore mines located at various locations in India, Australia, and Africa. The company was formerly known as Jindal Steel & Power Limited and changed its name to Jindal Steel Limited in July 2025. Jindal Steel Limited was incorporated in 1979 and is based in New Delhi, India.'
2025-08-22 23:52:39,580 WARNING:Could not convert sector: could not convert string to float: 'Basic Materials'
2025-08-22 23:52:39,580 WARNING:Could not convert industry: could not convert string to float: 'Steel'
2025-08-22 23:52:39,580 WARNING:Could not convert website: could not convert string to float: 'https://www.jindalsteel.com'
2025-08-22 23:52:39,580 ERROR:Error processing JINDALSTEL: '>' not supported between instances of 'NoneType' and 'float'
2025-08-22 23:52:39,580 WARNING:Could not convert longBusinessSummary: could not convert string to float: 'Hindustan Aeronautics Limited engages in the design, development, manufacture, repair, overhaul, upgrade, and servicing of aircraft, helicopters, aero-engines, avionics, accessories, and aerospace structures in India and internationally. The company offers basic trainer and light combat aircraft, light transport aircraft, intermediate jet trainer aircraft, light utility and combat helicopters, maritime utility helicopters, and turbofan and turboshaft engines, as well as aerospace products, which include aluminum alloy riveted structures, propellant tanks, and cryogenic engines. It also provides avionics, accessories, and materials comprising flight data recorders, laser range systems, head up displays, auto stabilizers, inertial navigation systems, hydraulic pumps, fuel management systems, oxygen systems, gyroscopic/barometric instruments, panel instruments, ejector release units, flight control systems, wheels and brake systems, ground radars, radar computers, missile inertial navigation solutions, air borne secondary radars, radio navigation equipment, communication equipment, rolled rings, rubber products, powder metallurgy, forgings, and castings. In addition, the company offers air data computer that measures pressure altitude, calibrated airspeed, true airspeed, Mach number, vertical speed, and temperature in the atmosphere. Further, the company provides various services in the areas of aircraft and helicopters MRO, and power plants, as well as systems, accessories, and avionics. It serves space, defense, and civil industries. Hindustan Aeronautics Limited was incorporated in 1940 and is based in Bengaluru, India.'
2025-08-22 23:52:39,580 WARNING:Could not convert sector: could not convert string to float: 'Industrials'
2025-08-22 23:52:39,580 WARNING:Could not convert industry: could not convert string to float: 'Aerospace & Defense'
2025-08-22 23:52:39,580 WARNING:Could not convert website: could not convert string to float: 'https://hal-india.co.in'
2025-08-22 23:52:39,580 ERROR:Error processing HAL: '>' not supported between instances of 'NoneType' and 'float'
2025-08-22 23:52:39,580 WARNING:Could not convert longBusinessSummary: could not convert string to float: "Jubilant FoodWorks Limited, together with its subsidiaries, engages in food service business in India, Turkey, Bangladesh, Sri Lanka, Azerbaijan, Nepal, and Georgia. The company operates quick service restaurants under the Domino's, Dunkin', Popeyes, Hong's Kitchen, and COFFY brands. It also engages in wholesale and retail sale of food items. The company was formerly known as Domino's Pizza India Ltd. and changed its name to Jubilant FoodWorks Limited in September 2009. Jubilant FoodWorks Limited was incorporated in 1995 and is headquartered in Noida, India."
2025-08-22 23:52:39,580 WARNING:Could not convert sector: could not convert string to float: 'Consumer Cyclical'
2025-08-22 23:52:39,580 WARNING:Could not convert industry: could not convert string to float: 'Restaurants'
2025-08-22 23:52:39,580 WARNING:Could not convert website: could not convert string to float: 'https://www.jubilantfoodworks.com'
2025-08-22 23:52:39,580 ERROR:Error processing JUBLFOOD: '>' not supported between instances of 'NoneType' and 'float'
2025-08-22 23:52:39,581 WARNING:Could not convert longBusinessSummary: could not convert string to float: 'Info Edge (India) Limited operates as an online classifieds company in the areas of recruitment, matrimony, real estate, and education and related services in India and internationally. It operates through Recruitment Solutions, 99acres for Real Estate, and Other segments. The company offers recruitment services through naukri.com, an online job website for jobseekers and corporate customers, including hiring consultants; naukrigulf.com, a website catering to Gulf markets; quadranglesearch.com, a site that provides off-line placement services to middle and senior management; zwayam.com, an advanced application tracking system for the recruitment process; and codingninjas.com, a code learning platform, as well as operates other brands, that includes iimjobs.com, hirist.com, doselect.com, Naukri Fast Forward, a ambitionbox.com, and jobhai.com. It also provides 99acres.com, which offers listings of properties for sale, purchase, and rent; Jeevansathi.com, an online matrimonial platform; and shiksha.com, an education classified website that helps students to decide their undergraduate and postgraduate options by providing useful information on careers, exams, colleges, and courses, as well as operates aisle.co, a core platform supported by multiple dating apps, including Arike, Anbe, Neetho, Neene, and Jalebi. In addition, the company offers internet, computer, and electronics data processing services; and software development, consultancy, technical support for consumer companies, internet or SaaS, and other services in information technology and product development fields, as well as brokerage services in the real estate sector. Further, it acts as an investment advisor and manager, financial and management consultant, and sponsor of alternative investment funds; and provides branding and advertising solutions for colleges and universities. Info Edge (India) Limited was incorporated in 1995 and is headquartered in Noida, India.'
2025-08-22 23:52:39,581 WARNING:Could not convert sector: could not convert string to float: 'Communication Services'
2025-08-22 23:52:39,581 WARNING:Could not convert industry: could not convert string to float: 'Internet Content & Information'
2025-08-22 23:52:39,581 WARNING:Could not convert website: could not convert string to float: 'https://www.infoedge.in'
2025-08-22 23:52:39,581 ERROR:Error processing NAUKRI: '>' not supported between instances of 'NoneType' and 'float'
2025-08-22 23:52:39,581 WARNING:Could not convert longBusinessSummary: could not convert string to float: "Lupin Limited, together with its subsidiaries, operates as a pharmaceutical company in India, the United States, and internationally. The company operates in two segments: Pharmaceuticals and Others. It engages in the drug discovery, development, production, marketing, and sale of various branded and generic formulations, biosimilars, over-the-counter and specialty drugs, and active pharmaceutical ingredients (APIs). The company also offers formulations for use in the therapeutic areas of anti-tuberculosis, diabetes management, cardiovascular, chronic obstructive pulmonary diseases, asthma, women's health, and central nervous system areas, as well as pediatrics, gastrointestinal, anti-infective, and nonsteroidal anti-inflammatory drug therapies. In addition, it focuses on various therapeutic spectrum, including rheumatology, oncology, neuroscience, and renal therapies. Further, the company is involved in the provision of diagnostics services, and digital healthcare services; and neuro rehabilition business. It operates through network consists of labs and collection centers. The company was formerly known as Lupin Chemicals Limited and changed its name to Lupin Limited in 2001. Lupin Limited was founded in 1968 and is headquartered in Mumbai, India."
2025-08-22 23:52:39,581 WARNING:Could not convert sector: could not convert string to float: 'Healthcare'
2025-08-22 23:52:39,581 WARNING:Could not convert industry: could not convert string to float: 'Drug Manufacturers - Specialty & Generic'
2025-08-22 23:52:39,581 WARNING:Could not convert website: could not convert string to float: 'https://www.lupin.com'
2025-08-22 23:52:39,581 ERROR:Error processing LUPIN: '>' not supported between instances of 'NoneType' and 'float'
2025-08-22 23:52:39,581 WARNING:Could not convert longBusinessSummary: could not convert string to float: 'Oil and Natural Gas Corporation Limited, together with its subsidiaries, engages in the exploration, development, production, and distribution of crude oil, natural gas, and value-added products in India and internationally. It operates through Exploration and Production, Refining & Marketing, and Petrochemicals segments. The company engages in the refining and marketing of petroleum products; liquefied natural gas supply; pipelines for transportation of petroleum products; SEZ development; helicopter services; and production of ethanol, sugar, petrochemicals, liquefied petroleum gas, naphtha, ethane, propane, butane, kerosene oil, low sulphur heavy stock, residual crude oil, mineral turpentine oil, aviation turbine fuel, and high speed diesel. It also generates wind power through a total installed capacity of 153.9 MW; and solar power through a total installed capacity of 39.96 MW. The company also exports its products. Oil and Natural Gas Corporation Limited was founded in 1955 and is based in New Delhi, India.'
2025-08-22 23:52:39,581 WARNING:Could not convert sector: could not convert string to float: 'Energy'
2025-08-22 23:52:39,581 WARNING:Could not convert industry: could not convert string to float: 'Oil & Gas Integrated'
2025-08-22 23:52:39,581 WARNING:Could not convert website: could not convert string to float: 'https://www.ongcindia.com'
2025-08-22 23:52:39,582 ERROR:Error processing ONGC: '>' not supported between instances of 'NoneType' and 'float'
2025-08-22 23:52:39,582 ERROR:Error processing MCDOWELL-N: '>' not supported between instances of 'NoneType' and 'float'
2025-08-22 23:52:39,582 WARNING:Could not convert longBusinessSummary: could not convert string to float: 'Muthoot Finance Limited, a non-banking financing company, provides gold loans in India. The company offers various loans, including personal, small and corporate business, SME, and vehicle, as well as loans against property; insurance products, such as health, home, vehicle, life, travel, shop, and group; housing and micro finance; and mutual funds. It also provides gold flexi credit; PAN card; money transfer; non-convertible debentures; national pension scheme; digital and cashless payments; bank mapping; and other custom offerings and milligram rewards. In addition, the company generates electric power through three windmills with a combined capacity of 3.75 MW in Tamil Nadu. Muthoot Finance Limited was founded in 1887 and is headquartered in Kochi, India.'
2025-08-22 23:52:39,582 WARNING:Could not convert sector: could not convert string to float: 'Financial Services'
2025-08-22 23:52:39,582 WARNING:Could not convert industry: could not convert string to float: 'Credit Services'
2025-08-22 23:52:39,582 WARNING:Could not convert website: could not convert string to float: 'https://www.muthootfinance.com'
2025-08-22 23:52:39,671 WARNING:Could not convert longBusinessSummary: could not convert string to float: 'NMDC Limited, together with its subsidiaries, explores for and produces iron ore in India and internationally. It operates through Iron Ore, and All Other Segments (Pellets, Other Minerals & Services). The company also explores for lithium, copper, rock phosphate, limestone, beach sand, coking and non-coking coal, magnesite, diamond, tungsten, nickel, gold, base metals, and rare earth metals. In addition, it produces and sells hot rolled coil and pellets; and generates and distributes solar and wind power. The company exports its products. NMDC Limited was incorporated in 1958 and is headquartered in Hyderabad, India.'
2025-08-22 23:52:39,672 WARNING:Could not convert sector: could not convert string to float: 'Basic Materials'
2025-08-22 23:52:39,672 WARNING:Could not convert industry: could not convert string to float: 'Steel'
2025-08-22 23:52:39,672 WARNING:Could not convert website: could not convert string to float: 'https://www.nmdc.co.in'
2025-08-22 23:52:39,672 ERROR:Error processing NMDC: '>' not supported between instances of 'NoneType' and 'float'
2025-08-22 23:52:39,672 WARNING:Could not convert longBusinessSummary: could not convert string to float: 'Pidilite Industries Limited, together with its subsidiaries, engages in the manufacture and sale of various chemicals in India and internationally. The company operates through the Consumer & Bazaar, and Business to Business segments. The Consumer & Bazaar segment offers adhesives, sealants, art and craft materials; and construction and paint chemicals for carpenters, painters, plumbers, mechanics, households, students, and offices. The Business to Business segment provides industrial adhesives, synthetic resins, construction chemicals, organic pigments, pigment preparations, and surfactants for various industries, including packaging, joineries, textiles, paints, printing inks, paper, and leather. It is also involved in the sale of raw materials. The company sells its products under the Fevicol, Fevicol MR, Dr. Fixit, Fevikwik, M-Seal, Fevistick, Fevicryl, Fevigum, Rangeela, WD-40, MOTO MAX, Terminator, WUDFIN, HAI SHA, steelgrip, Araldite, Roff, TENAX, UNITINT, fevitite, HOLDTITE LEAKGUARD, D-klog, Zorrik-88, Stainoff, BRITE-SUPER, Piditint, Fevibond, FALCOFIX, and BLUECOAT brands. Pidilite Industries Limited was founded in 1959 and is based in Mumbai, India.'
2025-08-22 23:52:39,672 WARNING:Could not convert sector: could not convert string to float: 'Basic Materials'
2025-08-22 23:52:39,672 WARNING:Could not convert industry: could not convert string to float: 'Specialty Chemicals'
2025-08-22 23:52:39,672 WARNING:Could not convert website: could not convert string to float: 'https://www.pidilite.com'
2025-08-22 23:52:39,672 ERROR:Error processing PIDILITIND: '>' not supported between instances of 'NoneType' and 'float'
2025-08-22 23:52:39,672 WARNING:Could not convert longBusinessSummary: could not convert string to float: "SBI Life Insurance Company Limited operates as a private life insurance company in India. The company's life insurance business comprises individual and group life insurance products, including participating, non-participating, pension, group gratuity, group leave encashment, group superannuation, group immediate annuity, unit-linked and variable insurance products, health, and micro insurance. It also provides accident and disability benefit, level term, and critical illness insurance products. In addition, the company offers online savings, protection, retirement, and child life insurance plans, as well as wealth creation with insurance products; and corporate solutions, group loan protection, and group micro insurance plans. It offers its products through a multi-channel distribution network comprising individual agents, brokers, corporate agents, bancassurance partners, and certified insurance facilitators, as well as through various partner branches. The company was incorporated in 2000 and is based in Mumbai, India. SBI Life Insurance Company Limited is a subsidiary of State Bank of India."
2025-08-22 23:52:39,673 WARNING:Could not convert sector: could not convert string to float: 'Financial Services'
2025-08-22 23:52:39,673 WARNING:Could not convert industry: could not convert string to float: 'Insurance - Life'
2025-08-22 23:52:39,673 WARNING:Could not convert website: could not convert string to float: 'https://www.sbilife.co.in'
2025-08-22 23:52:39,673 ERROR:Error processing SBILIFE: '>' not supported between instances of 'NoneType' and 'int'
2025-08-22 23:52:39,673 WARNING:Could not convert longBusinessSummary: could not convert string to float: 'Tata Power Company Limited engages in the generation, transmission, distribution, and trading of electricity in India and internationally. It operates through Thermal and Hydro, Renewables, Transmission and Distribution, and Others segments. The company generates power from hydroelectric and thermal sources, such as coal, gas, and oil; and provides related ancillary services. It also engages in the operation of transmission and distribution networks; and sale of power to retail customers through distribution network and related ancillary services. In addition, the company offers project management contracts/infrastructure management, and property development services, as well as rents oil tanks. Further, the company manufactures and sells solar cells and modules, and pumps; operates electric vehicle charging stations and coal mines; generates electricity through solar, wind, and waste heat sources; trades in power; and provides engineering, procurement, and construction, as well as logistics services. Additionally, it offers microgrid, rooftop solar, and home automation solutions. As of March 31, 2025, it had an installed generation capacity of 15,733 megawatt. Tata Power Company Limited was founded in 1915 and is headquartered in Mumbai, India.'
2025-08-22 23:52:39,673 WARNING:Could not convert sector: could not convert string to float: 'Utilities'
2025-08-22 23:52:39,673 WARNING:Could not convert industry: could not convert string to float: 'Utilities - Independent Power Producers'
2025-08-22 23:52:39,673 WARNING:Could not convert website: could not convert string to float: 'https://www.tatapower.com'
2025-08-22 23:52:39,673 ERROR:Error processing TATAPOWER: '>' not supported between instances of 'NoneType' and 'float'
2025-08-22 23:52:39,673 WARNING:Could not convert longBusinessSummary: could not convert string to float: 'Steel Authority of India Limited, a steel-making company, manufactures and sells iron and steel products in India and internationally. The company offers a range of railway products, which include rail, high YS/UTS rail, corrosion resistant micro alloyed rail, vanadium alloyed rail, end forged thick web asymmetric rail, high conductivity rail, crane rails, and crossing sleeper bars. It also provides pig iron and pipes; semis; structural and TMT bars; galvanized products; wire rods, plate mill plates, and wheels and axles; hot rolled and cold rolled products; and stainless and electrical steel products. It serves government organizations, PSUS, private companies, distributors,  and resellers. Steel Authority of India Limited was founded in 1954 and is based in New Delhi, India.'
2025-08-22 23:52:39,673 WARNING:Could not convert sector: could not convert string to float: 'Basic Materials'
2025-08-22 23:52:39,673 WARNING:Could not convert industry: could not convert string to float: 'Steel'
2025-08-22 23:52:39,673 WARNING:Could not convert website: could not convert string to float: 'https://www.sail.co.in'
2025-08-22 23:52:39,673 ERROR:Error processing SAIL: '>' not supported between instances of 'NoneType' and 'float'
2025-08-22 23:52:39,674 WARNING:Could not convert longBusinessSummary: could not convert string to float: "Tata Chemicals Limited, together with its subsidiaries, manufactures, markets, sells, and distributes basic chemistry and specialty products in India, rest of Asia, Africa, Europe, the United Kingdom, the Americas, and internationally. The company offers dense, heavy, high purity, industrial grade, and light soda ash; allied chemicals, such as caustic soda, chlorine and bromine-based products, and gypsum; sodium bicarbonate; sodium chloride; calcium chloride; crushed refined soda; standard ash Magadi; natural and synthetic light soda ash; crex; energy; ordinary Portland and masonry cement under the Tata Shudh brand name; and livestock and dry industrial salt. It also provides nano zinc oxide and silica; prebiotics and dietary fibers; herbicides, insecticides, fungicides, bio-fertilizers, bio-stimulants, micronutrients, organic fertilizers, water-soluble fertilizers, bio-pesticides, and seeds; and energy storage solutions. The company's products are used in various applications, such as agriculture; animal nutrition; chemicals; construction; food and nutrition; glass; high performance rubber; metals; oral care and cosmetics; paints, inks, and adhesives; pharmaceuticals; safety and environment; soaps and detergents; textiles and leather; lithium-ion, dry cell, and other batteries; and others. Tata Chemicals Limited was founded in 1927 and is headquartered in Mumbai, India."
2025-08-22 23:52:39,674 WARNING:Could not convert sector: could not convert string to float: 'Basic Materials'
2025-08-22 23:52:39,674 WARNING:Could not convert industry: could not convert string to float: 'Chemicals'
2025-08-22 23:52:39,674 WARNING:Could not convert website: could not convert string to float: 'https://www.tatachemicals.com'
2025-08-22 23:52:39,779 WARNING:Could not convert longBusinessSummary: could not convert string to float: 'SBI Cards and Payment Services Limited, a non-banking financial company, provides credit cards to individual and corporate customers in India. The company offers corporate cards, central travel cards, utility cards, and purchase and virtual cards. It also acts as a corporate insurance agent for selling insurance policies to credit card customers. The company was incorporated in 1998 and is headquartered in Gurugram, India. SBI Cards and Payment Services Limited is a subsidiary of State Bank of India.'
2025-08-22 23:52:39,779 WARNING:Could not convert sector: could not convert string to float: 'Financial Services'
2025-08-22 23:52:39,779 WARNING:Could not convert industry: could not convert string to float: 'Credit Services'
2025-08-22 23:52:39,779 WARNING:Could not convert website: could not convert string to float: 'https://www.sbicard.com'
2025-08-22 23:52:39,779 ERROR:Error processing SBICARD: '>' not supported between instances of 'NoneType' and 'float'
2025-08-22 23:52:39,779 WARNING:Could not convert longBusinessSummary: could not convert string to float: "IDFC First Bank Limited provides various banking and financial services in India. It operates through the Treasury, Corporate and Wholesale Banking, Retail Banking, and Other Banking Business segments. The company offers treasury and forex solutions, including correspondent banking, FX, cross-border swift, government bonds and strips, liberalized remittance scheme, and external commercial borrowing solutions, as well as treasury solutions comprising forwards, options, and swaps. It also provides retail lending solutions, such as home loans, vehicle loans, consumer loans, education loans, personal loans, used car loans, gold loans, rural finance, and tractor finance; SME lending solutions that consist of loan against property, business banking, working capital loans, commercial vehicle loans, micro enterprise loans, trade advance, and startup banking; CASA and fixed deposits, which include current accounts, savings accounts, fixed deposits, nostro/vostro accounts, overdrafts, corporate salary accounts, accounts for ONDC, and escrow account; and NRI Banking that comprises NRE accounts, NRO accounts, seafarer accounts, FCNR deposits, and NRE/NRO deposits. In addition, the company offers wealth management and distribution solutions, including distribution of life insurance, general insurance, credit shield, health insurance, mutual funds, and AIFs; credit cards; and FASTag, such as tag issuer, toll acquirer, toll, parking, and fuel solutions. Further, it provides trade finance solutions that consist of letters of credit and discounting, bank guarantee, buyer's credit/SBLC, parking credit in foreign currency and INR, remittances, and pre and post shipment finance; supply chain financing; and transaction banking and CMS solutions. The company was formerly known as IDFC Bank Limited and changed its name to IDFC First Bank Limited in January 2019. IDFC First Bank Limited was founded in 1997 and is headquartered in Mumbai, India."
2025-08-22 23:52:39,780 WARNING:Could not convert sector: could not convert string to float: 'Financial Services'
2025-08-22 23:52:39,780 WARNING:Could not convert industry: could not convert string to float: 'Banks - Regional'
2025-08-22 23:52:39,780 WARNING:Could not convert website: could not convert string to float: 'https://www.idfcfirstbank.com'
2025-08-22 23:52:39,780 ERROR:Error processing IDFCFIRSTB: '>' not supported between instances of 'NoneType' and 'int'
2025-08-22 23:52:39,780 WARNING:Could not convert longBusinessSummary: could not convert string to float: 'Torrent Pharmaceuticals Limited engages in the research, development, manufacturing, marketing, and distribution of branded and generic pharmaceutical formulations in India, the United States, Brazil, Germany, and internationally. The company offers products in various therapeutic areas, including anti-diabetic, anti-microbial, cardiovascular, urology, gynecology, oncology, gastro-intestinal, nephrology, neuro-psychiatric, cosmo-dermatology, pain management, anti-infective, and miscellaneous, as well as vitamins, minerals, and nutrients. It also provides contract manufacturing services. The company offers its products under Tedibar, Shelcal, Unienzyme, and Ahaglow brands. The company was formerly known as Trinity Laboratories and changed its name to Torrent Pharmaceuticals Limited in 1971. The company was founded in 1959 and is based in Ahmedabad, India. Torrent Pharmaceuticals Limited is a subsidiary of Torrent Investments Limited.'
2025-08-22 23:52:39,780 WARNING:Could not convert sector: could not convert string to float: 'Healthcare'
2025-08-22 23:52:39,780 WARNING:Could not convert industry: could not convert string to float: 'Drug Manufacturers - Specialty & Generic'
2025-08-22 23:52:39,780 WARNING:Could not convert website: could not convert string to float: 'https://www.torrentpharma.com'
2025-08-22 23:52:39,780 ERROR:Error processing TORNTPHARM: '>' not supported between instances of 'NoneType' and 'float'
2025-08-22 23:52:39,780 WARNING:Could not convert longBusinessSummary: could not convert string to float: "The Federal Bank Limited provides a range of banking and financial services in India. The company operates through Treasury, Corporate/Wholesale Banking, Retail Banking, and Other Banking Operations segments. Its deposit products include savings accounts, current accounts, noor personal accounts, demat accounts, salary accounts, fixed deposits, cash certificates, recurring deposits, exchange earners' foreign currency accounts, gilt accounts, and NRI deposit schemes. In addition, the company's loan portfolio comprises personal, gold, housing, car, property, education and career, instant digital, SME business, agri and agri allied, and other loans; loans against sovereign gold bonds and fixed deposit; term loans, project finance, and working capital loans; and debit and credit cards. Further, it offers life, health, and general insurance products; cash management, wealth management, and merchant banking services; mutual funds, sovereign gold bonds, online trading, and national pension system; treasury products; and remittance, fund transfer, payment and collection, bill discounting, bank guarantees, letter of credit, packing credit limit, trade finance, LC bill discounting, safe deposit locker, e-commerce, internet banking, mobile banking, ATM, and tele banking services. The Federal Bank Limited operates a network of branches and ATMs/cash recyclers. The company was formerly known as Travancore Federal Bank Limited and changed its name to The Federal Bank Limited in March 1947. The Federal Bank Limited was incorporated in 1931 and is based in Aluva, India."
2025-08-22 23:52:39,780 WARNING:Could not convert sector: could not convert string to float: 'Financial Services'
2025-08-22 23:52:39,780 WARNING:Could not convert industry: could not convert string to float: 'Banks - Regional'
2025-08-22 23:52:39,780 WARNING:Could not convert website: could not convert string to float: 'https://www.federalbank.co.in'
2025-08-22 23:52:39,780 ERROR:Error processing FEDERALBNK: '>' not supported between instances of 'NoneType' and 'float'
2025-08-22 23:52:39,781 WARNING:Could not convert longBusinessSummary: could not convert string to float: 'Siemens Limited, a technology company, engages in industry, infrastructure, and mobility business in India and internationally. The company operates through Smart Infrastructure, Mobility, Digital Industries, and Portfolio Companies segments. The Smart Infrastructure segment supplies products, systems, solutions, and services for transmission and distribution of electrical energy for power utilities, industrial companies, and infrastructure segments. This segment offers systems for low and medium voltage distribution; solutions for smart grids and energy automation; and low voltage power supply systems, as well as intelligent and connected infrastructure for grids and buildings. The Mobility segment provides solutions for passenger and freight transportation, including rail vehicles, rail automation systems, rail electrification systems, turnkey systems, and related services. The Digital Industries segment offers products for automation and digitalization of discrete, hybrid, and process industries. This segments portfolio consists of industrial software and automation, and drive technology products for optimizing manufacturing value chain, covering product design, production planning, engineering, execution, and customer services. The Portfolio Companies segment supplies products and services of low-voltage motors. The company engages in the lease rental business. It also installs industrial machinery and equipment. The company was formerly known as Siemens India Limited and changed its name to Siemens Limited in March 1987. Siemens Limited was founded in 1867 and is based in Mumbai, India.'
2025-08-22 23:52:39,781 WARNING:Could not convert sector: could not convert string to float: 'Industrials'
2025-08-22 23:52:39,781 WARNING:Could not convert industry: could not convert string to float: 'Specialty Industrial Machinery'
2025-08-22 23:52:39,781 WARNING:Could not convert website: could not convert string to float: 'https://www.siemens.com/in/en.html'
2025-08-22 23:52:39,781 ERROR:Error processing SIEMENS: '>' not supported between instances of 'NoneType' and 'float'
2025-08-22 23:52:39,781 WARNING:Could not convert longBusinessSummary: could not convert string to float: 'IndusInd Bank Limited provides various banking products and financial services to individuals, corporations, government entities, and public sector undertakings in India. It operates in four segments: Treasury, Corporate/Wholesale Banking, Retail Banking, and Other Banking Operations. The company offers savings, salary, RFC, and uniformed personnel accounts; current accounts comprising smart, everyday, premium, trade, startup, and specialized accounts; fixed, recurring, sweep in/out, senior citizen fixed, NRE and NRO fixed, FCNR, and term deposits; vehicle, used and new car, two wheeler, home, gold, agri, personal, doctor professional, medical equipment, term, quick business, SME, and MSME loans; loans against property and securities; loans on credit card; and microfinance, working capital, and trade and export finance. It also provides debit, credit, prepaid, commercial, forex, duo, corporate, and business cards; life, health, and general insurance; safe deposit lockers; payment and financial inclusion products; foreign exchange services, including inward and outward remittances, and online forex portals; digital banking; and online vehicle auction services. In addition, the company offers mutual funds; bill payment; money transfer; NRI services; merchant solutions comprising POS terminal, payment gateway, digital rupee, and QR; transaction banking services, including trade finance, cash management, and tax payment; supply chain finance solutions, including supplier/vendor finance, channel finance, and receivable finance/factoring solutions; investment banking services consisting of debt syndication, debt and private equity fund-raising advisory, and M&A advisory; foreign exchange advisory; derivatives, such as currency, interest rate, and exchange-traded derivatives; debt capital markets, bullions, research, and online platforms; and correspondent and inclusive banking. IndusInd Bank Limited was incorporated in 1994 and is headquartered in Mumbai, India.'
2025-08-22 23:52:39,781 WARNING:Could not convert sector: could not convert string to float: 'Financial Services'
2025-08-22 23:52:39,781 WARNING:Could not convert industry: could not convert string to float: 'Banks - Regional'
2025-08-22 23:52:39,781 WARNING:Could not convert website: could not convert string to float: 'https://www.indusind.com'
2025-08-22 23:52:39,781 ERROR:Error processing INDUSINDBK: '>' not supported between instances of 'NoneType' and 'float'
2025-08-22 23:52:39,781 WARNING:Could not convert longBusinessSummary: could not convert string to float: 'Canara Bank provides various banking products and services in India and internationally. It offers deposits and accounts, such as savings accounts, current accounts, recurring deposits, and term deposits; unclaimed deposits; loan products, including home, vehicle, education, personal, mortgage, gold, MSME, agri, and solar loans; life, general, and health insurance products; corporate loans comprising working capital, infrastructure, and export finance products, as well as term loans; depository services, merchant banking, and online trading services; and mutual funds. The company also provides digital lending portal; mobile and internet banking; credit, debit, and prepaid cards; UPI and fastag; missed call banking; online account opening services; and payment solutions; NRI banking accounts; remittance facilities; attorneyship service; and nomination facility. In addition, it offers supply chain finance management; syndication services; IPO monitoring services; locker services; doorstep banking services; and consultancy services, which includes estate and wills, private and charitable trustee, debenture and security trusteeship, and attorney services. Canara Bank was incorporated in 1906 and is headquartered in Bengaluru, India.'
2025-08-22 23:52:39,781 WARNING:Could not convert sector: could not convert string to float: 'Financial Services'
2025-08-22 23:52:39,782 WARNING:Could not convert industry: could not convert string to float: 'Banks - Regional'
2025-08-22 23:52:39,782 WARNING:Could not convert website: could not convert string to float: 'https://www.canarabank.com'
2025-08-22 23:52:39,782 ERROR:Error processing CANBK: '>' not supported between instances of 'NoneType' and 'int'
2025-08-22 23:52:39,782 WARNING:Could not convert longBusinessSummary: could not convert string to float: 'Indian Bank provides various banking products and services. It offers deposit products, including savings bank and current accounts, term deposits, and non resident Indian (NRI) accounts. The company also provides agriculture, MSME, corporate, online, home, mortgage, vehicle, personal, educational, and jewel loans; supply chain finance; 59 minutes loans; loan/OD against deposits, NSC/KVP/ relief bonds of RBI/LIC policies; and other retail/personal loans. In addition, it offers digital products, including IndOASIS, internet and SMS banking, debit and credit cards, national common mobility cards, prepaid card, mutual funds, IPO, demat, and trading services; Point of sale systems; online collection products; and other products, services, and schemes. The company operates through multiple branches in India and overseas; as well as ATMs and BNAs. Indian Bank was incorporated in 1907 and is based in Chennai, India.'
2025-08-22 23:52:39,782 WARNING:Could not convert sector: could not convert string to float: 'Financial Services'
2025-08-22 23:52:39,782 WARNING:Could not convert industry: could not convert string to float: 'Banks - Regional'
2025-08-22 23:52:39,782 WARNING:Could not convert website: could not convert string to float: 'https://www.indianbank.in'
2025-08-22 23:52:39,782 ERROR:Error processing INDIANB: '>' not supported between instances of 'NoneType' and 'int'
2025-08-22 23:52:39,782 WARNING:Could not convert longBusinessSummary: could not convert string to float: 'RBL Bank Limited operates as a scheduled commercial bank in India. It operates through Corporate/Wholesale Banking, Retail Banking, Treasury, and Other Banking Operations segments. The company offers savings, salary, current, special institutions, and seafarer accounts; safe deposit lockers; fixed, recurring, and smart deposits; and portfolio investment schemes. It also provides housing, personal, business, pre-owned car, two-wheeler, education, business, crop, agri investment, agri allied, and micro-enterprise loans, as well as overdrafts, rural vehicle finance, loans against gold ornaments, loans against property, working capital finance, and unsecured and secured small business loans; life, general, and health insurance products; investments services, such as e-ASBA and national pension system; and Demat accounts. In addition, the company offers online tax and bill payment, missed call recharge and facility, payment gateway, and merchant acquiring services; online, mobile, and digital banking; debit, credit, commercial, and prepaid cards; outward remittances; wire transfer and foreign currency cheques; and developmental banking and financial inclusion services, including loan syndications. Further, it provides corporate finance; investment banking services, comprising mergers and acquisitions advisory and private equity capital advisory; project and infrastructure finance, structured finance, and real estate financing; cash management, trade and remittance, and supply chain finance services; and financial markets and treasury products, such as capital markets, and forex and bullion. Additionally, the company offers agribusiness, NRI, and preferred banking services. It operates a network of bank branches, business correspondent branches, and ATMs. The company was formerly known as The Ratnakar Bank Limited and changed its name to RBL Bank Limited in August 2014. RBL Bank Limited was incorporated in 1943 and is based in Mumbai, India.'
2025-08-22 23:52:39,782 WARNING:Could not convert sector: could not convert string to float: 'Financial Services'
2025-08-22 23:52:39,782 WARNING:Could not convert industry: could not convert string to float: 'Banks - Regional'
2025-08-22 23:52:39,782 WARNING:Could not convert website: could not convert string to float: 'https://www.rblbank.com'
2025-08-22 23:52:39,783 ERROR:Error processing RBLBANK: '>' not supported between instances of 'NoneType' and 'float'
2025-08-22 23:52:39,783 WARNING:Could not convert longBusinessSummary: could not convert string to float: 'UPL Limited, together with its subsidiaries, manufactures and sells pesticides, insecticides, and micronutrients in India, Brazil, the United States, the United Kingdom, and internationally. It operates in three segments: Crop Protection, Seeds, and Non-Agro. The company offers herbicides, fungicides, insecticides, acaricides, seed treatment, adjuvants, bio-solutions, public health products, fumigants, soil and water technologies, agrochemical products, and other agricultural related products under the Feroce, Shenzi, Winger, and Evolution brands, as well as ProNutiva, a solution for crop protection. It also provides seeds for vegetables and crops, such as grain sorghum, forage, corn, canola, sunflower, rice, wheats, and soyas, as well as other crops, including pearl millets, biofumingants, oats, mustards, and alfalfas under the Advanta, Alta Seeds, Pacific Seeds, and Hannaford brands. In addition, the company offers industrial and specialty chemicals, such as phosphorus, cynation, phosgenation, and acrolein; other non-agricultural related products; post-harvest solutions; farmer education and engagement; environmental electronics; and apiculture services, as well as operates nurture.farm, a digital platform for growers, farming communities, and food systems. It serves input suppliers, distributors, farmers, food wholesalers/traders, food manufacturers, food retailers, consumers, industry associations, media, cooperatives, government, restaurants, agriculture chemical distributors, and non-government organisations. The company exports its products. The company was formerly known as United Phosphorus Limited and changed its name to UPL Limited in October 2013. UPL Limited was founded in 1969 and is headquartered in Mumbai, India.'
2025-08-22 23:52:39,783 WARNING:Could not convert sector: could not convert string to float: 'Basic Materials'
2025-08-22 23:52:39,783 WARNING:Could not convert industry: could not convert string to float: 'Agricultural Inputs'
2025-08-22 23:52:39,783 WARNING:Could not convert website: could not convert string to float: 'https://www.upl-ltd.com'
2025-08-22 23:52:39,783 ERROR:Error processing UPL: '>' not supported between instances of 'NoneType' and 'float'
2025-08-22 23:52:39,783 WARNING:Could not convert longBusinessSummary: could not convert string to float: 'Union Bank of India provides banking products and services in India. It operates in four segments: Treasury Operations, Retail Banking Operations, Corporate and Wholesale Banking, and Other Banking Operations. The company offers savings, salary, and current accounts; term deposits; retail loans comprising home, vehicle, and education, loans; personal, MSME, agriculture, foreign currency, and gold loans; loans against the property; loans for senior citizen and pensioners; and debit, credit, and gift cards. It also provides corporate loans, such as line of credit, trade finance, working capital, project financing, and channel finance; wealth management; mutual funds; life, non-life, and health insurance products; and government saving and international schemes. In addition, the company offers app, internet, doorstep, explore digital, self-service, ATM, and SMS banking services; safe deposit locker and cheque collection; positive pay and cash management systems; point of sale terminal and immediate payment; and demat and online trading services. Further, it provides ECGC cover and foreign exchange; derivatives; export and import; NRI banking; remittance; treasury; and other products and services. Union Bank of India was incorporated in 1919 and is headquartered in Mumbai, India.'
2025-08-22 23:52:39,783 WARNING:Could not convert sector: could not convert string to float: 'Financial Services'
2025-08-22 23:52:39,783 WARNING:Could not convert industry: could not convert string to float: 'Banks - Regional'
2025-08-22 23:52:39,783 WARNING:Could not convert website: could not convert string to float: 'https://www.unionbankofindia.co.in'
2025-08-22 23:52:39,783 ERROR:Error processing UNIONBANK: '>' not supported between instances of 'NoneType' and 'int'
2025-08-22 23:52:39,783 WARNING:Could not convert longBusinessSummary: could not convert string to float: "Power Finance Corporation Limited, a non-banking finance company, provides financial products and related advisory services to the power, logistics, and infrastructure sectors in India. The company offers fund-based financial policies and products, such as project-specific funding; a revamped distribution sector scheme; funding for clearance of dues-LPS; a revolving bill payment facility; guidelines for solar and wind power generation projects, as well as for funding private sector independent transmission projects (ITP); a debt refinancing policy; a prepayment policy for solar wind ITP and other projects; takeout financing, asset acquisition, bridge loans, buyer's lines of credit, credit facilities for the purchase of power through power exchanges, and conventional and energy-saving projects; and project, medium, and short-term loan services. Its fund-based financial policies/products also include grants/interest-free loans for studies/consultancies; lease financing for the purchase of equipment and wind power projects; a line of credit for the import of coal; a policy for underwriting of debt; and financial assistance to distribution franchisees. The company also provides non-fund-based policies/products comprising guarantees, letters of comfort, and a policy for guarantees for credit enhancement; and non-fund-based consultancy services. Power Finance Corporation Limited was incorporated in 1986 and is headquartered in New Delhi, India."
2025-08-22 23:52:39,783 WARNING:Could not convert sector: could not convert string to float: 'Financial Services'
2025-08-22 23:52:39,783 WARNING:Could not convert industry: could not convert string to float: 'Credit Services'
2025-08-22 23:52:39,784 WARNING:Could not convert website: could not convert string to float: 'https://www.pfcindia.com'
2025-08-22 23:52:39,784 ERROR:Error processing PFC: '>' not supported between instances of 'NoneType' and 'float'
2025-08-22 23:52:39,784 WARNING:Could not convert longBusinessSummary: could not convert string to float: 'REC Limited, together with its subsidiaries, engages in the provision of financing services for power generation, transmission, and distribution projects in India. The company primarily offers long, medium, and short-terms loans; debt refinancing, equity financing, financing of equipment manufacturing for power sector and coal mines; policy for funding against regulatory assets, and revolving bill payment facility services; and provides letter of undertaking in lieu of bank guarantee, etc. It also acts as a nodal agency for the implementation of Pradhan Mantri Sahaj Bijli Har Ghar Yojana, Pradhan Mantri Surya Ghar Muft Bujli Yojana, Deen Dayal Upadhyaya Gram Jyoti Yojana, and National Electricity Fund. In addition, the company acts as the bid process coordinator for selection of transmission service provider through tariff based competitive bidding process for independent inter-state and intra-state transmission projects; provides project implementation and consultancy services in power sector; and operates National Feeder Monitoring System, a cloud-based IT and analytical platform, designed to monitor the reliability and quality of power. It serves central/state government power utilities, as well as private sector power utilities. REC Limited was formerly known as Rural Electrification Corporation Limited and changed its name to REC Limited in October 2018. The company was incorporated in 1969 and is based in Gurugram, India. REC Limited is a subsidiary of Power Finance Corporation Limited.'
2025-08-22 23:52:39,784 WARNING:Could not convert sector: could not convert string to float: 'Financial Services'
2025-08-22 23:52:39,784 WARNING:Could not convert industry: could not convert string to float: 'Credit Services'
2025-08-22 23:52:39,784 WARNING:Could not convert website: could not convert string to float: 'https://www.recindia.nic.in'
2025-08-22 23:52:39,882 WARNING:Could not convert longBusinessSummary: could not convert string to float: 'Max Financial Services Limited, through its subsidiary, provides business investment and management advisory services in India. It operates through Business Investments and Others, and Life Insurance segments. The company offers participating and nonparticipating and linked products covering life insurance, pension and health benefits including riders for individual and group; and treasury investments and life insurance services. It provides its products through individual agents, corporate agents, banks, brokers, and other channels. Max Financial Services Limited was incorporated in 1988 and is based in Noida, India.'
2025-08-22 23:52:39,883 WARNING:Could not convert sector: could not convert string to float: 'Financial Services'
2025-08-22 23:52:39,883 WARNING:Could not convert industry: could not convert string to float: 'Insurance - Life'
2025-08-22 23:52:39,883 WARNING:Could not convert website: could not convert string to float: 'https://www.maxfinancialservices.com'
2025-08-22 23:52:39,883 ERROR:Error processing MFSL: '>' not supported between instances of 'NoneType' and 'float'
2025-08-22 23:52:39,883 WARNING:Could not convert longBusinessSummary: could not convert string to float: 'Persistent Systems Limited provides software products, services, and technology solutions in India, North America, and internationally. It operates through Banking, Financial Services and Insurance (BFSI); Healthcare & Life Sciences; and Technology Companies and Emerging Verticals segments. The company provides Persistent GenAI Hub, a generative artificial intelligence (AI) solution; consulting services for business strategy and transformation; software engineering services to architect, design, develop, and manage software product lifecycle; and CX transformation solutions, such as CX strategy, Salesforce cloud implementation, CX platform integration, customer analytics and insights, and Salesforce industry solutions and accelerators. It also offers hybrid and multi-cloud transformation, data center modernization, persistent intelligent IT operations, cloud advisory, service management, service desk, digital workplace, and management and sustenance services, as well as CloudOps, a multi-cloud intelligent operations framework; business process management, robotic process automation, low code application development, and conversational AI solutions; and application modernization, maintenance and support, portfolio rationalization, application, and platform development solutions.. It serves customers in the banking, financial services, insurance, healthcare, life sciences, consumer tech, industrial, software and hi-tech, and telecom and media sectors. Persistent Systems Limited was incorporated in 1990 and is based in Pune, India.'
2025-08-22 23:52:39,883 WARNING:Could not convert sector: could not convert string to float: 'Technology'
2025-08-22 23:52:39,883 WARNING:Could not convert industry: could not convert string to float: 'Information Technology Services'
2025-08-22 23:52:39,883 WARNING:Could not convert website: could not convert string to float: 'https://www.persistent.com'
2025-08-22 23:52:40,064 WARNING:Could not convert longBusinessSummary: could not convert string to float: 'Oracle Financial Services Software Limited, together with its subsidiaries, provides information technology (IT) solutions to the financial services industry worldwide. It operates in two segments, Product Licenses and Related Activities; and IT Solutions and Consulting Services. The company offers Oracle FLEXCUBE; Oracle FLEXCUBE Investor Servicing; Oracle Banking Digital Experience; Oracle Financial Services Lending and Leasing; and Oracle Banking APIs. It also provides Oracle FLEXCUBE Universal Banking; Oracle Banking Platform; Oracle Banking Enterprise Limits and Collateral Management; Oracle FLEXCUBE for Islamic banking and microfinance; Oracle Banking Branch; Oracle Banking Origination; Oracle Banking Cash Management; Oracle Banking Liquidity Management; Oracle Banking Corporate Lending; Oracle Banking Supply Chain Finance; Oracle Banking Trade Finance; Oracle Banking Treasury Management; Oracle Banking Virtual Accounts Management; Oracle Banking Payments; and Oracle Banking Credit Facilities Process Management, as well as Asset Finance, Oracle Banking Collections and Recovery, and Oracle Documaker solutions. In addition, the company offers Oracle Financial Services Data Management Solutions, as well as cloud infrastructure, human capital management, and data management for financial services; and bancassurance solutions. Further, it provides a suite of industry applications catering to the areas of risk, finance, treasury, front office, regulatory reporting, and compliance; and Oracle Finergy that enables financial services enterprises to drive simplicity using technology, as well as consulting and business process services business. The company was incorporated in 1989 and is headquartered in Mumbai, India. Oracle Financial Services Software Limited operates as a subsidiary of Oracle Global (Mauritius) Limited.'
2025-08-22 23:52:40,065 WARNING:Could not convert sector: could not convert string to float: 'Technology'
2025-08-22 23:52:40,065 WARNING:Could not convert industry: could not convert string to float: 'Software - Infrastructure'
2025-08-22 23:52:40,065 WARNING:Could not convert website: could not convert string to float: 'https://www.oracle.com/financial-services'
2025-08-22 23:52:40,257 ERROR:Error processing MINDTREE: '>' not supported between instances of 'NoneType' and 'float'
2025-08-22 23:52:40,257 WARNING:Could not convert longBusinessSummary: could not convert string to float: 'Mphasis Limited, together with its subsidiaries, operates as an information technology solutions provider that specializes in cloud and cognitive services in the United States, India, Europe, the Middle East, Africa, and internationally. It operates through Banking and Financial Services; Logistics and Transportation; Technology Media and Telecom; Insurance; and Others segments. The company offers application, blockchain, business process, cognitive, cyber security, DevOps, AI, digital, enterprise automation, experience design, infrastructure, modernization, data, IT operations, product engineering, salesforce consulting, and cloud; governance, risk, and compliance; and platform and protocols services under the Mphasis XaaP. It serves the banking and capital markets comprising asset management, corporate and investment banking, retail banking, wealth management and brokerage, and mortgage industries; and insurance, payment, financial supply chain, hospitality, travel and transportation, healthcare, life sciences, oil and gas, public, hi-tech, communications, energy and utilities, logistics, and manufacturing sectors. Mphasis Limited was incorporated in 1992 and is based in Bengaluru, India.'
2025-08-22 23:52:40,258 WARNING:Could not convert sector: could not convert string to float: 'Technology'
2025-08-22 23:52:40,258 WARNING:Could not convert industry: could not convert string to float: 'Information Technology Services'
2025-08-22 23:52:40,258 WARNING:Could not convert website: could not convert string to float: 'https://www.mphasis.com'
2025-08-22 23:52:40,440 WARNING:Could not convert longBusinessSummary: could not convert string to float: 'L&T Technology Services Limited operates as an engineering research and development services company in India, North America, Europe, and internationally. It operates through three segments: Mobility, Sustainability, and Tech. The company offers digital engineering and consulting services, including artificial intelligence, cybersecurity, immersive experiences, industry 4.0 consulting, product consulting, sustainability engineering, 5G, and sustainable smart world solutions; and product engineering solutions, such as computer aided engineering, computation fluid dynamics, CAx automation, DevOps, engineering and manufacturing analytics, lab as a service, product testing and validation, testing, VLSI design, voice innovations, user experience, sustenance and maintenance, embedded systems, and Alexa consulting and professional services, as well as software, cloud, and wearables engineering solutions. The company also provides manufacturing engineering solutions, including accelerated operations, agile supply chain, content engineering, digital factory and simulations, line expansion and transfer, manufacturing automation, new product development, PLM on cloud, plant design and engineering, materials and parts management, and sourcing and procurement solutions; and plant engineering solutions, such as CAPEX project E/EPCM services, material and parts management, operational excellence, plant sustenance and management, sourcing and procurement, and regulatory compliance engineering solutions. It serves automotive, aerospace engineering, rail transportation, trucks and off-highway vehicles, discrete manufacturing and industrial products, process manufacturing, hi-tech, medical technology, public infrastructure and smart cities, and software and platforms. The company has a strategic partnership with Thyssenkrupp Steering to establish a global software hub in Pune, India. The company was formerly known as L&T Integrated Engineering Services Limited and changed its name to L&T Technology Services Limited in September 2012. The company was incorporated in 2012 and is headquartered in Vadodara, India. L&T Technology Services Limited is a subsidiary of Larsen & Toubro Limited.'
2025-08-22 23:52:40,440 WARNING:Could not convert sector: could not convert string to float: 'Technology'
2025-08-22 23:52:40,441 WARNING:Could not convert industry: could not convert string to float: 'Information Technology Services'
2025-08-22 23:52:40,441 WARNING:Could not convert website: could not convert string to float: 'https://www.ltts.com'
2025-08-22 23:52:40,441 ERROR:Error processing LTTS: '>' not supported between instances of 'NoneType' and 'float'
2025-08-22 23:52:40,441 WARNING:Could not convert longBusinessSummary: could not convert string to float: 'Coforge Limited provides information technology (IT) and IT enabled services in India, the Americas, Europe, the Middle East and Africa, India, and the Asia Pacific. The company offers digital process automation services, including workflow/process management, artificial intelligence (AI) and predictive analytics, RPA, and case management; digital services, such as interactive services, product engineering, enterprise, and intelligent automation; and cloud and infrastructure management services comprising cloud, workplace, cybersecurity, data center, and always on network, as well as service integration services. It also offers cybersecurity services, which include security incident management; vulnerability management; threat intelligence; identity and access management; phishing, analysis, and training; governance & risk management; and workplace security. In addition, the company provides AI and machine learning, business analytics and BI, data engineering and management, D&A Ops, and advisory services. Further, it offers engineering services consisting of product quality, advisory consulting, automation engineering, business assurance testing, enterprise and product testing, AI, and ML infused testing services. Additionally, the company provides business process solutions. Coforge Limited serves insurance, travel, tourism, hospitality, banking and financial services, retail, healthcare, and public sectors. It has strategic alliances with Kong Inc. for cloud API services; and Newgen Software Technologies Limited to enhance digital operations for organizations. The company was formerly known as NIIT Technologies Limited and changed its name to Coforge Limited in August 2020. Coforge Limited was incorporated in 1992 and is based in Gurugram, India.'
2025-08-22 23:52:40,441 WARNING:Could not convert sector: could not convert string to float: 'Technology'
2025-08-22 23:52:40,441 WARNING:Could not convert industry: could not convert string to float: 'Information Technology Services'
2025-08-22 23:52:40,441 WARNING:Could not convert website: could not convert string to float: 'https://www.coforge.com'
2025-08-22 23:52:40,441 ERROR:Error processing COFORGE: '>' not supported between instances of 'NoneType' and 'float'
2025-08-22 23:52:40,441 WARNING:Could not convert longBusinessSummary: could not convert string to float: 'Cyient Limited provides geospatial, engineering design, manufacturing, networks and operations, data transformation, and analytic services in North America, Europe, Middle East, and the Asia Pacific. The company operates through three segments: Digital, Engineering & Technology; Design Led Manufacturing; and Others. The company offers digital thread; electrification and energy storage; autonomous systems; digital twin; product to platform engineering; data platforms and GenAI; Industry 4.0; industry AI advisor platform; Coddy, a legacy application migration; CYARC, a regulatory compliance watch for medical devices; CYFAST, for equipment testing and validation; CYIOPS, a power outage planning and scheduling platform; CYPRED forecast and prediction engine; CYTEXT that transforms PDFs and documents into searchable text; SmartHub, a field inspection and data capture; and CYXTRACT which extract, search, and analyze documents. It also provides manufacturing operations management solutions, including industrial automation, data engineering, operations management, asset operations, and manufacturing intelligence; FACTORYDTECT, Monitoring and predictive solutions; FACTORYPRO; DIGITAL DATA FOUNDATION data platform; ENERGYCARE, a platform to monitor, analyze, and balance energy usage; SAFEPLACE digital platform; and ASSET TWIN that monito asset health and upcoming failure mode. In addition, the company offers Vismon, a suite of solutions that simplifies network management; and CyPlaNet which streamlines fiber optic networks. It serves aerospace and defense, rail transportation, automotive and mobility, mining, energy, utilities and spatial intelligence, communications, healthcare and life science, and semiconductor industries. Cyient Limited and Vodafone entered into an agreement and launched an AI-powered global network configuration management solution supported by data-driven, intelligent configuration analytics. Cyient Limited was incorporated in 1991 and is headquartered in Hyderabad, India.'
2025-08-22 23:52:40,441 WARNING:Could not convert sector: could not convert string to float: 'Industrials'
2025-08-22 23:52:40,441 WARNING:Could not convert industry: could not convert string to float: 'Conglomerates'
2025-08-22 23:52:40,441 WARNING:Could not convert website: could not convert string to float: 'https://www.cyient.com'
2025-08-22 23:52:40,441 ERROR:Error processing CYIENT: '>' not supported between instances of 'NoneType' and 'float'
2025-08-22 23:52:40,442 WARNING:Could not convert longBusinessSummary: could not convert string to float: 'The Ramco Cements Limited manufactures and sells cement and construction Chemicals in India. The company offers blended cements and OPC products; ready mix concrete; and construction chemical products, including waterproofing compound, anchoring grout, micro concrete, bonding agent, plaster and putty, block fix, Tilefix, and Tilegrout. It also provides construction solutions for housing projects, apartments/institutions, public infrastructure projects, and industrial projects; and technical assistance and after-sales support to builders and customers. In addition, the company is involved in the generation and sale of electricity from windmills and thermal power plants; manpower supply; transportation of goods by road; and information technology services. It also sells its products to the Maldives and Myanmar through direct and merchant exports. The company was formerly known as Madras Cements Ltd. and changed its name to The Ramco Cements Limited in July 2013. The Ramco Cements Limited was incorporated in 1957 and is headquartered in Chennai, India.'
2025-08-22 23:52:40,442 WARNING:Could not convert sector: could not convert string to float: 'Basic Materials'
2025-08-22 23:52:40,442 WARNING:Could not convert industry: could not convert string to float: 'Building Materials'
2025-08-22 23:52:40,442 WARNING:Could not convert website: could not convert string to float: 'https://www.ramcocements.in'
2025-08-22 23:52:40,442 ERROR:Error processing RAMCOCEM: '>' not supported between instances of 'NoneType' and 'float'
2025-08-22 23:52:40,442 WARNING:Could not convert longBusinessSummary: could not convert string to float: "Abbott India Limited, together with its subsidiaries, operates as a pharmaceutical company in India. The company offers pharmaceutical products for gastroenterology, women's health, metabolic, central nervous system, vaccines, and multispecialty, including insomnia, vitamin D deficiency, pre-term labor, and pain management. It also provides anti-infectives, cardio-diabeto, GI & hepato, hormones, neuro-psychiat, pain management, respiratory, hepatic, neuroscience, metabolics, gennext, and consumer care products. Abbott India Limited was formerly known as Knoll Pharmaceuticals Limited and changed its name to Abbott India Limited in July 2002. The company was founded in 1910 and is headquartered in Mumbai, India. Abbott India Limited operates as a subsidiary of Abbott Capital India Limited."
2025-08-22 23:52:40,442 WARNING:Could not convert sector: could not convert string to float: 'Healthcare'
2025-08-22 23:52:40,442 WARNING:Could not convert industry: could not convert string to float: 'Drug Manufacturers - Specialty & Generic'
2025-08-22 23:52:40,442 WARNING:Could not convert website: could not convert string to float: 'https://www.abbott.co.in'
2025-08-22 23:52:40,442 ERROR:Error processing ABBOTINDIA: '>' not supported between instances of 'NoneType' and 'float'
2025-08-22 23:52:40,442 ERROR:Error processing L&TI: '>' not supported between instances of 'NoneType' and 'float'
2025-08-22 23:52:40,443 WARNING:Could not convert longBusinessSummary: could not convert string to float: 'Sonata Software Limited, together with its subsidiaries, provides information technology services and solutions in the United States, Europe, the Middle East, the Asia Pacific, the United Kingdom, Australia, New Zealand, and Ireland. The company offers GCC solution; digital contact center; product engineering; SAP modernization; application management; optima; cloud modernization, such as azure, AWS, and GCP; data modernization consist of Microsoft fabric, data privacy, and snowflake; artificial intelligence, including generative AI and agentic AI. It also provides dynamic modernization comprise migration, D365 customer experience, continuous modernization, AI-Led D365 transformation, and Microsoft power platform; customer experience includes sonata CX; COTS comprising SAP CX; hyper automation, such as RPA migration factory, digital assurance, robotic, finance, SCM, and HR process automation. In addition, the company offers managed cloud and infrastructure, quality assurance, and technology consulting services, as well as blockchain technologies. It serves banking, mortgage, lending, insurance, healthcare, life sciences, manufacturing, and retail sectors. Sonata Software Limited was founded in 1986 and is headquartered in Bengaluru, India.'
2025-08-22 23:52:40,443 WARNING:Could not convert sector: could not convert string to float: 'Technology'
2025-08-22 23:52:40,443 WARNING:Could not convert industry: could not convert string to float: 'Information Technology Services'
2025-08-22 23:52:40,443 WARNING:Could not convert website: could not convert string to float: 'https://www.sonata-software.com'
2025-08-22 23:52:40,443 ERROR:Error processing SONATSOFTW: '>' not supported between instances of 'NoneType' and 'float'
2025-08-22 23:52:40,443 WARNING:Could not convert longBusinessSummary: could not convert string to float: 'Torrent Pharmaceuticals Limited engages in the research, development, manufacturing, marketing, and distribution of branded and generic pharmaceutical formulations in India, the United States, Brazil, Germany, and internationally. The company offers products in various therapeutic areas, including anti-diabetic, anti-microbial, cardiovascular, urology, gynecology, oncology, gastro-intestinal, nephrology, neuro-psychiatric, cosmo-dermatology, pain management, anti-infective, and miscellaneous, as well as vitamins, minerals, and nutrients. It also provides contract manufacturing services. The company offers its products under Tedibar, Shelcal, Unienzyme, and Ahaglow brands. The company was formerly known as Trinity Laboratories and changed its name to Torrent Pharmaceuticals Limited in 1971. The company was founded in 1959 and is based in Ahmedabad, India. Torrent Pharmaceuticals Limited is a subsidiary of Torrent Investments Limited.'
2025-08-22 23:52:40,443 WARNING:Could not convert sector: could not convert string to float: 'Healthcare'
2025-08-22 23:52:40,443 WARNING:Could not convert industry: could not convert string to float: 'Drug Manufacturers - Specialty & Generic'
2025-08-22 23:52:40,443 WARNING:Could not convert website: could not convert string to float: 'https://www.torrentpharma.com'
2025-08-22 23:52:40,443 ERROR:Error processing TORNTPHARM: '>' not supported between instances of 'NoneType' and 'float'
2025-08-22 23:52:40,443 WARNING:Could not convert longBusinessSummary: could not convert string to float: "Divi's Laboratories Limited engages in the manufacture and sale of generic active pharmaceutical ingredients (APIs), intermediates, and nutraceuticals in India, North America, Asia, Europe, and internationally. The company also undertakes custom synthesis contract manufacturing services of APIs and intermediates; and supplies a range of carotenoids, such as beta carotene, astaxanthin, lycopene, and canthaxanthin, as well as lutein and vitamins used in the food, beverage, dietary supplement, pet food, and feed industries. It also exports its products. The company was formerly known as Divi's Research Center and changed its name to Divi's Laboratories Limited in 1994. Divi's Laboratories Limited was incorporated in 1990 and is based in Hyderabad, India."
2025-08-22 23:52:40,443 WARNING:Could not convert sector: could not convert string to float: 'Healthcare'
2025-08-22 23:52:40,443 WARNING:Could not convert industry: could not convert string to float: 'Drug Manufacturers - Specialty & Generic'
2025-08-22 23:52:40,443 WARNING:Could not convert website: could not convert string to float: 'https://www.divislabs.com'
2025-08-22 23:52:40,443 ERROR:Error processing DIVISLAB: '>' not supported between instances of 'NoneType' and 'float'
2025-08-22 23:52:40,444 WARNING:Could not convert longBusinessSummary: could not convert string to float: 'Alkem Laboratories Limited, a pharmaceutical company, engages in the research and development, manufacture, and sale of pharmaceutical and nutraceutical products in India, the United States, and internationally. The company offers branded generics, generic drugs, active pharmaceutical ingredients, and biosimilars, and nutraceuticals in acute and chronic therapeutic areas comprising anti-infective, gastroenterology, pain management, iron deficiency, diabetology, central nervous system, anti-osteoporosis, gynecology, respiratory, ophthalmology, rheumatology, urology, dermatology, cardiology, neurology, and oncology. It also provides vitamins, minerals, and nutrients; cough syrups, hepatoprotective tonic, anti-dandruff shampoo, mouth wash, pregnancy detection kits, and condoms; and anti-bloating syrups, tablets, and powder. The company was incorporated in 1973 and is headquartered in Mumbai, India.'
2025-08-22 23:52:40,444 WARNING:Could not convert sector: could not convert string to float: 'Healthcare'
2025-08-22 23:52:40,444 WARNING:Could not convert industry: could not convert string to float: 'Drug Manufacturers - Specialty & Generic'
2025-08-22 23:52:40,444 WARNING:Could not convert website: could not convert string to float: 'https://www.alkemlabs.com'
2025-08-22 23:52:40,444 ERROR:Error processing ALKEM: '>' not supported between instances of 'NoneType' and 'float'
2025-08-22 23:52:40,444 WARNING:Could not convert longBusinessSummary: could not convert string to float: 'GlaxoSmithKline Pharmaceuticals Limited manufactures, distributes, and trades in pharmaceuticals in India and internationally. The company offers vaccines, such as Infanrix Hexa for vaccination of infants against diphtheria, tetanus, pertussis, hepatitis B, poliomyelitis, and disease caused by Haemophilus influenzae type B; Synflorix for active immunization of infants against pneumococcal diseases and acute otitis media; Havrix for active immunization against disease caused by Hepatitis A virus; Menveo to prevent invasive meningococcal disease; Boostrix for immunization against diphtheria, tetanus and pertussis; Fluarix Tetra for the prevention of influenza disease; Varilrix for active immunization against varicella; and Shingrix for prevention of herpes zoster and post-herpetic neuralgia. It also provides specialty medicines, such as NUCALA for severe eosinophilic asthma, eosinophilic granulomatosis with polyangiitis, and hypereosinophilic syndrome; and Trelegy Ellipta for treating chronic obstructive pulmonary disease. In addition, the company offers general medicines, including AUGMENTIN and CEFTUM, an oral antibiotic to treat bacterial infections; CobadexCZS to treat mineral and vitamins deficiency states in adult patients; Flutivate, a skin cream for adults, children and infants; Tenovate to treat inflammatory and pruritic manifestations of steroid responsive dermatosis; CALPOL to treat mild to moderate pain; ELTROXIN for hypothyroidism; CCM to treat calcium and vitamin D deficiency; NEOSPORIN for treatment of specific bacterial skin infections; BETNOVATE for skin conditions; T-BACT for bacterial skin infections; and PHYSIOGEL for dry skin associated with redness and itch. The company was formerly known as SmithKline Beecham Pharmaceuticals India Ltd. and changed its name to GlaxoSmithKline Pharmaceuticals Limited in 2001. GlaxoSmithKline Pharmaceuticals Limited was incorporated in 1924 and is based in Mumbai, India.'
2025-08-22 23:52:40,444 WARNING:Could not convert sector: could not convert string to float: 'Healthcare'
2025-08-22 23:52:40,444 WARNING:Could not convert industry: could not convert string to float: 'Drug Manufacturers - General'
2025-08-22 23:52:40,444 WARNING:Could not convert website: could not convert string to float: 'https://india-pharma.gsk.com'
2025-08-22 23:52:40,444 ERROR:Error processing GLAXO: '>' not supported between instances of 'NoneType' and 'float'
2025-08-22 23:52:40,445 WARNING:Could not convert longBusinessSummary: could not convert string to float: 'Ipca Laboratories Limited, an integrated pharmaceutical company, manufactures and markets formulations and active pharmaceutical ingredients (APIs) for various therapeutic segments in India, Europe, Africa, the Americas, Asia, the Commonwealth of Independent States, and Australasia. The company offers APIs in anti-hypertensive, anti-malarial, diuretic, DMARD, anti-hypertensive, and anthelmintic therapeutic areas. It also provides generic and branded formulations in various therapeutic segments, including allergy, anti-neoplastic/cancer drugs, anti-arthritic, anti-epileptic, anti-hypertensive, cardiology, diabetes, dermatology, diabetology, emollients/protectives, fever, gastroenterology, helminthics, hepatoprotectives, immunosuppressant, infectious diseases, malaria, neurology, neuropathic pain, and NSAIDs, as well as nutraceuticals, ophthalmology, oral anti diabetes drug, orthopedics, probiotics, psychiatry, respiratory, rheumatology, and urology. The company also exports its products worldwide. Ipca Laboratories Limited was incorporated in 1949 and is based in Mumbai, India.'
2025-08-22 23:52:40,445 WARNING:Could not convert sector: could not convert string to float: 'Healthcare'
2025-08-22 23:52:40,445 WARNING:Could not convert industry: could not convert string to float: 'Drug Manufacturers - Specialty & Generic'
2025-08-22 23:52:40,445 WARNING:Could not convert website: could not convert string to float: 'https://www.ipca.com'
2025-08-22 23:52:40,445 ERROR:Error processing IPCALAB: '>' not supported between instances of 'NoneType' and 'float'
2025-08-22 23:52:40,445 WARNING:Could not convert longBusinessSummary: could not convert string to float: 'NATCO Pharma Limited, a pharmaceutical company, engages in the developing, manufacturing, and marketing of finished dosage formulations, active pharmaceutical ingredients (APIs), and intermediates in India, the United States, and internationally. It offers formulations in various therapeutic areas, including cancers of blood, liver, kidney, lung, brain, breast, and ovary; and APIs in various categories, such as oncology, central nervous system, pain management, and cardiovascular care. The company offers orthopedic products comprising bisphosphonates, which are oral and injectable drugs; and gastroenterology products consisting of novel drugs for chronic hepatitis-B and hepatitis-C, as well as contract manufacturing services. In addition, it provides cardiology and diabetology products for the treatment of hypertension, stable angina, and CHF. Further, the company offers agro chemicals and biological pest management solutions for management of insects, diseases, and weeds across a range of crops. NATCO Pharma Limited was incorporated in 1981 and is headquartered in Hyderabad, India.'
2025-08-22 23:52:40,445 WARNING:Could not convert sector: could not convert string to float: 'Healthcare'
2025-08-22 23:52:40,445 WARNING:Could not convert industry: could not convert string to float: 'Drug Manufacturers - Specialty & Generic'
2025-08-22 23:52:40,445 WARNING:Could not convert website: could not convert string to float: 'https://www.natcopharma.co.in'
2025-08-22 23:52:40,445 ERROR:Error processing NATCOPHARM: '>' not supported between instances of 'NoneType' and 'float'
2025-08-22 23:52:40,445 WARNING:Could not convert longBusinessSummary: could not convert string to float: 'Pfizer Limited engages in manufacturing, marketing, trading, and distribution of pharmaceutical products in India and internationally. It offers its products in various therapeutic areas, including neuro/CNS, hormones, cardiovascular, haemophilia, anti-infectives, gynecology, pain/analgesics, orthopedic, oncology, urology, anti-parasitic, gastrointestinal, vaccines, and respiratory, as well as vitamins, minerals, and nutrients. The company also offers anti-infectives services to hospitals and nursing homes. It sells its products through a network of independent distributors. Pfizer Limited was incorporated in 1950 and is based in Mumbai, India.'
2025-08-22 23:52:40,446 WARNING:Could not convert sector: could not convert string to float: 'Healthcare'
2025-08-22 23:52:40,446 WARNING:Could not convert industry: could not convert string to float: 'Drug Manufacturers - General'
2025-08-22 23:52:40,446 WARNING:Could not convert website: could not convert string to float: 'https://www.pfizerltd.co.in'
2025-08-22 23:52:40,446 ERROR:Error processing PFIZER: '>' not supported between instances of 'NoneType' and 'float'
2025-08-22 23:52:40,446 WARNING:Could not convert longBusinessSummary: could not convert string to float: 'Sanofi India Limited manufactures and trades in drugs and pharmaceutical products in India, Singapore and internationally. The company provides pharmaceutical products in various therapeutic areas, such as diabetes, cardiology, thrombosis, infections, epilepsy, anti-infectives, and central nervous system, as well as allergy, pain care, digestive, and nutritional health under the Lantus, Toujeo, Soliqua, Clexane, Amaryl, Cardace, Lasix, Lasilactone, Glimepiride, Cetapin, Targocid, Frisium, Targocio, Combiflam, DePura, Allegra, Baralgan, BUSCOGAST, Dulcoflex, Enterogermina, Novalgin, and Avil brands through independent distributors. It also exports its products to approximately 24 countries. The company was formerly known as Aventis Pharma Limited and changed its name to Sanofi India Limited in May 2012. The company was incorporated in 1956 and is headquartered in Mumbai, India. Sanofi India Limited is a subsidiary of Hoechst GmbH.'
2025-08-22 23:52:40,446 WARNING:Could not convert sector: could not convert string to float: 'Healthcare'
2025-08-22 23:52:40,446 WARNING:Could not convert industry: could not convert string to float: 'Drug Manufacturers - General'
2025-08-22 23:52:40,446 WARNING:Could not convert website: could not convert string to float: 'https://www.sanofi.com/en/india/investors'
2025-08-22 23:52:40,652 WARNING:Could not convert longBusinessSummary: could not convert string to float: 'AstraZeneca Pharma India Limited, a biopharmaceutical company, manufactures, markets, and trades in pharmaceutical products in India and internationally. It provides medicines for cardiovascular, renal, metabolic, and immunological conditions; oncology medicines under the TAGRISSO, Lynparza, ENHERTU, IMFINZI, and Zoladex brand names; rare diseases medicines under the Koselugo brand name; and respiratory medicines under the Symbicort and Fasenra brand names. The company also offers medicines for diabetes; and clinical trial services. The company was incorporated in 1979 and is based in Bengaluru, India. AstraZeneca Pharma India Limited is a subsidiary of AstraZeneca Pharmaceuticals AB.'
2025-08-22 23:52:40,652 WARNING:Could not convert sector: could not convert string to float: 'Healthcare'
2025-08-22 23:52:40,652 WARNING:Could not convert industry: could not convert string to float: 'Drug Manufacturers - Specialty & Generic'
2025-08-22 23:52:40,653 WARNING:Could not convert website: could not convert string to float: 'https://www.astrazeneca.in'
2025-08-22 23:52:40,653 ERROR:Error processing ASTRAZEN: '>' not supported between instances of 'NoneType' and 'float'
2025-08-22 23:52:40,653 WARNING:Could not convert longBusinessSummary: could not convert string to float: 'Ashok Leyland Limited, together with its subsidiaries, engages in the manufacture and sale of commercial vehicles in India and internationally. It offers buses; haulage and ICV trucks, as well as tractors and tippers; light commercial vehicles goods carriers and passenger, as well as small commercial vehicles goods carriers; and defense vehicles comprising logistics, high mobility, armored, and specialist vehicles. The company also provides power solutions, such as diesel generators, agriculture engines, industrial engines, and marine engines; spare parts; and vehicle and housing financing services. In addition, it trades in commercial vehicles; and offers manpower supply, air chartering, and IT services, as well as manufactures forgings and castings. Further, the company operates retail stores; and LeyKart, an e-commerce store for spare parts. The company was incorporated in 1948 and is headquartered in Chennai, India.'
2025-08-22 23:52:40,653 WARNING:Could not convert sector: could not convert string to float: 'Industrials'
2025-08-22 23:52:40,653 WARNING:Could not convert industry: could not convert string to float: 'Farm & Heavy Construction Machinery'
2025-08-22 23:52:40,653 WARNING:Could not convert website: could not convert string to float: 'https://www.ashokleyland.com'
2025-08-22 23:52:40,653 ERROR:Error processing ASHOKLEY: '>' not supported between instances of 'NoneType' and 'float'
2025-08-22 23:52:40,653 WARNING:Could not convert longBusinessSummary: could not convert string to float: 'ABB India Limited develops and sells products and system solutions to utilities, industries, channel partners, and original equipment manufacturers in India and internationally. The company operates through Motion, Robotics and Discrete Automation, Electrification, and Process Automation segments. The Motion segment offers motors, generators, and drives that provide power, motion, and control for a range of automation applications; and offers solutions and related services. The Robotics and Discrete Automation segment provides value-added solutions in robotics, machine, and factory automation. The Electrification segment offers a range of digital and connected solutions for low- and medium-voltage applications, including EV infrastructure, solar inverters, modular substations, distribution automation, power protection, wiring accessories, switchgear, enclosures, cabling, sensing, and control. The Process Automation segment provides products, systems, and services, such as turnkey engineering, control systems, measurement products, life cycle services, outsourced maintenance, and industry specific products for the optimization of the productivity of industrial processes in oil and gas, power, chemicals and pharmaceuticals, pulp and paper, metals and minerals, marine, and turbocharging industries. The company was formerly known as ABB Limited and changed its name to ABB India Limited in June 2013. ABB India Limited was incorporated in 1949 and is headquartered in Bengaluru, India. ABB India Limited operates as a subsidiary of ABB Asea Brown Boveri Ltd'
2025-08-22 23:52:40,653 WARNING:Could not convert sector: could not convert string to float: 'Industrials'
2025-08-22 23:52:40,653 WARNING:Could not convert industry: could not convert string to float: 'Specialty Industrial Machinery'
2025-08-22 23:52:40,653 WARNING:Could not convert website: could not convert string to float: 'https://new.abb.com/indian-subcontinent'
2025-08-22 23:52:40,842 WARNING:Could not convert longBusinessSummary: could not convert string to float: 'Aditya Birla Fashion and Retail Limited designs, manufactures, distributes, and retails fashion apparel and accessories in India and internationally. It operates through three segments: Madura Fashion & Lifestyle, Pantaloons, and Ethnic & Others. The company offers shirts, trousers, denims, t-shirts, dresses, suits and blazers, casuals, ceremonial, and party wear; shorts, joggers, track pants, sweatshirts, jackets, loungewear, biker t-shirts, polos, chinos, kurtas and bottom wear, occasion wear, festive ensembles, streetwear, classic shirts, logo T-shirts, casual pants, lehengas and kurta sets, ethnic bottom wear, athleisure wear, workwear, tops, sleepwear, crops tops, skirts, jeans, and sportswear; accessories; and shawls, stoles, shoes, and lingerie, as well as home furnishings, footwear, handbags, bed linen, towels, smart table linen, dressy cushion covers, and others. It markets its products under the Louis Philippe, Van Heusen, Allen Solly, and Peter England brands; and ethnic wear products under the Sabyasachi, S&N by Shantnu & Nikhil, Tasva, House of Masaba, Jaypore, LoveChild, and Marigold Lane brands, as well as operates fashion store under the Pantaloons brand. The company holds online and offline rights to the India network of California-based fashion brand Forever 21; and international brands portfolio, such as The Collective, Simon Carter, American Eagle, Ralph Lauren, Hackett London, Ted Baker, and Fred Perry. The company was formerly known as Pantaloons Fashion & Retail Limited and changed its name to Aditya Birla Fashion and Retail Limited in January 2016. Aditya Birla Fashion and Retail Limited was incorporated in 2007 and is based in Mumbai, India.'
2025-08-22 23:52:40,842 WARNING:Could not convert sector: could not convert string to float: 'Consumer Cyclical'
2025-08-22 23:52:40,842 WARNING:Could not convert industry: could not convert string to float: 'Apparel Manufacturing'
2025-08-22 23:52:40,842 WARNING:Could not convert website: could not convert string to float: 'https://www.abfrl.com'
2025-08-22 23:52:40,842 ERROR:Error processing ABFRL: '>' not supported between instances of 'NoneType' and 'float'
2025-08-22 23:52:40,842 WARNING:Could not convert longBusinessSummary: could not convert string to float: 'Adani Power Limited engages in the generation, transmission, and sale of electricity under long term power purchase agreements (PPAs), supplemental PPAs, medium and short term PPAs, and on merchant basis in India. The company generates electricity through thermal energy sources through various power projects with a combined installed and commissioned capacity of 17,550 megawatt (MW). It also operates various coal based power plants comprising 4,620 MW at Mundra, Gujarat; 3,300 MW at Tiroda, Maharashtra; 1,320 MW at Kawai, Rajasthan; 1,200 MW at Udupi, Karnataka; 600 MW at Raigarh and Korba, Chhattisgarh; 1,370 MW at Raipur, Chhattisgarh; 1,200 MW at Mahan, Madhya Pradesh; 1,200 MW at Mutiara, Tamil Nadu; 1,600 MW at Mirzapur, Uttar Pradesh; 500MW at Dahanu, Maharashtra; and 1600 MW at Godda, Jharkhand. The company also operates solar based power plant comprising 40 MW at Bitta, Gujarat. In addition, it engages in coal import and supply/trading business. Adani Power Limited was founded in 1988 and is headquartered in Ahmedabad, India.'
2025-08-22 23:52:40,843 WARNING:Could not convert sector: could not convert string to float: 'Utilities'
2025-08-22 23:52:40,843 WARNING:Could not convert industry: could not convert string to float: 'Utilities - Independent Power Producers'
2025-08-22 23:52:40,843 WARNING:Could not convert website: could not convert string to float: 'https://www.adanipower.com'
2025-08-22 23:52:40,843 ERROR:Error processing ADANIPOWER: '>' not supported between instances of 'NoneType' and 'float'
2025-08-22 23:52:40,843 WARNING:Could not convert longBusinessSummary: could not convert string to float: 'AU Small Finance Bank Limited offers various banking and financial services in India. The company operates through Treasury, Retail Banking, Wholesale Banking, and Other Banking Operations segments. It provides saving, salary, term, current, escrow, trade, fixed deposit overdraft, nodal and RERA, and fixed and recurring deposit accounts; foreign currency non-resident deposit; debit, credit, and prepaid cards; and safe deposit locker services. The company also offers vehicle loans for cars, two-wheelers, tractors, and commercial vehicles, as well as construction equipment; personal, home, commercial property, gold, micro business, agriculture, working capital, and construction loans; and financial institutional lending services. In addition, it provides life, health, general, fire, SME, and motor insurance; mutual funds, Atal pension scheme, and national pension system; overdraft, cash credit, bank guarantee, and letters of credit; and internet and mobile banking, collection and receivables, and payment and other merchant payment services, as well as ATM services. Further, the company offers digital banking services. Additionally, it provides government banking services to central government, state governments, central and state public sector undertakings, boards, defense, urban local bodies, and other government departments. The company operates through its bank branches, correspondents banking outlets, and business correspondents. It serves individuals, senior citizens, SMEs, NRIs, Gen Z digital natives, professionals, government institutions, corporate, partnerships, associations, and trusts. The company was formerly known as AU Financiers (India) Limited and changed its name to AU Small Finance Bank Limited in May 2017. AU Small Finance Bank Limited was incorporated in 1996 and is headquartered in Jaipur, India.'
2025-08-22 23:52:40,843 WARNING:Could not convert sector: could not convert string to float: 'Financial Services'
2025-08-22 23:52:40,843 WARNING:Could not convert industry: could not convert string to float: 'Banks - Regional'
2025-08-22 23:52:40,843 WARNING:Could not convert website: could not convert string to float: 'https://www.aubank.in'
2025-08-22 23:52:40,843 ERROR:Error processing AUBANK: '>' not supported between instances of 'NoneType' and 'int'
2025-08-22 23:52:40,843 WARNING:Could not convert longBusinessSummary: could not convert string to float: "Bata India Limited manufactures, sells, and trades in footwear and accessories through its retail and wholesale network in India and internationally. It offers men's footwear, including casual shoes, slippers and flipflop, as well as ethnic, formals, loafers, sandals, sneakers, sports, and outdoor shoes; women's footwear, such as ballerinas, boots, casual, flats, flipflop, loafers, mule, sandals, sneakers, sports, thongs, and toe ring shoes, as well as heel footwears; kids' footwear; apparel, including joggers and bottoms, shorts, t-shirt, and Polos for men and women; and accessories, such as belts, handbags, laptop bags, belts, wallets, school bags, and other bags. The company also engages in property letting activities. It sells its products primarily under the Bata, Hush Puppies, Nine West, North Star, Power, Bata Red Label, Bata Comfit, Bubblegummers, Disney, Naturalizer, Marie Claire, Scholl, Floatz by Bata, Weinbrenner, and Bata Industrials brand names through retail and franchisee stores, a wholesale network, and e-commerce. The company was formerly known as Bata Shoe Company Private Limited and changed its name to Bata India Limited in 1973. Bata India Limited was incorporated in 1931 and is based in Gurugram, India. Bata India Limited is a subsidiary of Bata (BN) B.V."
2025-08-22 23:52:40,843 WARNING:Could not convert sector: could not convert string to float: 'Consumer Cyclical'
2025-08-22 23:52:40,843 WARNING:Could not convert industry: could not convert string to float: 'Footwear & Accessories'
2025-08-22 23:52:40,843 WARNING:Could not convert website: could not convert string to float: 'https://www.bata.in'
2025-08-22 23:52:40,844 ERROR:Error processing BATAINDIA: '>' not supported between instances of 'NoneType' and 'float'
2025-08-22 23:52:40,844 WARNING:Could not convert longBusinessSummary: could not convert string to float: 'Cummins India Limited engages in the design, manufacture, distribution, and service of engines, generator sets, and related technologies in India, Nepal, and Bhutan. The company operates through two segments, Engines and Lubes. It provides accelera, G-drive, fire pump drive, hydrogen, and natural gas engines; and generators and power systems, including integrated power systems, alternators, transfer switches, generator set controls, system level controls and switchgears, and browse generators. The company also offers engine components, such as fuel systems, turbochargers, and engine braking and valvetrain technologies; and aftertreatment emission solutions, as well as operates component care centers. In addition, it offers drivetrain and braking systems comprising axles, brakes, carriers, drivelines, gearboxes and power take-offs, gears, suspensions, tire inflation systems, transfer cases, trailer solutions, and transmissions; parts and sales and services; software and electronic products; and digital products. The company serves commercial buildings, data centers, realty, infrastructure, hospitality, defense, greenhouse, healthcare, manufacturing, marine, mining, oil and gas, rental power, RVs, small business, telecom, water treatment, automotive, power transmission, and distribution industries, as well as end users, original equipment manufacturers (OEMs), channel partners, dealers, and retailers. It exports to the United States, Europe, Mexico, Africa, the Middle East, and China. The company was incorporated in 1962 and is headquartered in Pune, India. Cummins India Limited is a subsidiary of Cummins Inc.'
2025-08-22 23:52:40,844 WARNING:Could not convert sector: could not convert string to float: 'Industrials'
2025-08-22 23:52:40,844 WARNING:Could not convert industry: could not convert string to float: 'Specialty Industrial Machinery'
2025-08-22 23:52:40,844 WARNING:Could not convert website: could not convert string to float: 'https://www.cumminsindia.com'
2025-08-22 23:52:40,844 ERROR:Error processing CUMMINSIND: '>' not supported between instances of 'NoneType' and 'float'
2025-08-22 23:52:40,844 WARNING:Could not convert longBusinessSummary: could not convert string to float: 'Bharat Heavy Electricals Limited operates as power plant equipment manufacturer in India and internationally. The company operates in two segments: Power and Industry. It offers equipment supplies; spares and services; and undertakes engineering, procurement, and construction works for coal and lignite, gas, hydro and nuclear power plant, as well as for transportation, transmission, defence, aerospace, captive power plants, process, renewables, upstream and downstream oil and gas, e-mobility and energy storage, and other industries. The company also provides coal based, gas-based, nuclear, and hydro power plants, as well as solar power systems; transportation and transmission systems; defense and aerospace products; industrial systems; energy storage system and e-mobility solutions; and hydrogen power systems. In addition, it offers steam generators and steam generator auxiliaries, soot blowers, valves, piping systems, seamless steel tubes, pressurized fluidized bed gasifiers, steam and gas turbines, turbo generators, industrial sets, castings and forgings, condenser and heat exchangers, pumps, compressors, solar photovoltaics, and automation and control systems. Further, the company provides software system solutions, medium voltage vacuum switchgears, on load tap changers, LT switchgears and bus ducts, transformers and reactors, capacitors, bushings, control gears, insulators and ceramics, and electrical machines. It also provides rail transportation systems and equipment, oil field equipment, and fabricated equipment and mechanical packages. The company was incorporated in 1964 and is based in New Delhi, India.'
2025-08-22 23:52:40,844 WARNING:Could not convert sector: could not convert string to float: 'Industrials'
2025-08-22 23:52:40,844 WARNING:Could not convert industry: could not convert string to float: 'Specialty Industrial Machinery'
2025-08-22 23:52:40,844 WARNING:Could not convert website: could not convert string to float: 'https://www.bhel.com'
2025-08-22 23:52:40,844 ERROR:Error processing BHEL: '>' not supported between instances of 'NoneType' and 'float'
2025-08-22 23:52:40,845 WARNING:Could not convert longBusinessSummary: could not convert string to float: 'Balkrishna Industries Limited manufactures and sells tires in India, Europe, North America, and internationally. It provides manufacturing and selling of off-highway tires OHT for use in various applications, such as agricultural, mining, forestry, construction, industrial, earthmoving, port, all-terrain vehicle ATV, and turf care applications. The company was incorporated in 1961 and is headquartered in Mumbai, India.'
2025-08-22 23:52:40,845 WARNING:Could not convert sector: could not convert string to float: 'Consumer Cyclical'
2025-08-22 23:52:40,845 WARNING:Could not convert industry: could not convert string to float: 'Auto Parts'
2025-08-22 23:52:40,845 WARNING:Could not convert website: could not convert string to float: 'https://www.bkt-tires.com'
2025-08-22 23:52:40,845 ERROR:Error processing BALKRISIND: '>' not supported between instances of 'NoneType' and 'float'
2025-08-22 23:52:40,845 WARNING:Could not convert longBusinessSummary: could not convert string to float: 'Godrej Properties Limited, together with its subsidiaries, engages primarily in the business of real estate construction, development, hospitality, and other related activities in India. The company develops residential and commercial projects. Godrej Properties Limited was incorporated in 1985 and is headquartered in Mumbai, India.'
2025-08-22 23:52:40,845 WARNING:Could not convert sector: could not convert string to float: 'Real Estate'
2025-08-22 23:52:40,845 WARNING:Could not convert industry: could not convert string to float: 'Real Estate - Development'
2025-08-22 23:52:40,845 WARNING:Could not convert website: could not convert string to float: 'https://www.godrejproperties.com'
2025-08-22 23:52:40,845 ERROR:Error processing GODREJPROP: '>' not supported between instances of 'NoneType' and 'float'
2025-08-22 23:52:40,845 WARNING:Could not convert longBusinessSummary: could not convert string to float: 'Emami Limited manufactures and markets personal and healthcare products in India and internationally. The company offers antiseptic cream, body lotion, prickly heat powder, petroleum jelly, soaps, aloe vera gel, and all-season cream under the BoroPlus brand; oil and cool talc products under the Navratna brand; and ayurvedic products for pain management, immunity, digestive health, and bone and joint health, as well as healthcare products comprising hair growth vitalizers, skin elixirs, organic apple cider vinegar, cough syrup, herbal tea, health juices, honey, and herb tablets under the Zandu brand. It also provides oils, conditioners, shampoos, and ayurvedic capsules under the Kesh King brand; brightening creams, and brightening and oil clear face washes for men under the Smart And Handsome brand; balms under the Mentho Plus brand; hair oils under the Emami 7 Oils in One brand; prickly heat powders under the Dermicool brand; moisturising creams and body lotions under the Creme 21 brand; deodorants, eau de toilettes, shampoos, face washes, and shower gels under the HE brand; and body sprays and perfumes, beard and shaving products, body and hair care products, face washes, gift sets, and tools and accessories under the The Man Company brand. In addition, the company offers face serums, oil shots, powder face washes, and hair and pure oils under the Brillare brand; hair colors under the Emami Diamond Shine brand; talc under the Emami Golden Beauty brand; herbal fairness cream under the Emami Naturally Fair brand; cold cream under the Emami Malai Kesar Cold Cream brand; and deep moisturizing cream under the Emami Pure Glow brand. Emami Limited was founded in 1974 and is headquartered in Kolkata, India.'
2025-08-22 23:52:40,845 WARNING:Could not convert sector: could not convert string to float: 'Consumer Defensive'
2025-08-22 23:52:40,846 WARNING:Could not convert industry: could not convert string to float: 'Household & Personal Products'
2025-08-22 23:52:40,846 WARNING:Could not convert website: could not convert string to float: 'https://www.emamiltd.in'
2025-08-22 23:52:40,846 ERROR:Error processing EMAMILTD: '>' not supported between instances of 'NoneType' and 'float'
2025-08-22 23:52:40,846 WARNING:Could not convert longBusinessSummary: could not convert string to float: 'Escorts Kubota Limited manufactures and sells agricultural and construction equipment in India and internationally. The company offers rotavator, straw reaper, super seeder, MB plough, orchard sprayer, paddy harvester, rice transplanter, hydraulic pump, diesel filter, and gear products, as well as parts and lubricants; diesel engines; and cranes, vibratory soil compactors, backhoe loaders, tandem rollers, and mini excavators. It also provides agricultural tractors; engines for agricultural tractors; construction, earth moving, and material handling equipment; and round and flat tubes, heating elements, center buffer couplers, automobile shock absorbers, telescopic front fork and Mcpherson struts, internal combustion engines, and brake blocks. In addition, the company trades in oils and lubricants, implements, trailers, tractors, compressor accessories and spares, construction, earth moving, and material handling equipment. Further, it develops, produces, and import parts and accessories, as well as provides maintenance and warranty, crop, and financing services. The company offer its products under the Farmtrac, Powertrac, Steeltrac, Farmpower, and Kubota brands. The company was formerly known as Escorts Limited and changed its name to Escorts Kubota Limited in June 2022. Escorts Kubota Limited was incorporated in 1944 and is based in Faridabad, India. Escorts Kubota Limited is a subsidiary of Kubota Corporation.'
2025-08-22 23:52:40,846 WARNING:Could not convert sector: could not convert string to float: 'Industrials'
2025-08-22 23:52:40,846 WARNING:Could not convert industry: could not convert string to float: 'Farm & Heavy Construction Machinery'
2025-08-22 23:52:40,846 WARNING:Could not convert website: could not convert string to float: 'https://www.escortskubota.com'
2025-08-22 23:52:40,846 ERROR:Error processing ESCORTS: '>' not supported between instances of 'NoneType' and 'float'
2025-08-22 23:52:40,846 WARNING:Could not convert longBusinessSummary: could not convert string to float: "Fortis Healthcare Limited operates as a healthcare delivery service provider in India. The company offers services in the areas of cardiac science, critical care, vascular surgery, dental science, dermatology, diabetology/endocrinology, emergency and trauma, geriatric medicine, liver transplant and hepatobiliary sciences, pain and palliative medicine, ENT, foetal medicine, gastroenterology and hepatology science, general surgery, and haematology areas. It also provides services in the areas of infertility medicine, internal medicine, mental health and behavioral science, nephrology, neuro surgery, neurointerventional radiology, neurology, obstetrics and gynaecology, oncology, ophthalmology, orthopedics, pediatrics, physiotherapy and rehabilitation, plastic and reconstructive surgery, pulmonology, radiology, organ transplant, rheumatology, thoracic surgery, transfusion medicine, urology, medical generics, endocrine surgery, and other support specialties, as well as treat infectious diseases. The company's healthcare verticals comprise hospitals, diagnostics, tertiary and quaternary care, and day care specialty facilities. Fortis Healthcare Limited was incorporated in 1996 and is based in Gurugram, India."
2025-08-22 23:52:40,846 WARNING:Could not convert sector: could not convert string to float: 'Healthcare'
2025-08-22 23:52:40,846 WARNING:Could not convert industry: could not convert string to float: 'Medical Care Facilities'
2025-08-22 23:52:40,846 WARNING:Could not convert website: could not convert string to float: 'https://www.fortishealthcare.com'
2025-08-22 23:52:40,846 ERROR:Error processing FORTIS: '>' not supported between instances of 'NoneType' and 'float'
2025-08-22 23:52:40,846 WARNING:Could not convert longBusinessSummary: could not convert string to float: 'Ipca Laboratories Limited, an integrated pharmaceutical company, manufactures and markets formulations and active pharmaceutical ingredients (APIs) for various therapeutic segments in India, Europe, Africa, the Americas, Asia, the Commonwealth of Independent States, and Australasia. The company offers APIs in anti-hypertensive, anti-malarial, diuretic, DMARD, anti-hypertensive, and anthelmintic therapeutic areas. It also provides generic and branded formulations in various therapeutic segments, including allergy, anti-neoplastic/cancer drugs, anti-arthritic, anti-epileptic, anti-hypertensive, cardiology, diabetes, dermatology, diabetology, emollients/protectives, fever, gastroenterology, helminthics, hepatoprotectives, immunosuppressant, infectious diseases, malaria, neurology, neuropathic pain, and NSAIDs, as well as nutraceuticals, ophthalmology, oral anti diabetes drug, orthopedics, probiotics, psychiatry, respiratory, rheumatology, and urology. The company also exports its products worldwide. Ipca Laboratories Limited was incorporated in 1949 and is based in Mumbai, India.'
2025-08-22 23:52:40,847 WARNING:Could not convert sector: could not convert string to float: 'Healthcare'
2025-08-22 23:52:40,847 WARNING:Could not convert industry: could not convert string to float: 'Drug Manufacturers - Specialty & Generic'
2025-08-22 23:52:40,847 WARNING:Could not convert website: could not convert string to float: 'https://www.ipca.com'
2025-08-22 23:52:40,847 ERROR:Error processing IPCALAB: '>' not supported between instances of 'NoneType' and 'float'
2025-08-22 23:52:40,847 WARNING:Could not convert longBusinessSummary: could not convert string to float: 'Jindal Steel Limited operates in the steel, mining, and infrastructure sectors in India and internationally. It offers rails; medium and heavy hot-rolled parallel flange beams and column sections; plates and coils; angles and channels; cold heading quality, electrode quality, and high carbon wire rods; round bars; fabricated sections; Jindal Speedfloor concrete flooring solutions; Jindal Panther TMT rebars; semi-finished products, including slabs, billets, blooms, beam blank, and rounds; and Jindal Panther cement comprising Portland slag cement, Portland composite cement, and ground-granulated blast-furnace slag, as well as rockhard plates, cathode bards, and track shoes. The company also operates and maintains a total captive power plant capacity of 1,634 megawatts. In addition, it operates coal and iron ore mines located at various locations in India, Australia, and Africa. The company was formerly known as Jindal Steel & Power Limited and changed its name to Jindal Steel Limited in July 2025. Jindal Steel Limited was incorporated in 1979 and is based in New Delhi, India.'
2025-08-22 23:52:40,847 WARNING:Could not convert sector: could not convert string to float: 'Basic Materials'
2025-08-22 23:52:40,847 WARNING:Could not convert industry: could not convert string to float: 'Steel'
2025-08-22 23:52:40,847 WARNING:Could not convert website: could not convert string to float: 'https://www.jindalsteel.com'
2025-08-22 23:52:40,847 ERROR:Error processing JINDALSTEL: '>' not supported between instances of 'NoneType' and 'float'
2025-08-22 23:52:40,847 WARNING:Could not convert longBusinessSummary: could not convert string to float: 'Hindalco Industries Limited, together with its subsidiaries, manufactures and distributes aluminum and copper products in India, the United States, Brazil, South Korea, the United Kingdom, Germany, China, and internationally. It operates through Novelis, Aluminium Upstream, Aluminium Downstream, and Copper segments. The company offers primary aluminum, such as ingots, wirerods, primary foundry alloys, and billets; flat rolled products, including building and pattern sheets, PCB entry and cold-rolled sheets, closure and fin stocks, cable wrap and lamp cap stocks, foil and litho stocks, spiral fin stocks, circles, hot-rolled plates, cold-rolled coils, and flooring sheets/tread plates; extrusions; and foils, as well as aluminium sheet and light gauge products. It also engages in bauxite and coal mining, refineries, and metal and power; and specialty alumina solutions, including refractory, ceramic, polishing, flame retardant, battery, and water treatment solutions. In addition, the company provides copper wire and recycled rods, alloy rods, IGT tubes, and cathodes; precious metals, such as gold and silver bars, selenium, and platinum group metals; and di-ammonium phosphate, as well as internally grooved copper tube and copper scrap recycling operations. Further, it provides investment, cargo, management, aluminum import and export, engineering, cash management, sales, and welfare services. The company exports its products. It offers its products under the PrizTec, EcoEdge G, EcoEdge C, Everlast, Eternia, Freshwrapp, FUSALOX, and Totalis brands. The company serves the building and construction, batteries and renewable energy, commercial transport, consumer durables, circularity and home solutions, defence and aerospace, electrical and power, industrial machinery, packaging, and personal mobility industries. Hindalco Industries Limited was incorporated in 1958 and is headquartered in Mumbai, India.'
2025-08-22 23:52:40,847 WARNING:Could not convert sector: could not convert string to float: 'Basic Materials'
2025-08-22 23:52:40,847 WARNING:Could not convert industry: could not convert string to float: 'Aluminum'
2025-08-22 23:52:40,847 WARNING:Could not convert website: could not convert string to float: 'https://www.hindalco.com'
2025-08-22 23:52:41,040 WARNING:Could not convert longBusinessSummary: could not convert string to float: 'Max Financial Services Limited, through its subsidiary, provides business investment and management advisory services in India. It operates through Business Investments and Others, and Life Insurance segments. The company offers participating and nonparticipating and linked products covering life insurance, pension and health benefits including riders for individual and group; and treasury investments and life insurance services. It provides its products through individual agents, corporate agents, banks, brokers, and other channels. Max Financial Services Limited was incorporated in 1988 and is based in Noida, India.'
2025-08-22 23:52:41,040 WARNING:Could not convert sector: could not convert string to float: 'Financial Services'
2025-08-22 23:52:41,040 WARNING:Could not convert industry: could not convert string to float: 'Insurance - Life'
2025-08-22 23:52:41,041 WARNING:Could not convert website: could not convert string to float: 'https://www.maxfinancialservices.com'
2025-08-22 23:52:41,041 ERROR:Error processing MFSL: '>' not supported between instances of 'NoneType' and 'float'
2025-08-22 23:52:41,041 WARNING:Could not convert longBusinessSummary: could not convert string to float: 'JSW Steel Limited manufactures and sells iron and steel products in India and internationally. The company offers color coated steel products, color-coated roofing sheets, galvalume coil and sheets, aluminum-zinc sheets, galvanized corrugated sheets, tin plate products, lead-free coils and sheets, Al-Zn-Mg coated galvanized steel, multi-utility steel sheets, hot rolled and cold-rolled coils, cold rolled close annealed, electrical, coated steel products, TMT bars, wire rods, alloy steel products, and steel doors under the JSW Silveron+, JSW Radiance, JSW Everglow, JSW Colouron+, JSW Pragati+, JSW Vishwas, JSW Vishwas+, JSW Galvos, JSW Galveco, JSW Platina, JSW Neosteel, JSW Trusteel, JSW Avante, and JSW Magsure brands. It also involved in trades in steel and allied products, and iron ore products; logistic infrastructure, real estate, and mining; and manufactures paints, forged steel ball, slabs, plates, pipes, and double jointing; In addition, the company engages in the production of gaseous and liquid form of oxygen, nitrogen, argon, and other products recoverable from separation of air; scrap shredding; manages the logistic infrastructure of piombinos port area; and operation of coke oven and pellet plant, and steel plants. Its products are used in automotive, general engineering, machinery, and projects and construction sectors. The company was formerly known as Jindal Vijayanagar Steel Limited and changed its name to JSW Steel Limited in June 2005. JSW Steel Limited was founded in 1982 and is headquartered in Mumbai, India.'
2025-08-22 23:52:41,041 WARNING:Could not convert sector: could not convert string to float: 'Basic Materials'
2025-08-22 23:52:41,041 WARNING:Could not convert industry: could not convert string to float: 'Steel'
2025-08-22 23:52:41,041 WARNING:Could not convert website: could not convert string to float: 'https://www.jswsteel.in'
2025-08-22 23:52:41,041 ERROR:Error processing JSWSTEEL: '>' not supported between instances of 'NoneType' and 'float'
2025-08-22 23:52:41,041 WARNING:Could not convert longBusinessSummary: could not convert string to float: 'NHPC Limited, together with its subsidiaries, engages in the generation, sale, and trading of electricity through hydro, wind, and solar power stations in India and Nepal. It also owns and operates power stations. In addition, the company offers construction, execution and maintenance, and consultancy services in the areas of design and engineering, geotechnical investigations, construction, renovation and modernization, procurement, project management and supervision, operation and maintenance of power plants, rural road projects, and rural electrification projects. It sells electricity to bulk customers, including electricity utilities owned by state governments/private distribution companies. NHPC Limited was incorporated in 1975 and is based in Faridabad, India.'
2025-08-22 23:52:41,041 WARNING:Could not convert sector: could not convert string to float: 'Utilities'
2025-08-22 23:52:41,041 WARNING:Could not convert industry: could not convert string to float: 'Utilities - Renewable'
2025-08-22 23:52:41,042 WARNING:Could not convert website: could not convert string to float: 'https://www.nhpcindia.com'
2025-08-22 23:52:41,042 ERROR:Error processing NHPC: '>' not supported between instances of 'NoneType' and 'float'
2025-08-22 23:52:41,042 WARNING:Could not convert longBusinessSummary: could not convert string to float: 'LIC Housing Finance Limited, a housing finance company, provides loans for the purchase, construction, repair, and renovation of houses/buildings in India. The company offers public, green, and corporate deposits; home loans to residents and non-residents Indians, as well as to pensioners; plot loans, home improvement and renovation, construction, and home extension loans; refinance; construction finance and term loans for builders and developers; and loans for staff quarters and other lines of credit for corporates. It also provides loans against properties for companies and individuals; loans against rental securitization; and loans to professionals. In addition, the company develops, establishes, and operates assisted living community centers for elderly citizens; manages, advises, and administers private equity funds, including venture capital and alternate investment funds; offers asset management and trusteeship services; and markets housing loan, life and general insurance products, mutual funds, fixed deposits, and credit cards. LIC Housing Finance Limited was incorporated in 1989 and is based in Mumbai, India.'
2025-08-22 23:52:41,042 WARNING:Could not convert sector: could not convert string to float: 'Financial Services'
2025-08-22 23:52:41,042 WARNING:Could not convert industry: could not convert string to float: 'Mortgage Finance'
2025-08-22 23:52:41,042 WARNING:Could not convert website: could not convert string to float: 'https://www.lichousing.com'
2025-08-22 23:52:41,042 ERROR:Error processing LICHSGFIN: '>' not supported between instances of 'NoneType' and 'float'
2025-08-22 23:52:41,042 WARNING:Could not convert longBusinessSummary: could not convert string to float: 'NLC India Limited operates in the mining and power generation business in India. The company mines for lignite and coal; and generates power through lignite and coal, as well as through thermal, solar, and wind power plants. It operates open cast lignite mines with a mining capacity of 30.1 million tonnes per annum in Tamil Nadu and in Rajasthan. In addition, the company provides consultancy services to the mining sector and firms in the solar power generation sector. It offers energy and auxiliary services to state distribution firms, commercial enterprises, and industrial consumers. The company has a total installed power generation capacity of 6,731 MW. The company was formerly known as Neyveli Lignite Corporation Limited and changed its name to NLC India Limited in April 2016. The company was incorporated in 1956 and is based in Neyveli, India.'
2025-08-22 23:52:41,042 WARNING:Could not convert sector: could not convert string to float: 'Utilities'
2025-08-22 23:52:41,042 WARNING:Could not convert industry: could not convert string to float: 'Utilities - Regulated Electric'
2025-08-22 23:52:41,042 WARNING:Could not convert website: could not convert string to float: 'https://www.nlcindia.in'
2025-08-22 23:52:41,042 ERROR:Error processing NLCINDIA: '>' not supported between instances of 'NoneType' and 'float'
2025-08-22 23:52:41,043 WARNING:Could not convert longBusinessSummary: could not convert string to float: 'MRF Limited, together with its subsidiaries, engages in the manufacture and sale of rubber products in India and internationally. The company provides tires for passenger cars, two wheelers, fighter aircraft, farm, trucks, OTR, SCV, LCV, pick up, three wheeler, MCV, ICV, and tubes and valves products; rubber products, such as tubes, flaps, and tread rubber products; and manufactures specialty coatings. It also involved in the paints and coats, sports goods, and motorsports businesses. In addition, the company operates MRF T&S that provide computerized nitrogen inflation, tubeless repair, wheel alignment, wheel balancing and tire changing; MRF TireTok which offers robotic wheel alignment, vehicle safety test lane, diagnostic wheel balancing, semi-automatic tyre changer, A/C recovery and recharging, electronic headlight aligner, nitrogen generator membrane type, and special two-wheeler tire changer; MRF Tyredrome; MRF FASST that offers wheels removal and refitment, and tire mounting and de-mounting services; and MRF MuscleZone shops, as well as provides training for light and heavy commercial vehicle driving. The company was founded in 1946 and is based in Chennai, India.'
2025-08-22 23:52:41,043 WARNING:Could not convert sector: could not convert string to float: 'Consumer Cyclical'
2025-08-22 23:52:41,043 WARNING:Could not convert industry: could not convert string to float: 'Auto Parts'
2025-08-22 23:52:41,043 WARNING:Could not convert website: could not convert string to float: 'https://www.mrftyres.com'
2025-08-22 23:52:41,043 ERROR:Error processing MRF: '>' not supported between instances of 'NoneType' and 'float'
2025-08-22 23:52:41,043 WARNING:Could not convert longBusinessSummary: could not convert string to float: 'Oil and Natural Gas Corporation Limited, together with its subsidiaries, engages in the exploration, development, production, and distribution of crude oil, natural gas, and value-added products in India and internationally. It operates through Exploration and Production, Refining & Marketing, and Petrochemicals segments. The company engages in the refining and marketing of petroleum products; liquefied natural gas supply; pipelines for transportation of petroleum products; SEZ development; helicopter services; and production of ethanol, sugar, petrochemicals, liquefied petroleum gas, naphtha, ethane, propane, butane, kerosene oil, low sulphur heavy stock, residual crude oil, mineral turpentine oil, aviation turbine fuel, and high speed diesel. It also generates wind power through a total installed capacity of 153.9 MW; and solar power through a total installed capacity of 39.96 MW. The company also exports its products. Oil and Natural Gas Corporation Limited was founded in 1955 and is based in New Delhi, India.'
2025-08-22 23:52:41,043 WARNING:Could not convert sector: could not convert string to float: 'Energy'
2025-08-22 23:52:41,043 WARNING:Could not convert industry: could not convert string to float: 'Oil & Gas Integrated'
2025-08-22 23:52:41,043 WARNING:Could not convert website: could not convert string to float: 'https://www.ongcindia.com'
2025-08-22 23:52:41,043 ERROR:Error processing ONGC: '>' not supported between instances of 'NoneType' and 'float'
2025-08-22 23:52:41,043 WARNING:Could not convert longBusinessSummary: could not convert string to float: 'Petronet LNG Limited engages in the import, storage, regasification, and supply of liquefied natural gas (LNG) in India. It owns and operates a LNG import and regasification terminal with name plate capacity of 17.5 MMTPA located in Dahej, Gujarat; and a LNG terminal with name plate capacity of 5 MMTPA located in Kochi, Kerala. The company serves oil and gas entities, gas aggregators, petrochemical entities, city gas distribution entities, refineries, fertilizer and power generating entities, and other industrial entities. Petronet LNG Limited was incorporated in 1998 and is based in New Delhi, India.'
2025-08-22 23:52:41,043 WARNING:Could not convert sector: could not convert string to float: 'Energy'
2025-08-22 23:52:41,043 WARNING:Could not convert industry: could not convert string to float: 'Oil & Gas Refining & Marketing'
2025-08-22 23:52:41,043 WARNING:Could not convert website: could not convert string to float: 'https://petronetlng.in'
2025-08-22 23:52:41,043 ERROR:Error processing PETRONET: '>' not supported between instances of 'NoneType' and 'float'
2025-08-22 23:52:41,044 WARNING:Could not convert longBusinessSummary: could not convert string to float: "Power Grid Corporation of India Limited, an electric power transmission utility, engages in the power transmission business in India and internationally. It operates in three segments: Transmission Services, Telecom Services, and Consultancy Services. As of 31 March 2025, the company owned and operated 180,195 circuit kilometers of transmission lines, and 282 substations with an aggregate transformation capacity of 551,961 mega volt amperes. It also provides telecom services that offer overhead optic fiber network services using optical ground wire on power transmission lines under the POWERTEL brand name, as well as lease lines, MPLS-VPN, data, infrastructure, and international long-distance services. In addition, it provides consultancy services to the transmission, distribution, and telecom sectors on system planning and feasibility studies; environmental and social studies; design and engineering; contract/procurement services; project management and construction supervision; capacity building; operation and maintenance; asset management; owners' and lenders' engineer services to utilities and funding institutions; preparation of grid code, tariff mechanisms, and market analysis; legal and technical advisory in power transmission; power system studies/DPR preparation; smart grid and EV charging; load despatch and communication; sub-transmission/distribution/rural electrification services; testing and quality assurance and inspection; energy efficiency; and preventive vigilance, as well as human resource development. Further, it operates electric vehicle charging stations; and engages in solar power generation, green hydrogen production, smart metering, and data centers. The company was formerly known as National Power Transmission Corporation Limited and changed its name to Power Grid Corporation of India Limited in October 1992. Power Grid Corporation of India Limited was incorporated in 1989 and is based in Gurugram, India."
2025-08-22 23:52:41,044 WARNING:Could not convert sector: could not convert string to float: 'Utilities'
2025-08-22 23:52:41,044 WARNING:Could not convert industry: could not convert string to float: 'Utilities - Regulated Electric'
2025-08-22 23:52:41,044 WARNING:Could not convert website: could not convert string to float: 'https://www.powergrid.in'
2025-08-22 23:52:41,044 ERROR:Error processing POWERGRID: '>' not supported between instances of 'NoneType' and 'float'
2025-08-22 23:52:41,044 WARNING:Could not convert longBusinessSummary: could not convert string to float: 'REC Limited, together with its subsidiaries, engages in the provision of financing services for power generation, transmission, and distribution projects in India. The company primarily offers long, medium, and short-terms loans; debt refinancing, equity financing, financing of equipment manufacturing for power sector and coal mines; policy for funding against regulatory assets, and revolving bill payment facility services; and provides letter of undertaking in lieu of bank guarantee, etc. It also acts as a nodal agency for the implementation of Pradhan Mantri Sahaj Bijli Har Ghar Yojana, Pradhan Mantri Surya Ghar Muft Bujli Yojana, Deen Dayal Upadhyaya Gram Jyoti Yojana, and National Electricity Fund. In addition, the company acts as the bid process coordinator for selection of transmission service provider through tariff based competitive bidding process for independent inter-state and intra-state transmission projects; provides project implementation and consultancy services in power sector; and operates National Feeder Monitoring System, a cloud-based IT and analytical platform, designed to monitor the reliability and quality of power. It serves central/state government power utilities, as well as private sector power utilities. REC Limited was formerly known as Rural Electrification Corporation Limited and changed its name to REC Limited in October 2018. The company was incorporated in 1969 and is based in Gurugram, India. REC Limited is a subsidiary of Power Finance Corporation Limited.'
2025-08-22 23:52:41,044 WARNING:Could not convert sector: could not convert string to float: 'Financial Services'
2025-08-22 23:52:41,044 WARNING:Could not convert industry: could not convert string to float: 'Credit Services'
2025-08-22 23:52:41,044 WARNING:Could not convert website: could not convert string to float: 'https://www.recindia.nic.in'
2025-08-22 23:52:41,062 WARNING:Could not convert longBusinessSummary: could not convert string to float: 'Tata Power Company Limited engages in the generation, transmission, distribution, and trading of electricity in India and internationally. It operates through Thermal and Hydro, Renewables, Transmission and Distribution, and Others segments. The company generates power from hydroelectric and thermal sources, such as coal, gas, and oil; and provides related ancillary services. It also engages in the operation of transmission and distribution networks; and sale of power to retail customers through distribution network and related ancillary services. In addition, the company offers project management contracts/infrastructure management, and property development services, as well as rents oil tanks. Further, the company manufactures and sells solar cells and modules, and pumps; operates electric vehicle charging stations and coal mines; generates electricity through solar, wind, and waste heat sources; trades in power; and provides engineering, procurement, and construction, as well as logistics services. Additionally, it offers microgrid, rooftop solar, and home automation solutions. As of March 31, 2025, it had an installed generation capacity of 15,733 megawatt. Tata Power Company Limited was founded in 1915 and is headquartered in Mumbai, India.'
2025-08-22 23:52:41,062 WARNING:Could not convert sector: could not convert string to float: 'Utilities'
2025-08-22 23:52:41,062 WARNING:Could not convert industry: could not convert string to float: 'Utilities - Independent Power Producers'
2025-08-22 23:52:41,062 WARNING:Could not convert website: could not convert string to float: 'https://www.tatapower.com'
2025-08-22 23:52:41,062 ERROR:Error processing TATAPOWER: '>' not supported between instances of 'NoneType' and 'float'
2025-08-22 23:52:41,063 WARNING:Could not convert longBusinessSummary: could not convert string to float: 'NMDC Limited, together with its subsidiaries, explores for and produces iron ore in India and internationally. It operates through Iron Ore, and All Other Segments (Pellets, Other Minerals & Services). The company also explores for lithium, copper, rock phosphate, limestone, beach sand, coking and non-coking coal, magnesite, diamond, tungsten, nickel, gold, base metals, and rare earth metals. In addition, it produces and sells hot rolled coil and pellets; and generates and distributes solar and wind power. The company exports its products. NMDC Limited was incorporated in 1958 and is headquartered in Hyderabad, India.'
2025-08-22 23:52:41,063 WARNING:Could not convert sector: could not convert string to float: 'Basic Materials'
2025-08-22 23:52:41,063 WARNING:Could not convert industry: could not convert string to float: 'Steel'
2025-08-22 23:52:41,063 WARNING:Could not convert website: could not convert string to float: 'https://www.nmdc.co.in'
2025-08-22 23:52:41,063 ERROR:Error processing NMDC: '>' not supported between instances of 'NoneType' and 'float'
2025-08-22 23:52:41,063 WARNING:Could not convert longBusinessSummary: could not convert string to float: 'SJVN Limited, together with its subsidiaries, engages in the generation and sale of electricity in India and internationally. The company is also involved in thermal power, hydro power, wind power, solar power, and power transmission businesses. The company operates the Nathpa Jhakri Hydro Power Station (NJHPS) with a capacity of 1500 MW located in Shimla District; the Rampur Hydro Power Station with an installed capacity of 412 MW in Shimla and Kullu District in Himachal Pradesh; and the Naitwar Mori Hydro Power Station with a capacity of 60 MW located in Uttarkashi district in Uttarakhand. It also operates the Khirvire Wind Power Project with a capacity of 47.6 MW in Ahmednagar District in Maharashtra; and the Sadla Wind Power Project with an installed capacity of 50 MW in Surendranagar District in Gujarat. In addition, the company operates the Charanka Solar Power Plant with a capacity of 5.6 MW in Patan district in Gujarat; 1 MW solar power plant at Wadhal and 310 KW solar power plant at Surge Shaft of NJHPS; Parasan Solar Power Station with a capacity of 75 MW in Jalaun District, Uttar Pradesh; and an 86 km cross border transmission line with a capacity of 400 kV from Muzaffarpur to Sursand. Additionally, it provides consultancy services in the field of hydroelectric projects, highway tunnels, railway tunnels, etc., as well as undertakes contracts, project management services, and power trading. The company was formerly known as Satluj Jal Vidyut Nigam Limited and changed its name to SJVN Limited in September 2009. SJVN Limited was incorporated in 1988 and is based in Shimla, India.'
2025-08-22 23:52:41,063 WARNING:Could not convert sector: could not convert string to float: 'Utilities'
2025-08-22 23:52:41,063 WARNING:Could not convert industry: could not convert string to float: 'Utilities - Renewable'
2025-08-22 23:52:41,063 WARNING:Could not convert website: could not convert string to float: 'https://www.sjvn.nic.in'
2025-08-22 23:52:41,063 ERROR:Error processing SJVN: '>' not supported between instances of 'NoneType' and 'float'
2025-08-22 23:52:41,063 WARNING:Could not convert longBusinessSummary: could not convert string to float: 'Thermax Limited provides energy, environmental, and chemical solutions in India and internationally. It operates in Industrial Products, Industrial Infra, Green Solutions, and Chemical segments. The Industrial Products segment offers manufacturing, installation, sales and services related to boilers and heating equipment, absorption chillers/heat pumps, air pollution control equipment/ systems, water & waste recycling, including associated services and engineering, procurement and construction. The Industrial Infra segment provides engineering, procurement, and construction (EPC) of power plants, infra projects, and flue gas desulphurisation projects, along with associated services and manufacturing, installation, sales and services related to boiler and heater plants. The Green solutions segment builds, owns and operates BOO models, energy management solutions, oil and gas-fired, green hydrogen projects and renewable energy (Solar/Wind). The Chemical segment offers manufacturing, installation, sales and services related to ion exchange resins, performance chemicals, construction chemicals, water treatment chemicals, oil field chemicals, paper and construction chemicals, and related services. It also operates cogeneration, waste heat recovery power, captive power, and independent power plants, as well as offers operation and maintenance services. In addition, the company offers steam boilers; waste heat recovery units; fired heaters and process furnaces; thermic fluid, hot air, and hot water heaters; and waste heat recovery. It serves automobiles, cement, chemicals and fertilizers, commercial/construction, dairy, distillery, paper and pulp, pharmaceuticals, plywood, power generation, food, refineries and petrochemicals, soft beverages, metals, sugar, textiles, and tyre industries. Thermax Limited was incorporated in 1966 and is headquartered in Pune, India. Thermax Limited is a subsidiary of RDA Holdings Private Limited.'
2025-08-22 23:52:41,063 WARNING:Could not convert sector: could not convert string to float: 'Industrials'
2025-08-22 23:52:41,064 WARNING:Could not convert industry: could not convert string to float: 'Conglomerates'
2025-08-22 23:52:41,064 WARNING:Could not convert website: could not convert string to float: 'https://www.thermaxglobal.com'
2025-08-22 23:52:41,064 ERROR:Error processing THERMAX: '>' not supported between instances of 'NoneType' and 'float'
2025-08-22 23:52:41,064 ERROR:Error processing ZOMATO: '>' not supported between instances of 'NoneType' and 'float'
2025-08-22 23:52:41,064 WARNING:Could not convert longBusinessSummary: could not convert string to float: 'Nazara Technologies Limited operates a gaming and sports media platform in India, Africa, the Middle East, the Asia Pacific, the United States, and internationally. It operates through eSports, Ad tech, gaming segments. The company offers subscription, download of games, and support services. It also provides interactive and online gaming, including gamified early learning ecosystems; e-sports; and advertising technology ecosystems. In addition, the company owns various IPs, including World Cricket Championship, Kiddopia, Animal Jam, Classic Rummy, Openplay, Halaplay, Nazara Telco Distribution, Nodwin, NODWIN Gaming, SportsKeeda, Wings, Branded, Pro Football Network, Publishme, Rusk DC, Planet Superheroes, Vizibl, AdPrimus, BidAmp, and Datawrkz. The company was incorporated in 1999 and is based in Mumbai, India with additional offices in Dubai, United Arab Emirates and Singapore.'
2025-08-22 23:52:41,064 WARNING:Could not convert sector: could not convert string to float: 'Communication Services'
2025-08-22 23:52:41,064 WARNING:Could not convert industry: could not convert string to float: 'Electronic Gaming & Multimedia'
2025-08-22 23:52:41,064 WARNING:Could not convert website: could not convert string to float: 'https://www.nazara.com'
2025-08-22 23:52:41,064 ERROR:Error processing NAZARA: '>' not supported between instances of 'NoneType' and 'float'
2025-08-22 23:52:41,064 WARNING:Could not convert longBusinessSummary: could not convert string to float: 'FSN E-Commerce Ventures Limited, through its subsidiaries, engages in selling and distribution of beauty, personal care, and fashion products for women, men, children, and home in India and internationally. The company offers makeup; bath and body; natural; mom and baby; wellness and health care; fragrance; fitness; skin, personal, and hair care products; and fashion garments, accessories, and equipment. It also provides western, active, and Indian wear; lingerie; footwear; bags; jewellery; athleisure; accessories; home decor; and kitchen products. It sells its products through website, e-commerce, m-commerce, internet, and intranet, as well as through physical stores, stalls, general trade, and modern trade. It operates physical stores under the Nykaa Flagship, Nykaa Luxe, Nykaa On Trend, Nysaa, and Nykaa Kiosks formats. FSN E-Commerce Ventures Limited was incorporated in 2012 and is based in Mumbai, India.'
2025-08-22 23:52:41,064 WARNING:Could not convert sector: could not convert string to float: 'Consumer Cyclical'
2025-08-22 23:52:41,065 WARNING:Could not convert industry: could not convert string to float: 'Internet Retail'
2025-08-22 23:52:41,065 WARNING:Could not convert website: could not convert string to float: 'https://www.nykaa.com'
2025-08-22 23:52:41,065 ERROR:Error processing NYKAA: '>' not supported between instances of 'NoneType' and 'float'
2025-08-22 23:52:41,065 WARNING:Could not convert longBusinessSummary: could not convert string to float: 'PB Fintech Limited operates an online platform for insurance and lending products in India and internationally. It operates through two segments Insurance Services and Other Services. The company offers Policybazaar, an online platform to buy and sell insurance products, such as life, health, term, car, 2 wheeler, family health, travel, and home insurance products. It also offers investment, guaranteed return, child savings, and retirement plans. The company offers Paisabazaar, an independent digital lending platform that enables consumers to compare, choose, and apply for personal credit products, including personal, business, bonds, and home loans, as well as credit cards and loans against property, and car. In addition, the company provides call center and online healthcare related services; online marketing, consulting, and support services; as well as engages in the online, offline, and direct marketing of insurance products. PB Fintech Limited was incorporated in 2008 and is based in Gurugram, India.'
2025-08-22 23:52:41,065 WARNING:Could not convert sector: could not convert string to float: 'Financial Services'
2025-08-22 23:52:41,065 WARNING:Could not convert industry: could not convert string to float: 'Insurance Brokers'
2025-08-22 23:52:41,065 WARNING:Could not convert website: could not convert string to float: 'https://www.pbfintech.in'
2025-08-22 23:52:41,065 ERROR:Error processing POLICYBZR: '>' not supported between instances of 'NoneType' and 'float'
2025-08-22 23:52:41,065 WARNING:Could not convert longBusinessSummary: could not convert string to float: "Just Dial Limited engages in the search engine business in India. The company offers local search, search related, and software services through various platforms, including internet, mobile internet, over the telephone, and text. The company provides JD app, a one-stop solution offering business discovery services, including user-ratings, location-based search, 360-degree images, movies, news, sports, stocks, and augmented reality-based listing finder; JD ratings tool; JD business app to manage business listings; and JD mart, a B2B marketplace for micro, small, and medium enterprises for their business requirements. It also provides JD analytics dashboard, which acts as a solution for insights into customer interactions, leads from various platforms, missed call alerts, review responses, competition and category trends, quick reminders, note addition, and customer feedback; online self-sign-up; JD omni, a cloud-based solution; JD pay for digital payments; JD Social, a social sharing platform; and JD Xperts, a one stop solution for user's on demand service needs, such as salon, repairs and services, plumbing, electrical needs, cleaning services, pest control service, fitness and yoga, etc. In addition, the company offers website development and maintenance services. Just Dial Limited was incorporated in 1993 and is based in Mumbai, India. As of October 6, 2021, Just Dial Limited operates as a subsidiary of Reliance Retail Ventures Limited."
2025-08-22 23:52:41,065 WARNING:Could not convert sector: could not convert string to float: 'Communication Services'
2025-08-22 23:52:41,065 WARNING:Could not convert industry: could not convert string to float: 'Internet Content & Information'
2025-08-22 23:52:41,065 WARNING:Could not convert website: could not convert string to float: 'https://www.justdial.com'
2025-08-22 23:52:41,065 ERROR:Error processing JUSTDIAL: '>' not supported between instances of 'NoneType' and 'float'
2025-08-22 23:52:41,065 WARNING:Could not convert longBusinessSummary: could not convert string to float: 'CarTrade Tech Limited operates a multi-channel online automotive platform in India and internationally. The company provides services, including buying, selling, marketing, valuation, and financing of new and used vehicles. It also offers new car original equipment manufacturers (OEM) solutions that provides OEMs with consumer insights and data-driven solutions for building their digital marketing strategies; new car dealer solutions, which offers customers content and research tools, such as car reviews, on road prices, car specifications, car images, car finance offers, and others; used car dealer solutions to buy and sell used cars; and technology solutions for OEMs and dealers, including dealer management systems and auto finance solutions. In addition, the company provides new two-wheeler OEM and dealer solutions; online and offline auctioning of vehicles comprising cars, bikes, trucks, farm equipment, and construction equipment; inspection and valuation services for banks and insurance companies; and technology solutions to OEMs, banks, NBFCs, insurance companies, leasing companies, fleet owners, etc. to inspect and valuate their vehicles. Further, it operates a platform which helps people to buy and sell cars and household goods, get jobs, and others under the OLX India brand name. The company offers its services under the CarWale, Shriram Automall, Adroit Auto, BikeWale, CarTrade, DriveASmile, Cartrade Infotech, CarTrade Ventures, Mobility Outlook, and CarWale abSure brands. CarTrade Tech Limited was incorporated in 2000 and is based in Navi Mumbai, India.'
2025-08-22 23:52:41,066 WARNING:Could not convert sector: could not convert string to float: 'Consumer Cyclical'
2025-08-22 23:52:41,066 WARNING:Could not convert industry: could not convert string to float: 'Auto & Truck Dealerships'
2025-08-22 23:52:41,066 WARNING:Could not convert website: could not convert string to float: 'https://www.cartradetech.com'
2025-08-22 23:52:41,066 ERROR:Error processing CARTRADE: '>' not supported between instances of 'NoneType' and 'float'
2025-08-22 23:52:41,066 WARNING:Could not convert longBusinessSummary: could not convert string to float: "IndiaMART InterMESH Limited operates an online business-to-business marketplace for business products and services in India and internationally. The company's e-marketplace acts as an interactive hub for domestic and international buyers and suppliers. Its platform serves small and medium enterprises, large enterprises, and individuals. The company also provides the Live Keeping Tally mobile app, which allows users to access their Tally data in real-time from anywhere. IndiaMART InterMESH Limited was incorporated in 1999 and is based in Noida, India."
2025-08-22 23:52:41,066 WARNING:Could not convert sector: could not convert string to float: 'Communication Services'
2025-08-22 23:52:41,066 WARNING:Could not convert industry: could not convert string to float: 'Internet Content & Information'
2025-08-22 23:52:41,066 WARNING:Could not convert website: could not convert string to float: 'https://www.indiamart.com'
2025-08-22 23:52:41,149 WARNING:Could not convert longBusinessSummary: could not convert string to float: 'Indian Railway Catering & Tourism Corporation Limited engages in the provision of catering and hospitality, Internet ticketing, travel and tourism, and packaged drinking water services in India. The company operates through four segments: Catering & Hospitality, Travel & Tourism, Internet Ticketing, and Packaged Drinking Water. It provides mobile catering services for Vande Bharat, Rajdhani, Shatabdi, Duronto, Gatiman, Tejas, and mail/express trains as well as engages in the side vending and e-catering activities; and operates and maintains food plazas, fast food units, food courts, refreshment rooms, mini stores, base kitchens, executive lounges, retiring rooms, Rail Yatri Niwas/BNR hotels, and non-railway catering units. The company also offers tourism products and services comprising domestic tour packages, inbound tourist targeted tours, mass tourism, outbound tour packages, and air ticket and corporate travel; and other tourism activities, such as event management, booking of charter trains and coaches, hill and heritage charters, saloon tours and charters, online reservation and accommodation facilities, and adventure tourism. In addition, it offers packaged drinking water under the Rail Neer name; and train ticket booking and travel insurance services, as well as operates irctctourism.com, a tourism portal. The company was incorporated in 1999 and is based in New Delhi, India.'
2025-08-22 23:52:41,149 WARNING:Could not convert sector: could not convert string to float: 'Industrials'
2025-08-22 23:52:41,149 WARNING:Could not convert industry: could not convert string to float: 'Railroads'
2025-08-22 23:52:41,149 WARNING:Could not convert website: could not convert string to float: 'https://www.irctc.com'
2025-08-22 23:52:41,149 ERROR:Error processing IRCTC: '>' not supported between instances of 'NoneType' and 'float'
2025-08-22 23:52:41,150 WARNING:Could not convert longBusinessSummary: could not convert string to float: 'One97 Communications Limited provides payment, commerce and cloud, and financial services to consumers and merchants in India, the United Arab Emirates, Saudi Arabia, and Singapore. The company offers payment and financial services, including payment facilitator services, facilitation of consumer and merchant lending to consumers and merchants, wealth management, etc. It also provides marketing services consist of aggregators for digital products, the ticketing business, the provision of voice and messaging platforms to telecom operators, enterprise customers and other businesses, etc. In addition, the company offers mobile recharge; bill payments, such as utility bills, education and money transfers on the app, online payment gateways, as well as offline payment solutions to merchants through QR codes, soundbox, and card machines. Further, it provides digital distribution of credit, insurance, mutual funds distribution, and equity broking services; other services, including ticketing, deals and gift vouchers and advertising services for merchants; and distributes credit cards. Additionally, the company offers lending and wealth management for consumers and merchants; loyalty solutions; and operates a technology platform for origination, loan management, and collection for credit access. One97 Communications Limited was incorporated in 2000 and is headquartered in Noida, India.'
2025-08-22 23:52:41,150 WARNING:Could not convert sector: could not convert string to float: 'Technology'
2025-08-22 23:52:41,150 WARNING:Could not convert industry: could not convert string to float: 'Software - Infrastructure'
2025-08-22 23:52:41,150 WARNING:Could not convert website: could not convert string to float: 'https://www.paytm.com'
2025-08-22 23:52:41,150 ERROR:Error processing PAYTM: '>' not supported between instances of 'NoneType' and 'float'
2025-08-22 23:52:41,150 WARNING:Could not convert longBusinessSummary: could not convert string to float: 'Easy Trip Planners Limited, together with its subsidiaries, operates as an online travel agency in India, the Philippines, Singapore, Thailand, the United Arab Emirates, the United Kingdom, New Zealand, Brazil, the Middle East, and the United States. The company provides reservation and booking services related to travel and tourism through ease-my-trip portal and app or in-house call centre, which includes a range of travel-related products and services, such as airline tickets, hotels, and holiday and travel packages; and train tickets, bus tickets, air charter services, and cab bookings. It also offers travel guides and updates, and other reservation activities. The company was incorporated in 2008 and is based in New Delhi, India.'
2025-08-22 23:52:41,150 WARNING:Could not convert sector: could not convert string to float: 'Consumer Cyclical'
2025-08-22 23:52:41,150 WARNING:Could not convert industry: could not convert string to float: 'Travel Services'
2025-08-22 23:52:41,150 WARNING:Could not convert website: could not convert string to float: 'https://www.easemytrip.com'
2025-08-22 23:52:41,150 ERROR:Error processing EASEMYTRIP: '>' not supported between instances of 'NoneType' and 'float'
2025-08-22 23:52:41,151 INFO:
Top 10 stocks by overall score:
2025-08-22 23:52:41,152 INFO:MUTHOOTFIN: 94.66
2025-08-22 23:52:41,152 INFO:INDIAMART: 92.23
2025-08-22 23:52:41,152 INFO:HINDALCO: 83.98
2025-08-22 23:52:41,152 INFO:BHARTIARTL: 82.6
2025-08-22 23:52:41,152 INFO:PERSISTENT: 72.72
2025-08-22 23:52:41,152 INFO:MPHASIS: 72.6
2025-08-22 23:52:41,153 INFO:BAJFINANCE: 72.5
2025-08-22 23:52:41,153 INFO:OFSS: 72.11
2025-08-22 23:52:41,153 INFO:DRREDDY: 71.21
2025-08-22 23:52:41,153 INFO:BAJAJFINSV: 70.59
2025-08-22 23:52:41,222 INFO:Data exported to C:\Users\Sanji\Extract\data\nse_top150_20250822_235232.xlsx
2025-08-22 23:52:41,222 INFO:Cleaning up...
